ST_CASE,VEH_NO,PER_NO,YEAR,P1,P2,P3,P4,P5,P6,P7,P8,P9,P10
10598,4,1,1994,0,0,0,0,13,0,0,0,0,0
10599,1,1,1994,0,0,15,22,17,0,0,0,0,0
10600,1,1,1994,19,19,19,19,19,19,19,19,19,19
10601,1,1,1994,0,0,0,0,0,0,0,0,0,0
10602,1,1,1994,0,0,0,0,0,0,0,0,0,0
10602,2,1,1994,0,0,0,0,0,0,0,0,0,0
10603,0,1,1994,0,0,0,0,0,0,0,0,0,0
10603,1,1,1994,0,0,0,0,0,0,0,0,0,0
10604,1,1,1994,0,31,6,21,15,4,0,0,8,0
10604,2,1,1994,0,0,0,0,0,0,0,0,0,0
10605,1,1,1994,11,11,11,11,11,11,11,11,11,11
10606,1,1,1994,0,20,14,17,0,0,0,9,0,0
10607,1,1,1994,0,0,0,0,0,0,0,0,0,0
10608,1,1,1994,0,0,0,0,18,4,19,0,12,0
10609,1,1,1994,27,23,0,0,0,13,23,0,29,0
10609,2,1,1994,0,0,0,0,0,0,0,0,0,0
10610,1,1,1994,0,0,0,0,0,0,0,0,0,0
10610,2,1,1994,0,0,0,0,0,10,0,14,0,0
10611,1,1,1994,0,0,0,0,0,0,0,0,0,0
10611,2,1,1994,35,14,18,21,38,12,15,25,15,24
10612,1,1,1994,0,0,0,0,0,0,0,0,0,0
10612,2,1,1994,0,0,0,0,0,0,0,0,0,0
10613,0,1,1994,30,30,30,30,30,30,30,30,30,30
10613,1,1,1994,20,20,20,20,20,20,20,20,20,20
10614,1,1,1994,20,20,20,20,20,20,20,20,20,20
10615,1,1,1994,11,6,13,28,26,20,9,45,20,11
10616,0,1,1994,17,17,17,17,17,17,17,17,17,17
10616,1,1,1994,22,12,14,20,7,13,20,28,22,7
10617,1,1,1994,0,0,0,0,0,0,43,22,11,0
10618,1,1,1994,0,0,0,0,0,0,0,0,0,0
10618,2,1,1994,0,0,0,0,0,0,0,0,0,0
10619,1,1,1994,0,0,0,0,0,0,0,0,0,0
10619,2,1,1994,0,0,0,0,0,0,0,0,0,0
10620,1,1,1994,19,40,16,33,46,18,22,23,13,32
10621,1,1,1994,0,0,0,0,0,0,0,0,0,0
10621,2,1,1994,0,0,0,15,22,0,0,0,1,0
10622,1,1,1994,22,22,22,22,22,22,22,22,22,22
10623,0,1,1994,14,0,0,0,0,0,0,0,0,0
10623,1,1,1994,0,0,0,10,0,0,0,0,0,0
10624,1,1,1994,21,21,17,8,0,8,26,0,20,0
10625,1,1,1994,0,0,7,0,0,0,0,0,0,0
10625,2,1,1994,0,0,0,0,0,0,0,0,0,0
10625,3,1,1994,0,0,0,0,0,0,0,0,0,0
10626,1,1,1994,18,18,18,18,18,18,18,18,18,18
10627,1,1,1994,0,0,0,0,0,0,0,14,0,0
10628,1,1,1994,17,17,17,17,17,17,17,17,17,17
10629,1,1,1994,0,0,0,0,0,0,0,0,0,0
10629,2,1,1994,0,0,0,0,0,0,0,0,0,0
10630,1,1,1994,0,0,0,6,0,0,0,0,0,0
10631,1,1,1994,0,0,0,0,0,0,0,0,0,0
10632,1,1,1994,0,0,0,4,0,0,0,3,0,0
10633,1,1,1994,0,0,0,0,0,0,0,0,0,0
10633,2,1,1994,0,0,0,0,0,0,0,0,0,0
10634,1,1,1994,0,0,0,0,0,0,0,8,0,0
10634,2,1,1994,0,0,0,0,0,0,0,0,0,0
10635,1,1,1994,0,6,17,27,0,0,0,26,0,0
10636,1,1,1994,29,12,15,0,42,0,26,26,19,24
10637,0,1,1994,17,17,17,17,17,17,17,17,17,17
10637,1,1,1994,19,20,0,0,25,0,0,0,0,0
10638,1,1,1994,6,6,6,6,6,6,6,6,6,6
10638,2,1,1994,0,0,0,0,0,0,0,0,0,0
10639,1,1,1994,22,0,0,0,23,12,13,0,17,0
10640,1,1,1994,0,0,0,0,0,0,0,0,0,0
10641,1,1,1994,0,0,34,0,12,0,12,0,28,0
10642,1,1,1994,6,6,6,6,6,6,6,6,6,6
10643,1,1,1994,19,19,19,19,19,19,19,19,19,19
10644,1,1,1994,19,19,19,19,19,19,19,19,19,19
10644,2,1,1994,0,0,0,0,0,18,0,0,0,0
10645,1,1,1994,21,16,35,26,34,4,0,15,28,9
10646,1,1,1994,0,0,11,0,0,0,0,0,0,0
10647,1,1,1994,21,21,21,21,21,21,21,21,21,21
10648,1,1,1994,22,22,22,22,22,22,22,22,22,22
10649,0,1,1994,0,0,0,0,0,0,0,0,0,0
10649,1,1,1994,13,13,13,13,13,13,13,13,13,13
10650,1,1,1994,0,0,0,0,0,0,0,0,11,0
10651,1,1,1994,18,37,16,18,18,0,14,16,17,25
10652,1,1,1994,14,14,14,14,14,14,14,14,14,14
10652,2,1,1994,0,0,0,0,0,0,0,0,0,0
10653,1,1,1994,0,0,0,0,0,0,0,0,0,0
10654,0,1,1994,21,21,21,21,21,21,21,21,21,21
10654,1,1,1994,0,0,16,0,18,0,15,16,0,0
10655,1,1,1994,19,19,19,19,19,19,19,19,19,19
10656,1,1,1994,0,0,0,0,0,0,0,0,0,0
10657,1,1,1994,0,0,0,0,0,0,0,13,0,0
10657,2,1,1994,0,0,0,0,0,0,0,0,0,31
10657,3,1,1994,0,0,0,0,0,0,0,0,0,0
10658,1,1,1994,0,0,0,0,0,0,0,0,0,0
10658,2,1,1994,0,0,0,0,0,0,12,0,0,0
10659,1,1,1994,8,12,25,14,21,19,14,17,5,11
10660,0,1,1994,0,0,0,0,0,31,0,0,0,0
10660,1,1,1994,0,0,33,0,0,0,0,0,0,0
10661,1,1,1994,0,0,0,0,19,0,0,0,0,0
10662,1,1,1994,0,0,0,0,0,0,0,0,0,0
10662,2,1,1994,27,27,27,27,27,27,27,27,27,27
10663,1,1,1994,17,17,17,17,17,17,17,17,17,17
10663,2,1,1994,0,0,0,0,0,0,13,0,0,0
10664,1,1,1994,0,0,0,0,0,0,0,0,0,0
10664,2,1,1994,0,0,0,0,0,0,0,0,0,0
10665,1,1,1994,0,0,0,0,0,0,0,0,0,0
10666,1,1,1994,0,0,0,10,25,0,0,0,0,0
10666,2,1,1994,21,21,31,14,8,30,26,26,16,22
10667,1,1,1994,20,20,20,20,20,20,20,20,20,20
10669,1,1,1994,2,2,2,2,2,2,2,2,2,2
10669,2,1,1994,0,0,0,0,0,0,0,0,0,0
10670,1,1,1994,15,15,15,15,15,15,15,15,15,15
10671,0,1,1994,19,14,24,20,35,12,23,11,22,20
10671,1,1,1994,0,0,8,0,5,0,0,13,13,0
10672,1,1,1994,22,0,0,0,0,17,0,0,0,0
10673,1,1,1994,0,0,0,0,0,0,0,0,0,0
10673,2,1,1994,0,0,18,0,0,0,0,9,0,0
10673,3,1,1994,0,12,0,0,0,0,0,0,0,11
10673,4,1,1994,0,0,0,0,0,0,0,0,0,0
10674,0,1,1994,20,16,28,23,14,0,19,10,15,27
10674,1,1,1994,0,0,0,0,0,0,0,0,0,0
10675,0,1,1994,0,0,0,0,0,0,0,0,0,0
10675,1,1,1994,17,17,17,17,17,17,17,17,17,17
10676,1,1,1994,0,0,0,0,0,0,0,0,0,0
10676,2,1,1994,0,0,0,0,0,0,0,0,0,0
10677,1,1,1994,0,0,0,0,0,0,0,0,0,0
10677,2,1,1994,0,0,0,0,0,0,0,0,0,0
10678,1,1,1994,0,0,0,0,0,0,0,0,0,0
10678,2,1,1994,0,0,0,0,0,0,0,0,0,0
10680,1,1,1994,0,0,0,0,0,0,0,0,0,0
10680,2,1,1994,0,0,0,0,0,0,0,0,0,0
10681,1,1,1994,5,0,0,0,0,0,0,0,0,0
10682,1,1,1994,18,19,17,24,19,13,20,15,14,17
10683,1,1,1994,10,28,38,19,16,20,36,20,12,25
10684,1,1,1994,0,0,0,0,0,0,0,0,0,0
10684,2,1,1994,6,0,0,0,0,0,0,0,0,0
10685,1,1,1994,0,0,0,0,0,0,0,0,0,0
10685,2,1,1994,0,0,0,0,0,0,0,0,0,0
10685,3,1,1994,0,0,0,0,6,0,0,0,0,0
10686,1,1,1994,0,0,13,8,0,0,0,0,0,0
10687,1,1,1994,0,0,0,0,0,0,0,0,0,0
10687,2,1,1994,0,0,0,0,0,0,0,0,0,0
10688,0,1,1994,0,0,0,33,18,16,35,12,9,0
10688,1,1,1994,0,16,0,0,0,0,0,0,0,0
10689,1,1,1994,22,16,20,0,0,0,21,7,0,3
10690,1,1,1994,0,0,11,10,0,0,0,0,0,0
10691,1,1,1994,0,0,0,0,0,0,0,0,0,0
10691,2,1,1994,0,0,0,0,0,0,0,0,0,0
10692,1,1,1994,14,14,14,14,14,14,14,14,14,14
10694,1,1,1994,14,14,14,14,14,14,14,14,14,14
10694,2,1,1994,0,6,0,0,0,0,0,0,0,0
10695,1,1,1994,0,0,0,0,0,0,0,0,0,0
10695,2,1,1994,0,0,0,0,0,0,0,0,0,0
10696,1,1,1994,12,28,21,13,20,21,13,16,32,4
10696,2,1,1994,0,0,29,0,0,0,20,0,2,21
10697,1,1,1994,0,0,0,0,0,0,0,0,0,0
10697,2,1,1994,0,0,0,0,0,0,0,0,0,0
10698,1,1,1994,0,0,0,0,0,0,0,0,19,0
10698,2,1,1994,25,36,30,26,0,38,31,24,26,10
10699,1,1,1994,0,0,0,0,0,12,0,0,0,0
10700,1,1,1994,0,0,0,0,0,0,0,0,0,0
10700,2,1,1994,0,0,0,0,0,0,0,0,0,0
10701,1,1,1994,21,21,21,21,21,21,21,21,21,21
10702,1,1,1994,17,21,34,28,9,18,18,25,14,19
10703,1,1,1994,0,0,0,0,0,0,0,0,0,0
10703,2,1,1994,0,0,0,0,0,0,0,0,0,0
10704,0,1,1994,26,26,26,26,26,26,26,26,26,26
10704,1,1,1994,0,0,0,0,0,0,0,16,0,13
10705,0,1,1994,0,0,0,0,0,0,0,0,0,0
10705,1,1,1994,0,0,0,0,0,0,0,0,0,0
10706,1,1,1994,0,0,0,0,0,0,0,0,0,0
10706,2,1,1994,0,0,0,0,0,0,0,0,0,0
10706,3,1,1994,0,0,0,0,0,0,0,0,0,0
10707,1,1,1994,0,0,22,26,0,18,0,0,0,0
10708,1,1,1994,22,4,11,23,12,12,11,24,18,14
10708,2,1,1994,0,0,0,0,0,0,0,0,0,0
10709,1,1,1994,0,0,0,0,0,0,0,0,0,0
10709,2,1,1994,0,18,0,0,0,0,0,0,0,0
10710,1,1,1994,0,0,0,0,0,0,0,0,0,0
10710,2,1,1994,0,0,0,0,0,0,0,0,0,0
10711,1,1,1994,13,0,0,0,0,0,0,0,0,0
10711,2,1,1994,0,0,0,0,0,0,0,0,0,0
10712,1,1,1994,28,28,28,28,28,28,28,28,28,28
10713,1,1,1994,0,0,0,0,0,0,0,0,0,0
10713,2,1,1994,0,0,0,0,0,0,0,0,0,0
10714,1,1,1994,0,0,0,0,0,0,0,0,0,0
10714,2,1,1994,0,0,0,0,0,0,0,0,0,0
10714,3,1,1994,0,0,0,0,0,0,0,3,0,0
10714,4,1,1994,0,0,0,0,0,0,0,0,0,0
10715,1,1,1994,0,0,0,0,0,2,0,0,0,0
10715,2,1,1994,0,0,0,0,0,0,0,0,0,0
10716,1,1,1994,0,0,0,0,0,0,0,0,0,0
10717,1,1,1994,7,27,0,15,5,22,0,0,11,0
10719,1,1,1994,0,0,0,0,0,0,0,0,0,0
10719,2,1,1994,0,0,0,0,0,0,0,0,0,0
10720,1,1,1994,0,17,0,0,0,0,16,0,0,8
10721,1,1,1994,0,0,0,0,0,0,0,0,0,0
10721,2,1,1994,0,0,0,0,0,0,0,0,0,0
10722,1,1,1994,0,0,0,0,0,0,0,0,0,0
10722,2,1,1994,0,0,0,15,0,0,0,0,0,0
10723,1,1,1994,0,0,0,0,0,0,0,0,0,0
10723,2,1,1994,0,36,10,15,0,21,0,13,7,16
10724,1,1,1994,0,0,0,0,0,0,0,0,0,0
10724,2,1,1994,0,0,0,14,0,0,0,0,0,0
10725,1,1,1994,0,0,0,0,0,0,0,0,0,0
10725,2,1,1994,0,0,0,0,0,0,0,0,0,0
10726,1,1,1994,22,0,27,43,15,0,10,32,12,18
10727,1,1,1994,0,0,0,0,0,0,0,0,0,0
10727,2,1,1994,0,0,0,0,0,0,0,0,0,0
10728,1,1,1994,0,0,0,0,0,0,0,0,0,0
10728,2,1,1994,0,0,0,14,0,0,0,0,0,0
10728,3,1,1994,0,0,0,0,0,0,0,0,0,0
10729,1,1,1994,0,0,0,0,0,0,0,0,0,0
10730,1,1,1994,21,21,21,21,21,21,21,21,21,21
10731,1,1,1994,0,0,0,0,0,0,0,0,0,0
10731,2,1,1994,0,0,0,0,17,0,0,0,0,0
10732,1,1,1994,0,0,0,0,0,0,0,0,0,0
10732,2,1,1994,0,0,0,0,0,0,0,0,0,22
10733,0,1,1994,19,19,19,19,19,19,19,19,19,19
10733,1,1,1994,0,0,0,0,0,0,0,0,0,0
10734,1,1,1994,7,63,24,20,6,16,15,7,12,11
10735,0,1,1994,34,34,34,34,34,34,34,34,34,34
10735,1,1,1994,0,0,0,0,0,0,0,0,0,0
10736,1,1,1994,0,0,0,0,0,0,0,0,0,0
10736,2,1,1994,0,0,0,0,0,0,0,0,0,0
10736,3,1,1994,0,0,0,0,0,0,0,0,0,0
10737,1,1,1994,15,22,14,18,16,0,0,24,24,0
10737,2,1,1994,0,0,0,0,0,0,0,0,0,0
10738,1,1,1994,31,21,11,20,24,23,18,20,13,32
10738,2,1,1994,0,0,0,0,0,0,0,0,0,0
10739,1,1,1994,21,21,21,21,21,21,21,21,21,21
10740,1,1,1994,14,23,17,2,43,0,24,13,23,19
10741,1,1,1994,5,16,30,13,8,17,9,2,12,10
10742,1,1,1994,0,0,0,0,0,0,0,0,0,0
10742,2,1,1994,0,0,0,0,0,0,0,0,0,0
10743,1,1,1994,15,15,15,15,15,15,15,15,15,15
10744,1,1,1994,0,0,0,0,0,0,13,0,4,0
10745,1,1,1994,0,0,0,0,0,0,0,0,0,0
10745,2,1,1994,0,0,0,0,0,0,0,0,0,0
10746,1,1,1994,0,0,13,0,0,0,0,0,0,0
10747,1,1,1994,0,0,0,0,14,0,0,0,0,0
10747,2,1,1994,0,0,0,0,0,0,0,0,0,0
10748,1,1,1994,6,6,6,6,6,6,6,6,6,6
10749,1,1,1994,0,0,0,0,0,0,0,0,0,0
10749,2,1,1994,0,0,0,0,0,0,0,0,0,0
10750,1,1,1994,26,25,12,16,15,0,24,27,7,14
10751,1,1,1994,0,0,27,35,17,0,29,0,20,0
10752,1,1,1994,8,8,8,8,8,8,8,8,8,8
10752,2,1,1994,10,0,15,19,13,14,0,0,3,0
10753,1,1,1994,29,0,0,93,0,0,0,0,0,0
10754,1,1,1994,29,29,29,29,29,29,29,29,29,29
10755,0,1,1994,0,0,0,0,0,0,0,0,0,0
10755,1,1,1994,0,0,0,0,0,0,9,0,0,7
10756,1,1,1994,0,0,0,0,0,0,0,0,0,0
10757,0,1,1994,0,0,0,0,0,0,0,0,0,0
10757,1,1,1994,0,0,0,0,0,0,0,0,0,0
10758,0,1,1994,0,0,0,0,0,0,0,0,0,0
10758,1,1,1994,0,0,0,0,0,0,0,0,0,0
10758,2,1,1994,0,0,0,0,0,0,0,0,0,0
10759,1,1,1994,0,0,15,0,0,35,0,0,0,0
10760,1,1,1994,0,0,0,0,0,0,0,0,0,18
10760,2,1,1994,0,0,0,0,0,0,0,0,0,0
10761,1,1,1994,0,0,0,0,0,0,0,5,0,0
10761,2,1,1994,0,0,0,0,0,0,0,0,0,0
10762,0,1,1994,0,0,0,0,0,0,0,0,0,0
10762,0,2,1994,0,0,46,0,0,0,23,0,0,0
10762,0,3,1994,0,0,0,0,0,0,0,0,0,0
10762,1,1,1994,0,0,0,0,0,0,8,0,0,0
10762,2,1,1994,0,0,0,0,0,0,0,0,0,0
10763,1,1,1994,0,0,0,0,0,0,0,0,0,0
10764,1,1,1994,15,15,15,15,15,15,15,15,15,15
10765,1,1,1994,0,0,0,0,0,0,0,0,0,0
10765,2,1,1994,0,0,0,0,0,0,0,0,0,0
10766,1,1,1994,15,0,7,18,0,20,16,0,34,27
10767,1,1,1994,23,19,16,29,21,27,16,25,19,14
10768,1,1,1994,0,0,0,0,0,13,0,0,0,0
10769,1,1,1994,0,0,16,0,0,0,0,0,0,0
10769,2,1,1994,0,0,0,0,0,0,0,0,0,0
10770,1,1,1994,0,0,0,0,0,0,0,0,0,0
10770,2,1,1994,0,0,0,0,0,0,0,0,0,0
10771,1,1,1994,0,0,0,0,0,0,0,0,0,0
10771,2,1,1994,0,0,0,0,0,0,0,0,0,0
10772,1,1,1994,12,0,0,0,0,15,27,15,4,0
10773,1,1,1994,15,0,0,0,0,0,0,0,0,10
10774,1,1,1994,0,0,0,0,0,0,0,0,0,0
10774,2,1,1994,0,0,0,0,0,0,0,0,0,19
10775,1,1,1994,0,0,0,0,0,0,0,0,0,0
10775,2,1,1994,0,0,0,0,0,0,0,0,0,0
10776,1,1,1994,0,0,0,0,0,0,0,0,0,0
10776,2,1,1994,0,0,0,0,0,0,0,0,0,0
10777,1,1,1994,23,23,23,23,23,23,23,23,23,23
10777,2,1,1994,0,0,0,9,0,0,0,0,0,0
10778,1,1,1994,0,0,0,0,0,0,0,0,0,0
10778,2,1,1994,0,0,0,0,0,0,0,0,0,0
10779,1,1,1994,19,0,0,0,0,0,0,0,0,0
10780,1,1,1994,0,0,0,0,0,0,0,0,0,0
10780,2,1,1994,0,0,0,0,0,0,0,0,0,0
10781,1,1,1994,0,0,9,0,0,0,0,0,0,0
10782,1,1,1994,3,0,15,5,19,0,0,0,17,13
10783,1,1,1994,0,0,0,0,0,0,0,0,0,0
10783,2,1,1994,0,0,0,0,0,0,0,0,0,0
10784,1,1,1994,0,0,0,0,0,0,0,0,0,0
10784,2,1,1994,0,0,0,0,0,0,0,0,0,0
10785,1,1,1994,0,0,0,0,0,0,0,0,0,0
10785,2,1,1994,0,0,0,0,0,0,0,0,0,0
10786,1,1,1994,13,13,13,13,13,13,13,13,13,13
10786,2,1,1994,0,18,10,0,11,0,0,0,0,18
10786,3,1,1994,0,0,0,0,0,0,0,0,0,0
10787,1,1,1994,15,15,15,15,15,15,15,15,15,15
10788,1,1,1994,0,0,0,0,0,0,0,0,0,0
10789,1,1,1994,0,17,15,14,7,0,13,7,13,18
10789,2,1,1994,0,0,0,0,0,0,0,0,0,0
10790,1,1,1994,0,21,0,0,0,0,0,0,0,0
10791,1,1,1994,15,6,19,21,0,9,0,0,0,0
10792,1,1,1994,16,0,0,16,0,0,0,0,18,14
10793,1,1,1994,19,16,25,16,28,15,23,0,13,26
10794,1,1,1994,7,0,0,12,22,0,14,0,13,0
10795,1,1,1994,0,0,0,0,0,0,0,0,0,0
10795,2,1,1994,0,0,0,0,0,0,0,0,0,0
10796,1,1,1994,0,0,0,0,0,0,0,0,0,0
10797,1,1,1994,18,18,18,18,18,18,18,18,18,18
10798,1,1,1994,0,0,0,0,0,0,0,0,0,0
10798,2,1,1994,0,0,0,0,0,0,0,0,0,0
10799,1,1,1994,18,0,0,0,7,19,14,17,0,0
10800,1,1,1994,0,0,0,0,7,0,0,0,0,0
10800,2,1,1994,22,12,17,16,13,21,13,7,33,16
10800,3,1,1994,0,0,0,0,0,0,0,0,0,0
10801,1,1,1994,25,17,8,9,28,26,49,29,12,27
10802,0,1,1994,0,0,0,0,0,0,0,0,0,0
10802,1,1,1994,0,0,13,0,0,0,0,0,0,0
10803,1,1,1994,26,26,26,26,26,26,26,26,26,26
10804,1,1,1994,0,0,0,0,0,0,0,0,0,0
10804,2,1,1994,0,0,0,0,0,0,0,0,0,0
10805,1,1,1994,36,36,36,36,36,36,36,36,36,36
10806,1,1,1994,19,12,18,21,21,9,0,20,0,29
10808,1,1,1994,16,0,18,41,21,24,21,34,5,15
10809,1,1,1994,0,0,0,0,0,0,0,0,0,0
10809,2,1,1994,0,0,0,10,0,0,0,0,0,6
10809,3,1,1994,14,0,0,0,0,0,15,0,0,0
10810,1,1,1994,22,22,3,5,31,8,9,13,7,15
10811,1,1,1994,19,19,19,19,19,19,19,19,19,19
10811,2,1,1994,0,0,0,0,0,0,0,0,0,0
10812,1,1,1994,0,0,0,0,0,0,0,0,0,0
10812,2,1,1994,0,0,0,0,0,0,0,0,0,0
10814,1,1,1994,0,0,0,2,13,3,0,0,0,0
10815,1,1,1994,0,24,0,18,21,25,0,0,9,0
10816,1,1,1994,24,12,8,17,30,14,26,9,16,7
10817,1,1,1994,14,22,30,22,17,24,34,28,12,24
10817,2,1,1994,0,4,0,17,0,0,0,0,0,0
10818,1,1,1994,0,0,0,0,0,0,0,0,0,0
10819,1,1,1994,8,10,12,11,6,3,14,20,13,14
10820,1,1,1994,0,0,15,0,17,23,7,0,0,0
10821,1,1,1994,5,5,5,5,5,5,5,5,5,5
10822,1,1,1994,16,0,20,15,13,41,0,19,33,0
10823,1,1,1994,0,0,0,0,0,0,0,0,0,0
10823,2,1,1994,0,0,0,0,0,0,0,0,0,0
10824,1,1,1994,23,25,26,0,10,14,31,0,43,39
10825,1,1,1994,18,18,18,18,18,18,18,18,18,18
10826,1,1,1994,0,0,0,0,0,0,0,0,0,0
10826,2,1,1994,0,28,0,0,0,0,0,0,14,0
10827,1,1,1994,24,9,3,0,0,20,0,0,11,0
10828,1,1,1994,0,0,0,0,0,0,0,0,0,0
10828,2,1,1994,0,0,0,0,0,0,0,0,0,0
10828,3,1,1994,0,0,0,0,0,0,17,0,0,0
10829,1,1,1994,0,0,0,0,16,0,10,0,0,0
10829,2,1,1994,0,0,0,0,0,0,0,0,0,0
10830,1,1,1994,0,0,0,0,0,0,0,0,0,0
10830,2,1,1994,0,0,0,0,0,0,0,0,0,0
10830,3,1,1994,0,0,0,0,13,0,0,0,12,0
10831,1,1,1994,12,12,12,12,12,12,12,12,12,12
10831,2,1,1994,12,12,12,12,12,12,12,12,12,12
10832,1,1,1994,19,19,19,19,19,19,19,19,19,19
10833,1,1,1994,12,12,12,12,12,12,12,12,12,12
10834,1,1,1994,0,0,0,0,0,0,0,0,0,0
10834,2,1,1994,0,0,0,0,0,0,0,0,0,0
10835,1,1,1994,27,0,10,15,10,12,12,17,12,16
10836,1,1,1994,35,35,35,35,35,35,35,35,35,35
10837,1,1,1994,0,0,0,0,0,0,0,0,0,0
10837,2,1,1994,0,0,0,0,0,0,0,0,0,0
10837,3,1,1994,0,0,0,0,0,0,0,0,0,0
10838,1,1,1994,0,0,0,0,0,0,0,0,23,0
10838,2,1,1994,12,12,12,12,12,12,12,12,12,12
10838,3,1,1994,0,0,0,0,0,0,0,0,0,0
10839,1,1,1994,0,20,22,31,27,14,21,20,11,24
10840,1,1,1994,0,0,0,0,0,0,0,0,0,7
10841,1,1,1994,0,0,0,0,0,0,0,0,0,0
10841,2,1,1994,0,0,0,0,0,0,0,0,0,0
10842,1,1,1994,12,17,15,26,39,27,24,26,12,16
10843,1,1,1994,1,1,1,1,1,1,1,1,1,1
10844,1,1,1994,0,0,0,0,0,0,0,0,0,0
10844,2,1,1994,0,0,0,0,0,0,0,0,0,0
10845,1,1,1994,0,0,24,9,16,5,0,0,0,0
10845,2,1,1994,13,21,14,29,23,15,18,12,32,17
10846,1,1,1994,0,0,0,0,0,0,0,0,0,0
10846,2,1,1994,0,0,0,0,0,0,0,0,0,0
10847,1,1,1994,0,0,0,0,0,0,0,0,0,0
10847,2,1,1994,0,0,0,0,0,0,0,0,0,0
10848,1,1,1994,15,15,15,15,15,15,15,15,15,15
10849,1,1,1994,0,0,0,0,0,0,0,0,0,0
10849,2,1,1994,0,0,0,0,0,0,0,0,0,0
10850,1,1,1994,0,0,0,0,0,0,0,0,0,0
10850,2,1,1994,0,0,0,0,0,0,0,0,0,0
10851,1,1,1994,0,0,0,0,0,0,0,0,0,0
10851,2,1,1994,0,0,0,0,0,0,0,0,0,0
10852,1,1,1994,0,0,0,0,0,0,0,0,0,0
10852,2,1,1994,0,0,0,0,0,0,0,0,4,0
10853,1,1,1994,0,17,6,14,0,0,20,19,0,16
10854,1,1,1994,0,0,0,0,0,0,0,0,0,0
10855,1,1,1994,0,0,0,0,0,0,0,0,0,0
10856,1,1,1994,0,0,0,0,0,24,0,0,0,0
10857,1,1,1994,0,0,0,0,0,0,0,0,0,0
10858,1,1,1994,28,28,28,28,28,28,28,28,28,28
10859,1,1,1994,20,20,14,23,0,13,0,0,11,11
10860,1,1,1994,0,0,0,0,0,0,0,0,0,0
10861,1,1,1994,33,16,11,9,11,25,0,23,14,16
10862,1,1,1994,0,0,0,17,0,13,0,0,0,0
10862,2,1,1994,0,20,0,0,15,0,21,0,14,0
10863,0,1,1994,0,0,0,0,0,0,0,0,0,0
10863,1,1,1994,0,0,0,0,0,0,0,0,0,0
10864,1,1,1994,0,0,4,0,0,0,0,0,0,0
10864,2,1,1994,0,0,0,0,0,0,0,0,0,0
10864,3,1,1994,11,12,9,18,8,24,20,12,0,18
10865,1,1,1994,0,0,0,0,0,0,0,0,0,26
10866,1,1,1994,0,0,0,12,0,22,0,0,0,0
10867,1,1,1994,19,19,19,19,19,19,19,19,19,19
10868,1,1,1994,0,7,0,0,0,21,0,0,0,0
10869,0,1,1994,3,3,3,3,3,3,3,3,3,3
10869,1,1,1994,0,0,34,8,0,0,0,0,30,0
10870,1,1,1994,0,23,6,0,9,0,24,34,0,0
10871,1,1,1994,0,0,0,0,0,0,0,19,0,12
10872,1,1,1994,15,15,15,15,15,15,15,15,15,15
10873,1,1,1994,0,0,0,0,0,0,0,0,0,0
10874,1,1,1994,29,29,29,29,29,29,29,29,29,29
10874,2,1,1994,0,0,0,0,0,0,0,0,0,0
10874,3,1,1994,0,0,0,0,0,3,0,0,0,0
10875,1,1,1994,0,0,0,0,0,0,0,0,0,0
10875,2,1,1994,0,0,0,19,0,0,0,0,7,0
10876,1,1,1994,12,0,17,0,0,0,0,0,0,0
10877,1,1,1994,5,14,10,18,8,16,9,16,11,25
10878,1,1,1994,0,0,8,0,4,0,0,0,15,2
10878,2,1,1994,14,14,14,14,14,14,14,14,14,14
10879,1,1,1994,19,19,19,19,19,19,19,19,19,19
10880,1,1,1994,0,0,0,0,8,0,7,0,0,0
10880,2,1,1994,0,19,0,0,0,0,0,0,20,0
10881,1,1,1994,0,0,0,0,0,0,0,11,0,0
10881,2,1,1994,0,0,0,0,0,0,0,0,0,0
10882,1,1,1994,0,0,0,0,0,0,0,0,0,0
10882,2,1,1994,0,0,0,0,0,0,0,0,0,0
10882,4,1,1994,0,0,0,0,0,0,0,24,0,0
10883,1,1,1994,24,0,35,0,0,0,0,0,21,14
10883,2,1,1994,21,0,0,6,0,0,0,0,0,0
10884,1,1,1994,0,0,0,0,0,18,0,0,0,0
10885,1,1,1994,0,0,0,0,0,0,0,0,0,0
10886,1,1,1994,0,0,4,0,0,8,0,0,0,0
10886,2,1,1994,0,0,0,0,0,0,0,0,0,0
10887,1,1,1994,0,0,0,0,0,0,0,0,0,0
10887,2,1,1994,0,0,0,0,0,0,0,0,0,0
10887,3,1,1994,0,0,0,14,0,0,0,0,0,0
10887,4,1,1994,0,0,0,0,0,0,0,0,0,0
10888,1,1,1994,14,30,0,0,0,0,11,10,14,0
10888,2,1,1994,15,25,8,11,30,21,18,7,21,21
10889,0,1,1994,27,41,35,28,34,21,16,18,20,16
10889,1,1,1994,0,0,0,0,0,0,0,0,0,0
10890,1,1,1994,30,15,5,21,0,5,15,14,22,23
10891,1,1,1994,0,0,0,0,0,0,0,15,9,0
10891,2,1,1994,28,0,0,0,12,0,0,0,0,0
10892,1,1,1994,16,0,24,0,17,0,0,37,0,0
10893,1,1,1994,0,0,0,0,0,0,0,0,0,0
10893,2,1,1994,12,0,0,0,0,0,0,0,0,18
10894,1,1,1994,3,0,0,8,0,0,0,0,0,0
10895,1,1,1994,0,0,0,7,0,0,0,0,0,0
10895,2,1,1994,29,29,29,29,29,29,29,29,29,29
10896,1,1,1994,0,0,0,0,0,0,0,0,0,0
10896,2,1,1994,0,0,0,0,0,0,0,0,0,0