ST_CASE,VEH_NO,PER_NO,YEAR,P1,P2,P3,P4,P5,P6,P7,P8,P9,P10
10897,1,1,1994,8,4,13,9,18,18,10,8,1,6
10898,1,1,1994,15,0,0,0,0,0,23,0,0,0
10899,1,1,1994,0,0,0,0,5,0,0,11,11,21
10900,1,1,1994,33,33,33,33,33,33,33,33,33,33
10901,1,1,1994,0,0,0,0,0,0,0,0,0,0
10902,0,1,1994,22,22,22,22,22,22,22,22,22,22
10902,1,1,1994,13,13,13,13,13,13,13,13,13,13
10902,2,1,1994,0,0,13,10,0,0,0,0,0,7
10902,3,1,1994,0,9,0,0,0,0,0,0,0,0
10903,1,1,1994,0,0,0,0,0,30,0,0,0,0
10904,1,1,1994,0,0,0,0,0,0,0,0,0,0
10904,2,1,1994,12,12,12,12,12,12,12,12,12,12
10904,3,1,1994,0,0,0,0,0,0,0,0,0,0
10905,1,1,1994,21,21,21,21,21,21,21,21,21,21
10905,2,1,1994,0,0,0,3,0,0,0,0,0,18
10906,1,1,1994,0,0,0,0,0,0,0,0,0,13
10906,2,1,1994,0,5,0,0,0,0,0,0,0,0
10906,3,1,1994,0,0,0,0,0,0,0,0,0,0
10907,1,1,1994,0,0,0,0,0,0,0,0,0,0
10907,2,1,1994,0,0,0,0,0,0,0,0,0,0
10908,1,1,1994,24,24,24,24,24,24,24,24,24,24
10909,0,1,1994,17,10,0,0,0,0,0,0,30,26
10909,1,1,1994,0,0,0,0,0,0,0,0,0,0
10910,1,1,1994,0,0,0,0,0,0,0,0,0,0
10910,2,1,1994,0,0,0,0,0,0,0,0,0,0
10911,1,1,1994,0,0,0,0,0,0,0,0,0,0
10911,2,1,1994,0,0,0,0,0,0,0,0,0,0
10912,1,1,1994,0,0,0,0,0,0,0,0,0,0
10913,1,1,1994,13,0,0,0,0,0,0,0,0,0
10915,1,1,1994,22,22,22,22,22,22,22,22,22,22
10916,1,1,1994,0,0,0,0,0,0,0,0,8,0
10916,2,1,1994,0,0,0,0,0,0,0,0,0,0
10917,1,1,1994,27,27,27,27,27,27,27,27,27,27
10917,2,1,1994,0,0,0,0,0,0,0,0,0,0
10918,1,1,1994,17,17,17,17,17,17,17,17,17,17
10919,1,1,1994,0,0,7,11,2,24,0,0,15,0
10920,1,1,1994,0,0,0,0,0,0,0,0,0,0
10920,2,1,1994,0,0,28,0,0,0,18,0,0,0
10921,1,1,1994,0,0,0,0,0,0,0,0,0,0
10921,2,1,1994,0,0,0,0,0,0,0,0,0,0
10924,1,1,1994,23,26,0,17,17,30,16,25,21,15
10925,1,1,1994,0,0,0,0,0,0,0,0,0,0
10925,2,1,1994,0,0,0,0,0,0,0,0,0,0
10926,0,1,1994,0,0,0,0,11,0,0,0,0,0
10926,1,1,1994,0,0,0,0,0,0,0,0,0,0
10927,2,1,1994,0,0,0,0,0,0,0,0,0,0
10928,0,1,1994,13,0,8,26,12,11,0,0,0,0
10928,1,1,1994,0,0,0,0,0,0,0,21,0,0
10928,2,1,1994,0,0,16,0,31,0,0,0,0,0
10929,1,1,1994,24,0,16,0,0,0,33,0,0,17
10930,1,1,1994,0,0,0,0,0,0,0,0,0,0
10930,2,1,1994,0,0,0,0,0,0,0,0,0,0
10930,3,1,1994,0,0,0,0,0,0,0,0,0,0
10930,4,1,1994,0,0,0,0,0,0,0,0,0,0
10931,0,1,1994,0,0,0,15,0,0,0,0,0,0
10931,1,1,1994,0,0,0,0,0,0,13,0,0,0
10932,1,1,1994,0,0,5,0,0,0,5,0,0,0
10933,1,1,1994,0,9,20,17,17,15,18,20,0,15
10934,1,1,1994,30,0,0,18,0,20,0,6,6,0
10934,2,1,1994,10,0,0,0,0,0,0,0,0,0
10934,3,1,1994,0,0,0,0,0,0,7,0,0,0
10935,1,1,1994,11,11,11,11,11,11,11,11,11,11
10935,2,1,1994,18,34,13,0,0,24,0,0,10,22
10936,1,1,1994,27,27,27,27,27,27,27,27,27,27
10937,1,1,1994,0,0,0,0,0,0,0,0,0,0
10937,2,1,1994,13,13,13,13,13,13,13,13,13,13
10938,1,1,1994,0,0,0,0,0,0,0,0,0,0
10938,2,1,1994,0,0,0,0,0,0,0,0,0,0
10939,0,1,1994,0,0,0,0,7,13,20,0,0,3
10939,1,1,1994,0,0,0,0,0,0,0,0,0,0
10940,0,1,1994,35,0,25,0,15,30,0,26,10,0
10940,1,1,1994,0,0,0,0,21,0,0,0,0,0
10940,2,1,1994,0,0,0,0,16,0,0,0,0,0
10941,0,1,1994,0,41,0,0,16,0,3,10,17,13
10941,1,1,1994,3,0,18,11,15,27,0,23,12,0
10942,1,1,1994,0,0,0,0,0,0,0,0,0,0
10942,2,1,1994,0,0,0,0,0,0,0,0,0,0
10943,1,2,1994,0,0,0,0,40,7,0,0,13,16
10944,1,1,1994,0,0,0,0,0,0,0,0,0,0
10944,2,1,1994,0,0,0,0,0,0,0,3,0,0
10945,1,1,1994,12,0,0,0,0,0,34,18,14,0
10946,1,1,1994,0,0,0,0,0,0,0,0,0,0
10946,2,1,1994,0,0,0,0,0,0,0,0,0,0
10947,1,1,1994,0,0,0,0,0,0,0,0,0,0
10948,1,1,1994,0,0,0,0,0,0,0,0,0,0
10948,2,1,1994,0,0,0,0,0,0,0,0,0,0
10949,1,1,1994,0,0,0,0,0,0,0,0,0,0
10949,2,1,1994,0,25,18,0,17,18,18,7,18,21
10949,3,1,1994,0,0,0,0,21,0,0,30,29,0
10950,0,1,1994,23,23,23,23,23,23,23,23,23,23
10950,1,1,1994,0,0,0,0,0,0,0,0,0,0
10951,1,1,1994,33,33,33,33,33,33,33,33,33,33
10951,2,1,1994,0,0,0,0,0,18,0,0,0,0
10952,0,1,1994,0,0,19,0,0,0,0,15,13,0
10952,1,1,1994,0,0,0,0,0,0,0,15,0,0
10953,0,1,1994,19,3,13,20,25,0,16,19,0,0
10953,1,1,1994,0,0,0,0,0,9,11,0,0,0
10953,2,1,1994,18,0,8,27,0,20,0,0,20,18
10954,1,1,1994,0,0,0,8,0,0,0,17,17,0
10956,0,1,1994,0,0,0,0,13,0,0,11,0,0
10956,1,1,1994,0,0,21,0,0,12,0,0,30,0
10957,0,1,1994,21,21,21,21,21,21,21,21,21,21
10957,1,1,1994,18,37,8,24,29,24,25,15,21,40
10958,0,1,1994,9,9,9,9,9,9,9,9,9,9
10958,1,1,1994,18,21,34,10,25,8,18,9,11,12
10959,1,1,1994,0,0,0,0,0,0,0,0,0,0
10959,2,1,1994,0,0,0,0,0,0,0,0,0,0
10960,1,1,1994,33,33,33,33,33,33,33,33,33,33
10960,2,1,1994,0,0,0,4,24,0,0,0,0,0
10961,1,1,1994,22,18,16,16,34,20,32,13,7,14
10962,1,1,1994,9,9,9,9,9,9,9,9,9,9
10963,1,1,1994,10,14,0,24,24,26,16,23,25,21
10963,2,1,1994,0,0,0,0,0,0,0,0,0,0
10964,1,1,1994,34,32,23,18,13,0,12,0,12,23
10964,2,1,1994,0,0,0,0,0,0,0,0,14,0
10965,1,1,1994,0,0,0,0,0,0,0,0,0,0
10965,2,1,1994,0,0,0,0,0,0,0,0,0,0
10966,1,1,1994,0,0,0,0,0,0,0,0,0,0
10966,2,1,1994,0,0,0,0,0,0,0,0,0,0
10967,1,1,1994,0,0,0,0,0,0,0,0,0,0
10967,2,1,1994,0,11,0,0,7,0,18,17,0,27
10968,1,1,1994,0,0,0,0,0,0,0,0,0,0
10968,2,1,1994,0,0,0,0,0,0,0,0,0,0
10969,1,1,1994,0,0,0,0,0,0,0,0,0,0
10969,2,1,1994,0,0,0,0,0,0,0,0,0,0
10969,3,1,1994,0,0,0,0,0,0,0,0,0,0
10969,4,1,1994,0,0,0,0,0,0,0,0,0,0
10970,1,1,1994,0,0,0,0,0,0,0,0,0,0
10970,2,1,1994,0,0,0,0,0,0,0,0,0,0
10971,1,1,1994,10,17,18,5,11,15,2,5,13,13
10971,2,1,1994,7,0,23,0,0,0,7,18,0,0
10972,0,1,1994,0,0,0,0,0,0,0,0,0,0
10972,1,1,1994,0,0,0,0,0,0,0,0,0,0
10973,0,1,1994,31,0,21,26,28,14,14,0,30,19
10974,1,1,1994,0,0,0,0,0,0,0,0,0,0
10974,2,1,1994,0,0,0,0,0,0,0,0,0,0
10976,1,1,1994,0,0,0,0,0,0,0,0,0,0
10976,2,1,1994,0,0,0,0,0,0,0,0,0,0
10977,0,1,1994,0,10,0,0,0,0,0,0,0,0
10977,1,1,1994,0,0,0,0,0,0,0,0,0,0
20001,1,1,1994,0,0,0,0,0,0,0,0,0,0
20001,2,1,1994,0,0,0,0,0,0,0,0,0,0
20002,1,1,1994,38,38,38,38,38,38,38,38,38,38
20003,1,1,1994,17,17,17,17,17,17,17,17,17,17
20004,1,1,1994,34,34,34,34,34,34,34,34,34,34
20004,2,1,1994,0,0,0,0,0,0,0,0,0,0
20005,0,1,1994,34,34,34,34,34,34,34,34,34,34
20005,1,1,1994,0,0,0,0,0,0,0,0,0,0
20006,1,1,1994,0,0,0,0,0,0,0,0,0,0
20006,2,1,1994,0,0,0,0,0,0,0,0,0,0
20007,1,1,1994,23,23,23,23,23,23,23,23,23,23
20008,1,1,1994,0,0,0,0,0,0,0,0,0,0
20008,2,1,1994,4,4,4,4,4,4,4,4,4,4
20009,1,1,1994,21,21,21,21,21,21,21,21,21,21
20010,1,1,1994,0,0,0,0,0,0,0,0,0,0
20010,2,1,1994,0,0,0,0,0,0,0,0,0,0
20011,1,1,1994,21,21,21,21,21,21,21,21,21,21
20012,1,1,1994,38,38,38,38,38,38,38,38,38,38
20013,1,1,1994,0,0,0,0,0,0,0,0,0,0
20013,2,1,1994,0,0,0,0,0,0,0,0,0,0
20014,1,1,1994,0,14,0,0,0,18,0,0,0,0
20015,0,1,1994,16,0,0,19,6,0,0,0,33,0
20015,1,1,1994,4,4,4,4,4,4,4,4,4,4
20016,1,1,1994,0,0,0,0,0,0,0,0,0,0
20016,2,1,1994,0,0,0,0,0,0,0,0,0,0
20017,1,1,1994,0,0,0,0,0,7,0,0,0,0
20018,1,1,1994,0,0,0,0,0,0,0,0,0,0
20019,1,1,1994,2,2,2,2,2,2,2,2,2,2
20020,0,1,1994,0,0,0,0,0,0,0,0,0,0
20020,1,1,1994,0,0,0,0,0,0,0,0,0,0
20021,1,1,1994,27,27,27,27,27,27,27,27,27,27
20022,1,1,1994,0,0,0,0,0,0,0,0,0,0
20022,2,1,1994,0,0,0,0,0,0,0,0,0,0
20023,1,1,1994,0,17,0,0,0,21,0,0,0,0
20023,2,1,1994,0,0,0,0,2,0,0,25,13,0
20024,0,1,1994,0,0,0,0,0,0,0,0,0,0
20024,1,1,1994,0,0,0,0,0,0,0,0,0,0
20025,0,1,1994,0,0,0,0,0,0,0,0,0,0
20025,1,1,1994,0,0,0,0,0,0,0,0,0,0
20026,1,1,1994,0,0,0,12,0,0,0,0,0,0
20026,2,1,1994,0,0,0,0,0,0,0,0,0,0
20027,0,1,1994,0,0,0,0,0,0,0,0,0,0
20027,1,1,1994,0,0,0,0,0,0,0,0,0,0
20028,1,1,1994,0,0,0,0,0,0,0,0,0,0
20029,1,1,1994,12,12,12,12,12,12,12,12,12,12
20030,1,1,1994,21,21,21,21,21,21,21,21,21,21
20031,1,1,1994,27,27,27,27,27,27,27,27,27,27
20032,1,1,1994,9,9,9,9,9,9,9,9,9,9
20033,1,1,1994,17,17,17,17,17,17,17,17,17,17
20034,1,1,1994,24,24,24,24,24,24,24,24,24,24
20034,2,1,1994,0,0,0,0,0,0,0,0,0,0
20035,1,1,1994,0,0,0,0,0,0,0,0,0,0
20035,2,1,1994,0,0,0,0,0,0,0,0,0,0
20036,0,1,1994,17,17,17,17,17,17,17,17,17,17
20036,1,1,1994,0,0,0,0,0,0,0,0,0,0
20037,1,1,1994,0,0,0,0,0,0,0,0,0,0
20038,1,1,1994,17,17,17,17,17,17,17,17,17,17
20039,1,1,1994,37,20,32,32,7,16,16,12,11,19
20040,1,1,1994,20,20,20,20,20,20,20,20,20,20
20041,0,1,1994,36,36,36,36,36,36,36,36,36,36
20041,1,1,1994,0,0,0,0,0,0,0,0,0,0
20042,1,1,1994,0,0,0,0,0,0,0,0,0,0
20043,0,1,1994,0,0,0,0,0,0,0,0,0,0
20043,1,1,1994,0,0,0,0,0,0,0,0,0,0
20044,1,1,1994,23,23,23,23,23,23,23,23,23,23
20044,2,1,1994,0,0,0,0,0,0,0,0,0,0
20044,3,1,1994,3,3,3,3,3,3,3,3,3,3
20045,1,1,1994,0,0,0,0,0,2,0,0,0,0
20046,1,2,1994,25,0,0,0,25,9,28,19,22,10
20047,1,1,1994,20,20,20,20,20,20,20,20,20,20
20048,0,1,1994,0,0,0,0,0,0,0,0,0,0
20048,1,1,1994,0,0,0,0,0,0,0,0,0,0
20049,1,1,1994,19,19,19,19,19,19,19,19,19,19
20050,1,1,1994,11,11,11,11,11,11,11,11,11,11
20050,2,1,1994,0,0,0,0,0,0,0,0,0,0
20051,0,1,1994,0,0,0,0,0,0,0,0,0,0
20051,1,1,1994,4,4,4,4,4,4,4,4,4,4
20052,1,1,1994,39,39,39,39,39,39,39,39,39,39
20052,2,1,1994,0,0,0,0,0,0,0,0,0,0
20052,3,1,1994,0,0,0,0,0,0,0,0,0,0
20053,1,1,1994,0,0,0,0,0,0,0,0,0,0
20054,1,1,1994,40,40,40,40,40,40,40,40,40,40
20055,1,1,1994,25,25,25,25,25,25,25,25,25,25
20055,2,1,1994,22,22,22,22,22,22,22,22,22,22
20056,1,1,1994,23,23,23,23,23,23,23,23,23,23
20057,1,1,1994,15,15,15,15,15,15,15,15,15,15
20058,1,1,1994,0,0,0,0,0,0,0,0,0,0
20059,0,1,1994,34,34,34,34,34,34,34,34,34,34
20059,1,1,1994,0,0,0,0,0,0,0,0,0,0
20060,1,1,1994,0,0,0,0,0,0,0,0,0,0
20060,2,1,1994,0,0,0,0,0,0,0,0,0,0
20061,0,1,1994,0,0,0,0,0,0,0,0,0,0
20061,1,1,1994,8,8,8,8,8,8,8,8,8,8
20062,1,1,1994,0,0,0,0,0,0,0,0,0,0
20062,2,1,1994,0,0,0,0,0,0,0,0,0,0
20063,1,1,1994,0,0,0,0,0,0,0,0,0,0
20063,2,1,1994,0,0,0,0,0,0,0,0,0,0
20064,1,1,1994,0,0,0,26,0,0,0,0,0,0
20064,2,1,1994,0,0,0,0,0,0,0,0,0,0
20065,1,1,1994,24,24,24,24,24,24,24,24,24,24
20065,2,1,1994,18,18,18,18,18,18,18,18,18,18
20066,0,1,1994,0,0,0,19,0,0,10,13,0,0
20066,0,2,1994,0,12,0,13,0,0,0,0,15,7
20066,1,1,1994,0,0,0,0,0,0,2,0,0,0
20067,1,1,1994,0,0,0,7,0,15,0,0,26,0
20068,1,1,1994,21,21,21,21,21,21,21,21,21,21
20068,2,1,1994,9,0,14,16,0,0,0,7,12,0
20069,1,1,1994,0,0,0,0,0,0,0,0,0,0
20070,0,1,1994,12,12,12,12,12,12,12,12,12,12
20070,1,1,1994,12,26,7,26,25,7,13,2,13,0
40001,1,1,1994,9,1,11,6,16,14,12,7,14,7
40001,2,1,1994,0,0,17,0,0,0,0,0,0,0
40001,3,1,1994,0,0,0,0,0,0,0,0,0,0
40002,1,2,1994,0,20,0,2,10,12,13,20,0,20
40003,1,1,1994,0,0,0,0,0,0,0,0,0,0
40004,0,1,1994,11,11,11,11,11,11,11,11,11,11
40004,1,1,1994,0,0,26,0,20,0,0,0,0,0
40005,1,1,1994,9,9,9,9,9,9,9,9,9,9
40005,2,1,1994,0,0,0,0,0,0,0,0,0,0
40006,1,1,1994,17,17,17,17,17,17,17,17,17,17
40006,2,1,1994,0,0,0,0,0,0,0,0,0,0
40007,1,1,1994,0,0,0,0,0,19,11,9,10,0
40007,2,1,1994,16,27,18,15,7,19,9,27,23,16
40008,1,1,1994,0,0,0,12,0,0,0,0,0,0
40008,2,1,1994,0,0,0,0,0,0,0,0,0,0
40008,3,1,1994,0,0,0,0,0,0,0,0,0,0
40009,1,1,1994,28,9,22,7,8,23,22,13,13,20
40009,2,1,1994,0,0,0,0,0,0,0,0,0,0
40010,0,1,1994,23,23,23,23,23,23,23,23,23,23
40010,1,1,1994,0,0,0,0,0,0,0,0,0,0
40012,1,1,1994,8,8,8,8,8,8,8,8,8,8
40014,0,1,1994,29,7,10,0,10,0,23,16,23,20
40014,1,1,1994,12,12,12,12,12,12,12,12,12,12
40015,1,1,1994,6,22,33,8,17,10,0,0,0,0
40016,1,1,1994,0,0,0,0,0,0,0,0,0,0
40016,2,1,1994,0,0,0,0,0,0,0,0,0,0
40017,1,1,1994,14,20,29,12,27,25,6,12,46,21
40018,1,1,1994,0,0,0,0,0,0,0,0,0,0
40020,1,1,1994,0,0,0,0,0,0,0,0,0,0
40020,2,1,1994,0,0,0,0,0,0,0,0,0,0
40021,1,1,1994,0,36,0,0,0,0,0,0,0,0
40021,2,1,1994,0,0,0,0,0,0,0,0,0,0
40021,3,1,1994,0,0,0,0,0,0,13,0,0,0
40022,1,1,1994,3,3,3,3,3,3,3,3,3,3
40022,2,1,1994,0,8,7,0,0,0,0,0,0,0
40023,1,1,1994,16,13,7,16,7,18,3,9,8,15
40023,2,1,1994,0,0,0,0,0,0,0,0,0,0
40024,1,1,1994,0,4,0,0,0,0,0,0,0,0
40025,1,1,1994,0,0,0,0,0,0,0,0,0,0
40025,2,1,1994,0,0,0,0,0,0,0,0,6,0
40026,1,1,1994,0,0,0,0,0,0,0,0,0,0
40026,2,1,1994,0,0,0,0,0,0,0,0,0,0
40028,1,1,1994,0,0,0,0,0,0,0,0,0,0
40028,2,1,1994,0,0,0,0,0,0,0,0,0,0
40029,1,1,1994,0,0,0,0,0,0,0,0,0,0
40029,2,1,1994,0,0,0,0,0,0,0,0,0,0
40030,1,1,1994,0,0,0,0,0,0,0,0,0,0
40030,2,1,1994,0,0,0,0,0,0,0,0,0,0
40031,1,1,1994,0,0,0,0,10,0,0,0,0,0
40031,2,1,1994,0,0,0,0,0,0,0,0,0,0
40032,0,1,1994,0,0,0,0,0,0,0,0,0,0
40032,1,1,1994,0,0,0,0,0,0,0,0,0,0
40033,1,1,1994,0,0,0,0,0,0,0,14,0,14
40034,1,1,1994,20,20,20,20,20,20,20,20,20,20
40034,2,1,1994,0,0,0,0,0,0,0,0,0,0
40035,1,1,1994,0,0,0,0,0,0,0,0,0,0
40035,2,1,1994,0,0,0,0,0,0,0,0,0,0
40035,3,1,1994,0,0,0,0,0,0,0,0,0,0
40036,0,1,1994,0,18,37,5,11,44,15,37,0,12
40036,0,2,1994,0,0,0,0,0,0,0,0,0,0
40036,1,1,1994,0,0,0,0,0,0,0,0,0,0
40037,1,1,1994,0,0,0,0,0,0,0,0,0,0
40037,2,1,1994,0,0,0,0,0,0,0,0,0,0
40038,0,1,1994,0,0,0,0,0,0,0,0,0,0
40038,1,1,1994,0,0,0,0,0,0,0,0,0,0
40039,1,1,1994,0,0,0,0,0,0,0,0,0,0
40039,2,1,1994,0,0,0,0,0,0,0,0,0,0
40040,0,1,1994,10,16,18,26,11,0,0,21,0,0
40040,1,1,1994,0,15,0,0,13,0,26,0,24,0
40041,1,1,1994,15,15,15,15,15,15,15,15,15,15
40041,2,1,1994,0,0,0,0,0,0,0,0,0,0
40042,0,1,1994,26,26,26,26,26,26,26,26,26,26
40042,1,1,1994,28,20,12,13,14,17,2,10,10,14
40043,0,1,1994,0,0,0,0,0,0,0,0,0,0
40043,1,1,1994,0,0,0,0,0,0,0,0,0,0
40044,1,1,1994,0,0,0,0,0,0,0,0,0,0
40044,2,1,1994,0,0,0,0,13,0,27,14,0,0
40045,0,1,1994,21,21,21,21,21,21,21,21,21,21
40045,1,1,1994,0,0,0,0,0,0,0,0,0,0
40046,1,1,1994,0,8,0,0,5,0,0,14,0,11
40047,1,1,1994,10,10,10,10,10,10,10,10,10,10
40047,2,1,1994,0,0,0,0,0,0,0,0,0,0
40048,1,1,1994,0,0,0,0,0,0,0,0,0,0
40049,0,1,1994,0,0,0,0,0,0,0,0,0,0
40049,1,1,1994,0,0,0,0,0,0,0,0,0,0
40050,0,1,1994,0,0,0,0,0,0,0,0,0,0
40050,1,1,1994,0,0,0,0,0,0,0,0,0,0
40051,1,1,1994,0,0,0,0,0,0,0,0,0,33
40051,2,1,1994,0,0,0,0,0,0,0,0,0,0
40052,0,1,1994,0,0,0,0,0,0,0,0,10,18
40052,1,1,1994,0,0,0,0,0,0,0,0,0,0
40053,1,1,1994,0,0,10,13,0,30,6,0,11,2
40053,2,1,1994,12,7,0,3,0,29,10,11,10,6
40054,0,1,1994,8,8,8,8,8,8,8,8,8,8
40054,1,1,1994,0,0,0,0,17,0,0,0,0,0
40055,0,1,1994,5,29,14,20,19,38,18,23,11,27
40055,1,1,1994,0,0,6,0,0,0,0,20,0,0
40056,0,1,1994,41,16,13,12,17,32,43,22,22,4
40056,1,1,1994,0,26,0,29,16,0,20,15,0,0
40057,1,1,1994,30,30,30,30,30,30,30,30,30,30
40057,2,1,1994,0,0,0,0,0,0,0,0,0,0
40058,0,1,1994,30,30,30,30,30,30,30,30,30,30
40058,0,2,1994,2,3,0,0,0,3,27,0,0,0
40058,1,1,1994,0,0,0,0,0,0,0,0,21,0
40059,1,1,1994,0,0,0,0,0,0,0,0,0,0
40060,1,1,1994,16,9,15,13,5,10,14,8,7,7
40061,1,1,1994,16,9,0,0,0,0,0,6,7,0
40062,1,1,1994,0,0,0,0,0,0,0,0,0,0
40062,2,1,1994,0,0,0,0,0,0,0,0,0,0
40063,0,1,1994,22,22,22,22,22,22,22,22,22,22
40063,1,1,1994,0,0,0,0,0,0,0,0,0,0
40064,1,1,1994,0,0,0,0,25,0,0,8,0,0
40064,2,1,1994,0,0,0,0,0,13,0,0,0,0
40064,3,1,1994,0,0,0,0,0,0,0,0,0,0
40065,0,1,1994,0,0,0,0,0,0,0,0,0,0
40065,0,2,1994,0,0,0,0,17,0,0,7,0,4
40065,0,3,1994,0,0,0,0,0,0,0,0,0,11
40065,1,1,1994,8,24,3,9,13,18,20,12,24,0
40066,1,1,1994,0,0,0,0,0,0,0,0,0,0
40066,2,1,1994,0,0,0,0,0,0,0,0,0,0
40067,1,1,1994,15,0,0,0,0,17,17,0,0,0
40067,2,1,1994,0,0,0,0,0,0,0,0,0,0
40068,1,1,1994,0,0,0,0,0,0,0,0,0,0
40068,2,1,1994,0,0,0,15,0,0,0,0,0,0
40069,1,1,1994,0,0,0,0,0,0,0,0,0,0
40070,1,1,1994,0,0,0,17,0,0,0,0,0,0
40071,0,1,1994,0,0,0,0,0,0,0,0,0,0
40071,1,1,1994,0,10,9,12,0,0,0,0,0,21
40071,2,1,1994,0,0,0,10,0,0,0,16,0,0
40073,0,1,1994,0,0,7,0,0,0,0,0,0,0
40073,0,2,1994,29,0,9,0,0,7,23,0,26,25
40073,1,1,1994,38,23,8,32,22,16,6,22,9,18
40074,1,1,1994,19,27,0,20,23,9,18,0,19,0
40074,2,1,1994,0,0,0,0,0,0,0,0,0,0
40074,3,1,1994,0,0,22,0,0,0,0,0,0,0
40075,1,1,1994,12,12,12,12,12,12,12,12,12,12
40076,0,1,1994,16,27,9,4,26,35,0,16,17,0
40076,1,1,1994,0,14,0,0,0,0,0,0,0,0
40077,1,1,1994,0,0,10,0,15,0,12,8,0,0
40078,1,1,1994,0,0,0,0,0,0,0,0,0,0
40078,2,1,1994,26,26,26,26,26,26,26,26,26,26
40079,1,1,1994,0,0,0,0,0,0,0,0,0,0
40079,2,1,1994,0,13,0,0,8,22,0,0,23,0
40080,1,1,1994,0,0,0,0,0,0,0,0,0,0
40080,2,1,1994,0,0,7,0,0,0,0,0,0,0
40081,1,1,1994,0,0,0,0,0,0,0,0,0,0
40081,2,1,1994,0,0,0,0,0,0,0,0,0,0
40081,3,1,1994,0,0,0,0,0,0,0,0,0,0
40081,4,1,1994,0,0,0,0,0,0,0,0,0,0
40082,0,1,1994,38,19,11,32,23,32,25,12,10,15
40082,1,1,1994,0,0,0,0,0,0,24,0,0,0
40083,1,1,1994,0,0,0,0,0,0,0,0,0,0
40083,3,1,1994,0,0,0,0,0,0,12,0,0,0
40084,1,1,1994,14,14,14,14,14,14,14,14,14,14
40085,1,1,1994,0,0,0,0,0,0,4,6,0,0
40086,1,1,1994,0,0,0,0,0,0,0,0,0,0
40087,1,1,1994,34,34,34,34,34,34,34,34,34,34
40087,2,1,1994,0,0,0,0,0,0,0,7,0,0
40088,1,1,1994,0,15,15,0,0,0,0,0,0,0
40089,1,1,1994,19,19,19,19,19,19,19,19,19,19
40090,0,1,1994,42,10,17,36,26,17,31,19,28,28
40090,1,1,1994,0,0,0,0,0,0,0,0,0,0
40092,0,1,1994,0,0,0,0,0,0,0,0,0,0
40092,1,1,1994,0,0,0,0,0,0,17,20,0,0
40093,1,1,1994,0,0,0,0,0,0,0,0,0,0
40093,2,1,1994,0,0,0,0,0,0,0,0,0,0
40094,1,1,1994,0,0,0,0,0,0,0,0,0,0
40095,1,1,1994,0,0,0,0,0,0,0,14,0,0
40096,1,1,1994,0,0,0,0,0,0,0,0,0,9
40096,2,1,1994,0,0,0,0,0,0,0,0,0,0
40097,1,1,1994,20,20,12,22,0,17,20,13,25,14
40098,1,1,1994,0,0,0,10,0,13,0,27,0,20
40098,2,1,1994,0,12,0,0,0,0,0,0,0,0
40099,0,1,1994,26,24,23,22,42,23,18,25,31,26
40099,1,1,1994,0,0,0,0,0,0,0,0,0,0
40100,1,1,1994,0,0,0,0,18,0,0,0,0,0
40100,2,1,1994,0,0,0,0,0,0,23,0,0,0
40101,1,1,1994,18,18,18,18,18,18,18,18,18,18
40102,1,1,1994,0,0,0,0,0,0,0,0,0,0
40102,2,1,1994,0,0,0,0,0,0,0,0,0,0
40103,0,1,1994,29,29,29,29,29,29,29,29,29,29
40103,1,1,1994,0,0,0,0,0,0,0,0,0,0
40104,1,1,1994,7,7,7,7,7,7,7,7,7,7
40104,2,1,1994,0,0,0,0,0,0,0,0,0,0
40105,1,1,1994,15,7,18,37,12,11,14,25,19,19
40106,1,1,1994,19,19,19,19,19,19,19,19,19,19
40106,2,1,1994,0,0,0,20,0,0,0,16,0,0
40107,1,1,1994,19,25,15,25,24,16,10,9,22,17
40108,1,1,1994,0,0,0,0,0,0,0,0,0,0
40109,1,1,1994,9,20,0,0,20,19,0,6,13,0
40109,2,1,1994,0,0,0,0,0,0,12,0,0,0
40110,1,1,1994,17,6,37,18,15,23,25,20,26,17
40111,1,1,1994,0,0,0,0,0,0,0,0,0,0
40112,0,1,1994,0,0,0,0,0,0,0,0,0,0
40112,1,1,1994,0,0,0,0,0,0,0,0,0,0
40113,1,1,1994,0,0,0,0,0,0,0,0,0,0
40113,2,1,1994,0,0,0,0,0,0,0,0,0,0
40114,1,1,1994,0,0,0,0,0,0,0,0,0,0
40114,2,1,1994,0,0,0,0,0,0,0,0,0,0
40115,1,1,1994,0,0,13,0,0,0,0,0,0,0
40115,2,1,1994,0,0,0,0,0,0,0,0,0,0
40116,1,1,1994,16,21,21,15,28,11,11,23,20,2
40117,0,1,1994,0,0,0,0,0,0,0,10,0,0
40117,1,1,1994,0,0,0,0,0,0,0,0,0,0
40118,1,1,1994,0,0,0,0,0,0,0,0,0,12
40118,2,1,1994,0,0,0,0,0,0,0,0,0,0
40119,0,1,1994,42,0,39,0,30,6,0,0,13,44
40119,1,1,1994,0,0,0,0,0,0,0,0,0,0
40120,1,1,1994,5,17,19,6,10,25,16,26,22,31
40120,2,1,1994,0,0,0,0,0,0,0,0,0,0
40121,1,1,1994,0,0,0,0,0,0,0,0,0,0
40121,2,1,1994,0,0,0,0,0,0,0,0,0,0
40122,1,1,1994,0,0,0,0,0,0,0,0,0,0
40122,2,1,1994,0,6,0,0,0,0,0,0,0,0
40123,1,1,1994,0,0,0,0,0,0,0,0,0,0
40123,2,1,1994,14,14,14,14,14,14,14,14,14,14