ST_CASE,VEH_NO,PER_NO,YEAR,P1,P2,P3,P4,P5,P6,P7,P8,P9,P10
40124,1,1,1994,0,0,0,0,0,0,0,0,0,0
40124,2,1,1994,0,0,0,0,0,0,0,0,0,0
40125,1,1,1994,15,15,15,15,15,15,15,15,15,15
40125,2,1,1994,0,0,0,0,0,0,0,0,0,0
40126,1,1,1994,29,29,29,29,29,29,29,29,29,29
40126,2,1,1994,0,0,0,0,0,0,0,0,0,0
40126,3,1,1994,0,0,0,0,0,0,0,0,0,0
40127,1,1,1994,16,16,16,16,16,16,16,16,16,16
40127,2,1,1994,0,0,0,0,0,0,0,0,0,0
40128,0,1,1994,18,18,18,18,18,18,18,18,18,18
40128,1,1,1994,0,0,0,0,0,0,0,0,0,0
40128,2,1,1994,0,0,0,0,0,0,0,0,0,0
40129,0,1,1994,27,0,28,0,5,10,0,27,0,0
40129,1,1,1994,0,0,0,0,0,0,0,0,9,0
40130,1,1,1994,20,20,20,20,20,20,20,20,20,20
40130,2,1,1994,0,0,0,0,0,0,0,0,0,0
40131,1,1,1994,0,0,0,0,0,0,0,0,0,0
40131,2,1,1994,0,0,0,0,0,0,0,0,0,0
40132,1,1,1994,17,17,17,17,17,17,17,17,17,17
40133,1,1,1994,29,29,29,29,29,29,29,29,29,29
40134,1,1,1994,14,14,14,14,14,14,14,14,14,14
40134,2,1,1994,0,0,0,9,0,0,0,0,14,0
40135,1,1,1994,0,0,17,13,0,0,0,0,0,0
40136,0,1,1994,16,16,16,16,16,16,16,16,16,16
40136,1,1,1994,0,0,0,0,0,0,0,0,0,0
40137,1,1,1994,16,34,13,9,12,10,14,22,13,12
40137,2,1,1994,0,0,0,0,0,0,0,0,0,0
40138,1,1,1994,0,0,0,0,0,0,0,0,0,0
40139,0,1,1994,0,0,0,0,0,0,0,0,0,0
40139,1,1,1994,0,0,0,0,0,0,0,0,0,0
40140,1,1,1994,0,0,31,0,0,0,0,30,17,0
40142,1,1,1994,0,0,0,0,0,0,0,0,0,0
40143,1,1,1994,0,0,0,0,0,0,0,0,0,0
40144,0,1,1994,0,0,0,0,0,0,0,0,0,0
40144,1,1,1994,0,0,0,0,0,0,0,0,0,0
40145,1,1,1994,0,0,0,8,0,0,0,0,0,0
40146,0,1,1994,17,17,17,17,17,17,17,17,17,17
40146,1,1,1994,20,7,41,19,10,38,6,24,0,9
40147,0,1,1994,27,4,0,19,0,0,0,18,0,0
40147,1,1,1994,0,0,8,0,0,0,0,0,0,10
40147,2,1,1994,6,6,6,6,6,6,6,6,6,6
40148,1,1,1994,0,17,0,0,0,9,0,0,0,16
40149,1,1,1994,0,0,0,0,0,4,0,0,0,0
40149,2,1,1994,0,0,0,0,0,0,0,0,0,0
40149,3,1,1994,0,0,0,0,0,0,0,0,0,0
40149,4,1,1994,0,0,20,0,0,0,0,0,0,0
40150,1,1,1994,0,0,0,0,0,0,0,0,0,0
40150,2,1,1994,0,0,0,0,0,0,0,0,0,0
40151,0,1,1994,0,0,0,0,0,0,0,0,0,0
40151,1,1,1994,0,0,0,0,0,0,0,0,0,0
40152,0,1,1994,0,0,0,0,0,0,0,0,0,0
40152,1,1,1994,0,0,0,6,0,0,0,0,0,0
40153,1,1,1994,29,0,0,0,8,0,15,0,0,0
40154,1,1,1994,0,0,0,0,0,0,0,0,0,14
40155,1,1,1994,1,1,1,1,1,1,1,1,1,1
40155,2,1,1994,0,0,0,0,0,0,0,0,0,0
40156,0,1,1994,0,0,0,0,0,0,0,0,0,0
40156,1,1,1994,0,0,0,0,0,0,0,0,0,0
40157,1,1,1994,8,8,8,8,8,8,8,8,8,8
40158,1,1,1994,17,0,0,0,16,0,0,0,0,17
40159,1,1,1994,0,0,0,0,0,0,0,0,0,0
40159,2,1,1994,0,0,0,0,0,0,0,0,0,0
40161,1,1,1994,0,0,0,0,0,0,0,0,0,0
40161,2,1,1994,0,0,0,0,0,0,0,0,0,0
40162,1,1,1994,0,0,0,0,0,0,0,0,0,0
40162,2,1,1994,0,0,0,0,0,0,0,0,0,0
40163,1,1,1994,0,0,0,11,0,0,0,0,0,0
40163,2,1,1994,0,0,0,0,0,0,0,0,0,0
40164,0,1,1994,0,0,0,0,0,0,0,0,0,0
40164,1,1,1994,16,0,24,0,17,21,26,0,26,0
40165,1,1,1994,0,0,0,20,0,0,0,0,0,4
40166,1,1,1994,0,0,0,0,0,0,0,0,0,0
40167,0,1,1994,0,0,0,0,0,0,0,0,0,0
40167,1,1,1994,0,0,0,0,0,0,0,0,0,0
40168,1,1,1994,15,15,15,15,15,15,15,15,15,15
40168,2,1,1994,0,0,0,0,0,0,0,0,0,15
40169,1,1,1994,14,14,14,14,14,14,14,14,14,14
40169,2,1,1994,0,0,19,0,0,0,0,0,0,0
40169,3,1,1994,0,0,0,0,0,0,0,0,11,0
40170,0,1,1994,0,10,0,0,0,0,0,0,0,0
40170,1,1,1994,0,0,0,7,0,0,0,0,0,0
40171,1,1,1994,0,0,0,0,0,0,0,0,0,0
40171,2,1,1994,0,0,0,0,0,0,0,0,0,0
40171,3,1,1994,0,0,0,0,0,0,0,0,0,0
40171,4,1,1994,0,0,0,0,0,0,0,0,0,0
40171,5,1,1994,0,0,0,11,0,0,0,0,0,0
40171,6,1,1994,0,0,0,0,0,0,0,0,0,0
40172,1,1,1994,0,0,0,0,0,0,0,0,0,0
40172,2,1,1994,0,0,0,0,0,0,0,0,0,0
40174,1,1,1994,0,0,0,0,0,0,0,0,0,0
40174,2,1,1994,0,0,0,0,0,0,14,0,0,19
40175,1,1,1994,0,0,0,13,0,0,16,0,0,21
40175,2,1,1994,0,0,0,0,0,0,0,0,0,0
40175,3,1,1994,0,0,0,0,0,0,0,0,0,0
40176,1,1,1994,0,0,0,0,0,0,0,0,0,0
40176,2,1,1994,0,0,0,0,0,0,0,0,0,0
40177,1,1,1994,0,0,0,0,0,0,0,0,0,0
40178,1,1,1994,0,0,0,0,0,0,0,0,0,0
40178,2,1,1994,0,0,0,0,0,0,0,0,0,0
40179,0,1,1994,16,16,16,16,16,16,16,16,16,16
40179,1,1,1994,0,0,0,0,0,0,0,0,0,0
40180,1,1,1994,21,0,0,0,0,0,0,0,0,0
40180,2,1,1994,0,20,11,0,0,0,0,0,0,0
40181,1,1,1994,24,19,12,13,15,6,21,14,21,10
40181,2,1,1994,0,0,0,0,0,0,0,0,0,0
40182,0,1,1994,0,13,0,0,9,0,0,0,28,8
40182,1,1,1994,0,0,0,0,0,0,0,0,0,0
40183,1,1,1994,0,0,0,0,0,0,13,0,0,0
40183,2,1,1994,0,0,0,0,0,0,0,0,0,0
40185,1,1,1994,0,0,0,0,0,0,0,0,0,0
40185,2,1,1994,0,0,0,0,0,0,15,0,8,0
40186,1,1,1994,0,0,0,0,0,0,0,0,0,0
40186,2,1,1994,0,20,0,0,34,0,0,16,0,0
40187,1,1,1994,0,0,0,0,0,0,0,0,12,0
40188,1,1,1994,14,14,14,14,14,14,14,14,14,14
40189,1,1,1994,6,29,9,0,0,0,0,20,26,11
40190,1,1,1994,27,0,0,8,14,7,6,0,5,16
40191,0,1,1994,0,0,0,0,0,0,0,0,0,0
40191,1,1,1994,0,0,31,0,0,0,0,0,0,0
40192,0,1,1994,20,20,20,20,20,20,20,20,20,20
40192,1,1,1994,9,8,0,0,15,0,17,38,10,4
40193,0,1,1994,0,0,0,0,0,0,0,0,0,0
40193,0,2,1994,0,0,0,0,0,0,0,0,0,0
40193,1,1,1994,0,0,0,0,0,0,0,0,0,0
40194,1,1,1994,0,0,0,0,0,0,0,0,0,0
40194,2,1,1994,0,0,0,0,0,0,0,0,0,0
40195,1,1,1994,0,0,0,0,0,0,0,0,0,0
40195,2,1,1994,0,0,0,0,0,0,0,0,0,0
40196,1,1,1994,18,27,0,26,14,11,14,23,24,12
40196,2,1,1994,0,0,0,0,0,0,0,4,0,0
40197,1,1,1994,0,0,0,0,0,0,0,0,0,0
40197,2,1,1994,0,0,0,0,0,0,0,0,0,0
40198,1,1,1994,27,15,21,21,16,3,21,16,16,13
40199,1,1,1994,0,0,0,0,0,27,16,0,0,0
40199,2,1,1994,0,0,0,0,0,0,0,0,0,0
40200,1,1,1994,0,0,0,0,0,0,0,0,0,0
40200,2,1,1994,0,0,0,0,0,0,0,0,0,0
40201,1,1,1994,0,0,0,0,0,0,0,0,0,0
40201,2,1,1994,0,0,0,0,0,0,0,9,0,0
40202,1,1,1994,0,0,0,0,0,0,0,0,0,0
40203,1,1,1994,0,0,16,16,9,9,1,0,13,15
40203,2,1,1994,0,0,0,0,0,0,0,0,0,0
40203,3,1,1994,0,0,9,0,0,0,0,0,0,0
40204,0,1,1994,32,21,10,6,14,12,40,29,32,14
40204,1,1,1994,0,0,0,0,0,0,0,0,0,0
40205,1,1,1994,0,0,0,0,0,0,0,4,0,0
40205,2,1,1994,0,0,0,0,0,0,0,0,0,0
40206,1,1,1994,16,22,8,20,9,5,13,20,18,13
40206,2,1,1994,0,0,0,0,0,0,0,0,0,0
40207,1,1,1994,0,0,0,0,0,0,0,0,0,0
40208,0,1,1994,0,0,0,0,0,0,0,0,0,0
40208,1,1,1994,0,0,0,0,0,0,0,0,0,0
40209,1,1,1994,9,7,0,0,0,0,10,0,0,20
40209,2,1,1994,0,0,0,0,0,0,0,0,0,0
40210,1,1,1994,19,19,19,19,19,19,19,19,19,19
40210,2,1,1994,0,0,0,0,0,0,0,0,0,0
40211,0,1,1994,17,36,39,34,15,14,0,29,35,17
40211,1,1,1994,16,0,9,0,0,0,11,17,19,0
40212,0,1,1994,12,40,12,8,18,23,21,33,30,20
40212,0,2,1994,19,13,0,10,0,16,0,0,0,14
40212,1,1,1994,0,0,0,0,0,0,0,0,0,0
40213,1,1,1994,25,25,25,25,25,25,25,25,25,25
40213,2,1,1994,0,0,0,0,0,0,0,0,0,0
40213,3,1,1994,0,0,0,0,0,0,0,0,0,0
40214,1,1,1994,19,0,0,0,0,0,12,0,13,0
40215,1,1,1994,11,3,4,0,15,0,0,6,13,21
40215,2,1,1994,0,0,0,0,0,0,0,0,0,0
40216,1,1,1994,0,0,0,0,0,0,0,0,0,0
40217,1,1,1994,0,0,0,0,0,0,0,0,0,0
40218,1,1,1994,0,0,0,0,0,0,0,0,0,0
40219,1,1,1994,27,13,15,11,31,16,13,35,19,30
40220,1,1,1994,5,8,9,7,9,11,46,8,3,19
40221,1,1,1994,0,0,0,0,0,0,0,0,0,0
40221,2,1,1994,0,0,0,0,0,0,0,0,0,0
40222,1,1,1994,0,0,0,0,0,0,0,0,0,0
40222,2,1,1994,0,0,0,0,0,0,0,0,0,0
40223,0,1,1994,26,14,14,26,33,19,0,9,22,36
40223,1,1,1994,0,0,0,0,0,0,0,0,0,5
40224,0,1,1994,26,26,26,26,26,26,26,26,26,26
40224,1,1,1994,0,0,0,0,0,0,0,0,0,0
40225,1,1,1994,5,5,5,5,5,5,5,5,5,5
40225,2,1,1994,17,17,17,17,17,17,17,17,17,17
40226,1,1,1994,0,0,0,0,0,0,0,0,0,0
40226,2,1,1994,0,0,0,0,0,0,0,0,0,0
40227,1,1,1994,0,0,0,0,0,0,0,0,0,0
40227,2,1,1994,0,0,0,0,0,0,0,0,4,0
40228,1,1,1994,0,0,0,0,0,0,0,0,0,0
40228,2,1,1994,0,0,0,0,0,0,0,0,0,0
40229,1,1,1994,0,0,0,0,0,0,0,0,0,0
40229,2,1,1994,0,0,0,0,0,0,0,0,0,0
40230,1,1,1994,0,0,0,0,0,0,0,0,0,0
40231,1,1,1994,0,0,38,0,0,0,0,0,0,0
40232,1,1,1994,18,9,4,21,9,11,23,6,4,18
40233,1,1,1994,5,5,5,5,5,5,5,5,5,5
40234,1,1,1994,26,26,26,26,26,26,26,26,26,26
40235,1,1,1994,17,11,0,34,0,22,20,12,0,0
40235,2,1,1994,0,15,0,0,0,0,8,9,0,0
40236,1,1,1994,0,0,0,0,0,0,0,0,0,0
40237,1,1,1994,21,3,0,7,9,8,14,24,13,19
40238,1,1,1994,0,0,0,0,0,0,0,0,0,0
40239,1,1,1994,0,0,0,0,0,0,0,0,0,0
40239,2,1,1994,0,0,0,0,0,0,0,0,0,0
40240,1,1,1994,0,0,0,0,0,0,0,0,0,0
40241,0,1,1994,0,19,0,0,0,9,0,0,0,0
40241,1,1,1994,20,33,37,25,16,7,24,5,20,22
40242,1,1,1994,0,0,0,0,0,0,0,0,0,0
40243,1,1,1994,0,0,0,0,0,0,0,0,0,0
40243,2,1,1994,0,0,0,0,0,0,0,0,0,0
40243,3,1,1994,0,0,0,3,0,0,0,0,0,0
40244,1,1,1994,0,0,0,0,0,0,0,0,0,0
40244,2,1,1994,0,0,14,0,0,0,0,0,0,0
40245,0,1,1994,16,4,19,0,0,16,40,12,22,26
40245,1,1,1994,5,0,0,7,0,9,0,10,14,3
40246,1,1,1994,0,0,0,0,0,0,0,0,0,0
40246,2,1,1994,0,0,0,0,0,0,0,0,0,0
40247,1,1,1994,0,0,0,0,0,0,0,0,0,0
40248,0,1,1994,0,0,0,0,0,0,0,0,0,0
40248,1,1,1994,0,0,0,0,0,0,0,0,0,0
40249,1,1,1994,0,0,0,0,0,7,10,0,0,0
40249,2,1,1994,0,0,15,0,0,0,0,0,0,0
40250,0,1,1994,0,0,0,0,0,0,0,0,0,0
40250,1,1,1994,7,0,0,0,0,0,0,0,0,0
40251,1,1,1994,23,20,11,13,27,20,15,33,17,15
40252,1,1,1994,15,15,15,15,15,15,15,15,15,15
40252,2,1,1994,6,0,0,0,0,0,0,0,0,0
40252,3,1,1994,0,4,0,0,16,12,0,0,0,0
40253,1,1,1994,0,0,0,0,0,0,0,0,0,0
40253,2,1,1994,7,7,7,7,7,7,7,7,7,7
40254,0,1,1994,0,0,0,0,0,0,0,0,0,0
40254,1,1,1994,24,11,15,21,14,18,23,17,17,35
40255,1,1,1994,0,0,10,15,0,0,16,20,0,14
40256,1,1,1994,0,0,0,0,0,0,0,0,0,0
40256,2,1,1994,0,0,0,0,0,0,0,0,0,0
40257,1,1,1994,5,0,0,0,0,0,0,0,10,0
40258,1,1,1994,0,0,14,0,0,0,0,19,0,0
40259,0,1,1994,17,17,17,17,17,17,17,17,17,17
40259,1,1,1994,0,0,0,18,0,0,0,0,0,25
40260,1,1,1994,0,0,0,0,0,0,0,0,0,0
40260,2,1,1994,0,0,0,0,0,0,0,0,0,0
40261,1,1,1994,0,0,0,0,0,0,0,0,0,0
40261,2,1,1994,0,0,0,0,12,0,0,0,0,0
40262,1,1,1994,0,0,0,0,0,0,0,0,0,8
40263,1,1,1994,0,0,0,0,0,0,0,0,0,0
40263,2,1,1994,0,0,0,0,0,0,0,0,0,0
40264,1,1,1994,8,8,8,8,8,8,8,8,8,8
40264,2,1,1994,0,0,0,0,0,0,0,0,0,0
40265,1,1,1994,6,6,6,6,6,6,6,6,6,6
40265,2,1,1994,0,0,0,0,0,0,0,0,0,23
40265,3,1,1994,0,0,0,0,0,0,0,0,0,0
40265,4,1,1994,0,0,0,0,0,0,0,0,0,0
40266,1,1,1994,0,0,0,0,0,0,0,0,0,0
40267,1,1,1994,20,0,0,0,0,20,0,23,11,0
40268,1,1,1994,0,0,0,0,0,0,0,0,0,0
40268,2,1,1994,0,0,0,0,0,0,0,0,0,0
40269,1,1,1994,0,0,0,0,0,0,0,0,0,0
40270,1,1,1994,0,0,0,24,0,0,0,0,0,0
40271,1,1,1994,17,20,18,14,18,12,20,0,18,9
40272,1,1,1994,0,0,0,0,0,0,0,0,0,0
40272,2,1,1994,0,0,8,0,0,0,0,0,0,0
40273,1,1,1994,0,0,0,0,0,0,0,0,0,0
40274,1,1,1994,22,18,43,15,28,19,24,22,0,9
40275,1,1,1994,0,0,0,0,0,0,0,11,0,0
40275,2,1,1994,0,0,0,0,0,0,0,0,0,0
40276,0,1,1994,0,0,0,0,0,0,0,0,0,0
40276,1,1,1994,0,12,21,9,17,0,0,5,0,19
40276,2,1,1994,0,0,0,0,0,0,0,0,0,0
40276,3,1,1994,0,0,0,0,0,0,0,0,0,0
40276,4,1,1994,0,0,0,0,0,0,0,0,0,0
40276,5,1,1994,0,0,19,0,0,0,0,0,0,0
40277,1,1,1994,0,0,0,0,0,0,0,0,0,0
40278,1,1,1994,0,0,31,23,19,23,0,0,12,0
40279,1,1,1994,0,0,0,0,0,0,0,0,0,0
40280,1,1,1994,0,0,0,0,0,13,0,0,24,0
40281,1,1,1994,0,20,0,0,0,0,0,0,0,0
40282,0,1,1994,19,19,19,19,19,19,19,19,19,19
40282,1,1,1994,0,0,0,0,0,0,0,0,0,0
40283,1,1,1994,0,0,0,0,0,0,0,0,0,0
40283,2,1,1994,0,0,0,0,0,0,0,0,0,0
40284,1,1,1994,20,20,20,20,20,20,20,20,20,20
40284,2,1,1994,0,0,0,0,0,0,0,0,0,0
40286,1,1,1994,0,0,10,0,0,0,0,0,0,0
40286,2,1,1994,15,7,17,11,7,8,12,12,11,0
40287,0,1,1994,11,17,8,0,0,0,0,12,0,16
40287,1,1,1994,26,26,26,26,26,26,26,26,26,26
40288,1,1,1994,0,0,0,0,0,0,0,0,0,0
40288,2,1,1994,0,0,0,0,0,0,0,0,0,0
40289,1,1,1994,0,0,0,0,0,0,0,0,0,0
40289,2,1,1994,0,0,0,0,0,0,0,0,0,0
40290,1,1,1994,0,0,0,0,0,0,0,0,0,0
40290,2,1,1994,0,0,0,0,0,0,0,0,0,0
40290,3,1,1994,0,0,0,0,0,0,0,0,0,0
40290,4,1,1994,0,0,0,0,0,0,0,0,0,0
40290,5,1,1994,0,0,0,0,0,0,0,0,0,0
40290,6,1,1994,0,0,0,0,0,0,0,0,0,0
40290,7,1,1994,0,0,0,0,0,0,0,0,0,0
40290,8,1,1994,0,0,0,0,0,0,0,0,6,0
40291,1,1,1994,0,0,0,0,0,0,0,0,0,19
40292,0,1,1994,0,0,0,0,0,0,0,0,0,0
40292,1,1,1994,0,0,0,0,0,0,0,0,0,0
40293,1,1,1994,28,20,31,0,37,0,0,0,0,8
40294,1,1,1994,0,7,5,0,11,0,20,32,0,26
40295,1,1,1994,0,0,0,0,0,0,0,0,0,0
40296,1,1,1994,13,0,20,0,0,0,0,0,0,19
40297,1,1,1994,17,7,16,15,3,9,20,13,22,15
40297,2,1,1994,0,0,0,0,0,0,0,0,0,0
40298,0,1,1994,0,0,0,0,0,0,0,0,0,0
40298,0,2,1994,0,0,0,0,38,0,0,0,13,9
40298,1,1,1994,32,17,35,13,0,5,12,0,15,21
40299,1,1,1994,0,0,0,0,0,0,0,0,0,0
40299,2,1,1994,0,0,0,0,0,0,0,0,0,0
40300,0,1,1994,26,0,0,0,0,0,0,0,0,0
40300,1,1,1994,0,0,0,0,0,0,0,0,0,0
40301,1,1,1994,0,0,0,0,0,0,0,0,0,0
40302,1,1,1994,0,0,0,0,0,0,0,0,0,0
40302,2,1,1994,0,0,0,0,0,0,0,0,0,0
40302,3,1,1994,0,0,0,0,0,0,0,0,0,17
40303,1,1,1994,0,0,0,0,0,0,0,0,0,0
40303,2,1,1994,0,0,0,0,0,0,0,0,0,0
40304,0,1,1994,14,14,14,14,14,14,14,14,14,14
40304,1,1,1994,0,0,0,0,0,0,0,0,0,0
40305,0,1,1994,0,0,0,0,0,0,0,0,17,0
40305,1,1,1994,7,7,7,7,7,7,7,7,7,7
40306,1,1,1994,10,10,10,10,10,10,10,10,10,10
40306,2,1,1994,0,0,0,0,0,0,0,0,0,0
40307,1,1,1994,25,4,9,16,16,19,19,15,11,10
40308,1,1,1994,0,0,0,28,0,0,0,0,0,0
40309,0,1,1994,12,12,12,12,12,12,12,12,12,12
40309,1,1,1994,0,0,0,0,0,0,0,0,0,0
40310,1,1,1994,16,14,23,15,11,10,25,16,14,17
40310,2,1,1994,0,0,0,0,0,0,0,0,0,0
40310,3,1,1994,0,0,0,0,0,0,0,0,0,0
40311,1,1,1994,24,24,24,24,24,24,24,24,24,24
40311,2,1,1994,0,0,0,0,0,0,0,0,0,0
40312,1,1,1994,0,0,0,0,0,0,0,0,0,0
40312,2,1,1994,0,0,0,0,0,0,0,12,0,0
40313,1,1,1994,0,0,0,0,0,0,0,16,0,0
40313,2,1,1994,0,0,0,0,0,0,0,0,0,0
40314,1,1,1994,14,14,14,14,14,14,14,14,14,14
40314,2,1,1994,0,0,0,0,0,0,0,0,0,0
40315,0,1,1994,37,37,37,37,37,37,37,37,37,37
40315,1,1,1994,0,0,0,0,0,0,0,0,0,0
40316,1,1,1994,17,17,19,20,22,27,15,15,18,46
40317,0,1,1994,0,0,0,0,0,0,0,0,0,0
40317,1,1,1994,0,0,0,10,0,0,0,0,0,0
40318,1,1,1994,38,25,27,6,21,19,17,14,4,28
40319,1,1,1994,0,0,0,0,0,0,0,0,0,0
40319,2,1,1994,10,10,10,10,10,10,10,10,10,10
40320,0,1,1994,0,0,0,0,0,0,0,0,0,0
40320,1,1,1994,0,0,0,0,0,0,0,0,0,0
40321,1,1,1994,0,0,0,0,0,0,0,0,0,0
40321,2,1,1994,0,18,0,34,0,0,0,0,0,0
40322,0,1,1994,0,0,0,0,0,0,0,0,0,0
40322,1,1,1994,0,0,0,0,0,0,0,0,0,0
40323,1,1,1994,0,0,0,0,0,0,0,0,0,0
40323,2,1,1994,0,0,0,0,0,0,7,0,0,0
40324,1,1,1994,9,18,0,0,0,0,0,0,0,0
40325,1,1,1994,0,0,0,0,0,0,0,0,0,0
40326,1,1,1994,35,35,35,35,35,35,35,35,35,35
40327,0,1,1994,0,0,0,0,0,0,0,0,0,0
40327,1,1,1994,0,0,0,0,0,0,0,0,0,0
40328,1,1,1994,0,0,17,19,0,13,8,19,0,0
40329,0,1,1994,29,29,29,29,29,29,29,29,29,29
40329,1,1,1994,0,0,0,0,22,0,0,0,0,0
40330,1,1,1994,0,0,0,0,0,0,14,31,20,0
40331,1,1,1994,0,0,0,0,0,0,0,0,0,0
40331,2,1,1994,0,0,0,0,0,0,0,0,22,11
40331,3,1,1994,0,0,0,0,0,0,7,0,0,0
40332,1,1,1994,15,15,15,15,15,15,15,15,15,15
40332,2,1,1994,13,34,22,32,18,32,16,33,0,1
40333,1,1,1994,13,0,0,0,0,0,18,0,0,0
40334,1,1,1994,22,22,8,34,10,32,29,17,16,18
40335,1,1,1994,0,0,0,0,0,0,0,0,0,0
40336,1,1,1994,0,15,0,0,0,0,0,0,0,14
40336,2,1,1994,0,0,0,0,0,0,0,0,0,0
40337,0,1,1994,0,18,16,30,19,19,20,20,8,0
40337,1,1,1994,22,24,26,21,0,0,33,18,23,25
40338,1,1,1994,13,13,13,13,13,13,13,13,13,13
40338,2,1,1994,0,0,0,0,0,0,0,0,0,0
40339,0,1,1994,0,0,0,0,0,0,0,0,0,0
40339,1,1,1994,0,0,0,0,0,0,0,0,0,0
40340,1,1,1994,6,6,6,6,6,6,6,6,6,6
40340,2,1,1994,1,1,1,1,1,1,1,1,1,1
40341,1,1,1994,16,3,8,23,0,27,20,35,26,26
40342,0,1,1994,0,0,0,0,0,0,0,0,0,0
40342,1,1,1994,0,0,0,11,0,15,0,0,0,0
40342,2,1,1994,0,0,0,0,0,0,0,0,0,0
40342,3,1,1994,0,0,0,0,0,0,0,0,0,0
40343,1,1,1994,0,0,0,0,0,0,0,0,0,0
40343,2,1,1994,0,0,0,0,0,0,0,0,0,0
40344,1,1,1994,28,28,28,28,28,28,28,28,28,28
40345,1,1,1994,0,0,0,0,0,0,0,0,0,0
40345,2,1,1994,0,0,0,0,0,0,0,0,0,0
40346,0,1,1994,0,0,0,0,0,0,0,0,0,0
40346,1,1,1994,0,0,0,0,0,0,0,0,0,0
40347,1,1,1994,14,18,28,24,30,0,41,15,23,16
40348,1,1,1994,17,16,17,12,40,10,15,28,18,19
40349,1,1,1994,23,9,12,13,16,5,5,6,18,12
40349,2,1,1994,0,0,0,0,0,0,0,0,0,0
40350,1,1,1994,0,12,0,19,21,16,10,29,20,0
40351,1,1,1994,22,22,22,22,22,22,22,22,22,22
40352,1,1,1994,0,0,0,0,0,0,0,0,0,0
40353,1,1,1994,0,0,0,0,0,0,0,0,0,0
40353,2,1,1994,0,0,0,0,0,0,0,0,0,0
40354,0,1,1994,12,0,0,0,22,0,9,34,0,0
40354,1,1,1994,4,0,0,0,0,0,0,0,0,0
40355,1,1,1994,19,19,19,19,19,19,19,19,19,19
40356,1,1,1994,3,0,0,0,0,0,0,0,21,0
40357,1,1,1994,0,5,13,23,7,2,9,21,24,18
40358,1,1,1994,9,11,12,6,16,13,21,21,24,18
40359,1,1,1994,0,0,0,0,0,0,0,0,0,0
40359,2,1,1994,0,0,0,0,0,0,0,0,0,0
40361,0,1,1994,20,20,20,20,20,20,20,20,20,20
40361,1,1,1994,0,0,0,0,0,0,0,0,0,0
40362,1,1,1994,0,0,0,0,0,0,0,0,0,0
40362,2,1,1994,0,0,0,0,0,0,0,0,0,0
40363,1,1,1994,0,0,0,0,0,0,0,0,0,0
40363,2,1,1994,21,30,18,18,11,17,0,18,25,18
40364,1,1,1994,13,13,13,13,13,13,13,13,13,13
40365,1,1,1994,0,0,0,0,0,0,0,0,0,0
40365,2,1,1994,0,6,0,0,2,15,0,2,0,2
40366,1,1,1994,0,0,0,12,10,0,0,0,14,0
40368,1,1,1994,0,0,0,0,0,0,0,0,0,0
40368,2,1,1994,35,21,27,34,0,12,0,29,16,14
40369,1,1,1994,0,0,0,0,0,0,0,0,0,0
40370,1,1,1994,0,0,0,0,0,0,0,0,0,0
40370,2,1,1994,0,0,0,0,0,0,0,0,0,0
40371,1,1,1994,0,0,0,0,0,0,0,0,0,0
40371,2,1,1994,0,0,0,0,0,0,0,0,0,0
40372,1,1,1994,0,0,0,0,0,0,0,0,0,0
40372,2,1,1994,0,0,0,0,0,0,0,0,0,0
40373,1,1,1994,0,0,0,0,0,0,0,9,0,0
40374,1,1,1994,0,0,0,0,0,0,0,0,0,0
40374,2,1,1994,0,0,0,0,0,0,0,0,0,0
40375,1,1,1994,0,0,0,0,0,0,0,0,0,0
40375,2,1,1994,15,15,15,15,15,15,15,15,15,15
40376,1,1,1994,0,0,0,0,0,0,0,0,0,0
40377,1,1,1994,0,0,0,0,0,0,0,0,0,0
40378,1,1,1994,18,15,15,17,20,22,12,0,14,30
40379,1,1,1994,16,16,16,16,16,16,16,16,16,16
40380,1,1,1994,0,0,0,0,0,0,0,0,0,0
40380,2,1,1994,0,0,0,0,0,0,0,0,0,0
40381,0,1,1994,0,0,26,0,0,11,17,0,23,0
40381,1,1,1994,0,0,0,0,0,0,0,0,0,0
40382,1,1,1994,28,0,0,10,20,0,9,17,9,0
40382,2,1,1994,0,0,0,0,7,0,0,0,0,0
40383,1,1,1994,0,0,0,0,0,0,0,0,0,0
40384,0,1,1994,0,0,0,0,0,0,0,0,0,0
40384,1,1,1994,14,0,0,0,0,0,0,0,0,0
40385,1,1,1994,10,10,9,14,6,0,28,6,8,4
40386,1,1,1994,0,0,0,0,0,0,0,0,0,0
40386,2,1,1994,0,3,0,0,0,0,0,0,0,0
40386,3,1,1994,0,0,0,0,0,0,0,0,0,0
40387,1,1,1994,14,21,0,0,14,0,26,12,0,16
40388,1,1,1994,0,0,16,0,0,0,0,0,0,0
40389,1,1,1994,17,17,17,17,17,17,17,17,17,17
40389,2,1,1994,0,0,0,0,0,0,0,0,0,0
40390,1,1,1994,22,22,22,22,22,22,22,22,22,22
40391,0,1,1994,0,0,0,0,0,0,0,0,0,0
40391,1,1,1994,0,0,0,0,0,0,0,0,0,0
40392,1,1,1994,16,14,46,22,19,23,15,24,28,17
40392,2,1,1994,0,14,0,0,0,17,29,0,21,0
40393,1,1,1994,23,12,14,16,8,9,12,26,16,36
40394,1,1,1994,8,18,6,7,8,0,10,7,10,14
40394,2,1,1994,0,0,0,0,0,0,0,0,0,0
40395,1,1,1994,16,26,13,19,27,21,22,18,9,15
40396,1,1,1994,23,23,23,23,23,23,23,23,23,23
40397,1,1,1994,0,0,0,0,0,0,0,0,0,0
40397,2,1,1994,0,0,0,0,0,0,0,0,0,0
40397,3,1,1994,0,0,0,0,0,0,0,0,0,0
40397,4,1,1994,0,0,0,0,0,0,0,0,0,0
40398,1,1,1994,0,0,0,0,0,0,0,0,0,0
40398,2,1,1994,0,0,6,0,0,0,0,0,0,0