ST_CASE,VEH_NO,PER_NO,YEAR,P1,P2,P3,P4,P5,P6,P7,P8,P9,P10
40399,1,1,1994,8,8,8,8,8,8,8,8,8,8
40399,2,1,1994,0,0,0,0,0,0,0,0,0,0
40400,1,1,1994,13,0,0,0,14,19,0,0,0,0
40401,1,1,1994,0,0,0,0,0,0,0,0,0,0
40402,1,1,1994,0,0,0,0,10,0,0,0,0,0
40402,2,1,1994,0,0,0,0,0,0,0,0,0,0
40403,1,1,1994,0,0,0,0,0,0,0,0,0,0
40404,1,1,1994,0,0,0,0,0,0,0,0,0,0
40404,2,1,1994,0,0,0,0,0,0,0,0,0,0
40405,0,1,1994,16,16,16,16,16,16,16,16,16,16
40405,1,1,1994,0,12,0,4,37,0,30,16,0,14
40406,0,1,1994,13,14,0,26,37,22,16,17,0,40
40406,1,1,1994,21,0,0,0,0,0,0,0,0,0
40407,1,1,1994,0,6,20,23,17,2,20,5,5,14
40408,0,1,1994,0,0,0,0,0,0,0,0,0,0
40408,1,1,1994,11,41,0,12,23,0,20,19,0,0
40409,1,1,1994,0,0,0,0,0,7,0,3,0,0
40410,1,1,1994,0,0,0,0,0,0,0,0,0,0
40411,1,1,1994,0,27,11,27,0,26,27,19,20,16
40412,0,1,1994,0,0,0,0,0,0,0,0,0,0
40412,1,1,1994,0,0,0,0,0,0,0,0,0,0
40414,1,1,1994,19,19,19,19,19,19,19,19,19,19
40414,2,1,1994,0,0,0,0,0,0,0,0,0,0
40416,1,1,1994,11,11,11,11,11,11,11,11,11,11
40418,1,1,1994,18,18,18,18,18,18,18,18,18,18
40419,1,1,1994,0,0,0,0,0,0,0,0,0,0
40419,2,1,1994,0,0,0,0,0,0,0,0,0,0
40419,3,1,1994,0,0,0,0,0,0,0,0,0,0
40420,1,1,1994,0,0,0,0,0,0,0,0,0,0
40420,2,1,1994,0,0,0,0,0,0,0,0,0,0
40423,1,1,1994,0,0,0,0,0,0,0,0,0,0
40423,2,1,1994,0,0,0,0,0,0,0,0,0,0
40424,1,1,1994,0,0,15,9,13,0,0,0,0,13
40425,1,1,1994,8,21,9,13,29,12,11,28,18,15
40426,1,1,1994,0,5,0,0,0,0,0,0,14,0
40427,1,1,1994,0,0,0,0,0,0,0,0,0,0
40427,2,1,1994,0,0,0,0,0,0,0,0,0,0
40427,3,1,1994,0,0,0,0,0,0,0,0,0,0
40428,0,1,1994,0,0,0,0,0,0,0,0,0,0
40428,1,1,1994,0,0,0,0,0,0,0,0,0,0
40429,1,1,1994,0,0,0,0,0,0,0,0,0,0
40429,2,1,1994,0,0,0,0,0,0,0,0,0,0
40430,1,1,1994,0,0,0,0,0,0,0,11,0,0
40431,1,1,1994,0,0,0,0,0,0,0,0,0,0
40431,2,1,1994,0,0,0,0,0,14,0,0,0,0
40432,1,1,1994,0,0,0,0,0,0,0,0,0,0
40432,2,1,1994,0,0,0,0,0,0,0,0,0,0
40433,1,1,1994,12,21,19,15,7,32,21,9,12,17
40434,1,1,1994,17,17,17,17,17,17,17,17,17,17
40434,2,1,1994,0,0,0,0,0,0,0,0,0,0
40435,1,1,1994,0,0,0,0,0,0,0,0,0,0
40435,2,1,1994,0,0,0,0,0,0,0,0,0,0
40436,1,1,1994,0,0,0,0,0,0,0,0,0,0
40436,2,1,1994,0,0,0,0,0,0,7,0,0,0
40436,3,1,1994,0,0,0,0,0,0,0,0,0,0
40437,1,1,1994,0,0,13,0,0,0,0,0,0,0
40437,2,1,1994,0,0,0,0,0,0,0,0,0,0
40438,1,1,1994,0,12,0,0,0,0,0,0,0,0
40438,2,1,1994,0,0,2,0,0,0,0,0,0,0
40439,0,1,1994,22,22,22,22,22,22,22,22,22,22
40439,1,1,1994,0,0,0,0,0,0,0,0,0,0
40440,1,1,1994,21,18,8,23,19,21,22,19,13,11
40441,0,1,1994,0,0,19,15,23,18,0,0,11,20
40441,1,1,1994,5,20,18,16,16,14,22,21,14,0
40442,1,1,1994,0,0,0,0,15,0,0,0,0,0
40442,2,1,1994,0,0,0,0,0,0,0,0,0,0
40444,1,1,1994,0,0,0,0,0,0,0,0,0,0
40444,2,1,1994,0,0,0,0,0,0,0,0,0,0
40445,1,1,1994,20,17,28,19,18,12,34,14,7,20
40446,1,1,1994,0,0,0,0,0,0,0,0,0,0
40447,1,1,1994,0,0,0,0,0,0,0,0,0,0
40447,2,1,1994,0,0,0,0,0,0,0,0,0,0
40448,1,1,1994,9,12,16,0,27,7,21,20,12,15
40449,1,1,1994,20,20,20,20,20,20,20,20,20,20
40449,2,1,1994,0,0,0,0,11,0,0,0,0,0
40450,1,1,1994,0,0,23,0,0,0,0,0,0,0
40450,2,1,1994,0,0,0,0,0,0,0,0,0,19
40451,1,1,1994,0,0,0,0,0,0,0,0,0,0
40451,2,1,1994,17,0,0,0,0,0,0,0,0,0
40453,1,1,1994,0,0,0,0,0,0,0,0,0,0
40453,2,1,1994,0,20,0,0,0,0,0,0,0,0
40454,1,1,1994,0,0,0,0,0,0,0,0,0,0
40455,0,1,1994,14,13,0,11,11,0,25,0,0,0
40455,1,1,1994,0,0,0,0,0,0,0,0,0,0
40456,1,1,1994,0,0,0,0,0,0,0,0,0,0
40456,2,1,1994,0,0,0,0,0,0,0,0,0,0
40457,1,1,1994,24,0,0,0,0,0,0,0,0,6
40458,1,1,1994,15,15,15,15,15,15,15,15,15,15
40459,1,1,1994,0,0,0,0,0,0,0,0,0,0
40459,2,1,1994,0,0,0,0,0,0,0,0,0,0
40461,1,1,1994,7,7,7,7,7,7,7,7,7,7
40462,1,1,1994,19,17,19,29,17,9,24,3,4,18
40463,1,1,1994,32,18,0,45,26,24,25,27,16,24
40464,1,1,1994,7,7,7,7,7,7,7,7,7,7
40465,1,1,1994,2,2,2,2,2,2,2,2,2,2
40466,1,1,1994,28,28,28,28,28,28,28,28,28,28
40466,2,1,1994,0,0,0,0,0,0,0,0,0,0
40467,1,1,1994,32,32,32,32,32,32,32,32,32,32
40468,1,1,1994,0,0,0,0,0,0,0,0,0,0
40469,1,1,1994,0,32,0,14,22,0,10,16,0,0
40470,1,1,1994,21,12,14,9,17,21,16,23,21,14
40470,2,1,1994,8,17,18,0,39,32,0,9,13,19
40471,0,1,1994,0,0,0,0,0,0,0,0,0,0
40471,1,1,1994,0,0,0,0,0,0,0,0,0,0
40472,0,1,1994,16,27,0,30,20,10,17,0,16,0
40472,1,1,1994,0,21,0,0,24,0,0,0,20,0
40473,0,1,1994,25,25,25,25,25,25,25,25,25,25
40473,1,1,1994,0,0,4,0,0,0,0,0,0,4
40474,1,1,1994,12,12,12,12,12,12,12,12,12,12
40475,0,1,1994,0,13,0,0,0,0,0,0,0,0
40475,1,1,1994,0,0,0,0,0,0,0,0,0,0
40477,1,1,1994,0,0,0,0,0,0,0,0,0,0
40477,2,1,1994,0,0,0,0,0,0,0,0,0,0
40478,1,1,1994,0,0,0,0,0,0,0,0,0,0
40480,1,1,1994,14,27,27,32,31,13,25,10,7,7
40480,2,1,1994,0,0,0,0,0,0,0,0,0,0
40481,1,1,1994,0,0,0,0,0,0,0,0,0,0
40481,2,1,1994,0,0,0,0,0,0,0,0,0,0
40482,1,1,1994,0,0,0,0,0,0,0,0,0,0
40482,2,1,1994,0,0,0,0,0,0,0,0,0,0
40483,1,1,1994,27,14,17,10,23,16,12,18,26,4
40483,2,1,1994,0,0,0,0,0,0,0,0,0,0
40484,1,1,1994,7,11,12,10,21,9,0,32,0,9
40485,1,1,1994,22,22,22,22,22,22,22,22,22,22
40487,1,1,1994,0,0,0,0,0,0,0,0,0,0
40487,2,1,1994,0,0,0,0,0,0,0,0,0,0
40488,0,1,1994,0,0,0,0,0,0,0,20,0,0
40488,1,1,1994,0,0,0,0,0,0,0,0,0,0
40489,1,1,1994,0,0,0,0,0,0,0,0,0,0
40489,2,1,1994,0,0,0,0,0,0,0,0,0,0
40490,1,1,1994,0,0,0,0,0,0,0,0,0,0
40490,2,1,1994,0,0,0,0,0,0,11,0,0,0
40491,1,1,1994,0,0,0,0,0,0,0,0,0,0
40492,1,1,1994,17,17,17,17,17,17,17,17,17,17
40493,1,1,1994,0,0,0,0,0,0,0,0,0,0
40493,2,1,1994,0,0,0,0,15,0,0,0,15,0
40494,1,1,1994,14,14,14,14,14,14,14,14,14,14
40495,0,1,1994,0,0,0,0,0,0,0,0,0,0
40495,0,2,1994,0,0,0,0,0,0,0,0,28,0
40495,1,1,1994,6,28,5,14,17,11,18,10,2,6
40496,1,1,1994,0,0,0,0,0,0,0,0,0,0
40497,1,1,1994,16,16,16,16,16,16,16,16,16,16
40498,1,1,1994,0,0,0,0,0,0,0,0,0,0
40499,0,1,1994,8,0,0,0,0,0,0,0,33,0
40499,1,1,1994,0,0,0,0,0,0,0,0,0,0
40500,1,1,1994,3,3,3,3,3,3,3,3,3,3
40501,1,1,1994,0,0,0,0,0,9,13,0,0,0
40502,1,1,1994,8,9,5,17,3,17,14,22,21,7
40503,0,1,1994,0,0,0,0,0,0,0,0,0,0
40503,1,1,1994,0,0,0,0,0,0,0,0,0,0
40504,1,1,1994,0,0,0,3,0,25,14,0,0,0
40505,1,1,1994,15,15,15,15,15,15,15,15,15,15
40505,2,1,1994,0,0,18,0,0,0,0,0,11,0
40505,3,1,1994,0,0,0,0,0,0,0,0,0,0
40505,4,1,1994,0,0,0,0,0,0,0,0,0,0
40506,1,1,1994,0,0,0,0,0,0,0,0,0,0
40507,0,1,1994,0,0,0,0,0,0,0,0,0,0
40507,1,1,1994,0,0,0,0,0,0,0,0,0,0
40508,1,1,1994,0,0,0,0,0,0,0,0,0,0
40508,2,1,1994,0,0,11,0,0,0,0,0,0,15
40509,1,1,1994,0,0,0,0,0,0,0,0,0,0
40509,2,1,1994,0,0,0,0,0,0,0,0,0,0
40509,3,1,1994,0,0,0,0,0,0,0,0,0,0
40510,1,1,1994,8,8,8,8,8,8,8,8,8,8
40511,1,1,1994,0,0,0,0,0,0,0,0,0,0
40511,2,1,1994,0,0,0,0,9,0,0,0,0,0
40512,1,1,1994,0,0,0,0,0,0,0,0,0,0
40513,1,1,1994,10,15,12,22,17,8,11,11,17,19
40514,1,1,1994,10,10,10,10,10,10,10,10,10,10
40515,0,1,1994,21,21,21,21,21,21,21,21,21,21
40515,1,1,1994,0,0,0,0,0,0,0,0,0,0
40516,1,1,1994,0,0,0,0,0,0,0,0,0,0
40516,2,1,1994,0,0,0,0,0,0,0,0,0,0
40516,3,1,1994,0,0,20,0,0,0,0,0,0,0
40516,4,1,1994,0,14,0,0,31,0,0,0,0,0
40517,1,1,1994,0,0,0,0,0,21,0,0,9,0
40517,2,1,1994,0,0,0,0,0,0,0,0,0,0
40518,0,1,1994,15,15,15,15,15,15,15,15,15,15
40518,1,1,1994,27,0,0,14,13,14,0,2,16,19
40518,2,1,1994,14,9,21,16,18,0,22,0,19,14
40519,1,1,1994,0,0,0,0,0,0,0,9,0,0
40520,1,1,1994,0,0,0,0,0,0,0,0,0,0
40520,2,1,1994,10,10,10,17,13,15,8,22,11,11
40521,1,1,1994,0,0,0,0,0,0,0,0,0,0
40522,1,1,1994,0,0,0,0,0,0,0,0,0,0
40523,1,1,1994,0,0,0,15,0,0,0,0,0,0
40524,0,1,1994,0,0,0,0,0,0,0,0,0,0
40524,1,1,1994,0,0,0,0,0,0,0,0,0,0
40525,0,1,1994,0,0,0,25,0,0,0,0,0,0
40525,1,1,1994,0,0,0,0,0,0,0,0,0,0
40526,1,1,1994,0,0,0,0,0,0,0,0,0,0
40526,2,1,1994,0,0,0,0,0,0,0,9,0,0
40527,0,1,1994,0,0,0,0,0,0,0,0,0,0
40527,0,2,1994,0,0,0,0,6,14,0,11,0,0
40527,1,1,1994,0,0,0,0,0,0,0,0,0,0
40528,1,1,1994,0,0,0,0,0,0,0,0,0,0
40528,2,1,1994,0,0,0,0,0,0,0,0,0,0
40529,1,1,1994,0,0,0,10,0,20,13,0,28,0
40529,2,1,1994,0,0,0,0,0,0,0,0,0,0
40530,0,1,1994,0,0,0,0,0,0,0,0,0,0
40530,1,1,1994,0,0,0,0,0,0,0,0,0,0
40531,1,1,1994,18,18,18,18,18,18,18,18,18,18
40532,1,1,1994,23,23,23,23,23,23,23,23,23,23
40533,0,1,1994,0,6,13,0,0,7,63,0,6,37
40533,1,1,1994,0,0,0,0,0,0,0,0,0,0
40534,1,2,1994,11,9,0,8,0,18,0,4,32,27
40535,0,1,1994,10,10,10,10,10,10,10,10,10,10
40535,1,1,1994,0,0,0,0,0,16,16,0,0,0
40536,1,1,1994,0,0,0,0,0,25,0,33,0,12
40537,1,1,1994,9,9,9,9,9,9,9,9,9,9
40537,2,1,1994,0,0,0,0,0,0,0,0,0,0
40538,0,1,1994,0,0,0,0,0,0,0,0,0,0
40538,1,1,1994,0,0,0,0,0,0,0,0,0,0
40539,1,1,1994,0,0,0,0,0,0,0,0,0,0
40539,2,1,1994,0,0,0,0,0,0,0,0,0,0
40540,1,1,1994,9,0,11,0,0,0,16,0,0,0
40541,1,1,1994,0,0,0,0,0,0,0,0,0,0
40541,2,1,1994,18,14,25,20,34,11,21,22,29,13
40542,1,1,1994,0,0,0,0,0,0,0,21,0,10
40542,2,1,1994,12,11,12,9,11,3,11,21,15,17
40543,0,1,1994,0,7,0,19,16,28,14,12,0,0
40543,1,1,1994,0,0,0,0,0,0,0,0,0,0
40544,1,1,1994,8,8,8,8,8,8,8,8,8,8
40544,2,1,1994,0,0,0,0,0,0,0,0,0,0
40545,1,1,1994,38,38,38,38,38,38,38,38,38,38
40545,2,1,1994,0,0,0,0,0,0,0,0,0,0
40546,1,1,1994,22,22,22,22,22,22,22,22,22,22
40547,1,1,1994,0,0,0,0,0,0,0,0,0,0
40547,2,1,1994,0,0,0,0,0,0,0,0,0,0
40548,1,1,1994,9,9,9,9,9,9,9,9,9,9
40549,1,1,1994,7,7,7,7,7,7,7,7,7,7
40549,2,1,1994,18,0,0,0,0,12,0,0,0,0
40550,1,1,1994,0,0,0,0,0,0,0,0,0,0
40550,2,1,1994,0,21,0,0,0,0,0,0,0,0
40551,1,1,1994,16,16,16,16,16,16,16,16,16,16
40551,2,1,1994,0,0,0,0,0,0,0,0,0,0
40552,1,1,1994,42,20,18,6,36,24,22,7,12,30
40552,2,1,1994,0,0,0,0,0,0,0,0,0,0
40553,1,1,1994,4,6,9,4,4,0,11,0,0,12
40553,2,1,1994,28,37,12,11,21,7,25,41,18,16
40554,1,1,1994,0,0,0,0,0,0,0,0,0,0
40554,2,1,1994,0,0,0,0,0,0,0,0,0,0
40555,0,1,1994,0,0,0,0,0,0,0,0,0,0
40555,0,2,1994,0,21,13,24,9,26,3,0,22,34
40555,1,1,1994,18,11,0,0,11,0,14,28,0,0
40556,1,1,1994,0,0,0,0,0,0,0,0,0,0
40556,2,1,1994,0,0,0,0,0,0,0,0,0,0
40557,1,1,1994,23,23,23,23,23,23,23,23,23,23
40558,1,1,1994,21,0,0,0,0,0,0,0,0,0
40559,1,1,1994,0,0,0,0,0,0,0,0,0,0
40559,2,1,1994,0,0,0,0,0,0,0,0,0,0
40560,0,1,1994,0,0,0,0,0,0,0,0,0,0
40560,1,1,1994,0,0,0,0,0,0,0,0,0,0
40560,2,1,1994,0,0,0,0,0,0,0,0,0,0
40560,3,1,1994,0,0,0,0,0,0,0,0,0,0
40561,1,1,1994,23,23,23,23,23,23,23,23,23,23
40561,2,1,1994,16,16,16,16,16,16,16,16,16,16
40562,1,1,1994,10,10,10,10,10,10,10,10,10,10
40563,1,1,1994,0,0,0,0,0,0,0,0,0,0
40564,0,1,1994,12,12,12,12,12,12,12,12,12,12
40564,1,1,1994,0,0,0,21,0,0,0,0,0,0
40565,1,1,1994,0,0,0,0,0,0,0,0,0,0
40566,1,1,1994,0,0,0,0,0,0,0,0,0,0
40566,2,1,1994,0,0,0,0,0,0,0,0,0,0
40567,1,1,1994,0,30,16,12,14,40,15,21,0,17
40567,2,1,1994,16,19,16,4,21,11,22,29,16,18
40568,0,1,1994,21,21,21,21,21,21,21,21,21,21
40568,1,1,1994,15,0,0,0,13,0,0,0,0,9
40569,1,2,1994,27,23,40,23,22,27,26,0,24,19
40570,1,1,1994,0,0,0,0,0,0,0,0,0,0
40570,2,1,1994,0,0,0,0,0,0,0,0,0,0
40571,1,1,1994,14,14,14,14,14,14,14,14,14,14
40572,1,1,1994,0,0,0,0,0,0,0,0,0,0
40572,2,1,1994,0,0,0,0,0,0,0,0,0,0
40573,0,1,1994,0,0,0,0,0,0,0,0,0,0
40573,0,2,1994,0,0,0,0,0,0,0,0,0,0
40573,1,1,1994,0,0,0,16,0,0,0,0,0,0
40574,1,1,1994,28,36,33,16,25,19,21,34,9,42
40575,0,1,1994,0,0,0,0,0,0,0,0,0,0
40575,1,1,1994,0,0,0,0,0,0,0,0,0,0
40576,1,1,1994,0,0,0,0,0,0,0,0,0,0
40576,2,1,1994,1,1,1,1,1,1,1,1,1,1
40577,1,1,1994,18,0,0,0,0,0,0,0,0,0
40578,1,1,1994,0,8,0,0,0,0,0,0,0,0
40579,1,1,1994,0,0,0,0,0,0,0,0,0,0
40579,2,1,1994,2,2,2,2,2,2,2,2,2,2
40580,0,1,1994,0,0,0,0,0,0,0,0,0,0
40580,1,1,1994,0,0,0,0,0,0,0,0,0,0
40581,1,1,1994,32,28,24,0,0,29,0,11,0,27
40582,1,1,1994,0,0,0,0,0,0,0,0,0,0
40582,2,1,1994,0,0,0,0,0,0,0,0,0,0
40583,1,1,1994,0,0,0,0,0,0,0,0,0,0
40584,0,1,1994,0,0,0,0,0,0,0,0,0,0
40584,1,1,1994,0,0,21,0,0,0,0,0,0,0
40585,1,1,1994,13,0,0,0,11,0,0,0,0,0
40585,2,1,1994,0,0,0,0,0,0,0,0,0,0
40586,1,1,1994,14,14,14,14,14,14,14,14,14,14
40587,1,1,1994,0,0,0,0,0,0,0,0,0,0
40587,2,1,1994,0,0,0,0,0,0,0,0,0,0
40588,0,1,1994,29,29,29,29,29,29,29,29,29,29
40588,1,1,1994,0,0,0,0,0,0,0,0,0,0
40589,1,1,1994,0,0,25,0,0,0,0,0,0,0
40590,1,1,1994,18,0,8,15,22,18,3,23,23,15
40590,2,1,1994,0,0,0,0,0,0,0,0,0,0
40591,0,1,1994,0,0,0,0,0,0,0,0,0,0
40591,1,1,1994,6,6,6,6,6,6,6,6,6,6
40592,1,1,1994,1,1,1,1,1,1,1,1,1,1
40592,2,1,1994,0,0,0,0,0,0,0,0,0,0
40592,3,1,1994,0,0,0,0,0,0,0,0,0,0
40593,1,1,1994,34,34,34,34,34,34,34,34,34,34
40593,2,1,1994,0,5,0,0,0,0,0,14,0,12
40593,3,1,1994,0,0,0,0,0,0,0,0,0,0
40593,4,1,1994,9,16,0,0,27,0,0,0,13,20
40593,5,1,1994,0,0,11,0,0,0,0,0,0,0
40594,1,1,1994,0,0,0,0,0,0,0,0,0,0
40595,1,1,1994,0,0,0,0,0,0,0,0,0,0
40595,2,1,1994,0,0,0,0,0,0,0,0,0,0
40595,3,1,1994,0,0,0,0,0,0,0,0,0,0
40596,1,1,1994,18,0,0,0,0,0,0,0,0,0
40596,2,1,1994,0,0,0,0,0,0,0,0,0,0
40597,1,1,1994,0,0,0,0,0,0,0,0,0,0
40598,0,1,1994,0,22,48,12,24,23,30,26,28,26
40598,1,1,1994,0,0,0,0,0,0,0,0,0,0
40599,1,1,1994,0,0,0,0,0,0,0,0,0,0
40600,0,1,1994,20,18,19,25,0,45,30,0,49,20
40600,1,1,1994,0,0,0,0,0,0,0,0,0,0
40601,1,1,1994,0,0,0,0,0,0,0,0,0,0
40601,2,1,1994,0,0,0,0,0,0,0,0,0,0
40602,1,1,1994,0,0,0,0,0,0,0,0,0,0
40602,2,1,1994,0,0,0,0,0,0,0,0,0,0
40603,1,1,1994,0,0,0,0,0,0,0,0,0,0
40603,2,1,1994,0,0,0,0,0,0,0,0,0,0
40604,1,1,1994,16,0,0,0,0,0,0,0,0,0
40605,1,1,1994,0,0,0,0,5,0,0,0,0,0
40606,1,1,1994,0,0,0,0,0,29,11,0,0,0
40606,2,1,1994,0,0,0,0,0,0,0,24,0,0
40607,0,1,1994,24,24,24,24,24,24,24,24,24,24
40607,1,1,1994,0,0,0,0,0,0,0,0,0,20
40608,0,1,1994,0,0,0,0,0,0,0,0,0,0
40608,1,1,1994,0,0,0,0,0,0,0,0,0,0
40609,0,1,1994,18,18,18,18,18,18,18,18,18,18
40609,1,1,1994,0,0,0,0,0,0,0,10,0,0
40610,1,1,1994,0,0,0,0,0,0,0,0,0,0
40611,0,1,1994,0,0,0,0,0,0,0,0,0,0
40611,1,1,1994,0,0,0,0,0,0,0,0,0,0
40612,1,1,1994,0,24,12,29,25,19,23,28,0,24
40613,1,1,1994,19,19,19,19,19,19,19,19,19,19
40614,1,1,1994,0,0,0,0,0,0,0,0,0,0
40615,1,1,1994,0,0,0,0,0,0,0,0,0,0
40615,2,1,1994,0,19,0,0,0,0,0,0,0,0
40616,1,1,1994,0,0,0,0,0,0,0,0,0,0
40616,2,1,1994,0,0,0,0,0,0,0,0,0,0
40617,1,1,1994,0,0,0,0,20,15,0,0,10,0
40617,2,1,1994,0,0,0,0,0,0,12,0,0,0
40618,0,1,1994,0,0,0,0,0,0,0,0,0,0
40618,1,1,1994,0,0,0,0,0,0,0,0,0,0
40619,0,1,1994,22,0,18,0,12,13,0,22,28,0
40619,1,1,1994,0,0,0,0,0,0,0,25,0,0
40620,1,1,1994,0,30,14,0,39,0,0,0,35,21
40621,1,1,1994,0,0,0,0,0,0,0,0,0,0
40621,2,1,1994,0,0,0,0,0,0,0,0,0,0
40622,0,1,1994,7,7,7,7,7,7,7,7,7,7
40622,1,1,1994,0,0,0,0,0,0,0,0,0,0
40622,2,1,1994,0,0,0,0,0,0,0,0,0,0
40623,1,1,1994,14,0,4,0,12,0,0,0,0,16
40624,1,1,1994,0,0,0,0,0,0,0,0,0,0
40625,0,1,1994,0,0,0,0,0,0,0,0,0,0
40625,1,1,1994,36,4,0,0,0,11,0,0,0,0
40625,2,1,1994,0,0,0,0,0,0,0,0,0,21
40626,0,1,1994,20,15,0,23,39,24,28,24,12,17
40626,1,1,1994,0,0,0,2,0,0,0,0,0,18
40627,1,1,1994,31,0,0,0,0,0,0,0,0,0
40628,1,1,1994,9,30,0,0,0,5,0,0,21,21
40629,1,1,1994,0,0,0,0,0,0,0,0,0,0
40629,2,1,1994,0,0,0,0,0,0,0,0,0,0
40630,0,1,1994,34,34,34,34,34,34,34,34,34,34
40630,1,1,1994,0,0,0,0,0,0,0,0,0,0
40631,1,1,1994,0,0,0,0,0,0,0,0,0,4
40632,1,1,1994,0,0,0,0,0,0,0,0,0,0
40632,2,1,1994,0,0,0,0,0,0,0,0,0,0
40633,1,1,1994,3,3,3,3,3,3,3,3,3,3
40634,1,1,1994,0,0,0,0,0,0,0,0,0,0
40634,2,1,1994,0,0,0,0,0,0,0,0,0,0
40635,1,1,1994,0,0,0,0,0,0,0,0,0,0
40635,2,1,1994,0,0,0,0,0,0,0,0,0,0
40636,1,1,1994,26,26,26,26,26,26,26,26,26,26
40636,2,1,1994,0,0,0,0,0,0,0,0,0,0
40637,1,1,1994,30,30,30,30,30,30,30,30,30,30
40638,1,1,1994,20,20,20,20,20,20,20,20,20,20
40639,1,1,1994,23,23,23,23,23,23,23,23,23,23
40639,2,1,1994,0,0,0,0,0,0,0,0,0,0
40640,1,1,1994,0,0,0,0,0,0,0,0,0,0
40640,2,1,1994,0,0,0,0,0,0,9,0,0,0
40641,1,1,1994,0,27,0,0,0,6,0,0,0,0
40641,2,1,1994,0,0,0,0,0,0,0,0,0,6
40642,1,1,1994,0,0,0,0,0,0,0,0,0,0
40642,2,1,1994,0,0,0,0,0,0,0,0,0,0
40642,3,1,1994,8,27,17,15,15,33,12,17,6,14
40643,1,1,1994,0,0,0,0,0,0,0,0,0,0
40643,2,1,1994,0,0,0,5,0,0,0,0,0,22
40644,1,1,1994,12,12,12,12,12,12,12,12,12,12
40645,1,1,1994,0,0,0,0,19,0,0,0,0,0
40645,2,1,1994,0,0,0,0,0,0,0,0,0,0
40645,3,1,1994,0,0,0,0,0,0,0,0,0,0
40646,1,1,1994,0,0,0,0,0,0,0,0,0,0
40646,2,1,1994,0,0,0,0,0,0,0,0,0,0
40647,1,1,1994,10,8,16,0,7,0,11,10,3,9
40647,2,1,1994,0,0,0,0,0,0,0,0,0,0
40648,1,1,1994,0,0,0,0,0,0,0,0,0,0
40649,1,1,1994,0,0,0,0,0,0,0,0,0,0
40649,2,1,1994,0,0,0,0,0,0,0,0,0,0
40650,1,1,1994,8,13,11,17,7,3,20,7,21,0
40650,2,1,1994,0,0,0,0,0,0,0,0,0,0
40651,1,1,1994,25,0,19,20,17,0,12,17,25,20
40651,2,1,1994,0,0,0,0,0,0,0,0,0,0
40652,0,1,1994,0,0,0,0,0,0,0,0,0,0
40652,1,1,1994,6,0,0,0,0,0,0,0,0,0
40653,1,1,1994,10,11,14,7,19,9,3,0,19,6
40653,2,1,1994,9,8,30,22,10,3,16,21,11,8
40654,1,1,1994,4,4,4,4,4,4,4,4,4,4
40655,1,1,1994,0,0,0,0,0,0,0,0,0,0
40655,2,1,1994,0,0,0,0,0,0,0,0,0,0
40656,1,1,1994,0,0,0,0,0,0,0,0,0,0
40656,2,1,1994,0,0,0,0,0,0,0,18,0,0
40657,1,1,1994,0,0,0,0,0,0,0,0,0,0
40657,2,1,1994,0,0,0,0,0,0,0,0,0,0
40658,1,1,1994,0,0,0,0,0,0,0,0,0,0
40658,2,1,1994,0,0,0,0,0,0,0,0,0,0
40659,1,1,1994,10,20,11,16,31,32,14,24,5,8
40660,1,1,1994,14,9,15,19,22,10,32,21,8,28
40660,2,1,1994,0,0,0,0,0,0,0,0,0,0
40660,3,1,1994,0,0,0,0,0,0,0,0,0,0
40660,4,1,1994,0,0,0,0,0,0,0,0,0,0
40661,0,1,1994,0,0,0,0,0,0,0,0,0,0
40661,1,1,1994,10,25,9,12,10,18,9,18,0,34
40661,2,1,1994,0,0,0,0,0,0,0,0,0,0
40662,1,1,1994,33,0,16,19,15,28,29,22,17,11
40663,1,1,1994,0,0,0,0,0,8,0,0,0,0
40664,1,1,1994,0,0,0,0,0,0,0,0,0,0
40664,2,1,1994,0,0,0,0,0,0,0,0,0,0
40664,3,1,1994,11,15,0,0,0,0,0,0,0,0
40665,1,1,1994,10,13,0,0,0,0,0,0,7,7
40665,2,1,1994,0,0,0,0,0,0,0,0,0,0
40666,0,1,1994,0,0,0,0,0,0,0,0,0,0
40666,1,1,1994,2,16,8,4,5,16,17,30,9,13
40667,0,1,1994,0,0,0,0,0,0,0,0,0,0
40667,1,1,1994,0,6,0,0,0,5,0,0,0,0
40668,1,1,1994,22,25,7,20,9,14,29,20,14,11
40669,1,1,1994,14,5,8,15,0,21,18,28,12,24
40669,2,1,1994,0,0,0,0,0,0,0,0,0,0
40670,1,1,1994,15,15,15,15,15,15,15,15,15,15
40670,2,1,1994,0,0,0,0,0,0,0,0,0,0
40671,1,1,1994,0,0,0,0,0,0,0,0,0,0
40671,2,1,1994,0,0,0,0,0,0,0,0,0,0
40672,0,1,1994,0,0,0,0,0,0,0,0,0,0
40672,1,1,1994,4,19,26,5,0,0,0,9,14,16
40673,1,1,1994,23,23,23,23,23,23,23,23,23,23
40673,2,1,1994,0,0,0,10,0,0,0,0,0,0
40674,1,1,1994,0,0,0,0,0,0,0,0,0,0
40674,2,1,1994,0,0,0,17,7,0,0,0,0,0
40675,1,1,1994,22,22,22,22,22,22,22,22,22,22
40675,2,1,1994,0,0,0,0,0,0,0,0,0,0
40676,1,1,1994,6,0,20,16,13,7,27,21,21,25
40677,1,1,1994,0,0,0,0,0,0,0,0,0,0
40677,2,1,1994,0,0,0,0,0,0,0,0,0,0
40677,3,1,1994,3,8,0,0,0,12,0,0,15,0
40678,0,1,1994,21,21,21,21,21,21,21,21,21,21
40678,1,1,1994,0,0,0,0,0,0,0,0,0,0
40679,1,1,1994,21,21,21,21,21,21,21,21,21,21
40680,1,1,1994,0,0,0,0,0,0,0,0,0,0