ST_CASE,VEH_NO,PER_NO,YEAR,P1,P2,P3,P4,P5,P6,P7,P8,P9,P10
40680,2,1,1994,0,0,0,0,0,0,0,0,0,0
40681,1,1,1994,15,15,15,15,15,15,15,15,15,15
40681,2,1,1994,5,0,0,0,0,0,0,0,0,0
40681,3,1,1994,5,5,5,5,5,5,5,5,5,5
40681,4,1,1994,0,0,0,0,0,0,0,0,0,0
40681,5,1,1994,0,0,0,0,0,0,0,0,0,0
40681,6,1,1994,0,8,0,0,0,0,4,19,7,0
40682,1,1,1994,33,0,27,0,16,21,26,14,17,27
40683,1,1,1994,0,0,0,0,0,0,0,0,0,0
40684,1,1,1994,0,0,0,0,0,0,0,0,0,0
40684,2,1,1994,0,0,0,0,0,0,0,0,0,0
40685,1,1,1994,0,0,0,0,0,0,0,0,0,3
40686,0,1,1994,0,22,0,0,0,0,0,0,0,0
40686,1,1,1994,0,0,0,0,0,0,0,0,0,0
40687,1,1,1994,0,0,0,0,0,0,0,0,0,0
40688,1,1,1994,0,0,0,0,0,0,0,0,0,0
40689,1,1,1994,0,0,0,0,0,0,0,35,0,0
40689,2,1,1994,23,0,16,0,13,16,0,0,0,0
40690,0,1,1994,12,15,0,22,24,5,0,35,36,26
40690,1,1,1994,24,24,24,24,24,24,24,24,24,24
40691,0,1,1994,0,0,0,0,0,0,0,0,0,0
40691,1,1,1994,0,0,0,0,0,0,0,0,0,0
40692,1,1,1994,0,0,0,0,0,0,0,0,0,0
40692,2,1,1994,0,0,0,0,0,0,0,0,0,0
40693,1,1,1994,0,0,0,0,0,0,0,0,0,0
40693,2,1,1994,0,0,0,0,0,0,0,0,0,0
40694,0,1,1994,33,33,33,33,33,33,33,33,33,33
40694,1,1,1994,0,0,0,0,0,0,0,0,0,0
40695,1,1,1994,0,0,0,0,0,0,0,0,0,0
40695,2,1,1994,0,0,0,0,0,0,0,0,0,0
40697,1,1,1994,27,27,27,27,27,27,27,27,27,27
40698,1,1,1994,0,0,0,0,0,0,0,0,0,0
40698,2,1,1994,0,0,0,0,0,0,0,0,0,0
40699,1,1,1994,0,0,0,0,0,0,13,0,0,0
40699,2,1,1994,0,0,0,0,0,0,0,0,0,0
40699,3,1,1994,0,0,0,0,0,0,0,0,0,0
40700,2,1,1994,2,0,7,0,0,0,3,0,0,0
40701,1,1,1994,15,11,17,18,0,12,0,12,0,14
40702,0,1,1994,4,0,0,0,0,0,0,0,0,0
40702,1,1,1994,0,0,0,0,0,0,0,0,0,0
40703,0,1,1994,26,26,26,26,26,26,26,26,26,26
40703,1,1,1994,0,0,0,0,0,0,0,0,0,0
40704,1,1,1994,14,14,12,15,24,32,19,16,13,32
40705,1,1,1994,0,0,0,0,0,0,0,0,0,0
40706,1,1,1994,22,22,22,22,22,22,22,22,22,22
40707,1,1,1994,0,0,0,0,0,0,0,0,0,0
40707,2,1,1994,0,0,0,0,0,10,0,0,0,0
40708,0,1,1994,0,0,0,0,0,0,0,0,0,0
40708,1,1,1994,0,0,0,0,0,0,0,0,0,0
40709,1,1,1994,0,0,0,0,0,0,0,0,0,0
40709,2,1,1994,0,0,0,0,0,0,0,0,0,0
40710,1,1,1994,0,15,0,0,0,0,12,10,16,0
40711,1,1,1994,0,0,0,0,0,0,0,0,0,0
40711,2,1,1994,0,0,0,0,0,0,0,0,0,0
40712,1,1,1994,20,13,22,13,25,15,15,12,26,13
40713,1,1,1994,0,0,0,0,0,0,0,0,0,0
40713,2,1,1994,0,0,0,11,0,0,0,0,10,0
40714,1,1,1994,13,15,29,18,19,26,34,1,25,29
40715,0,1,1994,0,0,0,20,43,25,3,0,18,12
40715,1,1,1994,5,16,25,17,40,8,0,20,0,17
40716,1,1,1994,0,0,0,0,0,0,0,0,0,0
40717,1,1,1994,0,0,0,0,0,0,0,0,0,0
40717,2,1,1994,0,0,0,0,29,0,0,0,0,0
40718,1,1,1994,0,0,0,0,0,0,0,0,0,0
40718,2,1,1994,0,0,0,0,0,0,0,0,0,0
40719,1,1,1994,24,24,24,24,24,24,24,24,24,24
40719,2,1,1994,9,9,9,9,9,9,9,9,9,9
40720,0,1,1994,0,0,0,0,0,0,0,0,0,0
40720,1,1,1994,14,0,0,0,0,0,0,0,26,0
40721,1,1,1994,0,0,0,0,0,0,0,0,0,0
40722,1,1,1994,0,0,0,0,0,0,0,0,0,0
40722,2,1,1994,0,0,0,0,0,0,0,0,0,0
40723,1,1,1994,0,0,0,0,0,0,0,0,16,0
40723,2,1,1994,0,0,0,0,0,0,0,0,0,0
40724,1,1,1994,12,12,12,12,12,12,12,12,12,12
40724,2,1,1994,0,0,0,0,0,0,0,0,0,0
40725,1,1,1994,21,0,0,0,0,0,0,0,0,0
40725,2,1,1994,0,0,0,0,0,0,0,0,0,0
40726,1,1,1994,0,0,0,0,0,0,0,0,0,0
40726,2,1,1994,0,0,0,0,0,0,0,0,0,0
40727,1,1,1994,0,8,0,16,0,0,0,0,1,0
40727,2,1,1994,9,0,7,32,18,9,6,15,0,10
40728,0,1,1994,29,29,29,29,29,29,29,29,29,29
40728,1,1,1994,21,0,0,0,37,0,0,10,13,24
40729,1,1,1994,11,14,26,50,19,20,7,11,7,38
40730,1,1,1994,0,0,15,0,0,0,0,0,0,0
40731,0,1,1994,0,0,0,0,0,0,0,0,0,0
40731,1,1,1994,0,0,0,0,0,0,34,0,0,0
40732,1,1,1994,14,19,17,27,21,14,10,0,24,17
40732,2,1,1994,0,0,0,0,0,0,0,0,0,0
40733,0,1,1994,0,0,0,0,0,0,0,0,0,0
40733,1,1,1994,0,0,0,0,0,0,0,0,0,0
40734,1,1,1994,22,22,22,22,22,22,22,22,22,22
40735,1,1,1994,31,31,31,31,31,31,31,31,31,31
40735,2,1,1994,0,0,0,0,0,0,0,0,0,0
40736,1,1,1994,7,4,6,15,0,10,0,13,13,15
40736,2,1,1994,0,0,0,0,0,0,0,0,0,0
40737,1,1,1994,0,0,0,0,0,0,0,0,0,0
40738,1,1,1994,0,0,0,0,0,0,0,0,0,0
40739,1,1,1994,0,0,32,22,24,11,13,8,17,7
40740,0,1,1994,31,35,18,18,0,34,21,18,26,12
40740,1,1,1994,0,10,0,0,0,0,0,0,0,20
40741,1,1,1994,0,19,27,28,6,16,12,9,13,14
40741,2,1,1994,0,32,0,0,0,0,0,0,0,0
40742,1,1,1994,0,20,11,22,14,21,24,23,25,0
40743,1,1,1994,18,11,19,20,13,0,18,0,12,12
40744,1,1,1994,0,24,16,0,0,0,0,28,0,0
40745,1,1,1994,14,8,29,11,5,5,15,21,20,15
40746,1,1,1994,0,0,0,0,0,0,0,0,0,0
40746,2,1,1994,0,0,0,0,0,0,0,0,0,0
40747,1,1,1994,13,13,12,32,12,28,21,20,11,13
40748,0,1,1994,0,0,0,0,0,0,0,0,0,0
40748,1,1,1994,0,17,0,0,0,0,0,0,0,0
40749,1,1,1994,0,0,0,0,0,0,0,0,12,9
40750,1,1,1994,0,0,16,0,0,0,0,19,0,27
40751,0,1,1994,12,28,22,5,21,25,18,19,40,0
40751,1,1,1994,14,13,4,29,16,0,9,9,9,0
40752,1,1,1994,15,4,15,14,17,17,8,18,35,7
40753,1,1,1994,4,8,10,14,13,19,13,22,12,17
40754,0,1,1994,29,29,29,29,29,29,29,29,29,29
40754,1,1,1994,0,18,13,27,38,14,12,0,17,24
40755,1,1,1994,0,0,0,0,0,0,0,0,0,0
40757,1,1,1994,0,34,0,17,16,13,12,13,22,0
40757,2,1,1994,0,0,18,0,0,0,12,0,0,0
40758,0,1,1994,0,0,0,0,0,0,0,0,0,0
40758,1,1,1994,0,0,0,0,0,0,0,0,0,0
40759,0,1,1994,25,25,25,25,25,25,25,25,25,25
40759,1,1,1994,6,0,0,8,17,20,0,13,16,5
40760,1,1,1994,0,0,0,0,0,0,0,0,0,0
40761,1,1,1994,0,0,0,0,0,0,0,0,0,0
40761,2,1,1994,0,0,0,0,0,0,0,0,0,0
40762,1,1,1994,0,0,0,0,0,0,0,0,0,0
40762,2,1,1994,0,0,0,0,0,0,0,0,0,0
40763,0,1,1994,0,0,0,0,3,0,28,15,0,16
40763,0,2,1994,0,0,0,0,0,0,0,0,0,0
40763,1,1,1994,0,0,0,0,0,0,0,0,0,0
40764,1,1,1994,0,0,0,0,0,0,0,0,0,0
40764,2,1,1994,0,0,0,0,0,0,0,0,0,0
40764,3,1,1994,0,0,0,0,0,0,0,0,0,0
40765,0,1,1994,0,0,0,0,0,0,0,0,0,0
40765,1,1,1994,16,0,0,0,0,0,0,0,0,0
40766,1,1,1994,18,18,18,18,18,18,18,18,18,18
40766,2,1,1994,0,0,0,0,0,0,0,0,0,0
40771,1,1,1994,21,0,7,18,26,0,24,19,20,7
40778,1,1,1994,33,0,13,0,0,0,0,0,0,0
40779,1,1,1994,0,0,0,0,0,0,0,0,0,0
40779,2,1,1994,0,0,0,0,0,0,0,10,0,0
40788,1,1,1994,27,27,27,27,27,27,27,27,27,27
40797,1,1,1994,17,21,11,14,14,30,22,14,25,10
40810,1,1,1994,0,0,0,0,0,0,0,0,0,0
40810,2,1,1994,0,0,0,0,0,0,0,0,0,0
40818,1,1,1994,15,38,10,13,0,0,0,4,11,0
40818,2,1,1994,12,15,17,25,20,0,34,13,16,29
40819,1,1,1994,17,17,17,17,17,17,17,17,17,17
40819,2,1,1994,0,0,0,0,0,0,0,0,0,0
40820,0,1,1994,16,19,0,0,3,17,0,3,23,0
40820,1,1,1994,23,23,23,23,23,23,23,23,23,23
40821,1,1,1994,0,0,0,0,0,0,0,0,0,0
40821,2,1,1994,0,0,0,0,0,0,0,0,0,0
40822,1,1,1994,0,0,19,0,0,6,0,0,0,0
40822,2,1,1994,0,0,0,0,0,0,0,0,0,0
40823,1,1,1994,0,0,0,0,20,0,4,0,0,0
40824,0,1,1994,13,0,0,0,0,0,0,0,0,6
40824,1,1,1994,0,0,0,0,0,0,0,0,0,0
40827,1,2,1994,0,0,0,0,0,0,0,0,0,0
40828,1,2,1994,0,0,0,0,0,0,0,0,0,0
40829,1,2,1994,0,0,0,0,0,0,0,0,13,0
40830,2,1,1994,0,0,0,0,0,0,0,0,0,0
40831,1,2,1994,0,17,8,14,0,0,0,0,0,0
40832,1,2,1994,0,0,0,0,15,0,10,0,0,17
40833,1,2,1994,12,0,30,0,23,0,0,0,0,0
40834,1,2,1994,0,0,0,0,2,0,0,0,20,9
40836,1,1,1994,0,17,2,0,0,0,20,0,0,12
40836,2,1,1994,0,0,8,0,0,0,0,0,0,11
40837,0,1,1994,0,22,0,0,0,0,0,0,0,0
40837,1,1,1994,0,0,0,30,0,0,0,0,0,9
40838,0,1,1994,2,0,25,0,0,34,7,15,34,0
40838,1,1,1994,10,0,10,10,0,0,14,0,9,10
40840,0,1,1994,0,0,0,0,0,0,0,0,0,0
40840,1,1,1994,0,0,0,0,0,0,0,0,21,0
40841,0,1,1994,0,0,0,0,0,0,0,0,0,0
40841,1,1,1994,0,0,0,0,0,0,0,0,0,0
40842,0,1,1994,0,0,0,0,0,0,0,0,0,0
40842,1,1,1994,0,0,8,10,0,0,0,19,0,12
40844,1,1,1994,18,0,0,0,0,0,0,0,0,0
40844,2,1,1994,0,0,0,19,0,0,0,11,24,0
40846,0,1,1994,0,0,0,0,0,0,0,0,0,0
40846,1,1,1994,0,0,0,0,20,0,0,0,0,0
40848,1,1,1994,0,0,0,0,0,0,0,0,0,0
40849,0,1,1994,0,0,0,0,0,0,0,0,30,0
40849,1,1,1994,7,0,0,0,0,0,0,10,0,26
40853,1,1,1994,0,0,20,0,16,0,0,0,0,0
40854,1,1,1994,15,15,15,15,15,15,15,15,15,15
40855,0,1,1994,0,0,0,0,0,0,0,0,0,0
40855,1,1,1994,0,0,0,0,0,0,0,0,0,0
40858,0,1,1994,0,11,0,0,0,0,0,0,0,0
40858,1,1,1994,0,0,8,0,0,0,0,0,0,13
40859,1,1,1994,0,0,0,0,0,0,0,0,0,0
40859,2,1,1994,0,13,0,0,0,0,0,0,36,0
40860,1,1,1994,0,0,0,0,0,0,0,0,0,0
40862,0,1,1994,24,0,14,0,27,34,0,0,21,0
40862,1,1,1994,0,0,0,0,0,0,0,0,0,0
40863,0,1,1994,15,15,15,15,15,15,15,15,15,15
40863,1,1,1994,0,0,0,0,21,0,21,0,0,0
40864,1,1,1994,8,0,0,0,0,0,0,8,0,0
40864,2,1,1994,0,0,23,0,0,0,0,0,0,0
40866,1,1,1994,22,0,37,8,12,0,20,16,0,0
40867,1,1,1994,0,0,0,0,0,0,0,0,0,0
40870,1,1,1994,16,14,0,0,23,0,19,13,27,0
40871,2,1,1994,0,0,0,0,0,0,0,0,0,0
40872,1,1,1994,0,0,0,0,0,0,0,18,0,0
40873,1,1,1994,31,21,16,35,27,16,26,14,0,21
40874,1,1,1994,0,15,0,18,7,36,0,23,10,0
40875,1,1,1994,0,0,0,0,0,0,0,11,0,30
40876,1,1,1994,26,15,14,30,10,19,0,0,0,0
40877,1,1,1994,19,19,19,19,19,19,19,19,19,19
40877,2,1,1994,0,20,11,0,0,0,0,0,0,0
40878,1,1,1994,0,26,0,0,0,0,0,0,0,15
40879,1,1,1994,30,12,15,15,17,27,19,0,15,0
40880,1,1,1994,23,0,18,0,0,20,15,19,6,0
40881,1,1,1994,0,0,0,0,0,0,18,0,0,21
40883,1,1,1994,11,11,11,11,11,11,11,11,11,11
40883,2,1,1994,0,0,0,0,0,16,0,0,0,9
50001,1,1,1994,0,0,0,0,0,0,0,0,0,0
50001,2,1,1994,0,0,0,0,0,0,0,0,11,0
50002,1,1,1994,0,0,0,0,0,0,0,0,0,0
50003,1,1,1994,0,0,0,0,0,0,0,0,0,0
50004,1,1,1994,1,1,1,1,1,1,1,1,1,1
50005,0,1,1994,0,0,0,0,0,0,0,0,0,0
50005,1,1,1994,0,0,0,0,0,0,0,0,0,0
50006,1,1,1994,0,0,33,0,11,0,0,21,16,33
50007,1,1,1994,0,0,0,0,0,0,0,0,0,0
50008,1,1,1994,0,0,0,0,0,0,0,0,0,0
50008,2,1,1994,0,0,0,0,0,0,0,0,0,0
50009,1,1,1994,4,4,4,4,4,4,4,4,4,4
50009,2,1,1994,0,0,0,0,0,0,0,0,0,0
50010,1,1,1994,0,0,0,0,0,0,0,0,0,0
50011,1,1,1994,0,0,0,0,0,0,0,0,0,0
50012,1,1,1994,18,18,18,18,18,18,18,18,18,18
50012,2,1,1994,0,0,0,0,0,0,0,0,0,0
50013,1,1,1994,11,0,0,23,0,0,0,0,0,0
50014,1,1,1994,0,0,25,0,0,0,0,0,0,0
50015,1,1,1994,24,24,24,24,24,24,24,24,24,24
50015,2,1,1994,0,0,0,0,0,0,0,0,0,0
50016,1,1,1994,0,0,0,0,0,0,0,0,0,0
50017,1,1,1994,0,0,0,0,0,0,0,0,0,0
50018,1,1,1994,9,0,16,19,0,7,0,0,0,0
50019,1,1,1994,0,0,0,0,0,0,0,0,0,0
50020,1,1,1994,0,0,0,0,0,0,0,0,11,0
50020,2,1,1994,15,0,0,0,0,9,0,0,0,0
50021,1,1,1994,0,0,0,0,0,0,0,0,0,0
50021,2,1,1994,0,0,0,0,0,0,0,0,0,0
50022,1,1,1994,0,0,0,11,0,0,0,6,0,0
50022,2,1,1994,0,0,0,0,0,0,0,0,0,0
50023,1,1,1994,14,14,14,14,14,14,14,14,14,14
50024,1,1,1994,16,16,16,16,16,16,16,16,16,16
50024,2,1,1994,0,0,0,0,0,0,0,0,0,0
50025,1,1,1994,11,11,11,11,11,11,11,11,11,11
50026,1,1,1994,24,24,24,24,24,24,24,24,24,24
50027,1,1,1994,23,23,23,23,23,23,23,23,23,23
50028,1,1,1994,0,0,0,0,0,0,0,0,0,0
50029,1,1,1994,28,28,28,28,28,28,28,28,28,28
50030,1,1,1994,0,0,0,0,0,0,0,0,0,0
50030,2,1,1994,0,0,0,0,0,0,0,0,0,0
50031,1,1,1994,0,0,0,0,0,0,0,0,11,0
50032,1,1,1994,0,0,0,0,0,0,0,0,0,0
50032,2,1,1994,0,0,0,0,0,0,0,0,0,0
50033,0,1,1994,0,0,0,0,0,0,0,0,0,0
50033,1,1,1994,0,0,0,0,0,0,0,0,0,0
50034,1,1,1994,0,0,0,0,0,0,0,0,0,0
50035,1,1,1994,0,0,0,0,0,0,0,0,0,0
50035,2,1,1994,0,0,0,0,0,0,0,0,0,0
50035,3,1,1994,0,0,0,0,0,0,0,0,0,0
50036,1,1,1994,16,16,16,16,16,16,16,16,16,16
50038,1,1,1994,0,0,0,0,0,0,0,0,0,0
50038,2,1,1994,0,0,0,0,0,0,0,0,0,0
50039,1,1,1994,0,0,0,21,0,0,0,0,0,0
50039,2,1,1994,0,0,0,0,9,0,0,0,0,0
50040,1,1,1994,33,33,33,33,33,33,33,33,33,33
50041,0,1,1994,0,0,0,0,0,0,0,0,0,0
50041,0,2,1994,0,0,21,0,0,12,0,0,7,12
50041,1,1,1994,0,0,0,0,0,0,0,0,0,0
50042,1,1,1994,0,0,0,0,0,0,0,0,0,0
50043,1,1,1994,29,29,29,29,29,29,29,29,29,29
50044,0,1,1994,0,0,0,0,0,0,0,0,0,0
50044,1,1,1994,0,0,0,0,0,0,0,0,0,0
50045,1,1,1994,0,0,0,0,0,0,0,0,0,0
50045,2,1,1994,0,0,0,0,0,0,0,0,0,0
50046,1,1,1994,12,12,12,12,12,12,12,12,12,12
50047,1,1,1994,0,0,0,0,0,0,0,0,0,0
50047,2,1,1994,0,0,0,0,0,0,0,0,0,0
50049,1,1,1994,0,0,0,0,0,0,0,0,0,0
50050,1,1,1994,0,0,0,0,0,0,0,0,0,0
50050,2,1,1994,0,0,0,0,0,0,0,0,0,0
50051,1,1,1994,0,0,0,0,0,0,0,0,0,0
50052,0,1,1994,0,0,0,0,0,0,0,0,0,0
50052,1,1,1994,0,0,0,0,0,0,0,0,0,0
50053,1,1,1994,0,0,0,0,0,0,0,0,0,0
50053,2,1,1994,21,21,21,21,21,21,21,21,21,21
50054,1,1,1994,0,0,0,0,0,0,0,10,0,0
50054,2,1,1994,16,16,16,16,16,16,16,16,16,16
50055,1,1,1994,0,0,0,0,0,0,0,0,0,0
50056,1,1,1994,0,0,21,21,0,0,17,0,34,31
50057,1,1,1994,0,0,0,0,0,0,0,0,0,0
50058,1,1,1994,14,14,14,14,14,14,14,14,14,14
50058,2,1,1994,0,0,0,0,0,0,0,0,0,0
50059,1,1,1994,14,14,14,14,14,14,14,14,14,14
50059,2,1,1994,0,0,0,0,0,0,0,0,0,0
50060,0,1,1994,0,0,0,0,0,0,0,0,0,0
50062,1,1,1994,0,0,0,0,0,0,0,0,0,0
50063,1,1,1994,0,0,0,0,0,0,0,0,0,0
50063,2,1,1994,0,0,0,0,0,0,0,0,0,0
50064,1,1,1994,0,0,0,0,0,0,0,0,0,0
50065,1,1,1994,0,0,0,0,0,0,0,0,0,0
50065,2,1,1994,0,0,0,0,0,0,0,0,0,0
50066,0,1,1994,0,0,0,0,0,0,0,0,0,0
50066,1,1,1994,0,0,0,0,0,0,0,0,0,0
50067,1,1,1994,15,15,15,15,15,15,15,15,15,15
50067,2,1,1994,0,0,0,29,0,0,12,0,0,0
50068,1,1,1994,32,32,32,32,32,32,32,32,32,32
50069,1,1,1994,31,31,31,31,31,31,31,31,31,31
50070,1,1,1994,28,28,28,28,28,28,28,28,28,28
50071,0,1,1994,23,23,23,23,23,23,23,23,23,23
50071,1,1,1994,0,0,0,0,0,0,0,0,0,0
50072,1,1,1994,0,0,0,0,0,0,0,0,0,0
50073,1,1,1994,0,0,0,0,0,0,0,0,0,0
50073,2,1,1994,0,0,0,0,0,0,0,0,0,0
50074,1,1,1994,0,0,0,0,0,0,0,0,0,0
50074,2,1,1994,0,0,0,0,0,0,0,0,0,0
50075,1,1,1994,0,0,0,0,0,0,0,0,0,0
50075,2,1,1994,0,0,0,0,0,0,0,0,0,0
50075,3,1,1994,0,0,0,0,0,0,0,0,0,0
50075,4,1,1994,0,0,0,0,0,0,0,0,0,0
50076,1,1,1994,19,19,19,19,19,19,19,19,19,19
50077,1,1,1994,21,21,21,21,21,21,21,21,21,21
50078,1,1,1994,2,2,2,2,2,2,2,2,2,2
50078,2,1,1994,2,2,2,2,2,2,2,2,2,2
50079,1,1,1994,0,0,0,0,0,0,0,0,0,0
50079,2,1,1994,0,0,0,0,0,0,0,0,0,0
50080,1,1,1994,0,0,0,0,0,0,0,0,0,0
50080,2,1,1994,0,0,0,0,0,9,0,0,0,0
50081,1,1,1994,0,0,0,0,0,0,0,0,0,21
50082,1,1,1994,0,0,0,0,0,0,0,0,0,0
50083,1,1,1994,0,0,0,0,0,0,0,0,0,0
50084,1,1,1994,0,0,0,0,0,0,0,0,0,0
50084,2,1,1994,0,0,0,0,0,0,0,0,0,0
50085,1,1,1994,18,23,26,22,0,0,6,0,11,16
50086,1,1,1994,0,23,0,0,0,0,0,0,0,0
50086,2,1,1994,11,0,0,0,6,0,0,0,0,0
50087,1,1,1994,0,0,0,0,0,0,0,0,0,0
50088,0,1,1994,19,9,0,0,0,0,0,0,14,0
50088,1,1,1994,0,0,0,0,0,0,0,0,0,0
50089,1,1,1994,0,0,0,0,0,0,0,0,0,0
50090,1,1,1994,0,0,0,0,0,0,0,0,0,0
50091,1,1,1994,0,0,0,0,0,0,0,0,0,0
50092,1,1,1994,0,0,0,0,0,0,0,0,0,0
50092,2,1,1994,0,0,0,0,0,0,0,0,0,27
50093,1,1,1994,0,0,0,0,0,0,0,0,0,0
50094,1,1,1994,0,0,0,0,0,0,0,0,0,0
50094,2,1,1994,35,35,35,35,35,35,35,35,35,35
50095,1,1,1994,0,0,0,0,0,0,0,7,0,0
50096,1,1,1994,13,13,13,13,13,13,13,13,13,13
50096,2,1,1994,0,0,0,0,0,0,0,0,0,0
50097,1,1,1994,0,0,0,0,0,0,0,0,0,0
50097,2,1,1994,0,0,0,0,0,0,0,0,0,0
50098,1,1,1994,0,0,0,0,0,0,0,0,0,0
50098,2,1,1994,0,0,0,0,0,0,0,0,0,0
50099,1,1,1994,0,0,0,0,0,0,0,0,0,0
50099,2,1,1994,0,0,0,0,0,0,0,0,0,0
50100,1,1,1994,0,0,0,0,0,0,0,0,0,0
50100,2,1,1994,0,0,0,0,0,0,0,0,0,4
50101,1,1,1994,17,17,17,17,17,17,17,17,17,17
50102,1,1,1994,35,35,35,35,35,35,35,35,35,35
50103,1,1,1994,0,0,0,0,0,0,0,0,0,0
50103,2,1,1994,25,25,25,25,25,25,25,25,25,25
50104,0,1,1994,0,0,0,0,0,0,0,0,0,0
50104,1,1,1994,8,8,8,8,8,8,8,8,8,8
50107,1,1,1994,0,0,0,29,4,0,0,10,0,17
50108,1,1,1994,3,3,3,3,3,3,3,3,3,3
50109,1,1,1994,0,0,0,0,0,0,0,0,0,0
50110,1,1,1994,0,0,0,0,0,0,0,18,0,0
50110,2,1,1994,0,0,0,0,0,0,0,0,0,0
50111,0,1,1994,0,0,0,0,0,0,0,0,0,0
50111,1,1,1994,0,0,0,0,0,0,0,0,0,0
50112,1,1,1994,0,0,0,0,0,0,0,0,0,0
50113,1,1,1994,0,0,18,0,0,0,21,0,0,0
50113,2,1,1994,0,0,0,0,0,0,0,0,0,0
50114,1,1,1994,0,0,0,0,0,0,0,0,0,0
50115,1,1,1994,0,0,0,0,0,0,0,0,0,0
50115,2,1,1994,0,0,0,0,0,0,0,0,0,0
50116,1,1,1994,0,0,9,0,0,0,0,0,0,0
50116,2,1,1994,0,0,26,0,0,0,0,0,0,0
50117,0,1,1994,0,0,0,0,0,0,0,0,0,0
50117,1,1,1994,0,0,0,0,0,0,0,0,0,0
50118,1,1,1994,0,0,0,0,0,0,0,0,0,0
50118,2,1,1994,0,0,0,0,0,0,0,0,0,0
50119,1,1,1994,22,0,0,0,0,5,0,12,0,16
50120,1,1,1994,6,6,6,6,6,6,6,6,6,6
50121,1,1,1994,0,0,0,0,0,0,0,0,0,0
50121,2,1,1994,0,0,0,0,0,0,0,0,0,0
50121,3,1,1994,12,12,12,12,12,12,12,12,12,12
50122,1,1,1994,0,0,0,0,0,0,0,0,0,0
50122,2,1,1994,0,0,0,0,0,0,0,0,0,0
50123,1,1,1994,0,0,0,0,0,0,6,0,0,0
50123,2,1,1994,0,0,0,0,0,0,0,0,0,0
50123,3,1,1994,0,0,0,0,0,0,0,0,0,0
50124,1,1,1994,0,0,0,0,0,0,0,0,0,0
50125,1,1,1994,0,0,0,0,0,0,0,0,0,0
50125,2,1,1994,0,0,0,0,0,0,0,0,0,0
50126,1,1,1994,0,0,20,0,0,11,0,0,0,0
50127,0,1,1994,0,0,0,0,0,0,0,0,0,0
50127,1,1,1994,0,0,0,0,0,0,0,0,0,0
50128,1,1,1994,0,0,0,0,0,0,0,0,0,0
50129,1,1,1994,0,0,0,0,17,0,0,0,0,0
50130,1,1,1994,0,0,0,0,0,0,0,0,0,0
50131,0,1,1994,0,0,0,0,0,0,0,0,0,0
50131,1,1,1994,0,0,0,0,0,0,0,0,0,0
50131,2,1,1994,0,0,0,0,0,0,0,0,0,0
50132,1,1,1994,6,6,6,6,6,6,6,6,6,6
50133,0,1,1994,0,0,0,0,20,0,0,0,0,0
50133,1,1,1994,0,0,0,0,0,0,0,0,0,0
50134,1,1,1994,0,0,0,0,0,0,0,0,0,0
50135,1,1,1994,0,14,0,0,0,18,13,0,5,0
50135,2,1,1994,0,0,0,0,0,0,0,0,0,0
50137,1,1,1994,31,31,31,31,31,31,31,31,31,31
50137,2,1,1994,0,0,0,0,0,0,0,0,0,0
50137,3,1,1994,0,0,0,0,2,0,0,0,0,0
50138,0,1,1994,0,0,15,0,0,0,23,12,0,0
50138,1,1,1994,0,0,0,0,0,0,0,0,0,0
50138,2,1,1994,0,0,0,0,0,0,0,0,0,0
50139,1,1,1994,0,0,0,0,0,0,0,0,0,0
50140,1,1,1994,0,0,0,0,0,0,0,0,0,0
50141,1,1,1994,25,25,25,25,25,25,25,25,25,25
50142,1,1,1994,0,10,0,0,0,0,0,0,19,0
50143,1,1,1994,0,0,0,0,0,0,0,0,0,0
50143,2,1,1994,0,0,0,0,0,0,0,0,0,0
50144,1,1,1994,7,7,7,7,7,7,7,7,7,7
50145,1,1,1994,0,0,0,0,0,0,0,0,0,0
50146,0,1,1994,0,0,0,0,0,0,0,0,0,0
50146,1,1,1994,0,0,0,0,0,0,0,0,0,0
50146,2,1,1994,0,0,0,0,0,0,0,0,0,0
50147,1,1,1994,6,6,6,6,6,6,6,6,6,6
50148,1,1,1994,0,0,0,0,0,0,0,0,0,0
50148,2,1,1994,0,0,0,0,0,0,0,0,0,0
50150,1,1,1994,0,0,0,0,0,0,0,0,0,0
50150,2,1,1994,0,0,0,0,0,0,0,0,0,0
50150,3,1,1994,0,0,0,0,0,0,0,0,0,0
50151,1,1,1994,18,18,18,18,18,18,18,18,18,18
50152,1,1,1994,0,16,0,0,0,0,0,6,0,0
50153,1,1,1994,0,0,0,0,0,0,20,17,23,0
50154,1,1,1994,23,23,23,23,23,23,23,23,23,23
50154,2,1,1994,0,0,0,0,0,0,0,0,0,0
50155,1,1,1994,0,0,0,0,0,0,0,0,0,0
50155,2,1,1994,0,0,0,0,0,0,0,0,0,0
50156,1,1,1994,0,0,0,0,0,20,0,0,0,19
50157,1,1,1994,0,0,0,0,0,0,0,0,0,0
50157,2,1,1994,0,9,15,17,12,19,0,19,15,17
50158,1,1,1994,0,0,0,0,0,0,0,0,0,0
50158,2,1,1994,0,0,0,0,0,0,0,0,0,0
50159,1,1,1994,0,0,0,0,0,0,0,0,0,0
50159,2,1,1994,0,0,0,0,0,0,0,0,0,0
50160,1,1,1994,0,0,0,0,0,27,0,0,0,0
50160,2,1,1994,0,0,0,0,0,0,0,0,0,0
50161,1,1,1994,0,0,0,0,0,0,0,0,0,0
50161,2,1,1994,0,0,0,0,0,0,0,0,0,0
50162,1,1,1994,25,0,19,0,0,0,30,0,25,0
50163,0,1,1994,0,0,0,0,0,0,0,0,0,0
50163,1,1,1994,0,0,0,0,0,0,0,0,0,0
50164,0,1,1994,0,0,0,0,0,0,0,0,0,0
50164,1,1,1994,0,0,0,0,0,0,0,16,0,0
50165,1,1,1994,0,0,0,0,0,0,0,22,0,0
50165,2,1,1994,0,0,3,0,0,0,0,0,0,0
50166,1,1,1994,0,0,0,0,0,0,0,0,0,0