ST_CASE,VEH_NO,PER_NO,YEAR,P1,P2,P3,P4,P5,P6,P7,P8,P9,P10
50166,2,1,1994,21,21,21,21,21,21,21,21,21,21
50167,1,1,1994,0,0,0,0,0,0,0,0,0,0
50167,2,1,1994,17,7,0,0,0,0,0,0,0,0
50168,1,1,1994,0,0,0,0,0,0,0,0,0,0
50168,2,1,1994,0,0,7,0,0,0,0,0,0,11
50168,3,1,1994,0,0,0,0,0,0,0,0,0,0
50169,1,1,1994,0,0,0,0,0,0,0,0,0,0
50170,1,1,1994,0,0,0,0,0,0,0,0,0,0
50170,2,1,1994,0,0,0,0,0,0,0,0,0,0
50171,1,1,1994,5,5,5,5,5,5,5,5,5,5
50171,2,1,1994,0,0,0,0,0,0,0,0,0,0
50172,0,1,1994,0,0,0,0,39,0,0,0,0,0
50172,1,1,1994,0,0,0,0,0,0,0,0,0,0
50172,2,1,1994,0,0,0,0,0,0,0,0,0,0
50172,3,1,1994,0,0,16,0,0,0,0,0,0,0
50173,1,1,1994,0,0,0,0,0,0,0,0,0,0
50173,2,1,1994,32,32,32,32,32,32,32,32,32,32
50174,1,1,1994,0,0,0,0,0,0,0,0,0,0
50175,1,1,1994,12,12,12,12,12,12,12,12,12,12
50176,1,1,1994,0,0,0,0,0,0,0,0,0,0
50176,2,1,1994,0,25,0,0,0,0,0,0,0,0
50176,3,1,1994,7,0,0,0,0,0,0,0,0,0
50177,1,1,1994,22,0,0,25,15,13,32,0,0,13
50178,1,1,1994,0,0,0,0,0,0,0,0,0,0
50178,2,1,1994,0,0,0,0,0,0,0,0,0,0
50179,1,1,1994,0,0,0,0,0,0,0,0,0,0
50179,2,1,1994,0,0,0,0,0,0,0,0,0,0
50180,1,1,1994,39,39,39,39,39,39,39,39,39,39
50182,1,1,1994,0,0,0,0,0,0,0,18,0,0
50183,1,1,1994,0,0,0,0,0,0,0,0,0,0
50184,1,1,1994,0,0,0,0,0,0,0,0,0,0
50184,2,1,1994,0,0,0,14,0,0,0,0,0,0
50185,1,1,1994,0,0,0,0,0,0,0,0,0,0
50185,2,1,1994,0,0,12,22,0,0,0,0,0,0
50186,1,1,1994,0,0,0,0,0,0,0,0,0,0
50186,2,1,1994,18,18,18,18,18,18,18,18,18,18
50188,1,1,1994,8,0,0,12,23,4,0,3,0,0
50188,2,1,1994,0,0,0,0,0,0,0,0,0,0
50189,1,1,1994,0,0,0,0,0,0,0,0,0,0
50190,1,1,1994,0,0,0,0,6,0,19,0,0,0
50191,1,1,1994,0,0,0,0,0,0,0,0,0,0
50191,2,1,1994,0,0,0,0,0,0,0,0,0,0
50192,1,1,1994,0,0,0,0,0,0,0,0,0,0
50193,1,1,1994,0,0,0,0,0,0,0,0,0,0
50193,2,1,1994,0,0,0,0,0,0,0,0,0,8
50194,1,1,1994,0,0,0,0,0,0,0,0,0,0
50194,2,1,1994,0,0,0,0,0,0,0,0,0,0
50196,1,1,1994,0,0,0,0,0,0,0,0,0,0
50196,2,1,1994,22,22,22,22,22,22,22,22,22,22
50197,1,1,1994,0,0,0,0,0,0,0,0,0,0
50198,1,1,1994,13,0,5,41,0,17,0,25,0,0
50199,1,1,1994,35,35,35,35,35,35,35,35,35,35
50200,1,1,1994,11,11,11,11,11,11,11,11,11,11
50200,2,1,1994,0,0,0,0,0,0,0,0,0,0
50201,1,1,1994,0,0,6,0,0,0,10,0,0,0
50202,1,1,1994,0,0,0,0,0,0,0,0,0,0
50202,2,1,1994,0,0,0,0,0,0,0,0,0,0
50203,1,1,1994,0,0,0,0,0,10,0,0,0,0
50203,2,1,1994,0,0,0,0,0,0,0,0,0,0
50203,3,1,1994,0,0,0,0,0,0,0,0,0,0
50204,1,1,1994,31,31,31,31,31,31,31,31,31,31
50205,1,1,1994,0,0,0,0,0,0,0,0,0,0
50205,2,1,1994,0,0,0,0,0,0,0,0,0,0
50206,1,1,1994,0,0,0,0,0,0,15,0,0,0
50206,2,1,1994,0,0,0,0,0,0,0,0,0,0
50207,1,1,1994,0,0,0,0,0,0,0,0,0,0
50207,2,1,1994,0,0,0,0,0,0,0,0,0,0
50208,1,1,1994,0,0,0,0,0,0,0,0,0,0
50209,1,1,1994,0,0,0,0,0,0,0,0,0,0
50209,2,1,1994,0,0,0,0,0,0,0,0,0,23
50211,1,1,1994,0,0,0,0,0,18,0,0,0,0
50211,2,1,1994,0,0,0,0,0,0,0,0,0,0
50211,3,1,1994,0,0,0,0,0,0,0,0,0,0
50212,1,1,1994,0,0,0,0,0,0,0,0,0,0
50212,2,1,1994,0,0,0,0,0,0,0,0,0,0
50213,1,1,1994,0,0,0,0,0,0,0,0,0,0
50213,2,1,1994,0,0,0,0,0,0,0,0,0,0
50214,1,1,1994,0,0,0,0,0,0,0,0,0,0
50215,1,1,1994,0,0,0,0,0,0,0,0,0,0
50215,2,1,1994,0,0,0,0,0,0,0,0,0,0
50216,1,1,1994,0,0,0,0,0,0,0,6,0,0
50217,1,1,1994,0,0,0,0,0,0,0,0,0,0
50218,1,1,1994,0,0,0,0,0,0,0,0,0,0
50219,1,1,1994,0,0,0,0,0,0,0,0,0,0
50220,1,1,1994,0,0,0,0,0,0,0,0,0,0
50221,1,1,1994,9,9,9,9,9,9,9,9,9,9
50222,1,1,1994,0,0,0,0,0,0,0,0,0,0
50223,1,1,1994,0,0,0,0,0,0,0,0,0,0
50223,2,1,1994,0,0,0,0,0,0,0,0,0,0
50224,1,1,1994,0,0,0,0,0,0,0,0,0,0
50225,1,1,1994,0,0,0,0,0,0,0,0,0,0
50225,2,1,1994,0,0,0,0,0,0,0,0,0,0
50226,1,1,1994,0,0,0,0,0,0,0,0,0,0
50227,0,1,1994,0,0,0,0,26,0,0,0,0,0
50227,1,1,1994,0,0,0,0,0,0,0,0,9,0
50228,1,1,1994,0,0,0,0,0,0,0,0,0,0
50228,2,1,1994,0,0,0,0,0,0,0,0,0,18
50229,1,1,1994,0,0,0,0,0,0,0,0,0,0
50229,2,1,1994,0,0,0,0,0,0,0,0,0,0
50230,1,1,1994,0,0,0,0,0,0,0,0,0,0
50231,1,1,1994,0,25,11,0,0,0,27,17,0,17
50232,1,1,1994,0,0,0,0,0,0,0,0,0,0
50232,2,1,1994,0,0,0,0,0,0,0,0,0,0
50233,1,1,1994,12,0,11,24,13,23,13,27,36,16
50234,1,1,1994,2,2,2,2,2,2,2,2,2,2
50235,1,1,1994,0,0,0,0,0,0,0,0,0,0
50236,1,1,1994,4,4,4,4,4,4,4,4,4,4
50236,2,1,1994,26,26,26,26,26,26,26,26,26,26
50237,0,1,1994,0,14,18,0,0,0,29,0,0,0
50237,1,1,1994,0,0,0,0,0,0,0,0,0,0
50238,1,1,1994,1,1,1,1,1,1,1,1,1,1
50239,1,1,1994,0,0,0,0,0,0,0,0,0,0
50239,2,1,1994,0,0,0,0,0,0,0,0,0,0
50240,0,1,1994,0,16,0,0,24,18,0,0,0,0
50240,1,1,1994,0,0,0,0,0,0,0,0,0,0
50241,1,1,1994,0,0,0,17,0,21,0,0,0,0
50242,0,1,1994,20,20,20,20,20,20,20,20,20,20
50242,1,1,1994,12,0,19,23,24,0,16,9,0,0
50243,1,1,1994,2,2,2,2,2,2,2,2,2,2
50243,2,1,1994,0,0,0,0,0,0,0,0,0,0
50244,1,1,1994,18,18,18,18,18,18,18,18,18,18
50245,1,1,1994,0,0,0,30,7,35,0,0,0,0
50246,1,1,1994,5,17,0,12,14,15,12,0,19,0
50248,1,1,1994,0,0,0,0,0,0,0,0,0,0
50248,2,1,1994,0,18,0,11,0,0,0,0,0,0
50249,1,1,1994,15,15,15,15,15,15,15,15,15,15
50250,1,1,1994,0,0,0,0,0,0,0,0,0,0
50251,1,1,1994,0,0,0,0,7,0,0,0,0,0
50251,2,1,1994,28,28,28,28,28,28,28,28,28,28
50252,0,1,1994,30,30,30,30,30,30,30,30,30,30
50252,0,2,1994,30,30,30,30,30,30,30,30,30,30
50252,1,1,1994,0,0,0,0,0,0,0,0,0,0
50253,0,1,1994,0,0,0,0,0,0,0,9,17,0
50253,1,1,1994,0,0,0,0,0,0,0,0,0,0
50254,1,1,1994,0,0,0,0,0,0,0,0,0,0
50254,2,1,1994,0,0,0,0,0,0,0,0,0,0
50255,1,1,1994,0,0,0,0,0,0,0,0,0,0
50255,2,1,1994,0,0,0,0,0,0,0,0,0,0
50256,0,1,1994,8,0,0,16,20,14,0,0,0,33
50256,1,1,1994,0,0,0,0,0,0,0,0,0,0
50257,0,1,1994,20,20,20,20,20,20,20,20,20,20
50257,1,1,1994,0,0,0,0,0,0,0,0,0,0
50258,1,1,1994,4,4,4,4,4,4,4,4,4,4
50258,2,1,1994,9,9,9,9,9,9,9,9,9,9
50259,1,1,1994,13,13,13,13,13,13,13,13,13,13
50259,2,1,1994,0,0,0,0,0,0,0,0,0,0
50260,1,1,1994,0,0,0,0,0,0,0,0,0,0
50260,2,1,1994,0,0,0,0,0,0,0,0,0,0
50261,1,1,1994,14,14,14,14,14,14,14,14,14,14
50262,1,1,1994,13,0,14,0,0,0,0,36,0,0
50263,0,1,1994,0,0,0,0,0,0,0,0,0,27
50263,1,1,1994,26,23,24,0,0,21,0,0,0,10
50264,1,1,1994,13,13,13,13,13,13,13,13,13,13
50265,1,1,1994,9,9,9,9,9,9,9,9,9,9
50265,2,1,1994,0,0,0,0,0,0,0,0,0,0
50265,3,1,1994,0,0,0,0,0,0,0,0,0,0
50266,1,1,1994,26,26,26,26,26,26,26,26,26,26
50266,2,1,1994,0,0,0,0,0,0,0,0,0,0
50266,3,1,1994,0,0,16,0,0,28,9,11,0,0
50267,1,1,1994,0,17,0,0,0,0,0,0,0,0
50268,0,1,1994,0,0,0,0,0,0,0,0,0,0
50268,1,1,1994,13,13,13,13,13,13,13,13,13,13
50269,1,1,1994,0,0,0,0,0,0,0,0,0,0
50269,2,1,1994,0,0,0,0,0,0,0,0,0,0
50270,1,1,1994,0,0,0,0,0,0,0,0,0,0
50271,1,1,1994,0,0,0,0,0,0,0,0,0,0
50271,2,1,1994,0,0,0,0,0,0,0,0,0,0
50272,1,1,1994,15,15,15,15,15,15,15,15,15,15
50273,1,1,1994,0,0,0,0,0,0,0,0,0,0
50273,2,1,1994,0,0,0,0,0,0,0,0,0,0
50274,1,1,1994,0,0,0,0,0,0,0,0,0,0
50274,2,1,1994,0,0,0,0,0,0,0,0,0,0
50275,1,1,1994,0,0,0,0,0,0,0,0,0,0
50275,2,1,1994,0,0,0,0,0,0,0,0,0,0
50275,3,1,1994,0,0,0,0,0,0,0,0,0,0
50276,1,1,1994,0,0,0,0,0,0,0,0,0,36
50276,2,1,1994,0,0,0,0,0,0,0,0,0,0
50277,1,1,1994,0,0,0,0,0,0,0,0,0,0
50278,1,1,1994,0,0,0,0,0,0,0,0,0,0
50279,1,1,1994,0,0,0,0,0,0,15,0,9,0
50279,2,1,1994,0,0,0,0,0,0,0,0,0,0
50279,3,1,1994,0,0,0,0,12,13,0,0,0,0
50280,1,1,1994,0,0,0,0,0,0,0,0,0,0
50280,2,1,1994,0,0,0,0,0,0,0,0,0,0
50281,1,1,1994,22,22,22,22,22,22,22,22,22,22
50282,1,1,1994,0,11,0,0,0,0,0,0,0,0
50283,1,1,1994,0,0,0,0,0,0,0,0,0,0
50284,1,1,1994,0,0,0,0,0,0,0,0,0,0
50284,2,1,1994,0,0,0,0,0,0,0,0,0,0
50285,1,1,1994,11,11,11,11,11,11,11,11,11,11
50286,1,1,1994,0,0,0,12,0,0,0,0,0,0
50286,2,1,1994,0,0,0,0,0,0,0,0,0,0
50287,1,1,1994,7,7,7,7,7,7,7,7,7,7
50288,1,1,1994,11,11,11,11,11,11,11,11,11,11
50289,1,1,1994,29,29,29,29,29,29,29,29,29,29
50291,1,1,1994,0,0,0,0,0,0,0,0,0,0
50291,2,1,1994,0,0,0,0,0,0,0,4,0,0
50292,1,1,1994,16,16,16,16,16,16,16,16,16,16
50293,1,1,1994,0,0,0,0,0,0,0,0,0,0
50293,2,1,1994,0,0,0,0,0,0,0,15,0,0
50294,1,1,1994,0,0,0,0,0,0,0,0,0,0
50294,2,1,1994,0,0,0,0,0,0,0,0,0,0
50295,1,1,1994,20,20,20,20,20,20,20,20,20,20
50296,1,1,1994,0,0,0,0,0,0,0,0,0,0
50297,1,1,1994,21,21,21,21,21,21,21,21,21,21
50298,1,1,1994,0,0,0,0,0,0,0,0,0,0
50299,1,1,1994,0,0,10,0,0,15,0,4,22,0
50299,2,1,1994,0,0,0,0,0,0,0,0,0,0
50300,1,1,1994,0,0,0,0,15,0,7,0,0,0
50300,2,1,1994,0,4,0,0,0,0,0,0,0,13
50301,1,1,1994,0,0,0,0,0,0,0,0,0,0
50301,2,1,1994,0,0,0,0,0,0,0,0,15,0
50302,0,1,1994,24,24,24,24,24,24,24,24,24,24
50302,1,1,1994,0,0,0,0,0,0,0,0,0,0
50303,1,1,1994,0,0,0,0,0,0,0,0,0,0
50303,2,1,1994,20,20,20,20,20,20,20,20,20,20
50304,1,1,1994,0,0,22,21,0,0,0,0,22,0
50305,1,1,1994,0,0,0,0,0,0,0,0,0,0
50305,2,1,1994,0,0,0,0,0,0,0,0,0,0
50306,0,1,1994,12,12,12,12,12,12,12,12,12,12
50306,1,1,1994,0,0,0,0,0,0,0,7,0,0
50307,1,1,1994,0,0,0,0,0,0,0,0,0,0
50307,2,1,1994,0,0,0,0,0,0,0,0,11,0
50308,1,1,1994,0,0,0,0,0,0,0,0,0,0
50309,1,1,1994,0,0,0,0,0,0,0,0,0,0
50310,1,1,1994,4,4,4,4,4,4,4,4,4,4
50311,1,1,1994,0,0,0,0,0,0,0,0,0,0
50311,2,1,1994,6,0,0,0,0,0,0,0,0,0
50312,1,1,1994,0,0,0,0,0,0,0,0,0,0
50312,2,1,1994,0,0,0,0,0,0,0,0,0,0
50313,1,1,1994,0,0,0,0,0,0,0,0,0,0
50313,2,1,1994,10,10,10,10,10,10,10,10,10,10
50314,0,1,1994,0,0,0,0,0,0,0,14,0,14
50314,0,2,1994,12,0,0,0,0,0,0,0,0,0
50314,1,1,1994,26,26,26,26,26,26,26,26,26,26
50315,1,1,1994,0,0,0,0,0,0,0,0,0,0
50315,2,1,1994,0,0,0,0,0,0,0,0,0,0
50315,3,1,1994,0,0,0,0,0,0,0,0,0,0
50315,4,1,1994,0,0,0,15,0,0,0,0,0,0
50316,1,1,1994,29,29,29,29,29,29,29,29,29,29
50317,1,1,1994,16,16,16,16,16,16,16,16,16,16
50318,0,1,1994,4,4,4,4,4,4,4,4,4,4
50318,1,1,1994,0,0,0,0,0,0,0,0,0,0
50319,1,1,1994,0,0,0,0,0,0,0,0,0,0
50319,2,1,1994,31,31,31,31,31,31,31,31,31,31
50319,3,1,1994,0,0,0,0,0,0,0,0,0,0
50320,1,1,1994,42,42,42,42,42,42,42,42,42,42
50321,1,1,1994,0,0,0,0,0,0,0,0,0,0
50322,1,1,1994,0,0,0,0,0,0,0,0,0,0
50322,2,1,1994,0,0,0,0,0,0,0,0,0,0
50323,1,1,1994,41,41,41,41,41,41,41,41,41,41
50324,1,1,1994,31,31,31,31,31,31,31,31,31,31
50324,2,1,1994,0,0,0,0,5,0,0,0,0,0
50325,1,1,1994,8,8,8,8,8,8,8,8,8,8
50326,1,1,1994,15,15,15,15,15,15,15,15,15,15
50327,1,1,1994,4,4,4,4,4,4,4,4,4,4
50327,2,1,1994,0,0,0,0,0,0,0,0,0,0
50328,1,1,1994,0,0,0,0,0,0,0,0,0,0
50328,2,1,1994,0,0,0,0,0,0,0,0,0,0
50329,1,1,1994,0,0,0,0,0,0,0,0,0,0
50329,2,1,1994,0,0,0,0,0,0,0,0,0,0
50330,1,1,1994,0,0,0,0,0,0,0,0,0,0
50331,1,1,1994,0,0,0,0,0,0,0,0,0,0
50331,2,1,1994,0,0,0,0,0,0,0,0,0,0
50332,1,1,1994,17,17,17,17,17,17,17,17,17,17
50332,2,1,1994,30,30,30,30,30,30,30,30,30,30
50333,1,1,1994,0,0,0,0,0,0,0,0,0,0
50333,2,1,1994,5,12,23,16,31,17,9,25,16,6
50334,1,1,1994,20,20,20,20,20,20,20,20,20,20
50335,1,1,1994,0,0,0,0,0,0,0,0,0,0
50336,1,1,1994,0,0,0,0,0,0,0,0,0,0
50337,1,1,1994,0,0,0,0,0,0,0,0,0,0
50337,2,1,1994,0,0,0,0,0,0,0,0,0,31
50338,0,1,1994,0,0,0,0,20,10,13,0,27,0
50338,1,1,1994,0,0,0,0,0,0,0,0,0,0
50339,1,1,1994,21,21,21,21,21,21,21,21,21,21
50339,2,1,1994,24,0,0,0,0,9,0,24,0,0
50340,1,1,1994,0,0,0,0,0,0,0,0,0,0
50341,1,1,1994,0,0,0,0,14,0,0,0,0,0
50341,2,1,1994,9,9,9,9,9,9,9,9,9,9
50342,1,1,1994,0,0,0,0,0,0,0,0,0,0
50343,1,1,1994,19,19,19,19,19,19,19,19,19,19
50344,1,1,1994,0,0,0,0,0,0,0,0,0,0
50344,2,1,1994,0,0,0,0,0,0,0,0,0,0
50345,1,1,1994,0,0,0,0,0,0,0,0,0,0
50345,2,1,1994,0,0,0,0,0,0,0,0,0,0
50346,1,1,1994,0,0,0,0,0,0,0,0,0,0
50346,2,1,1994,0,0,0,0,0,0,0,0,0,0
50346,3,1,1994,0,0,0,0,0,0,0,0,0,0
50347,1,1,1994,0,0,9,0,0,0,0,0,0,0
50347,2,1,1994,4,4,4,4,4,4,4,4,4,4
50348,1,1,1994,11,11,11,11,11,11,11,11,11,11
50349,0,1,1994,0,0,0,0,0,0,0,0,0,0
50349,1,1,1994,0,0,0,0,0,0,0,0,0,0
50350,1,1,1994,14,15,27,12,12,11,20,12,15,12
50350,2,1,1994,0,0,0,0,0,0,0,0,0,0
50351,1,1,1994,0,0,0,0,0,0,0,0,0,0
50351,2,1,1994,0,0,0,0,0,0,0,0,0,0
50352,1,1,1994,20,20,20,20,20,20,20,20,20,20
50353,1,1,1994,7,7,7,7,7,7,7,7,7,7
50354,1,1,1994,20,20,20,20,20,20,20,20,20,20
50355,1,1,1994,0,0,0,0,0,0,0,0,0,0
50355,2,1,1994,0,0,0,5,0,0,0,0,0,0
50356,1,1,1994,0,0,0,0,0,0,0,0,0,0
50356,2,1,1994,0,0,0,0,0,11,0,0,0,0
50357,1,1,1994,0,0,0,0,0,0,0,0,0,0
50357,2,1,1994,0,0,0,0,0,0,0,0,0,0
50358,1,1,1994,0,0,0,0,0,0,0,0,0,0
50359,1,1,1994,5,5,5,5,5,5,5,5,5,5
50360,0,1,1994,0,0,0,0,0,0,0,0,0,0
50360,0,2,1994,0,0,0,0,0,6,0,0,19,0
50360,1,1,1994,0,0,0,0,0,0,0,0,0,0
50361,1,1,1994,0,0,0,0,0,0,0,0,0,0
50361,2,1,1994,0,0,0,0,0,0,0,0,0,0
50362,1,1,1994,14,0,0,20,18,0,25,0,0,0
50363,1,1,1994,0,0,0,18,0,0,0,0,0,0
50363,2,1,1994,25,25,25,25,25,25,25,25,25,25
50364,0,1,1994,0,0,0,0,0,25,23,0,12,27
50364,1,1,1994,0,0,0,0,0,0,0,0,0,0
50365,1,1,1994,17,17,17,17,17,17,17,17,17,17
50365,2,1,1994,0,0,0,26,0,0,0,0,0,0
50366,1,1,1994,0,0,0,0,0,0,0,0,0,0
50367,1,1,1994,0,0,0,0,0,0,0,0,0,0
50367,2,1,1994,0,0,0,0,0,0,0,0,0,0
50367,3,1,1994,0,0,0,0,0,0,0,0,0,0
50368,1,1,1994,0,0,3,0,0,0,0,0,0,0
50369,1,1,1994,0,0,0,0,0,0,0,0,0,0
50369,2,1,1994,0,0,0,2,0,0,0,0,0,0
50371,1,1,1994,0,0,0,0,0,0,0,0,0,0
50371,2,1,1994,0,0,0,0,0,0,0,0,0,0
50373,1,1,1994,15,15,15,15,15,15,15,15,15,15
50374,0,1,1994,0,0,0,0,0,19,0,0,0,0
50374,1,1,1994,0,0,0,0,0,0,0,0,0,0
50375,0,1,1994,0,0,0,0,0,0,0,0,0,0
50375,0,2,1994,0,0,0,0,0,0,0,0,0,0
50375,0,3,1994,11,0,9,0,13,0,0,0,0,16
50375,1,1,1994,0,0,0,0,0,0,0,0,0,0
50376,1,1,1994,2,15,0,0,0,0,15,7,0,30
50376,2,1,1994,0,0,0,0,0,0,0,0,0,0
50377,1,1,1994,0,0,0,0,0,0,0,0,0,0
50377,2,1,1994,3,3,3,3,3,3,3,3,3,3
50378,1,1,1994,0,0,0,0,0,0,0,0,0,0
50378,2,1,1994,0,0,0,0,0,0,0,0,0,0
50379,1,1,1994,0,0,0,0,0,0,0,0,0,0
50379,2,1,1994,0,0,0,0,0,0,0,0,0,0
50380,0,1,1994,0,0,0,0,0,0,0,0,0,0
50380,1,1,1994,0,0,0,0,0,0,0,0,0,0
50381,1,1,1994,0,0,0,0,0,0,0,0,0,0
50381,2,1,1994,0,0,0,0,0,0,0,0,0,0
50382,1,1,1994,0,0,0,0,0,0,0,0,0,0
50382,2,1,1994,0,0,0,0,0,0,0,0,0,0
50383,1,1,1994,0,0,0,0,0,0,0,0,0,0
50383,2,1,1994,0,0,0,0,0,0,0,0,0,0
50384,1,1,1994,0,0,0,0,0,0,0,0,0,0
50385,1,1,1994,0,0,0,0,0,0,0,0,0,0
50385,2,1,1994,0,0,0,0,0,0,0,0,0,0
50386,1,1,1994,22,22,22,22,22,22,22,22,22,22
50387,0,1,1994,0,0,11,0,0,0,0,0,0,0
50387,1,1,1994,0,0,0,0,0,0,0,0,0,0
50388,1,1,1994,12,12,12,12,12,12,12,12,12,12
50389,1,1,1994,0,0,0,0,12,0,0,0,0,0
50390,0,1,1994,0,0,0,0,0,0,0,0,0,0
50390,1,1,1994,0,0,0,0,0,0,0,0,0,0
50391,1,1,1994,0,0,0,0,0,0,0,0,0,0
50391,2,1,1994,0,0,0,0,0,0,0,0,0,0
50392,1,1,1994,27,27,27,27,27,27,27,27,27,27
50393,1,1,1994,0,0,0,0,0,0,0,0,0,0
50394,1,1,1994,5,5,5,5,5,5,5,5,5,5
50394,2,1,1994,13,13,13,13,13,13,13,13,13,13
50395,1,1,1994,15,15,15,15,15,15,15,15,15,15
50396,1,1,1994,0,0,0,0,0,0,0,0,0,0
50396,2,1,1994,0,0,0,0,0,0,0,0,0,0
50396,3,1,1994,0,0,0,0,0,0,22,0,0,0
50397,1,1,1994,7,14,9,19,30,11,0,9,21,0
50398,1,1,1994,36,36,36,36,36,36,36,36,36,36
50399,1,1,1994,0,0,0,0,0,0,0,0,0,0
50400,1,1,1994,0,0,0,0,0,0,0,0,0,0
50401,1,1,1994,0,0,0,0,0,0,0,0,0,0
50401,2,1,1994,0,0,7,0,14,0,0,6,0,0
50402,1,1,1994,0,0,0,0,0,0,0,0,0,0
50402,2,1,1994,0,0,0,0,0,0,0,0,0,0
50403,1,1,1994,0,0,0,0,0,0,0,0,0,0
50404,1,1,1994,0,0,0,0,0,0,0,0,0,0
50405,1,1,1994,0,0,0,0,0,0,0,0,0,0
50405,2,1,1994,0,0,0,0,0,0,0,0,0,0
50406,1,1,1994,22,22,22,22,22,22,22,22,22,22
50407,1,1,1994,0,28,0,0,0,0,0,0,0,0
50408,1,1,1994,0,0,0,0,0,0,0,0,0,0
50408,2,1,1994,0,0,0,0,0,0,0,0,0,0
50409,1,1,1994,0,0,0,0,0,0,0,0,0,0
50410,0,1,1994,0,0,0,0,0,15,0,0,0,0
50410,1,1,1994,0,0,0,0,0,0,0,0,0,0
50411,0,1,1994,32,15,0,10,11,20,0,16,9,21
50411,0,2,1994,0,0,0,0,0,0,0,0,0,0
50411,1,1,1994,15,15,15,15,15,15,15,15,15,15
50412,1,1,1994,17,17,17,17,17,17,17,17,17,17
50413,1,1,1994,0,0,0,0,0,0,0,0,0,0
50413,2,1,1994,11,11,11,11,11,11,11,11,11,11
50414,1,1,1994,28,28,28,28,28,28,28,28,28,28
50414,2,1,1994,0,0,0,0,0,0,0,0,0,0
50415,1,1,1994,20,20,20,20,20,20,20,20,20,20
50416,1,1,1994,0,0,0,0,0,0,0,7,0,0
50416,2,1,1994,0,0,0,0,0,0,0,0,0,0
50417,1,1,1994,0,0,0,0,0,0,0,0,0,25
50418,1,1,1994,0,0,0,0,0,0,0,0,0,0
50418,2,1,1994,0,0,0,0,0,0,0,0,0,0
50419,1,1,1994,0,0,0,0,0,0,0,0,0,0
50420,1,1,1994,0,0,0,3,0,0,0,0,0,0
50421,1,1,1994,0,0,0,0,0,0,0,0,0,0
50421,2,1,1994,0,0,0,0,0,0,0,0,0,12
50423,1,1,1994,0,0,0,0,0,0,0,0,0,0
50423,2,1,1994,0,0,0,0,0,0,0,0,0,0
50424,1,1,1994,7,7,7,7,7,7,7,7,7,7
50424,2,1,1994,0,0,0,0,0,0,0,0,0,0
50424,3,1,1994,0,0,0,0,0,0,0,0,0,0
50425,1,1,1994,0,0,0,0,0,0,0,0,0,0
50425,2,1,1994,0,0,0,0,0,0,0,0,0,0
50426,1,1,1994,0,0,0,0,0,0,0,0,0,0
50426,2,1,1994,0,0,0,0,0,0,0,0,0,0
50427,1,1,1994,0,0,0,0,0,0,18,0,0,0
50427,2,1,1994,0,0,0,0,0,0,0,0,0,0
50429,1,1,1994,0,0,0,0,0,0,0,0,0,0
50429,2,1,1994,0,0,0,0,0,0,0,0,0,0
50430,0,1,1994,0,0,0,0,21,0,0,0,0,0
50430,1,1,1994,0,0,0,0,0,0,0,0,0,0
50431,0,1,1994,34,34,34,34,34,34,34,34,34,34
50431,1,1,1994,0,0,0,0,0,0,0,0,0,13
50432,1,1,1994,8,8,8,8,8,8,8,8,8,8
50433,1,1,1994,20,0,24,0,16,0,0,0,4,13
50434,1,1,1994,0,0,0,0,0,0,0,13,0,0
50434,2,1,1994,0,0,0,0,0,0,0,0,0,0
50435,1,1,1994,0,0,0,0,0,0,0,0,0,0
50436,1,1,1994,0,0,0,0,0,0,0,0,0,0
50437,1,1,1994,0,0,0,0,0,0,0,0,0,0
50437,2,1,1994,0,0,14,0,0,0,0,0,14,0
50438,1,1,1994,17,17,17,17,17,17,17,17,17,17
50439,1,1,1994,0,11,0,0,0,4,0,0,16,0
50440,1,1,1994,0,0,0,0,0,0,0,0,0,0
50441,1,1,1994,1,1,1,1,1,1,1,1,1,1
50441,2,1,1994,0,0,0,0,0,0,0,0,0,0
50442,1,1,1994,0,0,0,0,0,0,0,0,0,0
50442,2,1,1994,0,0,0,0,0,0,0,0,0,0
50443,1,1,1994,0,0,0,0,0,0,0,0,0,0
50444,0,1,1994,0,0,0,0,15,0,0,0,11,0
50444,1,1,1994,0,0,0,3,0,0,8,0,0,4
50445,1,1,1994,0,0,0,0,0,0,0,0,0,0
50445,2,1,1994,0,0,0,0,0,0,0,0,0,0
50446,1,1,1994,0,0,0,0,0,0,0,0,0,0
50446,2,1,1994,0,0,0,0,0,0,0,0,0,0
50447,0,1,1994,41,41,41,41,41,41,41,41,41,41
50447,1,1,1994,0,0,0,11,0,0,0,0,0,0
50448,1,1,1994,18,0,0,0,20,0,0,0,0,0
50449,1,1,1994,0,0,0,18,0,0,0,0,0,0
50450,1,1,1994,30,30,30,30,30,30,30,30,30,30
50451,1,1,1994,18,18,18,18,18,18,18,18,18,18
50452,1,1,1994,0,0,0,0,0,0,0,0,0,0
50452,2,1,1994,4,4,4,4,4,4,4,4,4,4
50453,1,1,1994,0,0,0,0,0,0,0,0,0,0
50453,2,1,1994,0,0,0,0,0,0,0,0,0,0
50454,1,1,1994,0,0,0,0,0,0,0,0,0,0
50455,1,1,1994,0,0,0,0,0,0,0,0,0,0
50455,2,1,1994,0,0,0,0,0,0,0,0,0,0
50456,1,1,1994,0,0,0,0,0,0,0,0,0,0
50456,2,1,1994,0,0,0,0,0,0,0,0,0,0
50457,1,1,1994,0,0,0,0,0,0,0,0,0,0
50457,2,1,1994,3,3,3,3,3,3,3,3,3,3
50458,1,1,1994,0,0,0,0,0,0,0,0,0,0
50458,2,1,1994,0,0,0,0,0,0,0,0,0,0
50459,1,1,1994,0,0,0,0,0,0,0,0,0,0
50459,2,1,1994,0,0,0,0,0,0,0,0,0,0
50460,1,1,1994,0,0,0,0,0,0,0,0,0,0
50461,1,1,1994,22,22,22,22,22,22,22,22,22,22
50462,1,1,1994,0,0,0,0,0,0,0,0,0,0
50462,2,1,1994,0,0,0,0,0,0,0,0,0,0
50463,0,1,1994,0,0,0,0,0,0,0,0,0,0
50463,1,1,1994,0,0,0,0,0,0,0,0,0,17