ST_CASE,VEH_NO,PER_NO,YEAR,P1,P2,P3,P4,P5,P6,P7,P8,P9,P10
80199,1,1,1994,17,17,17,17,17,17,17,17,17,17
80200,1,1,1994,26,26,26,26,26,26,26,26,26,26
80201,1,1,1994,0,0,0,0,0,0,0,0,0,0
80201,2,1,1994,0,0,0,0,0,0,0,7,0,0
80201,3,1,1994,0,0,0,0,0,0,0,0,0,0
80201,4,1,1994,0,22,0,0,0,0,0,0,0,0
80202,1,1,1994,23,6,9,20,16,23,31,15,7,5
80203,1,1,1994,21,21,21,21,21,21,21,21,21,21
80204,1,1,1994,22,22,22,22,22,22,22,22,22,22
80205,1,1,1994,0,0,0,0,0,0,0,0,0,0
80206,1,1,1994,0,0,0,0,0,0,0,0,0,0
80206,2,1,1994,0,0,0,0,0,0,0,0,0,0
80207,1,1,1994,0,0,0,0,0,0,0,0,0,0
80207,2,1,1994,0,0,0,0,0,0,0,0,0,0
80207,3,1,1994,0,0,0,0,0,0,0,0,0,0
80208,1,1,1994,24,24,24,24,24,24,24,24,24,24
80209,1,1,1994,19,19,19,19,19,19,19,19,19,19
80210,1,1,1994,0,0,0,0,0,0,0,0,0,0
80211,1,1,1994,0,0,0,0,0,0,0,0,0,0
80211,2,1,1994,0,0,0,0,0,0,0,0,0,0
80212,1,1,1994,0,0,0,0,0,0,0,0,0,0
80213,1,1,1994,11,11,11,11,11,11,11,11,11,11
80214,1,1,1994,0,0,0,0,0,0,0,0,0,0
80215,1,1,1994,0,0,0,0,0,0,0,0,0,0
80215,2,1,1994,0,0,0,0,0,0,0,0,0,0
80215,3,1,1994,0,0,0,0,0,0,0,0,0,0
80215,4,1,1994,0,0,0,0,0,0,0,0,0,0
80216,1,1,1994,35,3,15,3,11,18,15,0,13,13
80216,2,1,1994,2,2,2,2,2,2,2,2,2,2
80216,3,1,1994,0,0,0,0,0,0,0,0,0,0
80217,1,1,1994,2,2,2,2,2,2,2,2,2,2
80218,1,1,1994,10,15,44,15,11,0,14,19,33,18
80219,0,1,1994,48,48,48,48,48,48,48,48,48,48
80219,1,1,1994,14,0,0,12,0,0,0,0,0,0
80220,1,1,1994,0,0,0,0,0,0,0,0,0,0
80221,0,1,1994,0,0,0,0,0,0,0,0,0,0
80221,1,1,1994,0,0,0,0,0,0,0,0,0,0
80222,0,1,1994,0,0,0,0,0,0,0,0,0,0
80222,1,1,1994,2,2,2,2,2,2,2,2,2,2
80223,1,1,1994,0,0,0,0,0,0,0,0,0,0
80224,1,1,1994,17,17,17,17,17,17,17,17,17,17
80224,2,1,1994,0,0,0,0,0,0,0,0,0,0
80224,3,1,1994,0,8,0,0,0,0,0,0,0,0
80225,1,1,1994,9,9,9,9,9,9,9,9,9,9
80225,2,1,1994,8,9,12,0,27,0,0,0,5,0
80226,0,1,1994,39,39,39,39,39,39,39,39,39,39
80226,1,1,1994,0,0,0,0,7,0,0,0,0,0
80227,1,1,1994,34,34,34,34,34,34,34,34,34,34
80228,1,1,1994,0,0,0,0,0,0,0,0,0,0
80228,2,1,1994,0,0,0,0,0,0,0,0,0,0
80229,1,1,1994,19,19,19,19,19,19,19,19,19,19
80230,1,1,1994,0,0,0,0,0,0,0,0,0,0
80231,1,1,1994,23,23,23,23,23,23,23,23,23,23
80232,1,1,1994,21,21,21,21,21,21,21,21,21,21
80233,1,1,1994,0,0,0,0,0,0,0,0,0,0
80234,1,1,1994,0,0,0,0,0,0,0,0,0,0
80234,2,1,1994,0,0,0,0,0,0,0,0,0,0
80235,0,1,1994,0,11,0,0,0,0,0,0,0,0
80235,1,1,1994,0,0,0,0,0,0,0,0,0,0
80236,1,1,1994,1,1,1,1,1,1,1,1,1,1
80237,1,1,1994,18,18,18,18,18,18,18,18,18,18
80237,2,1,1994,0,8,0,0,0,0,0,27,0,0
80238,1,1,1994,0,0,0,0,0,0,0,0,0,0
80238,2,1,1994,0,0,0,0,0,0,0,0,0,0
80239,1,1,1994,0,0,0,0,0,0,0,0,0,0
80240,1,1,1994,0,0,0,0,0,0,0,0,0,0
80240,2,1,1994,0,0,0,0,0,0,0,0,0,0
80241,0,1,1994,0,0,0,0,0,0,0,0,0,0
80241,1,1,1994,13,0,0,0,0,0,0,0,0,6
80241,2,1,1994,0,0,0,0,0,0,0,0,0,0
80242,1,1,1994,7,7,7,7,7,7,7,7,7,7
80242,2,1,1994,18,18,18,18,18,18,18,18,18,18
80243,1,1,1994,28,28,28,28,28,28,28,28,28,28
80244,1,1,1994,28,28,28,28,28,28,28,28,28,28
80245,1,1,1994,0,0,0,0,0,0,0,0,0,0
80245,2,1,1994,1,1,1,1,1,1,1,1,1,1
80246,1,1,1994,0,0,0,0,0,0,0,0,0,0
80246,2,1,1994,0,0,0,0,0,0,0,0,0,0
80247,1,1,1994,0,0,0,0,0,0,0,0,0,0
80248,0,1,1994,0,0,0,0,0,0,0,0,0,0
80248,1,1,1994,0,0,8,0,16,6,0,0,20,0
80249,0,1,1994,20,20,20,20,20,20,20,20,20,20
80249,1,1,1994,0,0,0,0,0,0,0,0,0,0
80250,1,1,1994,2,2,2,2,2,2,2,2,2,2
80250,2,1,1994,0,0,0,0,0,0,0,0,0,0
80251,1,1,1994,0,0,0,0,0,0,0,0,0,0
80252,1,1,1994,0,0,0,0,0,0,0,0,0,0
80253,1,1,1994,0,0,0,0,0,0,0,0,0,0
80253,2,1,1994,0,0,0,0,0,0,0,0,0,0
80254,1,1,1994,13,13,13,13,13,13,13,13,13,13
80255,1,1,1994,0,0,0,0,0,0,0,0,0,0
80256,1,1,1994,16,16,16,16,16,16,16,16,16,16
80257,1,1,1994,0,0,0,11,0,0,19,0,0,6
80258,1,1,1994,0,0,0,0,0,0,0,0,0,0
80258,2,1,1994,0,0,0,0,0,0,0,0,0,0
80259,1,1,1994,0,0,0,0,0,0,0,0,0,0
80260,1,1,1994,0,0,0,0,0,0,0,0,0,0
80260,2,1,1994,0,0,0,0,0,0,0,0,0,0
80261,1,1,1994,25,25,25,25,25,25,25,25,25,25
80262,1,1,1994,0,0,0,0,0,0,0,0,0,0
80263,1,1,1994,0,0,0,0,15,0,0,0,0,0
80263,2,1,1994,0,0,0,0,0,0,0,0,0,0
80264,1,1,1994,1,1,1,1,1,1,1,1,1,1
80265,1,1,1994,0,0,0,0,15,0,0,0,0,0
80266,0,1,1994,4,4,4,4,4,4,4,4,4,4
80266,0,2,1994,11,11,11,11,11,11,11,11,11,11
80266,0,3,1994,9,9,9,9,9,9,9,9,9,9
80266,1,1,1994,8,8,8,8,8,8,8,8,8,8
80267,1,1,1994,11,11,11,11,11,11,11,11,11,11
80267,2,1,1994,16,16,16,16,16,16,16,16,16,16
80268,1,1,1994,0,0,0,0,0,0,0,0,0,0
80268,2,1,1994,0,0,0,0,0,0,0,0,0,0
80268,3,1,1994,0,0,0,0,0,0,0,0,0,0
80268,4,1,1994,0,0,0,0,0,0,0,0,0,0
80268,5,1,1994,0,0,0,0,0,0,0,0,0,0
80268,6,1,1994,0,0,0,0,0,0,0,0,0,0
80268,7,1,1994,0,0,0,0,0,0,0,24,0,0
80269,1,1,1994,0,0,0,0,0,0,0,0,0,0
80270,1,1,1994,0,0,0,0,0,0,0,0,0,0
80271,1,1,1994,0,0,0,0,0,0,0,0,0,0
80272,1,1,1994,16,16,16,16,16,16,16,16,16,16
80273,1,1,1994,39,39,39,39,39,39,39,39,39,39
80274,1,1,1994,2,2,2,2,2,2,2,2,2,2
80274,2,1,1994,0,0,0,0,0,0,0,0,0,0
80275,1,1,1994,0,0,0,0,0,0,0,0,0,0
80276,1,1,1994,16,16,16,16,16,16,16,16,16,16
80277,0,1,1994,36,36,36,36,36,36,36,36,36,36
80277,1,1,1994,0,0,0,0,0,0,0,0,0,0
80278,1,1,1994,23,23,23,23,23,23,23,23,23,23
80279,1,1,1994,0,0,0,0,0,0,0,0,0,0
80279,2,1,1994,0,0,0,0,0,0,0,0,0,0
80280,1,1,1994,0,0,0,0,0,0,0,0,0,0
80280,2,1,1994,0,0,0,0,0,0,0,0,0,0
80281,1,1,1994,0,0,0,0,0,0,0,0,0,0
80281,2,1,1994,0,0,0,0,0,0,0,0,0,0
80281,3,1,1994,0,0,0,0,0,0,0,0,0,0
80281,4,1,1994,0,0,0,0,0,0,0,0,0,0
80282,1,1,1994,16,16,16,16,16,16,16,16,16,16
80282,2,1,1994,0,0,0,0,0,0,0,0,0,0
80283,1,1,1994,0,0,0,0,0,0,0,0,0,0
80283,2,1,1994,0,0,0,0,0,0,0,0,0,0
80283,3,1,1994,0,0,0,0,0,0,0,0,0,0
80284,1,1,1994,18,18,18,18,18,18,18,18,18,18
80285,1,1,1994,0,0,0,0,0,0,0,0,0,0
80286,1,1,1994,0,0,0,0,0,0,0,0,0,0
80286,2,1,1994,0,0,0,0,0,0,0,0,0,0
80287,0,1,1994,0,0,0,0,0,0,0,0,0,0
80287,1,1,1994,0,0,0,0,0,0,0,0,0,0
80288,1,1,1994,14,14,14,14,14,14,14,14,14,14
80288,2,1,1994,0,0,0,0,0,0,0,0,0,0
80289,0,1,1994,0,0,0,0,0,0,0,0,0,0
80289,1,1,1994,0,0,0,0,13,0,0,0,0,0
80290,1,1,1994,0,0,0,0,0,0,0,0,0,0
80290,2,1,1994,0,0,0,0,0,0,0,0,0,0
80291,1,1,1994,0,0,0,0,0,0,0,0,0,0
80292,1,1,1994,0,0,0,0,0,0,0,0,0,0
80292,2,1,1994,0,0,0,0,0,0,0,0,0,0
80293,1,1,1994,0,0,0,0,0,0,0,0,0,0
80293,2,1,1994,0,0,0,0,0,0,0,0,0,0
80294,1,1,1994,6,0,0,0,0,0,0,0,0,0
80294,2,1,1994,0,0,0,10,0,0,0,0,0,0
80295,1,1,1994,0,0,0,0,0,0,0,0,0,0
80295,2,1,1994,0,0,0,0,0,0,0,0,0,0
80296,1,1,1994,14,14,14,14,14,14,14,14,14,14
80297,1,1,1994,0,0,0,0,0,0,0,0,0,0
80298,1,1,1994,0,0,0,0,0,0,0,0,0,0
80298,2,1,1994,0,0,0,0,0,0,0,0,0,0
80299,1,1,1994,0,0,0,0,0,0,0,0,0,0
80299,2,1,1994,0,0,0,0,0,0,0,0,0,0
80299,3,1,1994,0,0,0,0,0,0,0,0,0,0
80300,1,1,1994,14,14,14,14,14,14,14,14,14,14
80301,1,1,1994,0,0,0,0,0,0,0,0,0,0
80301,2,1,1994,0,0,0,0,0,0,0,0,0,0
80301,3,1,1994,0,0,0,0,0,0,0,0,0,0
80302,1,1,1994,0,0,0,0,0,0,0,0,0,0
80302,2,1,1994,0,0,0,0,0,0,0,0,0,0
80303,1,1,1994,0,0,0,0,0,0,0,0,0,0
80303,2,1,1994,0,0,0,0,0,0,0,0,0,0
80303,3,1,1994,0,0,0,0,0,0,0,0,0,0
80303,4,1,1994,0,0,0,0,0,0,0,0,0,0
80304,1,1,1994,0,0,0,0,0,0,0,0,0,0
80304,2,1,1994,0,0,0,0,0,0,0,0,0,0
80305,1,1,1994,4,4,4,4,4,4,4,4,4,4
80305,2,1,1994,1,1,1,1,1,1,1,1,1,1
80305,3,1,1994,0,0,0,0,0,0,0,0,0,0
80306,1,1,1994,0,0,0,0,0,0,0,0,0,0
80306,2,1,1994,0,0,0,0,0,0,0,0,0,0
80307,1,1,1994,0,0,0,0,0,0,0,0,0,0
80307,2,1,1994,0,0,0,0,0,0,0,0,0,0
80308,1,1,1994,8,8,8,8,8,8,8,8,8,8
80309,1,1,1994,0,0,0,0,0,0,0,0,0,0
80309,2,1,1994,0,0,0,0,0,0,0,0,0,0
80310,0,1,1994,0,0,0,0,0,0,0,0,0,0
80310,1,1,1994,0,0,0,0,0,0,0,0,0,0
80311,1,1,1994,15,15,15,15,15,15,15,15,15,15
80312,1,1,1994,26,26,26,26,26,26,26,26,26,26
80313,1,1,1994,29,29,29,29,29,29,29,29,29,29
80313,2,1,1994,0,13,0,0,0,0,0,0,0,0
80314,1,1,1994,0,0,0,0,0,0,0,0,0,0
80315,1,1,1994,20,20,20,20,20,20,20,20,20,20
80315,2,1,1994,19,19,19,19,19,19,19,19,19,19
80316,1,1,1994,0,0,0,0,0,0,0,0,0,0
80317,1,1,1994,5,5,5,5,5,5,5,5,5,5
80317,2,1,1994,7,7,7,7,7,7,7,7,7,7
80317,3,1,1994,0,0,0,0,0,0,0,0,0,0
80318,1,1,1994,23,23,23,23,23,23,23,23,23,23
80318,2,1,1994,0,0,0,0,0,0,0,0,0,0
80319,1,1,1994,0,0,0,0,0,0,0,0,0,0
80319,2,1,1994,0,0,0,0,0,0,0,0,0,0
80320,1,1,1994,11,11,11,11,11,11,11,11,11,11
80321,1,1,1994,1,1,1,1,1,1,1,1,1,1
80322,1,1,1994,4,4,4,4,4,4,4,4,4,4
80322,2,1,1994,0,0,0,0,0,0,0,0,0,0
80323,0,1,1994,0,0,0,0,0,0,0,0,0,0
80323,1,1,1994,0,0,0,0,0,0,0,0,0,0
80324,1,1,1994,0,0,0,0,0,0,0,0,0,0
80324,2,1,1994,0,0,0,0,0,0,0,0,0,0
80325,1,1,1994,12,12,12,12,12,12,12,12,12,12
80326,1,1,1994,0,0,0,0,0,0,0,0,0,0
80326,2,1,1994,0,0,0,0,0,21,0,0,0,0
80326,3,1,1994,0,0,0,0,0,10,0,0,0,20
80327,1,1,1994,39,39,39,39,39,39,39,39,39,39
80328,1,1,1994,0,0,0,0,0,0,0,0,0,0
80328,2,1,1994,0,0,0,0,0,0,0,0,0,0
80329,1,1,1994,0,0,0,0,0,0,0,0,0,0
80330,1,1,1994,1,1,1,1,1,1,1,1,1,1
80331,1,1,1994,0,0,0,0,0,0,0,0,0,0
80331,2,1,1994,0,0,0,0,0,0,0,0,0,0
80332,1,1,1994,0,0,0,0,0,0,0,0,0,0
80332,2,1,1994,0,0,0,0,0,0,0,0,0,0
80333,1,1,1994,29,29,29,29,29,29,29,29,29,29
80333,2,1,1994,1,1,1,1,1,1,1,1,1,1
80334,1,1,1994,0,0,0,0,0,0,0,0,0,0
80334,2,1,1994,0,0,0,0,0,0,15,0,0,0
80335,1,1,1994,3,3,3,3,3,3,3,3,3,3
80337,0,1,1994,20,20,20,20,20,20,20,20,20,20
80337,1,1,1994,0,0,0,0,0,0,0,0,0,0
80338,1,1,1994,3,3,3,3,3,3,3,3,3,3
80338,2,1,1994,0,0,22,0,19,45,23,0,0,0
80339,1,1,1994,0,0,0,0,0,0,0,0,0,0
80339,2,1,1994,0,0,0,0,0,0,0,17,0,0
80340,1,1,1994,8,8,8,8,8,8,8,8,8,8
80341,1,1,1994,10,10,10,10,10,10,10,10,10,10
80341,2,1,1994,0,0,0,0,0,0,0,0,0,0
80342,1,1,1994,0,0,0,0,0,0,0,0,0,0
80343,1,1,1994,25,25,25,25,25,25,25,25,25,25
80343,2,1,1994,0,0,0,0,0,0,0,0,0,0
80343,3,1,1994,0,0,0,0,0,0,0,0,0,0
80344,0,1,1994,0,0,0,0,0,0,0,0,0,0
80344,0,2,1994,0,0,0,0,0,0,0,0,0,0
80344,1,1,1994,0,0,0,0,0,0,0,0,0,0
80344,2,1,1994,0,0,0,0,0,0,0,0,0,0
80345,1,1,1994,0,0,0,0,0,0,0,0,0,0
80345,2,1,1994,0,0,0,0,0,0,0,0,0,0
80346,0,1,1994,27,27,27,27,27,27,27,27,27,27
80346,1,1,1994,10,10,10,10,10,10,10,10,10,10
80347,1,1,1994,0,0,0,0,0,0,0,0,0,0
80348,0,1,1994,0,0,0,0,0,0,0,0,0,0
80348,1,1,1994,0,0,0,0,0,0,0,0,0,0
80349,1,1,1994,10,10,10,10,10,10,10,10,10,10
80350,0,1,1994,0,0,0,0,0,0,0,0,0,0
80350,1,1,1994,0,0,0,0,0,0,0,0,0,0
80351,1,1,1994,14,14,14,14,14,14,14,14,14,14
80352,1,1,1994,0,0,0,0,0,0,0,0,0,0
80353,1,1,1994,26,26,26,26,26,26,26,26,26,26
80353,2,1,1994,0,0,0,0,0,0,0,0,0,0
80354,1,1,1994,1,1,1,1,1,1,1,1,1,1
80354,2,1,1994,0,0,0,0,0,0,0,0,0,0
80355,1,1,1994,3,3,3,3,3,3,3,3,3,3
80355,2,1,1994,0,0,0,0,0,0,0,0,0,0
80356,1,1,1994,18,18,18,18,18,18,18,18,18,18
80357,1,1,1994,33,33,33,33,33,33,33,33,33,33
80358,1,1,1994,12,12,12,12,12,12,12,12,12,12
80359,1,1,1994,0,0,0,0,0,0,0,0,0,0
80360,1,1,1994,0,0,0,0,0,0,0,0,0,0
80361,1,1,1994,0,0,0,0,0,0,0,0,0,0
80362,1,1,1994,0,0,0,0,0,0,0,0,0,0
80362,2,1,1994,0,0,0,0,0,0,0,0,0,0
80363,1,1,1994,16,16,16,16,16,16,16,16,16,16
80364,1,1,1994,17,17,17,17,17,17,17,17,17,17
80364,2,1,1994,0,0,0,0,0,0,0,0,0,0
80365,1,1,1994,17,17,17,17,17,17,17,17,17,17
80365,2,1,1994,0,13,0,0,0,0,0,14,13,0
80366,1,1,1994,0,0,0,0,0,0,0,0,0,0
80367,0,1,1994,25,0,16,21,17,0,0,0,35,8
80367,1,1,1994,0,0,0,0,0,0,0,0,14,0
80368,0,1,1994,0,0,0,0,0,0,0,0,0,0
80368,1,1,1994,0,0,0,0,0,0,0,0,0,0
80369,1,1,1994,21,21,21,21,21,21,21,21,21,21
80370,1,1,1994,23,23,23,23,23,23,23,23,23,23
80371,0,1,1994,12,12,12,12,12,12,12,12,12,12
80371,1,1,1994,1,1,1,1,1,1,1,1,1,1
80372,0,1,1994,0,0,0,0,0,0,0,0,0,0
80372,1,1,1994,0,0,0,0,0,0,0,0,0,0
80373,1,1,1994,17,17,17,17,17,17,17,17,17,17
80374,1,1,1994,0,0,0,0,0,0,0,0,0,0
80375,1,1,1994,43,4,9,13,17,21,16,0,10,6
80376,1,1,1994,0,0,0,0,0,0,0,0,0,0
80376,2,1,1994,0,0,0,0,0,0,0,0,0,0
80377,1,1,1994,0,0,0,0,0,0,0,0,0,0
80377,2,1,1994,0,0,0,0,0,0,0,0,0,0
80378,1,1,1994,24,24,24,24,24,24,24,24,24,24
80379,0,1,1994,33,33,33,33,33,33,33,33,33,33
80379,1,1,1994,0,0,0,0,0,0,0,16,0,0
80380,1,1,1994,25,25,25,25,25,25,25,25,25,25
80381,1,1,1994,0,0,0,0,0,0,0,0,0,0
80381,2,1,1994,0,0,0,0,0,0,0,0,0,0
80382,1,1,1994,23,23,23,23,23,23,23,23,23,23
80383,1,1,1994,17,17,17,17,17,17,17,17,17,17
80384,0,1,1994,0,0,0,0,0,0,0,0,0,0
80384,1,1,1994,0,0,0,0,0,0,0,0,0,0
80385,1,1,1994,0,0,0,0,0,0,0,0,0,0
80386,1,1,1994,0,0,0,0,0,0,0,0,0,0
80386,2,1,1994,0,0,0,0,0,0,0,0,0,0
80387,1,1,1994,14,14,14,14,14,14,14,14,14,14
80387,2,1,1994,0,0,20,0,0,0,0,0,0,0
80387,3,1,1994,0,0,0,0,0,0,0,13,0,0
80388,0,1,1994,23,23,23,23,23,23,23,23,23,23
80388,1,1,1994,0,0,0,0,0,0,0,0,0,0
80389,1,1,1994,0,0,0,0,0,0,0,0,0,0
80390,1,1,1994,0,0,0,0,0,0,0,0,0,0
80390,2,1,1994,0,0,0,0,0,0,0,0,0,0
80392,1,1,1994,0,0,0,0,0,0,0,0,0,0
80392,2,1,1994,0,0,0,0,0,0,0,0,0,0
80393,1,1,1994,0,0,0,0,0,0,0,0,0,0
80393,2,1,1994,0,0,0,0,0,0,0,0,0,0
80394,0,1,1994,0,0,0,0,0,0,0,0,0,0
80394,1,1,1994,0,0,0,0,0,0,0,0,0,0
80395,1,1,1994,20,20,20,20,20,20,20,20,20,20
80396,1,1,1994,0,0,0,0,0,0,0,0,0,0
80396,2,1,1994,0,0,0,0,0,0,0,0,0,0
80397,1,1,1994,0,0,0,0,0,0,0,0,0,0
80398,1,1,1994,0,0,0,0,0,0,0,0,0,0
80398,2,1,1994,0,0,0,0,0,0,0,0,0,0
80398,3,1,1994,0,0,0,0,0,0,0,0,0,0
80399,1,1,1994,0,0,0,0,0,0,0,0,0,0
80399,2,1,1994,0,0,0,0,0,0,0,0,0,0
80400,2,1,1994,17,17,17,17,17,17,17,17,17,17
80401,0,1,1994,0,0,0,0,0,0,0,0,0,0
80401,1,1,1994,0,0,0,0,0,0,0,0,0,0
80402,1,1,1994,21,21,21,21,21,21,21,21,21,21
80402,2,1,1994,0,0,0,0,0,0,0,0,0,0
80402,3,1,1994,0,0,0,0,0,0,0,0,0,0
80403,0,1,1994,0,0,0,0,0,0,0,0,0,0
80403,1,1,1994,24,24,24,24,24,24,24,24,24,24
80404,2,1,1994,0,20,0,0,0,0,0,0,0,0
80405,0,1,1994,0,6,0,0,0,0,0,0,0,14
80405,1,1,1994,0,0,0,0,0,0,0,0,0,0
80406,1,1,1994,0,0,0,0,0,0,0,0,0,0
80407,0,1,1994,22,26,29,0,0,0,0,0,0,0
80407,1,1,1994,0,0,0,0,0,0,0,0,0,0
80407,2,1,1994,2,2,2,2,2,2,2,2,2,2
80408,1,1,1994,0,0,0,0,0,0,0,0,0,0
80408,2,1,1994,0,0,0,0,0,0,0,0,0,0
80408,3,1,1994,0,0,0,0,0,0,0,0,0,0
80408,4,1,1994,0,0,0,0,0,0,0,0,0,0
80409,1,1,1994,0,0,0,0,0,0,0,0,0,0
80409,2,1,1994,1,1,1,1,1,1,1,1,1,1
80410,1,1,1994,0,0,0,0,0,0,0,0,0,0
80410,2,1,1994,0,0,0,0,0,0,0,0,0,0
80411,1,1,1994,0,0,0,0,0,0,0,0,0,0
80412,1,1,1994,32,32,32,32,32,32,32,32,32,32
80412,2,1,1994,0,0,0,0,0,0,0,0,0,0
80413,1,1,1994,25,25,25,25,25,25,25,25,25,25
80414,0,1,1994,15,15,15,15,15,15,15,15,15,15
80414,1,1,1994,0,0,0,0,0,0,0,0,0,0
80414,2,1,1994,0,0,0,0,0,0,0,0,0,0
80414,3,1,1994,0,0,0,15,20,0,20,0,0,0
80415,1,1,1994,37,37,37,37,37,37,37,37,37,37
80416,1,1,1994,16,16,16,16,16,16,16,16,16,16
80417,1,1,1994,0,0,0,0,0,0,0,0,0,0
80418,1,1,1994,20,20,20,20,20,20,20,20,20,20
80419,1,1,1994,0,0,0,0,0,0,0,0,0,0
80420,1,1,1994,5,5,5,5,5,5,5,5,5,5
80421,1,1,1994,0,0,0,0,0,0,0,0,0,0
80421,2,1,1994,0,0,0,0,0,0,15,0,0,0
80422,1,1,1994,0,0,0,0,0,0,0,0,0,0
80422,2,1,1994,0,0,0,0,0,0,0,0,0,0
80423,1,1,1994,12,12,12,12,12,12,12,12,12,12
80424,1,1,1994,0,0,0,0,0,0,0,0,0,0
80424,2,1,1994,0,0,0,0,0,0,0,0,0,0
80425,1,1,1994,0,0,0,0,0,0,0,0,0,0
80426,1,1,1994,0,0,0,0,0,0,0,0,0,0
80427,1,1,1994,0,0,0,0,0,0,0,0,0,0
80428,1,1,1994,26,26,26,26,26,26,26,26,26,26
80429,1,1,1994,10,10,10,10,10,10,10,10,10,10
80429,2,1,1994,0,0,0,0,0,0,0,0,0,0
80430,1,1,1994,12,12,12,12,12,12,12,12,12,12
80431,1,1,1994,2,2,2,2,2,2,2,2,2,2
80432,1,1,1994,0,0,0,0,0,0,0,0,0,0
80432,2,1,1994,0,0,0,10,18,0,0,0,5,2
80433,1,1,1994,0,0,0,0,0,0,0,0,0,0
80434,1,1,1994,0,0,0,0,0,0,0,0,0,0
80435,1,1,1994,0,0,0,0,0,0,0,0,9,0
80436,0,1,1994,0,0,0,0,0,0,0,0,0,0
80436,1,1,1994,0,0,0,0,0,0,0,0,0,0
80437,1,1,1994,15,15,15,15,15,15,15,15,15,15
80438,1,1,1994,0,0,0,0,0,0,0,0,0,0
80438,2,1,1994,0,0,0,0,0,0,0,0,0,0
80439,1,1,1994,1,1,1,1,1,1,1,1,1,1
80440,1,1,1994,11,11,11,11,11,11,11,11,11,11
80441,1,1,1994,0,0,0,0,0,0,0,0,0,0
80441,2,1,1994,0,0,10,0,0,0,0,0,0,0
80441,3,1,1994,0,0,0,0,0,0,0,0,0,0
80442,1,1,1994,0,0,0,0,0,0,0,0,0,0
80443,0,1,1994,0,0,0,0,0,0,0,0,0,0
80443,1,1,1994,0,0,0,0,0,0,0,0,0,0
80444,1,1,1994,0,0,0,0,0,0,0,0,0,0
80444,2,1,1994,0,0,0,0,0,0,0,0,0,0
80445,1,1,1994,10,0,0,0,0,0,0,0,0,0
80445,2,1,1994,0,0,0,0,0,0,0,0,0,0
80446,1,1,1994,29,29,29,29,29,29,29,29,29,29
80446,2,1,1994,0,0,0,0,0,0,0,0,0,0
80447,1,1,1994,2,2,2,2,2,2,2,2,2,2
80448,1,1,1994,0,0,0,0,0,0,0,0,0,0
80449,1,1,1994,27,27,27,27,27,27,27,27,27,27
80450,1,1,1994,6,6,6,6,6,6,6,6,6,6
80451,1,1,1994,0,0,0,0,0,0,0,0,0,0
80452,1,1,1994,0,0,0,0,0,0,0,0,0,0
80452,2,1,1994,17,17,17,17,17,17,17,17,17,17
80453,1,1,1994,5,5,5,5,5,5,5,5,5,5
80454,1,1,1994,19,19,19,19,19,19,19,19,19,19
80455,1,1,1994,0,0,0,0,0,0,0,0,0,0
80455,2,1,1994,0,0,0,0,0,0,0,0,0,0
80456,1,1,1994,0,0,0,0,0,0,0,0,0,0
80457,0,1,1994,0,0,0,0,0,0,0,0,0,0
80457,1,1,1994,0,0,0,0,0,0,0,0,0,0
80458,1,1,1994,1,1,1,1,1,1,1,1,1,1
80458,2,1,1994,0,0,0,0,0,0,0,0,0,0
80459,1,1,1994,4,4,4,4,4,4,4,4,4,4
80460,1,1,1994,0,0,0,0,0,0,0,0,0,0
80461,1,1,1994,0,0,0,0,0,0,0,0,0,0
80461,2,1,1994,0,0,0,0,0,0,0,0,0,0
80462,0,1,1994,0,0,0,0,0,0,0,0,0,0
80462,1,1,1994,0,0,0,0,6,0,0,0,0,0
80463,1,1,1994,0,14,0,0,10,0,0,0,0,0
80463,2,1,1994,0,0,0,0,0,0,0,0,0,0
80464,1,1,1994,0,0,0,0,0,0,0,0,0,0
80464,2,1,1994,0,0,0,0,0,0,0,0,0,0
80465,1,1,1994,33,33,33,33,33,33,33,33,33,33
80466,1,1,1994,0,0,0,0,0,0,0,0,0,0
80466,2,1,1994,0,0,0,0,0,0,0,0,0,0
80467,1,1,1994,22,22,22,22,22,22,22,22,22,22
80467,2,1,1994,0,0,0,0,0,0,0,7,0,0
80467,3,1,1994,0,0,0,0,0,0,0,0,0,0
80467,4,1,1994,0,0,0,2,13,0,8,0,0,0
80468,1,1,1994,0,0,0,0,0,0,0,0,0,0
80469,1,1,1994,0,0,0,0,0,0,0,0,0,0
80470,1,1,1994,11,11,11,11,11,11,11,11,11,11
80471,1,1,1994,0,0,0,0,0,0,0,0,0,0
80471,2,1,1994,0,0,0,0,0,0,0,0,0,0
80472,1,1,1994,0,25,0,0,0,0,0,0,0,0
80473,1,1,1994,14,14,14,14,14,14,14,14,14,14
80474,0,1,1994,33,33,33,33,33,33,33,33,33,33
80474,1,1,1994,7,7,7,7,7,7,7,7,7,7
80475,1,1,1994,18,18,18,18,18,18,18,18,18,18
80476,0,1,1994,0,0,0,0,0,0,0,0,0,0
80476,1,1,1994,0,0,0,0,0,0,0,0,0,0
80477,1,1,1994,9,9,9,9,9,9,9,9,9,9
80478,1,1,1994,19,19,19,19,19,19,19,19,19,19
80478,2,1,1994,0,0,0,0,0,0,0,0,0,0
80478,3,1,1994,0,0,0,0,0,0,0,0,0,0
80479,1,1,1994,21,21,21,21,21,21,21,21,21,21
80480,1,1,1994,1,1,1,1,1,1,1,1,1,1
80480,2,1,1994,0,0,0,0,10,0,0,0,0,0
80480,3,1,1994,0,0,0,0,0,0,0,0,0,0
80481,1,1,1994,8,8,8,8,8,8,8,8,8,8
80481,2,1,1994,0,0,0,0,0,0,0,0,0,0
80482,0,1,1994,0,0,0,0,0,0,0,0,0,0
80482,0,2,1994,0,0,20,1,0,12,5,5,11,21
80482,1,1,1994,0,4,0,9,26,2,14,0,14,0