ST_CASE,VEH_NO,PER_NO,YEAR,P1,P2,P3,P4,P5,P6,P7,P8,P9,P10
90247,2,1,1994,9,9,9,9,9,9,9,9,9,9
90248,1,1,1994,0,0,0,0,0,0,0,0,0,0
90249,1,1,1994,0,27,0,0,0,0,0,0,0,0
90249,2,1,1994,17,17,17,17,17,17,17,17,17,17
90250,1,1,1994,0,0,0,0,19,22,0,0,0,0
90251,1,1,1994,0,0,0,7,15,0,0,0,0,5
90251,2,1,1994,0,0,0,0,18,0,19,0,0,18
90251,3,1,1994,0,0,0,0,0,10,0,0,0,0
90252,1,1,1994,0,0,0,0,0,0,0,0,0,0
90252,2,1,1994,0,0,0,0,0,0,0,0,0,0
90253,0,1,1994,0,0,0,0,0,0,0,0,0,0
90253,1,1,1994,0,0,0,0,0,26,0,0,0,0
90254,0,1,1994,0,0,0,0,0,0,0,0,0,0
90254,1,1,1994,10,0,18,21,5,0,0,0,0,0
90254,2,1,1994,0,0,0,0,0,0,0,0,0,0
90255,1,1,1994,0,0,28,0,0,0,12,0,0,24
90255,2,1,1994,0,0,0,0,0,0,0,0,0,0
90256,1,1,1994,0,0,0,0,0,0,0,0,0,0
90256,2,1,1994,0,0,0,0,0,0,0,0,0,0
90257,0,1,1994,0,0,0,0,0,0,0,0,0,0
90257,1,1,1994,0,0,0,0,0,0,0,0,0,0
90258,0,1,1994,0,0,0,0,0,0,0,0,0,0
90258,1,1,1994,0,0,0,0,0,0,0,0,0,0
90259,1,1,1994,41,41,41,41,41,41,41,41,41,41
90260,1,1,1994,0,0,0,0,0,0,0,0,0,0
90260,2,1,1994,0,0,0,0,0,0,0,0,0,0
90261,1,1,1994,0,0,0,0,0,0,0,0,0,0
90262,0,1,1994,0,0,0,0,0,0,0,0,0,0
90262,1,1,1994,0,0,0,0,0,0,0,0,0,0
90262,2,1,1994,0,0,0,0,0,0,0,0,0,0
90263,0,1,1994,0,0,0,0,0,0,0,0,0,0
90263,1,1,1994,0,0,0,0,0,13,7,4,0,0
90264,0,1,1994,0,0,0,0,0,0,0,0,0,0
90264,1,1,1994,0,0,0,0,0,0,0,0,0,0
90265,1,1,1994,0,0,0,0,0,17,0,17,0,11
90265,2,1,1994,11,11,11,11,11,11,11,11,11,11
90266,0,1,1994,0,0,0,0,0,0,0,0,0,0
90266,1,1,1994,0,0,0,0,0,0,0,0,0,0
90267,0,1,1994,20,19,16,20,6,9,2,7,7,11
90267,1,1,1994,19,17,0,0,0,0,0,0,0,0
90268,0,1,1994,0,0,0,0,0,0,0,0,0,0
90268,1,1,1994,0,0,0,0,0,0,0,0,0,0
90269,1,1,1994,0,0,0,0,0,0,0,0,0,0
90270,0,1,1994,0,0,0,0,0,0,0,0,0,0
90270,1,1,1994,26,0,19,0,10,0,0,0,13,0
90271,1,1,1994,19,19,19,19,19,19,19,19,19,19
90272,0,1,1994,0,0,0,0,0,0,0,0,0,0
90272,1,1,1994,7,31,0,0,0,0,0,0,0,21
90273,0,1,1994,28,28,28,28,28,28,28,28,28,28
90273,1,1,1994,27,0,12,5,15,18,4,0,23,13
90273,2,1,1994,8,0,40,0,0,25,0,18,0,26
90274,1,1,1994,0,0,0,0,0,0,0,0,0,0
90274,2,1,1994,0,0,0,0,0,0,0,0,0,18
90275,0,1,1994,11,11,11,11,11,11,11,11,11,11
90275,1,1,1994,0,0,0,0,0,0,0,0,0,0
90276,1,1,1994,0,0,0,0,0,0,0,0,0,0
90276,2,1,1994,0,0,0,0,0,0,0,0,0,0
90277,0,1,1994,14,50,20,10,6,6,17,0,7,9
90277,2,1,1994,8,24,12,13,0,19,10,11,8,11
90277,3,1,1994,0,19,22,12,17,22,21,20,18,0
90278,1,1,1994,27,27,27,27,27,27,27,27,27,27
90279,0,1,1994,23,23,23,23,23,23,23,23,23,23
90279,1,1,1994,0,0,0,10,0,0,0,0,0,0
90280,1,1,1994,0,0,0,0,0,0,0,0,0,0
90280,2,1,1994,32,32,32,32,32,32,32,32,32,32
90281,1,1,1994,21,16,17,16,5,11,12,0,16,0
90281,2,1,1994,21,15,0,12,18,9,22,16,8,0
90281,3,1,1994,0,7,7,10,0,10,0,26,0,9
90282,1,1,1994,0,0,0,0,0,0,0,0,0,0
90282,2,1,1994,0,0,0,0,0,0,0,0,26,0
90283,1,1,1994,0,16,18,0,7,17,13,20,0,0
90284,1,1,1994,0,0,0,0,0,0,0,0,0,0
90284,2,1,1994,0,0,0,0,0,0,0,25,0,0
90285,1,1,1994,13,13,13,13,13,13,13,13,13,13
90286,1,1,1994,18,23,26,21,20,13,24,26,8,22
90287,1,1,1994,0,0,0,0,0,0,0,0,0,0
90287,2,1,1994,0,0,0,0,4,0,0,0,0,0
90288,0,1,1994,24,24,24,24,24,24,24,24,24,24
90288,1,1,1994,10,0,2,0,0,0,0,0,0,0
90289,0,1,1994,0,0,0,0,0,0,0,0,0,0
90289,1,1,1994,0,0,0,0,0,0,0,0,0,0
90290,0,1,1994,19,11,17,17,23,10,16,19,0,15
90290,1,1,1994,26,28,0,13,21,13,12,12,13,20
90290,2,1,1994,12,12,12,12,12,12,12,12,12,12
100001,1,1,1994,0,0,0,0,0,0,0,0,0,0
100001,2,1,1994,0,0,0,0,0,0,0,0,0,0
100002,1,1,1994,0,0,0,0,0,0,0,0,0,0
100003,0,1,1994,23,23,23,23,23,23,23,23,23,23
100003,1,1,1994,5,5,5,5,5,5,5,5,5,5
100004,1,1,1994,0,0,0,0,0,29,0,0,0,0
100004,2,1,1994,0,0,0,0,0,0,0,0,0,0
100005,1,1,1994,0,0,0,0,0,0,0,0,0,0
100005,2,1,1994,0,0,0,0,0,0,0,0,0,0
100006,1,1,1994,0,0,0,0,0,0,0,0,0,0
100007,1,1,1994,12,12,12,12,12,12,12,12,12,12
100007,2,1,1994,0,0,0,0,0,0,0,0,0,0
100008,1,1,1994,0,0,0,0,0,0,0,0,0,0
100008,2,1,1994,0,0,0,0,0,0,0,0,0,0
100008,3,1,1994,0,0,0,0,0,0,0,0,0,0
100009,1,1,1994,15,15,15,15,15,15,15,15,15,15
100010,1,1,1994,0,0,0,0,0,0,0,0,0,0
100011,1,1,1994,0,0,0,0,0,0,0,0,0,0
100011,2,1,1994,0,0,0,0,0,0,0,0,0,0
100012,1,1,1994,0,0,0,0,0,0,0,0,0,0
100012,2,1,1994,11,11,11,11,11,11,11,11,11,11
100013,1,1,1994,21,21,21,21,21,21,21,21,21,21
100013,2,1,1994,0,0,0,0,0,0,0,0,0,0
100014,1,1,1994,6,6,6,6,6,6,6,6,6,6
100014,2,1,1994,0,0,0,0,0,0,0,0,0,0
100015,0,1,1994,0,0,0,0,0,0,0,0,0,0
100015,1,1,1994,0,0,0,0,0,0,0,0,0,0
100016,1,1,1994,13,13,13,13,13,13,13,13,13,13
100017,0,1,1994,0,0,0,0,0,0,0,0,0,0
100017,1,1,1994,0,0,0,0,0,0,0,0,0,0
100018,1,1,1994,16,16,14,21,6,11,8,6,11,0
100018,2,1,1994,0,0,0,0,0,0,0,0,0,0
100019,0,1,1994,28,28,28,28,28,28,28,28,28,28
100019,1,1,1994,0,0,0,0,0,0,0,0,0,0
100020,1,1,1994,18,18,18,18,18,18,18,18,18,18
100020,2,1,1994,0,0,11,17,16,0,0,0,0,0
100021,1,1,1994,1,1,1,1,1,1,1,1,1,1
100022,1,1,1994,0,0,0,0,0,0,0,0,0,0
100022,2,1,1994,0,0,0,0,0,0,0,0,0,0
100023,1,1,1994,2,2,2,2,2,2,2,2,2,2
100023,2,1,1994,0,0,0,0,0,0,0,0,0,0
100024,1,1,1994,0,14,0,0,0,0,0,0,0,20
100024,2,1,1994,0,0,0,0,0,0,0,0,0,0
100024,3,1,1994,0,0,0,0,0,0,0,0,0,0
100025,1,1,1994,19,19,19,19,19,19,19,19,19,19
100026,1,1,1994,15,15,15,15,15,15,15,15,15,15
100027,1,1,1994,0,0,0,0,0,0,0,0,0,0
100028,0,1,1994,0,0,0,0,0,0,0,0,0,0
100028,1,1,1994,0,0,0,0,0,0,0,0,0,0
100029,1,1,1994,0,0,0,0,0,0,0,0,17,0
100029,2,1,1994,0,0,0,0,0,0,0,0,0,0
100030,0,1,1994,22,22,22,22,22,22,22,22,22,22
100030,1,1,1994,0,0,0,0,0,11,0,21,0,18
100031,1,1,1994,0,0,0,0,0,0,0,0,0,0
100031,2,1,1994,0,0,0,7,0,0,0,0,0,0
100032,1,1,1994,0,0,0,0,0,0,0,0,0,0
100032,2,1,1994,0,0,0,0,0,0,0,0,0,0
100033,1,1,1994,20,20,20,20,20,20,20,20,20,20
100034,1,1,1994,0,0,0,0,0,0,0,0,0,0
100034,2,1,1994,0,0,0,0,0,0,0,0,0,0
100035,1,1,1994,0,0,0,0,0,0,0,0,0,0
100035,2,1,1994,0,0,0,0,0,0,0,0,0,0
100036,1,1,1994,16,16,16,16,16,16,16,16,16,16
100037,1,1,1994,19,19,19,19,19,19,19,19,19,19
100037,2,1,1994,0,0,0,0,0,0,18,0,0,0
100038,1,1,1994,28,28,28,28,28,28,28,28,28,28
100039,1,1,1994,0,0,0,0,0,0,0,0,0,0
100040,1,1,1994,9,9,9,9,9,9,9,9,9,9
100041,1,1,1994,17,17,17,17,17,17,17,17,17,17
100041,2,1,1994,0,0,0,0,0,0,0,0,0,0
100042,1,1,1994,0,0,0,11,0,0,0,18,0,0
100042,2,1,1994,0,0,0,0,0,0,0,0,0,0
100043,1,1,1994,0,0,0,0,0,0,0,0,0,0
100043,2,1,1994,0,0,0,0,0,0,0,0,0,0
100044,1,1,1994,0,0,0,0,0,0,0,0,0,0
100044,2,1,1994,0,0,0,0,0,0,0,0,0,0
100045,1,1,1994,27,27,27,27,27,27,27,27,27,27
100046,1,1,1994,36,36,36,36,36,36,36,36,36,36
100047,1,1,1994,0,0,0,0,0,0,0,0,0,0
100047,2,1,1994,0,0,0,0,0,0,0,0,0,0
100048,0,1,1994,0,0,0,0,0,0,0,0,0,0
100048,1,1,1994,17,38,28,6,16,26,12,26,0,11
100049,1,1,1994,18,18,18,18,18,18,18,18,18,18
100050,1,1,1994,0,0,0,0,0,0,0,0,0,0
100051,1,1,1994,0,0,0,0,0,0,0,0,0,0
100051,2,1,1994,0,0,0,0,0,0,0,0,0,0
100052,1,1,1994,0,0,0,0,0,0,0,0,0,0
100052,2,1,1994,0,0,0,0,0,0,0,0,0,0
100053,1,1,1994,0,0,0,0,0,0,0,0,0,0
100053,2,1,1994,0,0,0,0,0,0,0,0,0,0
100053,3,1,1994,0,0,0,0,0,0,0,0,0,0
100054,1,1,1994,28,20,15,24,0,21,30,0,0,0
100055,1,1,1994,0,0,0,0,0,0,0,0,0,0
100055,2,1,1994,0,0,0,0,0,0,0,0,0,0
100055,3,1,1994,0,0,0,0,0,0,0,0,0,0
100056,1,1,1994,18,18,18,18,18,18,18,18,18,18
100057,1,1,1994,0,0,0,0,0,0,0,0,0,0
100057,2,1,1994,0,0,0,0,0,0,0,0,0,0
100058,0,1,1994,15,15,15,15,15,15,15,15,15,15
100058,1,1,1994,0,0,0,0,0,0,0,0,0,0
100059,0,1,1994,13,13,13,13,13,13,13,13,13,13
100059,1,1,1994,0,0,0,0,0,0,0,0,0,0
100060,1,1,1994,27,27,27,27,27,27,27,27,27,27
100060,2,1,1994,0,0,0,0,0,0,0,0,0,0
100061,1,1,1994,0,0,0,0,0,0,0,0,0,0
100062,1,2,1994,13,13,13,13,13,13,13,13,13,13
100062,2,1,1994,0,0,0,0,0,0,0,0,0,0
100063,1,1,1994,0,0,0,0,0,0,0,0,0,0
100063,2,1,1994,0,0,0,0,0,0,0,0,0,0
100064,1,1,1994,9,9,9,9,9,9,9,9,9,9
100065,1,1,1994,0,0,0,0,0,0,0,0,0,0
100065,2,1,1994,14,14,14,14,14,14,14,14,14,14
100065,3,1,1994,21,0,0,0,0,0,0,0,0,0
100065,4,1,1994,0,0,0,0,0,0,0,0,0,0
100065,5,1,1994,0,15,0,0,0,0,0,0,0,0
100065,6,1,1994,0,0,0,0,0,0,0,0,0,0
100066,0,1,1994,0,0,0,0,0,0,0,0,0,0
100066,1,1,1994,0,0,0,0,0,0,0,0,0,0
100067,1,1,1994,6,14,3,13,21,8,8,18,5,20
100068,1,1,1994,31,31,31,31,31,31,31,31,31,31
100069,1,1,1994,0,0,0,0,0,0,0,0,0,0
100069,2,1,1994,15,15,15,15,15,15,15,15,15,15
100070,0,1,1994,0,0,0,0,0,0,0,0,0,0
100070,1,1,1994,0,0,0,0,0,0,0,0,0,0
100071,1,1,1994,17,17,17,17,17,17,17,17,17,17
100072,0,1,1994,18,18,18,18,18,18,18,18,18,18
100072,1,1,1994,0,0,21,27,7,0,0,0,0,11
100073,1,1,1994,13,13,13,13,13,13,13,13,13,13
100074,1,1,1994,1,1,1,1,1,1,1,1,1,1
100075,1,1,1994,0,0,0,0,0,0,0,0,0,0
100075,2,1,1994,0,0,0,0,0,0,0,0,0,0
100075,3,1,1994,0,0,4,0,0,0,0,0,16,0
100076,1,1,1994,3,3,3,3,3,3,3,3,3,3
100077,1,1,1994,0,0,0,0,0,0,0,0,0,0
100078,1,1,1994,18,11,0,12,15,0,0,22,6,0
100079,1,1,1994,0,0,0,0,0,0,0,0,0,0
100079,2,1,1994,0,0,0,0,0,0,0,0,0,0
100080,0,1,1994,13,13,13,13,13,13,13,13,13,13
100080,1,1,1994,0,0,0,0,0,0,0,0,0,0
100081,1,1,1994,0,13,11,25,15,20,0,16,0,0
100082,1,1,1994,2,2,2,2,2,2,2,2,2,2
100082,2,1,1994,8,8,8,8,8,8,8,8,8,8
100083,1,1,1994,10,10,10,10,10,10,10,10,10,10
100083,2,1,1994,0,0,0,0,0,0,0,0,0,0
100083,3,1,1994,0,0,0,0,0,0,0,0,0,0
100083,4,1,1994,0,0,0,0,0,0,0,0,0,0
100084,1,1,1994,24,24,24,24,24,24,24,24,24,24
100085,1,1,1994,0,0,0,0,0,0,0,0,0,0
100086,0,1,1994,0,0,0,0,0,0,0,0,0,0
100086,1,1,1994,0,0,0,0,0,0,0,0,0,0
100086,2,1,1994,0,0,0,0,0,0,0,0,0,0
100087,1,1,1994,16,16,16,16,16,16,16,16,16,16
100088,0,1,1994,0,0,0,0,0,0,0,0,0,0
100088,1,1,1994,0,0,0,0,0,0,0,0,0,0
100089,1,1,1994,20,20,20,20,20,20,20,20,20,20
100090,1,1,1994,0,0,0,0,0,0,0,0,0,0
100090,2,1,1994,0,0,0,0,0,0,0,0,0,0
100091,1,1,1994,0,0,0,0,0,0,0,0,0,0
100091,2,1,1994,2,2,2,2,2,2,2,2,2,2
100092,1,1,1994,25,25,25,25,25,25,25,25,25,25
100092,2,1,1994,22,22,22,22,22,22,22,22,22,22
100093,0,1,1994,0,0,0,0,0,0,0,0,0,0
100093,1,1,1994,9,10,0,0,0,0,0,8,0,0
100094,1,1,1994,0,0,0,0,0,0,0,0,0,0
100094,2,1,1994,0,0,0,0,0,0,0,0,0,0
100095,1,1,1994,0,0,0,0,0,0,0,0,0,0
100096,0,1,1994,0,0,0,0,0,0,0,0,0,0
100096,1,1,1994,0,0,0,0,0,0,0,0,0,0
100097,0,1,1994,3,3,3,3,3,3,3,3,3,3
100097,0,2,1994,3,3,3,3,3,3,3,3,3,3
100097,1,1,1994,0,0,0,0,0,0,0,0,0,0
100098,0,1,1994,0,0,0,0,0,0,0,0,0,0
100098,1,1,1994,0,0,0,0,0,0,0,0,0,0
100098,2,1,1994,0,0,0,0,0,0,0,0,0,0
100099,1,1,1994,0,0,0,0,0,0,0,0,0,0
100099,2,1,1994,15,15,15,15,15,15,15,15,15,15
100100,1,1,1994,0,0,0,0,0,0,0,0,0,0
100100,2,1,1994,0,0,0,0,0,0,0,0,0,0
100101,0,1,1994,21,21,21,21,21,21,21,21,21,21
100101,1,1,1994,0,0,0,0,0,0,0,0,0,0
100101,2,1,1994,0,0,0,0,0,5,0,0,0,0
100102,0,1,1994,6,6,6,6,6,6,6,6,6,6
100102,1,1,1994,8,8,8,8,8,8,8,8,8,8
100103,0,1,1994,24,24,24,24,24,24,24,24,24,24
100103,1,1,1994,0,0,0,0,0,0,0,0,0,0
100104,1,1,1994,30,30,30,30,30,30,30,30,30,30
100104,2,1,1994,0,0,0,0,0,0,0,0,0,0
100105,0,1,1994,0,0,0,0,0,0,0,0,0,0
100105,1,1,1994,0,0,0,0,0,0,0,0,0,0
110001,1,1,1994,0,0,0,0,0,0,0,0,0,0
110002,0,1,1994,19,0,24,0,17,17,10,21,32,0
110002,1,1,1994,0,0,0,0,0,0,0,0,0,0
110003,1,1,1994,0,0,0,0,16,0,12,15,25,0
110004,1,1,1994,5,0,0,0,5,17,0,16,19,22
110004,2,1,1994,8,0,8,4,0,21,0,0,18,31
110005,1,1,1994,14,23,11,33,22,49,17,39,21,21
110006,1,1,1994,16,14,18,5,12,9,14,0,12,26
110007,0,1,1994,21,0,0,9,0,13,0,23,26,0
110007,1,1,1994,0,0,0,0,0,0,0,0,0,0
110008,0,1,1994,19,0,0,11,29,20,0,0,0,8
110008,1,1,1994,0,0,0,0,0,0,0,0,0,0
110009,1,1,1994,11,0,26,0,0,0,0,0,17,7
110010,1,1,1994,0,0,0,0,0,7,0,0,0,0
110011,1,1,1994,7,7,0,0,0,0,12,0,13,8
110012,0,1,1994,0,0,0,0,0,0,0,0,0,0
110012,1,1,1994,0,0,0,0,0,18,14,0,0,0
110013,1,1,1994,0,0,0,0,0,6,0,0,22,0
110014,0,1,1994,19,0,0,0,16,0,26,0,0,0
110014,1,1,1994,0,0,0,0,0,0,0,0,0,0
110015,0,1,1994,0,0,0,0,13,0,0,0,0,0
110015,1,1,1994,0,0,20,0,0,0,0,0,0,0
110016,0,1,1994,0,0,0,0,0,0,0,0,0,0
110016,1,1,1994,0,0,0,0,0,0,0,0,0,0
110017,1,1,1994,0,0,0,0,0,0,0,0,0,0
110017,2,1,1994,0,0,7,6,0,0,15,0,0,0
110018,1,1,1994,0,0,0,14,0,0,0,32,0,34
110019,0,1,1994,0,0,0,0,0,0,0,0,0,0
110019,0,2,1994,0,0,0,0,0,0,0,0,0,0
110019,1,1,1994,0,9,13,0,0,0,26,0,0,0
110020,1,1,1994,0,0,0,0,0,6,0,0,0,0
110021,1,1,1994,0,0,0,0,0,13,0,0,0,20
110021,2,1,1994,0,22,0,11,0,0,0,0,0,0
110022,1,1,1994,0,10,12,0,15,11,13,17,15,0
110023,1,1,1994,0,0,0,24,0,0,0,0,0,0
110024,1,1,1994,0,0,0,0,0,0,0,0,0,0
110024,2,1,1994,0,0,0,0,0,0,0,0,0,0
110026,1,1,1994,0,0,22,17,0,0,0,0,0,7
110026,2,1,1994,0,7,28,0,0,0,0,0,5,0
110026,3,1,1994,0,0,16,0,0,0,0,5,0,0
110027,1,1,1994,29,11,24,27,24,0,18,16,17,10
110028,1,1,1994,6,0,18,11,0,0,9,6,0,13
110029,1,1,1994,0,0,0,9,0,0,21,0,0,0
110030,1,1,1994,0,0,43,0,0,0,0,11,0,0
110031,1,1,1994,7,18,22,23,14,18,12,17,30,21
110032,1,1,1994,31,18,14,19,23,16,24,28,15,28
110033,0,1,1994,24,26,39,24,19,12,45,26,22,13
110033,1,1,1994,14,14,14,14,14,14,14,14,14,14
110034,0,1,1994,0,0,0,0,0,0,0,0,0,0
110034,1,1,1994,0,0,0,0,0,0,0,0,0,0
110035,1,1,1994,3,18,0,0,0,12,0,8,13,0
110035,2,1,1994,18,0,33,20,10,9,17,20,0,4
110036,0,1,1994,28,0,8,0,17,0,0,0,0,0
110036,1,1,1994,0,0,0,0,0,0,0,12,0,0
110037,1,1,1994,11,0,12,0,0,0,0,0,0,0
110038,1,1,1994,8,23,0,0,0,0,17,0,0,0
110039,0,1,1994,0,0,0,0,0,19,0,0,0,14
110039,1,1,1994,0,0,0,0,0,0,0,0,0,0
110040,1,1,1994,15,21,15,17,0,8,24,8,16,18
110040,2,1,1994,0,13,25,0,0,0,0,0,0,0
110041,0,1,1994,0,21,0,0,9,0,0,0,0,0
110041,1,1,1994,0,0,0,0,0,0,0,0,0,0
110042,0,1,1994,25,0,20,36,0,0,41,15,20,26
110042,1,1,1994,0,21,0,5,16,20,0,21,9,0
110043,0,1,1994,11,8,50,14,7,0,4,50,15,31
110043,1,1,1994,25,14,0,17,7,27,0,17,13,22
110044,0,1,1994,20,5,10,0,39,0,28,0,0,0
110044,1,1,1994,2,2,2,2,2,2,2,2,2,2
110045,0,1,1994,0,0,24,0,0,0,19,32,17,0
110045,0,2,1994,0,16,11,0,0,0,0,0,0,0
110045,1,1,1994,0,10,0,0,0,0,0,0,0,0
110045,2,1,1994,0,0,0,0,0,0,0,0,0,0
110045,3,1,1994,0,12,0,0,0,24,13,0,0,0
110046,1,1,1994,0,12,0,0,0,0,0,0,0,0
110046,2,1,1994,18,24,0,0,0,0,0,0,0,0
110048,0,1,1994,17,20,0,0,0,0,0,0,9,0
110048,1,1,1994,0,0,0,12,0,0,0,0,11,0
110049,1,1,1994,0,0,0,17,0,0,0,0,0,0
110049,2,1,1994,0,0,0,0,0,0,0,0,0,0
110050,1,1,1994,0,0,13,0,21,23,21,8,0,14
110050,2,1,1994,12,0,0,0,0,32,0,2,0,34
110051,1,1,1994,11,12,16,12,2,19,10,16,29,15
110052,1,1,1994,0,0,20,17,11,0,9,11,0,22
110052,2,1,1994,0,0,21,0,0,24,0,0,15,15
110053,1,1,1994,0,0,0,0,0,0,0,0,0,0
110053,2,1,1994,20,0,16,16,0,19,19,3,0,16
110054,1,1,1994,0,26,0,18,32,9,5,0,9,21
110055,0,1,1994,0,0,0,8,0,0,0,0,0,0
110055,1,1,1994,0,0,0,0,0,0,0,0,0,0
110056,1,1,1994,14,0,0,0,17,0,0,0,0,0
110056,2,1,1994,0,13,0,0,0,0,0,0,0,0
110057,1,1,1994,11,12,20,17,22,14,19,20,25,14
110057,2,1,1994,0,0,0,0,18,0,0,0,0,0
110058,0,1,1994,0,0,0,0,0,0,0,0,0,0
110058,1,1,1994,0,0,0,0,0,0,0,0,0,0
110059,1,1,1994,0,0,11,0,0,10,0,0,0,0
110060,0,1,1994,20,0,0,19,0,0,16,0,0,0
110060,1,1,1994,7,0,17,0,26,0,37,0,0,19
110061,0,1,1994,0,0,0,0,0,0,0,0,0,0
110061,1,1,1994,0,0,0,0,0,0,0,0,0,0
110062,1,1,1994,28,16,17,22,30,7,25,13,26,29
110063,0,1,1994,0,0,0,5,0,0,0,0,0,0
110063,1,1,1994,0,0,0,0,0,0,0,0,0,0
110064,1,1,1994,0,0,10,17,0,21,19,0,0,0
110064,2,1,1994,0,0,0,2,0,0,0,0,0,0
110065,1,1,1994,9,0,18,0,0,0,0,0,11,0
110066,0,1,1994,0,12,11,0,0,15,0,0,23,0
110066,1,1,1994,0,0,0,0,0,0,0,0,0,0
110067,0,1,1994,0,0,0,0,0,0,0,25,0,0
110067,1,1,1994,0,0,0,0,0,0,0,0,0,0
120001,1,1,1994,0,0,0,0,0,0,0,0,0,0
120001,2,1,1994,0,0,0,0,0,0,0,0,0,0
120002,1,1,1994,15,15,15,15,15,15,15,15,15,15
120003,0,1,1994,19,19,19,19,19,19,19,19,19,19
120003,1,1,1994,0,0,0,0,0,0,0,0,0,0
120004,0,1,1994,10,10,10,10,10,10,10,10,10,10
120004,1,1,1994,0,0,0,0,8,0,37,21,0,0
120005,1,1,1994,10,10,10,10,10,10,10,10,10,10
120006,0,1,1994,0,0,0,0,0,0,0,0,0,0
120006,1,1,1994,0,0,0,0,0,0,0,0,0,0
120007,0,1,1994,0,0,0,0,0,0,0,0,0,0
120007,1,1,1994,0,0,0,0,0,0,0,0,0,0
120008,1,1,1994,0,0,0,0,0,0,0,0,0,0
120008,2,1,1994,0,0,0,0,0,0,15,0,0,0
120009,1,1,1994,0,0,0,0,0,0,0,0,0,0
120009,2,1,1994,0,0,0,0,0,0,0,0,0,0
120010,1,1,1994,8,8,8,8,8,8,8,8,8,8
120011,0,1,1994,0,0,0,0,0,0,0,0,0,0
120011,1,1,1994,13,13,13,13,13,13,13,13,13,13
120012,1,1,1994,0,0,0,0,0,0,0,0,0,0
120012,2,1,1994,0,0,0,0,0,0,0,0,0,0
120013,1,1,1994,20,20,20,20,20,20,20,20,20,20
120013,2,1,1994,5,5,5,5,5,5,5,5,5,5
120014,1,1,1994,0,0,0,0,0,0,0,0,0,0
120015,1,1,1994,11,11,11,11,11,11,11,11,11,11
120016,0,1,1994,0,0,0,0,0,0,0,0,0,0
120016,1,1,1994,0,27,0,0,0,10,32,0,0,0
120017,1,1,1994,0,0,0,0,0,0,0,0,0,0
120018,0,1,1994,1,1,1,1,1,1,1,1,1,1
120019,1,1,1994,0,0,0,0,0,0,0,0,0,0
120019,2,1,1994,0,0,0,0,0,0,0,0,0,0
120020,1,1,1994,0,0,0,0,0,0,0,0,0,0
120021,1,1,1994,25,23,0,0,14,7,0,3,0,17
120022,0,1,1994,0,0,0,0,0,0,0,0,0,0
120022,1,1,1994,0,0,0,0,0,0,0,0,0,0
120023,1,1,1994,0,0,0,0,0,0,0,0,0,0
120023,2,1,1994,14,14,14,14,14,14,14,14,14,14
120024,1,1,1994,27,27,27,27,27,27,27,27,27,27
120025,1,1,1994,14,14,14,14,14,14,14,14,14,14
120025,2,1,1994,0,0,0,0,0,0,0,0,0,22
120026,1,1,1994,0,0,0,0,0,0,0,0,0,0
120027,0,1,1994,0,0,0,0,0,0,0,0,0,0
120027,1,1,1994,0,0,0,0,0,0,0,0,0,0
120028,1,1,1994,12,12,12,12,12,12,12,12,12,12
120028,2,1,1994,0,0,0,0,0,0,0,0,0,0
120029,0,1,1994,18,18,18,18,18,18,18,18,18,18
120029,1,1,1994,0,0,0,0,0,0,0,0,0,0
120030,1,1,1994,0,0,0,0,0,0,0,0,0,0
120030,2,1,1994,0,0,0,0,0,0,0,0,0,0
120031,1,1,1994,0,0,0,0,0,0,0,0,0,0
120031,2,1,1994,10,0,0,0,0,0,0,0,0,0
120032,1,1,1994,24,24,24,24,24,24,24,24,24,24
120033,0,1,1994,0,0,0,0,0,0,0,21,0,0
120033,1,1,1994,0,0,0,0,0,0,0,0,0,0
120034,1,1,1994,0,0,0,0,0,0,0,0,0,0
120034,2,1,1994,0,0,0,0,0,0,0,0,0,0
120035,0,1,1994,13,0,0,0,0,0,0,0,0,0
120035,0,2,1994,19,0,5,0,5,9,0,8,7,0
120035,1,1,1994,0,0,0,0,0,0,0,0,0,0
120036,0,1,1994,30,30,30,30,30,30,30,30,30,30
120036,1,1,1994,0,0,0,0,0,0,0,0,0,0
120037,1,1,1994,19,19,19,19,19,19,19,19,19,19
120038,1,1,1994,21,19,11,0,0,11,0,13,10,0
120039,1,1,1994,0,0,0,31,0,0,18,0,0,0
120040,0,1,1994,0,23,0,0,24,0,0,34,42,11
120040,1,1,1994,0,0,0,0,0,0,0,0,0,0
120041,0,1,1994,0,0,36,28,41,16,28,20,31,29
120041,1,1,1994,3,0,0,0,0,0,0,0,0,0
120042,1,1,1994,25,25,25,25,25,25,25,25,25,25
120043,1,1,1994,0,0,0,0,0,0,0,0,0,0
120043,2,1,1994,0,0,0,0,0,0,0,0,0,0
120044,0,1,1994,0,0,0,0,0,0,0,0,0,0
120044,1,1,1994,0,16,0,0,0,0,0,0,0,0
120045,0,1,1994,0,0,0,11,0,0,0,0,0,20