ST_CASE,VEH_NO,PER_NO,YEAR,P1,P2,P3,P4,P5,P6,P7,P8,P9,P10
120045,0,2,1994,0,0,0,0,0,0,0,29,0,0
120045,1,1,1994,0,0,0,0,0,0,0,0,0,0
120045,2,1,1994,0,0,0,0,0,0,0,10,0,0
120046,1,1,1994,0,0,0,0,0,0,0,0,0,0
120046,2,1,1994,0,0,0,0,0,0,0,0,0,0
120047,1,1,1994,2,2,2,2,2,2,2,2,2,2
120048,1,1,1994,12,0,0,0,20,0,0,0,0,0
120049,1,1,1994,20,0,0,0,0,0,0,0,0,0
120049,2,1,1994,0,0,0,0,0,0,0,0,0,0
120050,1,1,1994,0,0,0,0,0,0,0,0,0,0
120051,1,1,1994,0,0,0,0,0,0,0,0,0,0
120051,2,1,1994,0,0,0,0,0,0,0,0,0,0
120051,3,1,1994,0,0,0,0,0,0,0,0,0,0
120052,0,1,1994,18,18,18,18,18,18,18,18,18,18
120052,1,1,1994,0,0,0,0,0,0,0,0,0,0
120053,1,1,1994,0,0,0,0,0,0,0,0,0,0
120053,2,1,1994,0,0,0,0,0,0,0,0,0,0
120054,1,1,1994,15,15,15,15,15,15,15,15,15,15
120055,1,1,1994,0,0,0,0,0,0,0,0,0,0
120055,2,1,1994,0,0,0,0,0,0,0,0,0,0
120056,0,1,1994,14,18,19,27,32,10,18,16,9,19
120056,1,1,1994,14,10,21,0,0,0,21,0,0,0
120057,1,1,1994,0,0,0,0,0,0,0,0,0,0
120057,2,1,1994,0,0,0,0,0,0,0,0,0,0
120058,1,1,1994,0,0,0,0,0,0,0,0,0,0
120058,2,1,1994,0,0,0,0,0,0,0,0,0,0
120059,0,1,1994,34,34,34,34,34,34,34,34,34,34
120059,1,1,1994,0,0,0,0,0,0,0,0,0,0
120059,2,1,1994,0,0,0,6,14,0,5,0,0,18
120060,1,1,1994,0,0,0,0,0,0,0,0,0,0
120060,2,1,1994,0,0,0,0,0,0,0,0,0,0
120061,1,1,1994,0,0,0,0,0,0,0,0,0,0
120061,2,1,1994,0,0,0,0,0,0,0,0,0,0
120062,1,1,1994,0,0,0,0,0,9,0,0,0,0
120062,2,1,1994,0,0,0,0,0,0,0,0,0,0
120063,1,1,1994,22,22,22,22,22,22,22,22,22,22
120064,1,1,1994,0,11,0,0,0,0,0,0,12,0
120065,1,1,1994,6,6,6,6,6,6,6,6,6,6
120065,2,1,1994,0,0,0,0,0,0,0,0,0,0
120066,1,1,1994,0,0,0,0,0,0,0,0,0,0
120067,1,1,1994,20,20,20,20,20,20,20,20,20,20
120067,2,1,1994,8,8,8,8,8,8,8,8,8,8
120068,0,1,1994,7,34,12,0,0,21,0,0,0,0
120068,1,1,1994,0,0,0,0,0,0,8,0,0,0
120069,0,1,1994,0,0,0,0,0,0,0,0,0,0
120069,2,1,1994,20,20,20,20,20,20,20,20,20,20
120070,1,1,1994,0,0,0,0,0,0,0,0,0,0
120070,2,1,1994,0,0,0,0,0,0,0,0,32,0
120071,1,1,1994,0,0,0,0,0,0,0,0,0,0
120071,2,1,1994,0,0,0,0,0,0,0,0,0,0
120072,0,1,1994,0,0,0,0,0,0,8,0,0,0
120072,1,1,1994,18,18,18,18,18,18,18,18,18,18
120073,0,1,1994,0,0,0,0,0,0,0,0,0,0
120073,1,1,1994,0,0,0,0,0,0,0,0,0,0
120074,1,1,1994,0,0,0,0,0,0,0,0,0,0
120074,2,1,1994,0,0,0,0,0,0,0,0,0,0
120075,1,1,1994,0,0,0,0,0,0,0,0,0,0
120075,2,1,1994,0,0,0,0,0,0,0,0,16,0
120076,1,1,1994,29,29,29,29,29,29,29,29,29,29
120077,0,1,1994,0,0,0,0,0,0,0,0,0,0
120077,1,1,1994,0,0,0,5,0,0,0,0,0,0
120078,1,1,1994,0,0,0,0,0,0,0,0,0,0
120079,0,1,1994,0,0,0,0,0,0,0,0,0,0
120079,1,1,1994,0,0,0,0,0,0,0,0,0,0
120080,0,1,1994,0,0,0,0,0,0,0,23,0,12
120080,1,1,1994,5,0,0,0,12,0,0,0,0,0
120081,0,1,1994,0,0,0,0,0,13,0,0,0,0
120081,1,1,1994,0,3,0,0,0,0,0,0,0,0
120082,1,1,1994,0,0,0,0,0,0,0,0,0,0
120082,2,1,1994,0,0,0,0,0,0,0,0,0,0
120083,0,1,1994,15,15,15,15,15,15,15,15,15,15
120083,1,1,1994,17,17,17,17,17,17,17,17,17,17
120084,0,1,1994,25,25,25,25,25,25,25,25,25,25
120084,1,1,1994,16,0,9,0,0,15,0,0,15,0
120085,1,1,1994,0,0,0,0,0,0,0,0,0,0
120085,2,1,1994,0,0,0,0,0,0,0,0,0,0
120085,3,1,1994,0,0,0,0,0,0,0,0,0,0
120086,1,1,1994,0,0,0,0,0,0,0,0,0,0
120087,1,1,1994,0,0,0,0,0,0,0,0,0,0
120087,2,1,1994,0,0,0,0,0,0,0,0,0,0
120088,1,1,1994,0,0,0,0,0,0,0,0,0,0
120088,2,1,1994,0,0,0,0,0,0,0,0,0,0
120089,1,1,1994,0,0,0,0,0,0,0,0,0,0
120090,1,1,1994,21,21,21,21,21,21,21,21,21,21
120091,1,1,1994,0,0,0,0,0,0,0,0,0,0
120091,2,1,1994,0,0,0,0,0,0,0,0,0,0
120092,1,1,1994,28,11,0,3,0,0,0,0,0,11
120093,1,1,1994,0,0,0,0,0,0,0,0,0,0
120094,1,1,1994,0,0,0,0,13,0,0,0,0,5
120095,0,1,1994,24,24,24,24,24,24,24,24,24,24
120095,1,1,1994,0,0,0,0,0,0,0,0,0,0
120096,1,1,1994,0,0,0,0,0,0,0,0,0,0
120096,2,1,1994,0,0,2,0,0,0,0,0,0,0
120097,1,1,1994,0,0,0,0,0,0,0,0,0,0
120097,2,1,1994,0,0,0,0,0,0,0,0,0,0
120098,1,1,1994,13,13,13,13,13,13,13,13,13,13
120099,0,1,1994,0,0,0,0,0,0,0,0,0,0
120099,1,1,1994,0,0,0,0,0,0,0,22,0,0
120099,2,1,1994,0,0,0,0,0,0,0,0,0,0
120100,1,1,1994,0,0,0,0,0,0,0,0,0,0
120101,1,1,1994,11,11,11,11,11,11,11,11,11,11
120101,2,1,1994,0,0,0,0,0,0,0,0,0,0
120102,1,1,1994,15,12,21,21,0,26,26,0,30,19
120103,1,1,1994,13,13,13,13,13,13,13,13,13,13
120103,2,1,1994,23,23,23,23,23,23,23,23,23,23
120104,0,1,1994,2,2,2,2,2,2,2,2,2,2
120104,1,1,1994,0,0,0,0,0,0,0,0,0,0
120105,1,1,1994,24,24,24,24,24,24,24,24,24,24
120105,2,1,1994,0,0,0,0,0,0,0,0,0,0
120106,1,1,1994,19,19,19,19,19,19,19,19,19,19
120107,1,1,1994,0,0,0,15,0,0,0,0,0,0
120108,1,1,1994,0,0,0,0,0,0,0,0,0,0
120108,2,1,1994,0,0,0,0,0,0,0,0,0,0
120109,1,1,1994,18,18,18,18,18,18,18,18,18,18
120110,1,1,1994,0,0,0,0,0,0,0,0,0,0
120110,2,1,1994,0,0,0,0,0,0,0,0,0,0
120111,1,1,1994,0,0,0,0,0,0,0,0,0,0
120111,2,1,1994,0,0,0,0,0,0,0,0,0,0
120112,0,1,1994,25,25,25,25,25,25,25,25,25,25
120112,1,1,1994,0,0,0,0,0,0,0,0,0,0
120113,1,1,1994,20,20,20,20,20,20,20,20,20,20
120114,0,1,1994,0,0,0,0,0,0,0,0,0,0
120114,1,1,1994,0,0,0,0,0,0,0,0,0,18
120115,1,1,1994,0,0,0,0,0,0,0,0,0,0
120115,2,1,1994,0,0,0,0,0,0,0,0,0,0
120116,1,1,1994,21,21,21,21,21,21,21,21,21,21
120117,0,1,1994,0,0,0,0,0,0,0,0,0,0
120117,1,1,1994,0,0,0,0,0,0,0,0,0,0
120118,1,1,1994,21,21,21,21,21,21,21,21,21,21
120118,2,1,1994,0,0,0,0,0,0,0,0,0,0
120119,1,1,1994,0,0,0,0,0,0,0,0,0,0
120119,2,1,1994,0,0,0,0,0,0,0,0,0,0
120120,1,1,1994,0,0,0,0,0,0,0,0,0,0
120120,2,1,1994,0,0,0,0,0,0,0,0,0,0
120121,0,1,1994,0,0,0,0,0,0,0,0,0,0
120121,1,1,1994,3,3,3,3,3,3,3,3,3,3
120122,0,1,1994,0,0,0,0,0,0,0,0,0,0
120122,1,1,1994,0,0,0,0,0,0,0,0,0,0
120123,1,1,1994,0,0,0,0,0,0,11,0,0,0
120123,2,1,1994,0,0,0,0,0,0,0,0,0,0
120124,1,1,1994,0,0,0,0,0,0,0,0,0,0
120124,2,1,1994,0,0,0,0,0,0,0,0,0,0
120125,1,1,1994,21,0,0,0,0,0,8,0,0,0
120125,2,1,1994,0,0,0,0,0,0,0,0,0,0
120126,0,1,1994,0,0,0,0,0,0,0,0,0,0
120126,1,1,1994,0,0,0,0,0,0,0,0,0,0
120127,1,1,1994,43,43,43,43,43,43,43,43,43,43
120128,1,1,1994,0,0,0,0,0,0,0,0,0,0
120128,2,1,1994,0,0,0,0,0,0,0,0,0,0
120129,1,1,1994,0,0,0,0,0,0,0,0,0,0
120129,2,1,1994,0,0,0,0,0,0,0,0,0,10
120130,1,1,1994,0,0,0,10,0,0,8,6,0,0
120130,2,1,1994,0,0,0,0,0,0,0,0,0,0
120131,1,1,1994,0,0,0,0,0,0,37,0,0,0
120132,1,1,1994,0,0,0,0,0,0,0,0,0,0
120132,2,1,1994,0,0,0,0,10,0,0,0,0,0
120133,1,1,1994,0,0,0,0,0,0,0,0,0,0
120134,1,1,1994,26,26,26,26,26,26,26,26,26,26
120135,0,1,1994,0,0,0,0,0,0,0,0,0,0
120135,1,1,1994,0,0,0,0,0,12,0,0,0,0
120136,1,1,1994,0,0,0,0,0,0,0,0,0,0
120136,2,1,1994,27,27,27,27,27,27,27,27,27,27
120137,1,1,1994,2,2,2,2,2,2,2,2,2,2
120138,1,1,1994,0,0,0,0,0,0,0,0,0,0
120138,2,1,1994,0,0,0,0,0,0,0,0,0,0
120139,1,1,1994,27,27,27,27,27,27,27,27,27,27
120140,0,1,1994,22,22,22,22,22,22,22,22,22,22
120140,1,1,1994,0,0,0,0,0,0,0,0,11,8
120141,1,1,1994,0,0,0,0,0,0,0,0,11,0
120141,2,1,1994,0,0,0,0,0,0,0,0,0,0
120142,0,1,1994,0,0,0,0,34,0,10,34,0,37
120142,1,1,1994,0,0,0,0,16,0,0,0,0,0
120143,1,1,1994,0,0,0,0,7,0,0,0,0,0
120143,2,1,1994,0,0,0,0,0,0,0,0,0,0
120144,0,1,1994,0,0,0,0,0,0,0,0,0,0
120144,0,2,1994,0,0,0,0,0,0,0,0,0,0
120144,1,1,1994,0,0,0,0,0,0,0,0,0,0
120145,0,1,1994,34,34,34,34,34,34,34,34,34,34
120145,1,1,1994,8,0,0,11,0,0,0,0,0,9
120145,2,1,1994,0,0,14,0,0,0,0,0,0,0
120146,1,1,1994,22,22,22,22,22,22,22,22,22,22
120146,2,1,1994,0,16,0,0,0,9,0,15,0,0
120147,1,1,1994,7,5,0,11,16,5,0,14,0,15
120148,1,1,1994,5,5,5,5,5,5,5,5,5,5
120148,2,1,1994,0,0,0,0,0,0,0,0,0,0
120149,1,1,1994,10,4,37,25,11,19,16,8,16,6
120149,2,1,1994,0,0,0,0,0,0,32,25,10,0
120150,1,1,1994,3,3,3,3,3,3,3,3,3,3
120150,2,1,1994,0,0,0,0,0,0,0,0,0,0
120151,1,1,1994,0,0,0,0,0,0,0,0,0,0
120151,2,1,1994,9,9,9,9,9,9,9,9,9,9
120152,1,1,1994,10,10,10,10,10,10,10,10,10,10
120153,1,1,1994,0,0,0,0,0,0,0,0,0,0
120153,2,1,1994,0,0,0,0,0,0,0,0,0,0
120154,1,1,1994,0,0,0,0,0,0,0,0,0,18
120154,2,1,1994,0,0,0,0,0,0,0,0,0,0
120154,3,1,1994,0,0,0,0,0,0,0,0,0,0
120155,1,1,1994,0,0,0,0,0,0,0,0,0,0
120156,0,1,1994,0,0,0,0,0,0,0,0,0,0
120156,1,1,1994,0,0,0,0,0,18,0,0,0,0
120157,1,1,1994,0,0,0,0,0,0,0,0,0,0
120157,2,1,1994,0,0,0,0,0,0,0,0,0,0
120158,0,1,1994,0,0,0,0,0,0,0,0,0,0
120158,1,1,1994,0,0,0,0,0,0,0,0,0,0
120159,1,1,1994,6,6,6,6,6,6,6,6,6,6
120159,2,1,1994,0,7,0,0,0,0,0,0,0,0
120160,1,1,1994,0,0,0,0,0,0,0,0,0,0
120160,2,1,1994,0,0,0,0,0,0,0,0,13,0
120161,1,1,1994,25,25,25,25,25,25,25,25,25,25
120162,0,1,1994,0,0,0,0,0,0,0,0,0,0
120162,1,1,1994,0,0,0,0,0,0,0,0,0,0
120163,1,1,1994,10,10,10,10,10,10,10,10,10,10
120163,2,1,1994,0,0,0,0,0,0,0,0,0,0
120164,1,1,1994,0,0,0,0,0,0,0,0,0,0
120164,2,1,1994,0,0,18,0,0,0,0,0,0,0
120165,0,1,1994,0,0,0,0,0,0,0,0,0,0
120165,1,1,1994,0,0,0,0,0,0,0,0,0,0
120166,1,1,1994,31,31,31,31,31,31,31,31,31,31
120166,2,1,1994,0,0,0,0,0,0,0,0,6,0
120167,0,1,1994,24,24,24,24,24,24,24,24,24,24
120167,1,1,1994,14,15,22,26,6,11,11,8,0,18
120168,1,1,1994,0,0,0,0,0,0,0,0,6,0
120168,2,1,1994,0,6,13,0,3,24,12,3,8,0
120169,1,1,1994,20,20,20,20,20,20,20,20,20,20
120169,2,1,1994,0,0,0,0,0,0,0,7,0,0
120170,0,1,1994,0,0,0,0,0,0,0,0,0,0
120170,1,1,1994,0,0,0,0,0,0,0,0,0,0
120171,1,1,1994,0,0,0,0,0,20,0,0,0,0
120171,2,1,1994,0,0,0,0,0,0,0,0,0,0
120172,0,1,1994,17,17,17,17,17,17,17,17,17,17
120172,1,1,1994,0,17,11,15,24,0,52,0,0,16
120173,1,1,1994,0,0,0,0,0,0,0,0,0,0
120173,2,1,1994,0,0,0,0,0,8,0,0,0,0
120174,1,1,1994,2,2,2,2,2,2,2,2,2,2
120175,0,1,1994,6,6,6,6,6,6,6,6,6,6
120175,1,1,1994,28,8,21,11,0,0,0,0,8,0
120176,1,1,1994,0,0,0,0,0,0,0,0,0,0
120176,2,1,1994,0,0,0,0,0,0,0,0,0,0
120177,1,1,1994,32,32,32,32,32,32,32,32,32,32
120178,1,1,1994,22,22,22,22,22,22,22,22,22,22
120178,2,1,1994,0,0,0,0,0,0,0,0,0,0
120179,1,1,1994,0,0,0,0,0,0,0,0,0,0
120179,2,1,1994,0,0,0,0,0,0,0,0,0,0
120180,0,1,1994,0,0,0,0,0,0,0,0,0,0
120180,1,1,1994,0,0,0,0,0,0,0,0,0,0
120181,1,1,1994,0,0,0,0,0,0,0,0,0,0
120182,1,2,1994,26,13,0,19,11,20,15,23,19,28
120183,1,1,1994,10,10,10,10,10,10,10,10,10,10
120184,0,1,1994,0,0,0,0,0,0,0,0,4,0
120184,1,1,1994,0,0,0,0,0,0,0,0,0,0
120185,0,1,1994,32,32,32,32,32,32,32,32,32,32
120185,0,2,1994,29,29,29,29,29,29,29,29,29,29
120185,1,1,1994,0,0,0,0,0,0,0,0,0,0
120186,1,1,1994,8,8,8,8,8,8,8,8,8,8
120186,2,1,1994,0,0,0,0,0,0,0,0,0,0
120186,3,1,1994,0,4,0,0,0,0,0,0,0,0
120187,1,1,1994,0,0,0,0,0,0,0,0,0,0
120187,2,1,1994,0,0,0,0,0,0,0,0,0,0
120188,0,1,1994,0,0,7,0,0,0,18,58,11,0
120188,0,2,1994,20,0,32,8,0,28,0,6,11,9
120188,1,1,1994,0,0,0,0,0,0,0,0,0,0
120189,1,1,1994,0,0,0,0,0,0,0,0,0,0
120189,2,1,1994,0,0,0,0,0,0,0,0,0,0
120190,0,1,1994,0,38,0,13,0,0,0,0,0,13
120190,1,1,1994,0,11,0,0,0,0,0,0,0,0
120191,1,1,1994,32,32,32,32,32,32,32,32,32,32
120191,2,1,1994,1,1,1,1,1,1,1,1,1,1
120192,1,1,1994,13,13,13,13,13,13,13,13,13,13
120192,2,1,1994,0,0,0,0,0,0,0,0,0,0
120193,1,1,1994,0,0,0,0,0,0,0,0,0,0
120194,0,1,1994,0,0,0,0,0,0,0,0,0,0
120194,1,1,1994,0,0,0,0,0,0,0,0,0,0
120194,2,1,1994,0,0,0,0,0,0,0,0,0,0
120195,0,1,1994,0,0,0,0,0,0,0,0,0,0
120195,1,1,1994,0,0,13,0,0,0,0,0,0,0
120196,1,1,1994,0,0,0,0,0,0,0,0,0,0
120196,2,1,1994,12,13,11,0,28,11,36,14,7,19
120197,1,1,1994,25,25,25,25,25,25,25,25,25,25
120197,2,1,1994,0,0,0,0,0,0,0,0,0,0
120198,0,1,1994,0,0,0,0,0,30,0,0,0,0
120198,1,1,1994,0,0,0,0,0,0,0,0,0,0
120199,1,1,1994,0,0,0,0,0,0,0,0,0,0
120199,2,1,1994,0,0,0,0,10,0,0,0,0,0
120199,3,1,1994,0,0,0,0,0,0,0,0,0,0
120200,1,1,1994,21,21,21,21,21,21,21,21,21,21
120201,0,1,1994,30,30,30,30,30,30,30,30,30,30
120201,1,1,1994,0,0,0,0,0,0,0,0,0,0
120202,0,1,1994,0,0,0,0,0,0,0,0,0,0
120202,1,1,1994,0,0,0,0,0,0,12,0,0,0
120203,1,1,1994,11,11,11,11,11,11,11,11,11,11
120204,1,1,1994,0,0,0,0,0,0,0,0,0,0
120204,2,1,1994,0,0,0,0,0,0,0,0,0,0
120205,1,1,1994,0,0,0,0,0,0,0,0,0,0
120205,2,1,1994,0,0,0,0,0,0,0,0,0,0
120206,0,1,1994,0,0,0,0,0,0,0,0,0,0
120206,1,1,1994,0,0,0,0,0,0,0,0,0,0
120207,0,1,1994,0,0,0,0,0,0,0,0,0,0
120207,1,1,1994,0,0,0,0,0,0,0,0,0,0
120208,1,1,1994,0,0,0,2,0,0,0,0,0,0
120208,2,1,1994,0,0,0,0,0,0,0,0,0,0
120209,1,1,1994,21,21,21,21,21,21,21,21,21,21
120209,2,1,1994,0,0,0,0,5,0,0,0,0,0
120209,3,1,1994,0,0,0,0,0,0,0,0,0,0
120210,1,1,1994,0,0,0,0,0,0,0,0,0,0
120210,2,1,1994,13,0,0,0,0,0,17,0,0,0
120211,1,1,1994,7,7,7,7,7,7,7,7,7,7
120212,1,1,1994,0,0,0,0,0,0,0,0,0,0
120212,2,1,1994,0,0,0,0,0,0,0,0,0,0
120213,0,1,1994,29,29,29,29,29,29,29,29,29,29
120213,1,1,1994,0,0,0,0,0,0,0,0,13,0
120214,1,1,1994,0,0,0,12,0,0,0,11,3,0
120214,2,1,1994,0,16,0,11,0,0,0,0,0,5
120215,1,1,1994,14,14,14,14,14,14,14,14,14,14
120216,1,1,1994,0,0,0,0,0,0,0,0,0,0
120216,2,1,1994,0,0,0,0,0,0,0,0,0,0
120217,1,1,1994,0,0,0,0,0,0,0,0,0,0
120217,2,1,1994,0,0,0,0,22,0,0,0,0,0
120218,0,1,1994,0,0,24,0,0,0,0,0,0,0
120218,0,2,1994,0,0,0,0,0,0,0,0,0,0
120218,0,3,1994,0,0,0,0,28,0,11,0,0,15
120218,1,1,1994,0,0,0,0,0,0,0,0,0,0
120219,1,1,1994,17,17,17,17,17,17,17,17,17,17
120220,1,1,1994,0,0,0,0,0,0,0,0,0,20
120220,2,1,1994,0,0,0,0,0,0,0,0,0,0
120220,3,1,1994,10,0,7,0,0,0,0,0,0,0
120220,4,1,1994,0,0,0,0,0,0,0,0,0,0
120221,1,1,1994,0,0,0,0,0,0,0,0,0,0
120221,2,1,1994,0,0,0,0,0,0,0,0,0,0
120221,3,1,1994,3,0,0,0,0,0,20,0,0,0
120222,1,1,1994,0,0,0,0,0,0,0,0,0,0
120222,2,1,1994,0,0,0,0,0,0,0,0,0,0
120223,0,1,1994,0,0,0,0,0,0,0,0,0,0
120223,1,1,1994,4,0,36,6,4,0,24,0,16,15
120224,1,1,1994,25,25,25,25,25,25,25,25,25,25
120225,1,1,1994,0,0,0,0,0,0,0,0,0,0
120225,2,1,1994,0,0,0,19,0,0,0,0,0,0
120226,1,1,1994,28,28,28,28,28,28,28,28,28,28
120227,1,1,1994,21,21,21,21,21,21,21,21,21,21
120227,2,1,1994,0,0,0,0,22,0,8,0,0,0
120228,1,1,1994,13,13,13,13,13,13,13,13,13,13
120229,1,1,1994,19,13,0,0,0,21,0,0,7,0
120230,1,1,1994,31,31,31,31,31,31,31,31,31,31
120231,0,1,1994,14,14,14,14,14,14,14,14,14,14
120231,1,1,1994,16,16,16,16,16,16,16,16,16,16
120232,1,1,1994,0,0,0,12,0,0,31,0,0,0
120233,1,1,1994,0,0,0,0,0,0,0,0,0,0
120233,2,1,1994,0,0,0,0,0,0,0,0,0,0
120234,1,1,1994,0,0,0,0,0,0,0,0,0,0
120234,2,1,1994,0,0,0,0,0,0,0,0,0,0
120235,0,1,1994,0,0,0,0,0,0,0,0,0,0
120235,1,1,1994,0,0,0,0,0,0,0,0,0,0
120236,0,1,1994,0,0,0,29,0,34,18,0,0,0
120236,1,1,1994,0,0,0,0,0,0,0,0,0,0
120237,0,1,1994,17,17,17,17,17,17,17,17,17,17
120237,1,1,1994,20,0,0,0,27,0,0,0,23,0
120238,1,1,1994,16,52,29,16,15,22,16,24,17,35
120238,2,1,1994,25,25,25,25,25,25,25,25,25,25
120239,1,1,1994,0,0,0,0,0,0,0,0,0,0
120239,2,1,1994,0,0,0,0,0,0,0,0,0,0
120240,1,1,1994,32,32,32,32,32,32,32,32,32,32
120241,1,1,1994,18,11,13,12,20,1,21,10,12,14
120242,1,1,1994,0,0,0,0,0,0,0,0,0,0
120242,2,1,1994,0,0,0,0,7,15,0,0,0,13
120242,3,1,1994,0,0,0,0,0,0,0,0,0,0
120243,1,1,1994,0,0,0,0,0,0,0,0,0,0
120243,2,1,1994,0,0,0,0,0,0,0,0,0,0
120244,1,1,1994,0,0,0,0,0,0,0,0,0,0
120244,2,1,1994,0,0,0,0,0,0,0,0,0,0
120245,0,1,1994,0,0,0,0,0,0,0,0,0,0
120245,1,1,1994,28,4,12,0,27,16,0,0,17,16
120246,1,1,1994,23,23,23,23,23,23,23,23,23,23
120247,1,1,1994,0,0,0,0,0,0,0,0,0,0
120247,2,1,1994,0,0,0,0,0,0,0,0,0,0
120248,1,1,1994,0,0,0,0,0,0,0,0,0,0
120248,2,1,1994,0,0,0,0,0,0,0,0,0,0
120249,1,1,1994,0,0,0,0,0,0,0,0,0,0
120250,1,1,1994,0,0,0,0,0,0,0,0,0,0
120250,2,1,1994,0,0,0,0,0,0,10,0,0,0
120251,1,1,1994,0,0,0,0,0,0,0,0,0,0
120251,2,1,1994,0,0,0,0,0,0,0,0,0,0
120252,1,1,1994,5,5,5,5,5,5,5,5,5,5
120252,2,1,1994,0,0,0,0,0,5,0,0,0,0
120252,3,1,1994,0,0,0,0,0,0,0,0,0,0
120253,1,1,1994,18,18,18,18,18,18,18,18,18,18
120253,2,1,1994,0,0,0,0,0,0,0,0,0,0
120254,0,1,1994,0,0,0,0,0,0,0,0,0,0
120254,1,1,1994,0,0,0,0,0,0,0,0,0,0
120254,2,1,1994,0,0,0,0,0,0,0,0,0,0
120255,0,1,1994,21,0,22,0,18,0,0,0,17,30
120255,1,1,1994,0,0,0,0,8,0,0,0,0,0
120256,1,1,1994,0,0,0,0,0,0,0,0,0,0
120256,2,1,1994,0,0,0,0,0,0,0,0,0,0
120257,1,1,1994,0,0,0,0,0,0,0,0,0,0
120257,2,1,1994,0,0,0,0,0,0,0,0,0,0
120257,3,1,1994,0,0,4,0,0,0,0,0,0,0
120258,1,1,1994,1,1,1,1,1,1,1,1,1,1
120258,2,1,1994,0,0,0,0,0,0,0,0,0,0
120259,0,1,1994,0,0,0,0,0,0,0,0,0,0
120259,1,1,1994,0,0,0,0,0,0,0,0,0,0
120260,1,1,1994,0,0,0,0,0,0,0,0,0,0
120260,2,1,1994,0,0,0,0,0,0,0,0,0,0
120261,1,1,1994,17,17,17,17,17,17,17,17,17,17
120261,2,1,1994,0,0,0,15,0,0,0,0,0,0
120262,1,1,1994,15,15,15,15,15,15,15,15,15,15
120263,0,1,1994,36,36,18,31,25,14,31,24,34,27
120263,1,1,1994,0,0,23,0,0,0,0,0,0,0
120264,1,1,1994,0,0,0,0,0,0,0,0,0,0
120264,2,1,1994,0,0,0,0,0,0,0,0,0,0
120265,0,1,1994,18,17,0,15,31,26,0,0,7,15
120265,1,1,1994,0,0,7,0,0,0,12,13,0,0
120266,0,1,1994,0,0,0,0,0,0,0,0,0,0
120266,1,1,1994,0,0,0,0,0,0,0,0,0,0
120267,0,1,1994,15,0,23,0,43,0,33,0,0,29
120267,1,1,1994,0,0,0,15,12,0,13,10,0,0
120268,1,1,1994,0,0,0,0,0,0,0,0,0,0
120269,1,1,1994,5,5,5,5,5,5,5,5,5,5
120269,2,1,1994,14,14,14,14,14,14,14,14,14,14
120270,1,1,1994,0,0,0,0,0,0,0,0,0,0
120271,0,1,1994,0,0,0,0,0,0,0,0,0,0
120271,0,2,1994,0,0,0,0,0,0,0,0,0,16
120271,1,1,1994,0,0,0,0,0,0,0,0,0,0
120272,0,1,1994,0,0,0,0,0,0,0,0,0,0
120272,1,1,1994,0,0,0,0,0,0,0,0,0,0
120273,0,1,1994,0,0,0,0,0,0,0,0,0,0
120273,1,1,1994,0,0,0,0,0,0,0,0,0,0
120274,1,1,1994,5,5,5,5,5,5,5,5,5,5
120274,2,1,1994,0,0,0,0,0,0,0,0,0,0
120275,1,1,1994,0,0,0,0,0,0,0,0,0,0
120275,2,1,1994,0,0,0,0,0,0,0,0,0,0
120276,1,1,1994,0,0,0,0,0,0,0,0,0,0
120276,2,1,1994,0,0,0,0,0,0,0,0,0,0
120277,1,1,1994,0,0,0,0,0,0,0,0,0,0
120277,2,1,1994,0,0,0,0,0,0,0,0,0,0
120278,0,1,1994,29,5,23,15,5,13,0,9,31,15
120278,1,1,1994,0,0,0,0,0,0,0,0,0,0
120279,1,1,1994,19,19,19,19,19,19,19,19,19,19
120280,1,1,1994,17,17,17,17,17,17,17,17,17,17
120280,2,1,1994,0,0,0,0,21,0,0,0,0,0
120281,0,1,1994,23,23,23,23,23,23,23,23,23,23
120281,1,1,1994,0,0,0,0,0,0,0,0,0,0
120282,0,1,1994,0,0,0,0,0,0,0,0,0,0
120282,1,1,1994,0,0,0,0,0,0,0,0,0,0
120283,1,1,1994,0,0,0,0,0,0,0,0,0,0
120283,2,1,1994,14,14,14,14,14,14,14,14,14,14
120284,1,1,1994,0,0,0,0,0,0,0,0,0,0
120285,1,1,1994,33,33,33,33,33,33,33,33,33,33
120285,2,1,1994,0,6,0,0,0,0,0,0,0,0
120285,3,1,1994,0,0,16,0,0,0,18,0,0,18
120285,4,1,1994,15,15,15,15,15,15,15,15,15,15
120286,1,1,1994,0,0,0,0,0,18,0,0,0,0
120286,2,1,1994,0,0,0,0,0,0,0,0,0,0
120287,0,1,1994,12,12,12,12,12,12,12,12,12,12
120287,1,1,1994,13,13,13,13,13,13,13,13,13,13
120288,0,1,1994,0,0,0,0,0,0,0,0,0,0
120288,1,1,1994,0,0,0,0,0,0,0,0,0,0
120289,0,1,1994,0,0,0,0,0,0,0,0,0,0
120289,1,1,1994,11,5,0,0,27,0,0,0,16,0
120290,1,1,1994,0,32,11,16,25,11,0,24,28,10
120291,1,1,1994,0,0,0,0,0,45,21,0,0,0