ST_CASE,VEH_NO,PER_NO,YEAR,P1,P2,P3,P4,P5,P6,P7,P8,P9,P10
120292,1,1,1994,0,0,0,0,0,0,0,0,0,0
120292,2,1,1994,0,0,0,0,0,0,0,0,0,0
120293,1,1,1994,0,0,13,19,0,17,0,24,22,25
120294,0,1,1994,13,13,13,13,13,13,13,13,13,13
120294,1,1,1994,0,0,0,0,0,0,0,9,0,0
120295,0,1,1994,0,0,0,0,0,0,0,0,0,0
120295,1,1,1994,0,0,0,0,0,0,0,0,0,0
120296,0,1,1994,29,29,29,29,29,29,29,29,29,29
120296,1,1,1994,0,0,0,14,14,9,0,0,0,0
120297,0,1,1994,0,0,0,0,0,0,0,0,0,0
120297,1,1,1994,14,14,14,14,14,14,14,14,14,14
120298,1,1,1994,0,0,0,0,0,0,0,0,0,0
120299,1,1,1994,0,0,0,0,0,20,0,0,0,0
120299,2,1,1994,0,0,0,0,0,0,0,0,0,0
120300,1,1,1994,0,0,0,0,0,0,0,0,0,0
120301,1,1,1994,3,0,16,0,8,7,7,0,5,0
120302,1,1,1994,0,0,0,0,0,0,0,0,0,0
120302,2,1,1994,0,0,0,0,0,0,0,0,0,0
120303,0,1,1994,0,21,29,17,28,17,26,16,27,10
120303,1,1,1994,0,0,0,0,0,0,0,0,0,0
120304,0,1,1994,29,29,29,29,29,29,29,29,29,29
120304,1,1,1994,0,0,0,0,0,0,0,0,0,0
120304,2,1,1994,0,0,0,0,0,0,0,0,0,0
120305,1,1,1994,25,25,25,25,25,25,25,25,25,25
120306,1,1,1994,0,0,0,0,0,0,0,0,0,0
120307,1,1,1994,17,17,17,17,17,17,17,17,17,17
120308,1,1,1994,0,0,0,0,0,0,0,0,0,0
120309,0,1,1994,0,0,26,0,0,0,0,0,0,0
120309,1,1,1994,0,0,0,0,0,0,0,0,0,0
120310,0,1,1994,20,20,20,20,20,20,20,20,20,20
120310,1,1,1994,18,10,16,0,0,0,0,0,7,0
120311,0,1,1994,0,0,32,24,0,0,0,0,0,0
120311,1,1,1994,0,0,0,0,0,0,0,0,0,0
120311,2,1,1994,0,0,8,0,5,0,0,0,0,0
120311,3,1,1994,0,0,0,0,0,0,0,0,0,0
120312,1,1,1994,21,21,21,21,21,21,21,21,21,21
120312,2,1,1994,0,0,10,0,0,15,8,0,0,7
120313,1,1,1994,30,30,30,30,30,30,30,30,30,30
120315,1,1,1994,0,0,46,0,0,0,0,0,0,0
120316,1,1,1994,11,11,11,11,11,11,11,11,11,11
120317,1,1,1994,7,7,7,7,7,7,7,7,7,7
120317,2,1,1994,9,9,9,9,9,9,9,9,9,9
120318,1,1,1994,0,0,0,0,8,0,6,0,0,0
120319,1,1,1994,0,0,0,0,0,0,0,0,0,0
120319,2,1,1994,0,0,0,0,0,0,0,0,0,0
120320,1,1,1994,0,0,0,0,0,0,0,0,0,0
120321,0,1,1994,0,0,0,0,0,0,0,0,0,0
120321,0,2,1994,0,0,0,0,0,0,0,0,0,0
120321,1,1,1994,0,0,0,0,0,0,0,0,0,0
120322,0,1,1994,21,21,21,21,21,21,21,21,21,21
120322,1,1,1994,0,0,0,0,0,0,0,0,0,0
120323,1,1,1994,0,0,0,0,0,0,0,0,0,0
120323,2,1,1994,0,0,0,0,0,0,0,0,0,0
120324,1,1,1994,0,0,0,0,0,0,0,0,0,0
120324,2,1,1994,16,16,16,16,16,16,16,16,16,16
120325,0,1,1994,25,25,25,25,25,25,25,25,25,25
120325,1,1,1994,0,0,0,0,0,0,0,0,0,0
120326,1,1,1994,0,0,0,0,0,0,0,0,0,0
120327,1,1,1994,0,0,0,0,0,0,0,0,0,0
120327,2,1,1994,0,0,0,0,0,0,0,0,0,0
120328,1,1,1994,7,7,7,7,7,7,7,7,7,7
120328,2,1,1994,0,0,0,0,0,0,15,0,0,0
120329,1,1,1994,13,13,13,13,13,13,13,13,13,13
120329,2,1,1994,0,0,0,0,0,0,0,0,0,0
120330,1,1,1994,26,26,26,26,26,26,26,26,26,26
120331,1,1,1994,0,0,0,0,0,0,0,0,0,0
120331,2,1,1994,0,0,6,0,0,0,0,0,0,0
120331,3,1,1994,0,0,0,0,0,0,0,0,0,0
120331,4,1,1994,0,0,0,0,0,0,0,25,0,0
120332,1,1,1994,0,0,0,0,0,0,0,0,0,0
120332,2,1,1994,7,7,7,7,7,7,7,7,7,7
120332,3,1,1994,0,0,0,0,0,0,0,0,0,0
120332,4,1,1994,0,0,0,0,0,0,0,0,0,0
120333,0,1,1994,0,0,0,0,0,0,0,0,0,0
120333,1,1,1994,0,0,0,0,17,0,0,0,0,0
120333,2,1,1994,0,0,0,0,0,0,0,0,0,0
120333,3,1,1994,0,0,0,0,15,0,0,0,0,0
120334,0,1,1994,16,16,16,16,16,16,16,16,16,16
120334,1,1,1994,0,0,0,0,0,0,0,0,0,0
120335,0,1,1994,35,35,35,35,35,35,35,35,35,35
120335,1,1,1994,7,25,13,13,0,12,27,9,8,9
120336,1,1,1994,0,0,11,14,0,0,0,0,0,0
120336,2,1,1994,0,0,0,0,0,0,0,0,20,0
120337,1,1,1994,19,19,19,19,19,19,19,19,19,19
120338,1,1,1994,20,20,20,20,20,20,20,20,20,20
120339,0,1,1994,20,15,26,70,12,39,3,27,24,13
120339,1,1,1994,0,0,0,0,0,0,0,9,0,0
120340,1,1,1994,12,12,12,12,12,12,12,12,12,12
120341,1,1,1994,0,0,0,0,0,0,0,0,0,0
120342,1,1,1994,0,0,0,0,0,0,0,0,0,0
120343,0,1,1994,22,22,22,22,22,22,22,22,22,22
120343,1,1,1994,0,13,0,0,0,0,47,0,0,0
120343,2,1,1994,0,0,0,0,0,0,13,0,0,19
120344,0,1,1994,0,0,0,0,0,0,0,0,0,0
120344,1,1,1994,0,0,0,0,0,0,0,0,0,0
120345,1,1,1994,0,0,0,0,0,0,0,0,0,0
120346,1,1,1994,0,21,0,0,0,0,0,0,0,9
120346,2,1,1994,0,0,0,0,0,0,0,0,0,0
120347,0,1,1994,23,23,23,23,23,23,23,23,23,23
120347,1,1,1994,0,0,0,0,0,0,0,0,0,0
120348,0,1,1994,0,0,0,8,0,40,0,0,0,0
120348,1,1,1994,0,0,0,0,0,0,0,0,0,0
120349,1,1,1994,0,0,0,0,0,0,0,0,0,0
120349,2,1,1994,0,0,0,0,0,0,0,0,0,0
120349,3,1,1994,0,0,0,0,0,0,0,0,0,0
120350,0,1,1994,0,0,0,0,0,0,0,0,0,0
120350,1,1,1994,0,0,0,0,0,0,0,0,0,0
120351,1,1,1994,0,0,0,0,0,0,0,0,0,0
120351,2,1,1994,0,0,0,0,0,0,0,0,0,0
120352,1,1,1994,0,0,0,0,0,0,0,0,0,0
120352,2,1,1994,0,0,0,0,0,0,0,0,0,0
120352,3,1,1994,0,0,0,0,0,0,0,0,0,0
120353,1,1,1994,0,0,0,0,0,0,0,0,0,0
120353,2,1,1994,0,0,16,0,0,0,0,0,0,3
120354,1,1,1994,0,0,0,0,0,0,0,0,0,0
120354,2,1,1994,0,0,0,0,0,0,0,0,0,0
120355,1,1,1994,0,0,0,0,0,0,0,0,0,0
120355,2,1,1994,0,0,0,0,0,0,0,0,0,0
120356,0,1,1994,15,15,15,15,15,15,15,15,15,15
120356,1,1,1994,6,0,0,0,0,0,0,0,0,0
120357,1,1,1994,0,0,0,0,0,0,0,0,0,0
120357,2,1,1994,0,0,0,0,0,0,0,0,0,0
120358,0,1,1994,0,0,0,0,0,0,0,0,0,5
120358,1,1,1994,0,0,0,0,0,0,0,0,0,0
120359,0,1,1994,0,0,0,0,0,0,0,0,0,0
120359,1,1,1994,0,0,0,0,0,0,0,0,0,0
120360,0,1,1994,35,35,35,35,35,35,35,35,35,35
120360,1,1,1994,0,0,8,0,0,0,0,0,0,0
120361,1,1,1994,12,26,0,0,6,7,0,5,0,0
120361,2,1,1994,0,0,0,0,0,0,13,0,0,0
120362,1,1,1994,18,18,18,18,18,18,18,18,18,18
120362,2,1,1994,0,0,0,0,0,0,0,0,0,0
120363,0,1,1994,19,0,0,0,0,0,7,0,50,0
120363,1,1,1994,0,0,0,0,0,0,0,0,0,0
120364,0,1,1994,0,0,0,0,0,0,0,0,0,0
120364,1,1,1994,0,0,0,0,0,0,0,0,0,0
120365,1,1,1994,0,0,0,0,0,0,0,0,0,0
120365,2,1,1994,0,0,0,0,0,0,0,0,0,0
120365,3,1,1994,0,0,0,0,0,0,0,17,0,0
120366,0,1,1994,0,0,37,29,9,19,0,17,0,0
120366,1,1,1994,0,0,0,0,14,0,0,14,0,0
120367,1,1,1994,15,15,15,15,15,15,15,15,15,15
120367,2,1,1994,0,0,0,0,0,0,0,9,0,0
120368,1,1,1994,0,0,0,0,0,0,0,0,0,0
120368,2,1,1994,0,0,0,0,0,0,0,0,0,0
120369,1,1,1994,0,0,0,0,0,0,0,0,0,0
120369,2,1,1994,0,0,0,0,0,0,0,0,0,0
120370,1,1,1994,0,0,0,0,0,0,0,0,0,0
120370,2,1,1994,18,18,18,18,18,18,18,18,18,18
120371,0,1,1994,0,0,0,0,14,0,0,0,0,0
120371,1,1,1994,0,0,0,0,0,0,0,0,0,0
120372,1,1,1994,0,0,0,0,21,0,0,0,0,0
120373,1,1,1994,28,28,28,28,28,28,28,28,28,28
120374,1,1,1994,0,0,0,0,0,0,0,0,0,0
120374,2,1,1994,0,0,0,0,0,0,0,0,0,0
120374,3,1,1994,0,0,0,0,0,0,0,0,0,15
120375,0,1,1994,0,0,0,0,0,0,0,0,0,0
120375,1,1,1994,0,0,0,0,0,0,0,0,0,0
120376,1,1,1994,0,0,0,0,0,0,0,0,0,0
120376,2,1,1994,0,0,0,0,0,0,0,0,0,0
120377,1,1,1994,33,33,33,33,33,33,33,33,33,33
120378,1,1,1994,0,0,0,0,0,0,0,0,0,0
120378,2,1,1994,18,0,0,0,0,0,0,0,0,0
120379,1,1,1994,0,0,0,0,0,0,0,0,0,0
120380,0,1,1994,14,14,14,14,14,14,14,14,14,14
120380,1,1,1994,1,1,1,1,1,1,1,1,1,1
120381,1,1,1994,0,0,0,0,0,0,0,0,0,0
120381,2,1,1994,0,2,0,0,0,0,0,0,0,0
120382,1,1,1994,0,0,0,0,0,0,0,0,0,0
120383,1,1,1994,0,7,0,0,0,0,0,0,0,0
120384,0,1,1994,30,30,30,30,30,30,30,30,30,30
120384,1,1,1994,30,0,0,0,0,0,0,0,0,0
120385,1,1,1994,0,0,0,0,0,0,0,0,0,0
120385,2,1,1994,0,0,0,0,0,0,0,0,0,0
120386,1,1,1994,23,0,11,0,0,2,0,0,0,0
120387,1,1,1994,22,22,22,22,22,22,22,22,22,22
120387,2,1,1994,0,0,0,0,0,0,0,0,0,0
120388,1,1,1994,0,0,0,0,0,0,0,20,0,16
120388,2,1,1994,0,0,9,0,0,0,0,18,0,0
120389,1,1,1994,13,13,13,13,13,13,13,13,13,13
120389,2,1,1994,0,0,0,0,0,0,0,4,0,0
120390,0,1,1994,0,0,0,0,0,0,0,0,0,0
120390,1,1,1994,0,0,0,0,0,0,0,0,0,0
120391,1,1,1994,0,0,0,0,0,0,0,0,0,0
120391,2,1,1994,0,0,0,0,0,0,0,0,0,0
120392,1,1,1994,7,7,7,7,7,7,7,7,7,7
120393,1,1,1994,0,0,0,0,0,0,0,0,0,0
120394,0,1,1994,37,37,37,37,37,37,37,37,37,37
120394,1,1,1994,0,0,0,0,0,0,0,0,0,0
120396,1,1,1994,0,0,0,0,0,0,0,0,0,0
120396,2,1,1994,0,0,0,0,0,0,0,0,0,0
120397,1,1,1994,0,0,0,0,0,0,0,0,0,0
120398,1,1,1994,0,0,0,0,0,0,0,0,0,0
120398,2,1,1994,0,0,0,6,0,0,0,0,0,0
120399,0,1,1994,0,0,0,0,0,0,0,0,0,0
120399,1,1,1994,0,0,0,0,0,0,0,0,0,0
120400,0,1,1994,0,0,0,0,0,0,0,0,0,0
120400,1,1,1994,0,0,22,0,0,0,0,0,0,0
120401,1,1,1994,0,0,0,0,14,0,39,0,0,0
120402,0,1,1994,0,0,0,0,0,0,0,0,0,0
120402,1,1,1994,0,0,0,0,0,0,0,0,0,0
120403,0,1,1994,0,0,0,0,0,0,0,0,0,0
120403,1,1,1994,0,0,0,0,0,0,0,0,0,0
120404,1,1,1994,0,0,0,0,0,0,0,0,0,0
120404,2,1,1994,0,0,0,0,0,16,0,0,0,6
120405,1,1,1994,0,0,0,0,0,0,0,0,0,0
120405,2,1,1994,8,8,8,8,8,8,8,8,8,8
120406,1,1,1994,17,17,17,17,17,17,17,17,17,17
120406,2,1,1994,20,0,0,0,0,0,0,0,0,0
120406,3,1,1994,0,0,0,0,0,0,0,0,0,0
120406,4,1,1994,0,0,0,0,0,0,23,0,0,18
120407,0,1,1994,0,0,0,0,0,0,0,0,0,0
120407,1,1,1994,0,0,0,0,0,0,0,0,10,0
120408,1,1,1994,0,0,0,0,0,13,0,0,0,0
120408,2,1,1994,0,0,0,0,0,0,0,0,0,0
120409,1,1,1994,20,20,20,20,20,20,20,20,20,20
120409,2,1,1994,0,0,0,0,0,0,0,0,0,0
120410,1,1,1994,12,12,12,12,12,12,12,12,12,12
120411,1,1,1994,18,18,18,18,18,18,18,18,18,18
120411,2,1,1994,0,0,0,0,23,0,0,0,0,0
120412,1,1,1994,18,18,18,18,18,18,18,18,18,18
120413,1,1,1994,0,0,10,3,0,0,0,0,0,15
120413,2,1,1994,0,0,0,0,12,0,0,0,0,0
120414,0,1,1994,0,0,0,0,0,0,0,0,0,0
120414,1,1,1994,8,8,8,8,8,8,8,8,8,8
120415,0,1,1994,20,20,20,20,20,20,20,20,20,20
120415,1,1,1994,0,12,0,0,0,0,0,0,0,0
120417,1,1,1994,0,0,0,0,0,0,0,0,0,0
120417,2,1,1994,0,0,0,0,0,0,0,0,0,0
120418,1,1,1994,0,0,0,0,0,0,0,0,0,0
120418,2,1,1994,0,0,0,22,0,0,0,10,0,0
120419,1,1,1994,19,19,19,19,19,19,19,19,19,19
120419,2,1,1994,0,0,0,0,0,0,0,0,0,0
120420,1,1,1994,0,0,0,0,0,0,0,0,0,0
120420,2,1,1994,0,0,0,0,0,0,0,0,0,0
120421,1,1,1994,0,0,0,0,0,0,0,0,0,0
120421,2,1,1994,10,10,10,10,10,10,10,10,10,10
120422,1,1,1994,18,18,18,18,18,18,18,18,18,18
120422,2,1,1994,0,0,0,0,0,0,0,0,0,0
120423,1,1,1994,21,21,21,21,21,21,21,21,21,21
120424,1,1,1994,0,0,0,0,0,0,0,0,0,0
120425,1,1,1994,20,20,20,20,20,20,20,20,20,20
120426,1,1,1994,0,0,0,0,0,0,0,0,0,0
120426,2,1,1994,0,0,0,0,0,0,0,0,0,0
120427,1,1,1994,18,18,18,18,18,18,18,18,18,18
120427,2,1,1994,0,0,0,0,0,0,0,0,0,0
120428,1,1,1994,0,0,0,0,0,0,0,0,0,0
120428,2,1,1994,0,0,0,0,0,0,0,0,0,0
120429,1,1,1994,0,0,20,0,0,0,0,0,0,0
120429,2,1,1994,0,0,0,7,0,0,0,0,0,0
120430,1,1,1994,0,0,0,0,0,0,0,0,0,0
120430,2,1,1994,0,0,0,0,0,0,0,0,0,0
120430,3,1,1994,0,0,0,0,0,0,0,0,0,0
120431,1,1,1994,0,0,0,0,0,0,0,0,18,0
120431,2,1,1994,0,0,9,0,0,0,0,0,0,0
120431,3,1,1994,0,0,0,0,0,0,0,0,0,0
120432,1,1,1994,9,9,9,9,9,9,9,9,9,9
120432,2,1,1994,0,0,0,0,0,0,0,0,0,0
120433,0,1,1994,8,8,8,8,8,8,8,8,8,8
120433,1,1,1994,0,0,0,0,0,0,0,0,0,0
120434,1,1,1994,23,22,47,0,17,21,25,0,11,14
120435,0,1,1994,0,0,0,0,0,0,0,0,0,0
120435,1,1,1994,0,0,0,0,0,0,0,0,0,0
120436,1,1,1994,28,28,28,28,28,28,28,28,28,28
120437,1,1,1994,0,0,0,0,0,0,0,0,0,0
120437,2,1,1994,0,0,0,0,0,0,0,0,0,0
120438,0,1,1994,0,0,0,0,0,0,0,0,0,0
120438,1,1,1994,0,0,0,0,5,0,0,0,0,0
120439,1,1,1994,0,0,0,0,0,0,0,0,0,0
120439,2,1,1994,0,0,0,0,0,0,0,0,0,0
120440,0,1,1994,27,27,27,27,27,27,27,27,27,27
120440,1,1,1994,0,0,0,0,0,0,0,0,0,9
120441,1,1,1994,18,18,18,18,18,18,18,18,18,18
120441,2,1,1994,0,0,0,0,0,0,0,0,0,0
120442,1,1,1994,0,0,0,0,0,0,0,0,0,0
120442,2,1,1994,0,0,0,0,0,0,0,0,0,0
120443,1,1,1994,0,0,0,0,0,0,0,0,0,0
120443,2,1,1994,0,0,0,0,0,0,0,22,0,0
120444,1,1,1994,11,11,11,11,11,11,11,11,11,11
120444,2,1,1994,0,0,0,0,0,0,0,0,0,0
120445,1,1,1994,18,18,18,18,18,18,18,18,18,18
120445,2,1,1994,0,0,0,0,0,0,0,0,0,0
120446,1,1,1994,0,0,0,0,0,0,0,0,0,0
120446,2,1,1994,0,0,0,0,0,0,0,0,0,0
120447,0,1,1994,0,0,0,0,0,0,0,0,0,0
120447,1,1,1994,5,0,0,7,0,0,0,0,0,0
120448,1,1,1994,0,0,0,15,26,6,0,0,24,0
120449,1,1,1994,21,21,21,21,21,21,21,21,21,21
120449,2,1,1994,0,0,0,0,0,0,0,0,0,0
120450,1,1,1994,5,5,5,5,5,5,5,5,5,5
120450,2,1,1994,0,0,0,0,0,0,0,0,0,0
120451,1,1,1994,0,0,0,0,0,0,0,0,0,0
120451,2,1,1994,0,0,0,0,0,0,0,0,0,0
120452,1,1,1994,0,0,0,0,0,0,0,0,0,0
120452,2,1,1994,0,0,0,0,0,0,0,0,0,0
120453,1,1,1994,0,0,0,0,0,0,0,0,0,0
120454,1,1,1994,3,3,3,3,3,3,3,3,3,3
120455,1,1,1994,29,29,29,29,29,29,29,29,29,29
120455,2,1,1994,0,0,0,0,0,0,0,24,0,0
120456,1,1,1994,42,42,42,42,42,42,42,42,42,42
120456,2,1,1994,11,11,11,11,11,11,11,11,11,11
120457,1,1,1994,19,19,19,19,19,19,19,19,19,19
120457,2,1,1994,16,16,16,16,16,16,16,16,16,16
120458,1,1,1994,0,0,0,0,0,0,0,0,0,0
120459,0,1,1994,0,0,0,0,0,0,0,0,0,0
120459,1,1,1994,0,0,0,0,0,0,0,0,0,0
120460,1,1,1994,19,19,19,19,19,19,19,19,19,19
120461,1,1,1994,12,12,12,12,12,12,12,12,12,12
120462,1,1,1994,0,0,0,0,0,30,0,0,0,0
120462,2,1,1994,0,0,0,0,0,0,0,0,0,0
120463,1,1,1994,29,34,32,28,24,11,19,23,13,12
120464,1,1,1994,0,0,0,0,0,0,0,0,0,0
120464,2,1,1994,0,0,0,0,0,0,0,0,0,0
120465,1,1,1994,0,0,0,0,0,0,0,0,0,0
120465,2,1,1994,0,0,0,0,0,0,0,0,0,0
120466,1,1,1994,0,0,0,0,0,0,0,0,0,0
120466,2,1,1994,0,11,0,0,0,0,0,0,0,0
120466,3,1,1994,0,0,0,0,0,0,0,0,0,0
120466,4,1,1994,0,0,7,0,0,0,0,0,0,0
120467,1,1,1994,0,5,0,0,0,0,0,0,0,0
120468,0,1,1994,6,6,6,6,6,6,6,6,6,6
120468,1,1,1994,0,0,0,14,15,0,0,0,14,3
120469,0,1,1994,0,0,0,0,0,0,0,0,0,0
120469,1,1,1994,0,0,0,0,0,0,0,0,0,0
120469,2,1,1994,10,0,0,0,0,9,0,0,0,0
120470,1,1,1994,0,0,0,0,0,0,0,0,0,0
120471,1,1,1994,21,21,21,21,21,21,21,21,21,21
120472,0,1,1994,0,0,0,0,0,0,0,0,0,0
120472,1,1,1994,0,0,0,0,0,14,0,0,0,0
120473,1,1,1994,0,0,0,0,0,0,0,0,0,0
120473,2,1,1994,0,0,0,0,0,0,0,0,0,0
120474,1,1,1994,10,10,10,10,10,10,10,10,10,10
120475,1,1,1994,0,0,0,0,0,0,0,0,0,0
120476,1,1,1994,0,0,0,0,0,0,13,0,0,15
120476,2,1,1994,0,0,0,0,0,0,0,0,0,0
120476,3,1,1994,0,0,11,0,0,0,0,0,0,8
120477,1,1,1994,0,0,0,0,0,0,0,0,0,0
120477,2,1,1994,0,0,0,0,0,0,0,0,0,0
120478,0,1,1994,0,0,0,18,0,0,0,0,0,0
120478,1,1,1994,13,18,20,12,27,30,17,9,34,2
120479,0,1,1994,36,0,32,0,25,25,19,0,18,0
120479,1,1,1994,0,0,0,0,0,0,0,0,0,0
120480,0,1,1994,0,0,0,0,0,0,0,0,0,0
120480,1,1,1994,0,0,0,0,0,0,0,0,0,0
120481,1,1,1994,0,0,0,0,13,0,0,0,7,0
120481,2,1,1994,0,0,0,0,0,0,0,0,0,0
120482,1,1,1994,0,0,0,0,0,0,0,0,0,0
120482,2,1,1994,18,18,18,18,18,18,18,18,18,18
120483,1,1,1994,21,21,21,21,21,21,21,21,21,21
120484,0,1,1994,0,0,0,0,0,0,0,0,0,0
120484,0,2,1994,0,0,0,0,0,0,0,0,0,0
120484,0,3,1994,0,0,0,0,17,0,0,0,17,0
120484,1,1,1994,0,0,0,0,0,0,0,0,0,0
120484,2,1,1994,0,0,0,9,0,0,0,0,0,0
120485,1,1,1994,2,2,2,2,2,2,2,2,2,2
120486,1,1,1994,0,0,0,0,0,0,0,0,0,0
120486,2,1,1994,0,0,0,0,0,0,0,0,0,0
120486,3,1,1994,0,0,0,0,0,0,0,0,0,0
120487,1,1,1994,24,24,24,24,24,24,24,24,24,24
120488,1,1,1994,0,0,0,0,0,0,0,0,0,0
120489,1,1,1994,27,18,13,6,16,26,44,23,13,25
120490,1,1,1994,0,0,0,0,0,0,0,0,0,0
120490,2,1,1994,0,0,0,0,0,0,0,0,0,0
120491,1,1,1994,0,0,0,0,0,0,0,0,0,0
120491,2,1,1994,0,0,0,0,0,0,0,0,0,0
120492,1,1,1994,0,0,0,0,0,0,0,0,0,0
120493,1,1,1994,0,0,0,0,0,0,0,0,0,0
120494,1,1,1994,0,0,0,0,0,0,20,0,0,0
120494,2,1,1994,0,0,0,0,0,0,0,0,0,0
120495,1,1,1994,0,0,0,0,0,0,0,0,0,0
120495,2,1,1994,0,0,0,0,0,0,0,0,13,0
120496,1,1,1994,0,0,0,0,0,0,0,0,0,0
120496,2,1,1994,0,0,0,0,0,0,0,0,0,0
120497,0,1,1994,34,34,34,34,34,34,34,34,34,34
120497,1,1,1994,0,0,0,0,0,0,19,0,0,0
120498,0,1,1994,0,0,0,0,0,0,0,0,0,0
120498,1,1,1994,1,1,1,1,1,1,1,1,1,1
120499,1,1,1994,0,0,0,0,0,0,0,0,0,0
120499,2,1,1994,0,0,0,0,0,0,0,0,0,0
120500,1,1,1994,0,0,0,0,0,0,0,0,0,0
120501,0,1,1994,0,0,0,0,0,0,0,0,0,0
120501,1,1,1994,0,0,0,0,0,0,0,0,0,0
120502,1,1,1994,24,24,24,24,24,24,24,24,24,24
120502,2,1,1994,0,0,0,0,0,0,0,0,0,0
120503,1,1,1994,0,0,0,0,0,0,0,5,0,0
120503,2,1,1994,0,0,0,0,0,0,0,0,0,0
120504,0,1,1994,9,9,9,9,9,9,9,9,9,9
120504,1,1,1994,0,0,0,0,0,0,0,0,0,0
120505,1,1,1994,19,19,19,19,19,19,19,19,19,19
120506,1,1,1994,0,0,0,0,0,0,0,0,0,0
120506,2,1,1994,0,0,0,0,0,0,0,0,0,0
120506,3,1,1994,0,0,0,0,0,0,0,0,0,0
120507,1,1,1994,0,0,0,0,0,0,0,0,0,0
120507,2,1,1994,0,0,0,0,0,0,0,0,0,0
120508,1,1,1994,0,0,0,0,0,0,0,0,0,0
120508,2,1,1994,0,0,0,0,0,0,0,0,0,0
120509,1,1,1994,38,38,38,38,38,38,38,38,38,38
120510,1,1,1994,0,0,0,0,0,0,0,0,0,0
120510,2,1,1994,12,0,0,0,0,0,0,0,0,0
120511,1,1,1994,17,17,17,17,17,17,17,17,17,17
120512,1,1,1994,20,20,20,20,20,20,20,20,20,20
120513,1,1,1994,23,23,23,23,23,23,23,23,23,23
120513,2,1,1994,0,0,0,0,0,0,0,0,0,0
120513,3,1,1994,0,0,0,0,0,0,0,0,0,0
120514,1,1,1994,6,0,11,15,19,31,0,0,0,0
120515,1,1,1994,12,12,12,12,12,12,12,12,12,12
120516,1,1,1994,26,26,26,26,26,26,26,26,26,26
120517,1,1,1994,0,0,0,0,0,0,0,0,0,0
120517,2,1,1994,0,0,0,0,0,0,0,0,0,0
120518,1,1,1994,23,23,23,23,23,23,23,23,23,23
120519,1,1,1994,0,0,0,0,0,0,0,0,0,0
120519,2,1,1994,12,0,0,0,0,0,0,0,0,0
120520,1,1,1994,34,34,34,34,34,34,34,34,34,34
120520,2,1,1994,2,2,2,2,2,2,2,2,2,2
120521,1,1,1994,28,13,33,13,30,18,12,15,0,28
120522,0,1,1994,0,0,19,0,0,0,0,0,0,0
120522,1,1,1994,20,20,20,20,20,20,20,20,20,20
120523,1,1,1994,0,0,0,0,0,0,0,0,0,0
120523,2,1,1994,0,0,0,0,0,0,0,0,0,0
120524,1,1,1994,28,14,23,11,20,17,35,10,14,35
120525,1,1,1994,32,32,32,32,32,32,32,32,32,32
120526,0,1,1994,0,0,0,0,0,0,0,0,0,0
120526,1,1,1994,0,0,0,0,0,0,0,0,0,0
120527,1,1,1994,0,0,0,0,0,0,0,0,0,0
120528,1,1,1994,24,24,24,24,24,24,24,24,24,24
120528,2,1,1994,5,5,5,5,5,5,5,5,5,5
120529,1,1,1994,29,29,29,29,29,29,29,29,29,29
120530,1,1,1994,25,25,25,25,25,25,25,25,25,25
120531,0,1,1994,10,10,10,10,10,10,10,10,10,10
120531,1,1,1994,10,10,10,10,10,10,10,10,10,10
120532,1,1,1994,9,9,9,9,9,9,9,9,9,9
120532,2,1,1994,0,0,0,0,0,12,0,0,0,0
120533,1,1,1994,0,0,0,0,0,0,0,0,0,0
120534,1,1,1994,5,13,15,50,11,6,30,30,29,16
120535,1,1,1994,0,0,0,0,0,0,0,0,0,0
120535,2,1,1994,0,0,0,0,0,0,0,0,0,0
120535,3,1,1994,17,0,0,0,0,0,0,0,0,0
120535,4,1,1994,0,0,12,0,0,0,0,0,0,0
120536,1,1,1994,17,17,17,17,17,17,17,17,17,17
120536,2,1,1994,8,8,8,8,8,8,8,8,8,8
120537,0,1,1994,0,0,0,0,0,0,0,0,0,0
120537,1,1,1994,0,0,0,0,0,0,0,0,0,0
120538,1,1,1994,13,13,13,13,13,13,13,13,13,13
120539,0,1,1994,0,0,0,0,0,0,0,0,0,0
120539,1,1,1994,0,0,0,0,0,0,0,0,0,0
120540,0,1,1994,0,0,0,0,0,0,0,0,0,0
120540,1,1,1994,12,0,0,0,0,0,0,0,0,0
120541,1,1,1994,0,0,0,0,0,0,0,0,0,0
120541,2,1,1994,0,0,0,0,0,0,0,0,0,0
120542,0,1,1994,0,0,0,0,0,0,0,0,0,0
120542,1,1,1994,0,0,0,8,0,0,0,0,0,0
120543,0,1,1994,0,0,0,0,0,0,0,0,0,0
120543,1,1,1994,11,3,6,29,10,15,12,3,2,13
120544,0,1,1994,0,0,0,0,0,0,0,0,0,0
120544,1,1,1994,0,0,8,0,0,0,0,0,0,0
120545,1,1,1994,0,0,0,0,0,0,0,0,0,0
120545,2,1,1994,0,0,0,0,0,0,0,0,0,0
120546,0,1,1994,0,0,0,0,0,0,0,0,0,0
120546,1,1,1994,10,0,0,0,0,0,0,0,0,0