ST_CASE,VEH_NO,PER_NO,YEAR,P1,P2,P3,P4,P5,P6,P7,P8,P9,P10
120547,1,1,1994,18,18,18,18,18,18,18,18,18,18
120548,1,1,1994,0,0,0,0,0,0,0,20,0,0
120549,1,1,1994,0,0,0,0,0,0,0,0,0,0
120550,1,1,1994,0,0,0,0,0,0,0,0,0,0
120551,0,1,1994,20,20,20,20,20,20,20,20,20,20
120551,1,1,1994,0,0,0,19,10,24,0,26,0,0
120553,1,1,1994,17,17,17,17,17,17,17,17,17,17
120554,1,1,1994,0,0,0,0,0,0,0,0,0,0
120555,1,1,1994,0,0,6,0,0,11,0,0,0,0
120555,2,1,1994,0,0,0,0,18,0,0,0,0,0
120556,0,1,1994,0,0,0,12,15,0,0,0,0,0
120556,1,1,1994,0,0,0,0,0,0,0,0,0,4
120558,1,1,1994,0,0,0,0,0,0,0,0,0,0
120558,2,1,1994,0,0,0,0,0,0,0,0,0,0
120559,1,1,1994,0,0,0,0,0,0,0,0,0,0
120560,0,1,1994,0,0,0,0,0,0,0,0,0,0
120560,1,1,1994,19,19,19,19,19,19,19,19,19,19
120561,1,1,1994,16,0,0,0,0,0,0,0,0,0
120561,2,1,1994,0,0,0,0,0,0,0,0,0,0
120562,1,1,1994,0,0,0,0,0,0,0,0,0,0
120562,2,1,1994,0,0,0,13,0,0,0,0,0,0
120563,1,1,1994,0,0,0,0,0,0,0,0,0,0
120563,2,1,1994,8,8,8,8,8,8,8,8,8,8
120564,1,1,1994,0,0,0,0,0,0,0,0,0,0
120565,1,1,1994,0,0,0,0,0,0,0,0,0,0
120565,2,1,1994,0,0,0,0,0,0,0,0,0,0
120566,0,1,1994,0,0,0,0,0,0,0,0,0,0
120566,1,1,1994,0,0,0,0,0,0,0,0,0,0
120567,1,1,1994,0,0,0,0,0,0,0,0,0,0
120567,2,1,1994,0,0,0,0,0,0,0,0,0,0
120568,1,1,1994,0,0,0,0,0,0,0,0,0,0
120568,2,1,1994,0,0,0,0,0,0,0,0,0,0
120569,1,1,1994,0,0,0,0,0,0,0,0,0,0
120570,1,1,1994,0,0,0,0,0,0,0,0,0,0
120571,1,1,1994,0,0,0,0,0,24,7,0,0,0
120571,2,1,1994,0,0,0,0,0,0,0,5,0,7
120571,3,1,1994,0,0,0,0,13,0,0,0,0,0
120572,1,1,1994,0,0,0,0,0,0,0,0,0,0
120572,2,1,1994,0,0,0,0,0,0,0,0,0,0
120573,1,1,1994,9,9,9,9,9,9,9,9,9,9
120574,0,1,1994,0,0,0,0,0,26,0,0,19,19
120574,1,1,1994,0,0,0,0,0,0,0,0,0,0
120575,1,1,1994,5,5,5,5,5,5,5,5,5,5
120576,0,1,1994,0,0,0,0,0,0,0,0,0,0
120576,1,1,1994,0,0,0,0,0,0,0,0,0,0
120577,1,1,1994,0,0,0,0,0,0,0,0,0,0
120577,2,1,1994,0,0,0,0,0,0,0,0,0,0
120578,1,1,1994,5,5,5,5,5,5,5,5,5,5
120578,2,1,1994,0,0,0,0,0,0,0,0,0,0
120579,1,1,1994,0,0,0,0,0,0,0,0,0,0
120580,0,1,1994,21,21,21,21,21,21,21,21,21,21
120580,1,1,1994,0,0,0,0,0,0,0,0,0,0
120581,1,1,1994,0,0,0,0,0,0,0,0,0,0
120581,2,1,1994,6,6,6,6,6,6,6,6,6,6
120582,0,1,1994,17,17,17,17,17,17,17,17,17,17
120582,1,1,1994,0,0,0,0,0,0,7,0,0,0
120583,0,1,1994,12,0,19,0,0,0,39,0,0,0
120583,1,1,1994,0,0,0,0,11,0,0,0,0,0
120584,1,1,1994,0,0,0,11,15,0,0,4,0,0
120584,2,1,1994,0,40,35,5,0,9,0,18,0,0
120585,1,1,1994,0,0,0,0,0,0,0,0,0,0
120585,2,1,1994,0,0,0,0,0,0,0,0,0,0
120586,1,1,1994,18,18,10,9,29,15,16,13,18,14
120587,1,1,1994,0,0,0,0,0,0,0,0,0,0
120588,1,1,1994,16,0,0,0,0,0,0,0,0,0
120589,1,1,1994,0,0,0,0,0,0,0,0,0,0
120589,2,1,1994,0,0,0,0,0,0,0,0,0,0
120590,1,1,1994,0,0,0,0,0,0,0,0,0,0
120591,1,1,1994,30,30,30,30,30,30,30,30,30,30
120591,2,1,1994,0,0,0,0,0,0,0,0,0,0
120592,0,1,1994,0,0,0,0,0,0,0,0,0,0
120592,1,1,1994,0,0,0,16,0,0,0,0,0,0
120593,1,1,1994,20,20,20,20,20,20,20,20,20,20
120593,2,1,1994,0,0,23,0,0,0,0,0,4,0
120594,0,1,1994,26,26,26,26,26,26,26,26,26,26
120594,1,1,1994,0,0,0,0,0,0,0,0,0,0
120595,1,1,1994,30,30,30,30,30,30,30,30,30,30
120595,2,1,1994,0,0,0,0,0,0,0,0,0,0
120596,0,1,1994,19,19,19,19,19,19,19,19,19,19
120596,1,1,1994,0,0,0,0,0,0,0,0,0,0
120597,1,1,1994,0,0,0,0,0,0,0,0,0,0
120597,2,1,1994,0,0,0,4,0,0,0,0,0,0
120598,1,1,1994,15,17,18,0,14,0,12,0,0,0
120598,2,1,1994,30,22,6,0,4,0,9,58,0,9
120599,1,1,1994,0,0,0,0,0,0,0,0,0,0
120599,2,1,1994,0,0,0,0,0,0,0,0,0,0
120600,0,1,1994,0,0,0,18,0,0,0,28,0,0
120600,1,1,1994,0,18,0,17,22,20,13,22,19,0
120601,1,1,1994,0,0,0,0,0,0,0,0,0,0
120601,2,1,1994,0,0,0,0,0,0,0,0,0,0
120602,1,1,1994,18,18,18,18,18,18,18,18,18,18
120603,1,1,1994,0,0,0,0,0,0,0,0,0,0
120604,1,1,1994,15,15,15,15,15,15,15,15,15,15
120605,1,1,1994,33,33,33,33,33,33,33,33,33,33
120606,1,1,1994,11,11,11,11,11,11,11,11,11,11
120607,1,1,1994,20,20,20,20,20,20,20,20,20,20
120607,2,1,1994,0,0,0,0,0,0,0,0,0,0
120609,0,1,1994,0,0,0,0,0,0,0,0,0,0
120609,2,1,1994,0,0,0,0,0,0,0,0,0,0
120610,1,1,1994,29,29,29,29,29,29,29,29,29,29
120611,0,1,1994,27,2,18,11,0,25,28,23,8,27
120611,1,1,1994,0,0,0,22,0,0,0,0,0,0
120612,1,1,1994,0,0,0,0,0,0,0,0,0,0
120612,2,1,1994,0,0,0,0,0,0,0,0,0,0
120613,1,1,1994,17,17,17,17,17,17,17,17,17,17
120613,2,1,1994,14,0,0,0,0,0,20,0,0,0
120614,1,1,1994,15,15,15,15,15,15,15,15,15,15
120615,1,1,1994,0,0,0,12,0,0,0,0,0,0
120615,2,1,1994,0,10,0,0,0,0,0,0,0,0
120616,1,1,1994,0,0,0,0,0,0,0,0,0,0
120616,2,1,1994,0,0,0,0,0,0,0,0,0,0
120617,1,1,1994,0,0,0,0,0,0,0,0,0,0
120617,2,1,1994,0,0,0,0,0,0,0,0,0,0
120617,3,1,1994,0,0,0,0,0,0,0,0,0,0
120618,0,1,1994,24,24,24,24,24,24,24,24,24,24
120618,1,1,1994,0,0,0,0,0,0,0,0,0,0
120619,1,1,1994,0,0,0,0,0,0,0,0,0,0
120619,2,1,1994,0,0,0,0,0,0,0,0,0,0
120620,1,1,1994,13,13,13,13,13,13,13,13,13,13
120621,0,1,1994,0,0,0,0,0,0,0,0,0,0
120621,1,1,1994,0,0,0,0,0,0,0,0,0,0
120622,0,1,1994,0,0,0,0,0,0,0,0,0,0
120622,0,2,1994,0,0,0,0,0,0,0,0,0,0
120622,1,1,1994,0,0,0,0,0,0,0,18,0,0
120623,0,1,1994,0,19,0,0,0,0,0,0,35,31
120623,1,1,1994,0,0,0,0,0,0,14,0,0,0
120623,2,1,1994,14,0,8,0,0,0,0,0,0,0
120624,1,1,1994,0,0,0,0,0,0,0,0,0,0
120624,2,1,1994,0,0,0,0,0,0,0,0,0,0
120624,3,1,1994,0,0,0,0,0,0,0,0,0,0
120625,1,1,1994,12,0,7,0,0,0,0,0,3,0
120625,2,1,1994,0,0,0,0,9,0,0,0,0,0
120625,3,1,1994,0,0,7,0,0,0,0,0,0,0
120626,1,1,1994,0,0,0,0,0,0,0,0,0,0
120626,2,1,1994,0,0,0,0,0,0,0,0,0,0
120627,0,1,1994,10,0,0,0,0,17,0,0,0,0
120627,1,1,1994,0,0,0,0,0,0,0,19,0,0
120628,1,1,1994,1,1,1,1,1,1,1,1,1,1
120628,2,1,1994,0,0,0,0,0,0,0,0,0,0
120629,1,1,1994,0,13,0,0,0,0,18,0,0,0
120630,0,1,1994,0,0,0,0,0,0,0,0,0,0
120630,0,2,1994,0,0,0,0,0,0,0,0,0,0
120630,1,1,1994,0,9,0,0,0,0,0,0,0,0
120630,2,1,1994,0,0,0,0,0,0,0,0,0,0
120631,1,1,1994,8,8,8,8,8,8,8,8,8,8
120632,1,1,1994,0,0,0,0,0,0,3,0,0,0
120632,2,1,1994,0,0,0,0,0,0,0,0,0,0
120633,0,1,1994,22,22,22,22,22,22,22,22,22,22
120633,1,1,1994,0,16,0,0,35,0,22,14,0,0
120634,1,1,1994,7,7,7,7,7,7,7,7,7,7
120635,1,1,1994,0,0,0,0,0,0,0,0,0,0
120635,2,1,1994,0,0,0,0,0,0,0,0,0,0
120636,1,1,1994,0,0,0,0,0,0,0,0,0,0
120636,2,1,1994,0,0,0,0,0,0,0,0,0,0
120637,1,1,1994,0,0,0,2,0,0,0,18,0,0
120638,1,1,1994,0,0,0,0,0,0,0,0,0,0
120639,0,1,1994,0,0,0,17,0,0,0,0,0,0
120639,1,1,1994,0,0,0,0,0,0,0,0,0,0
120640,1,1,1994,0,0,0,0,0,0,0,0,0,0
120640,2,1,1994,0,0,0,0,0,0,0,0,0,0
120641,1,1,1994,15,15,15,15,15,15,15,15,15,15
120642,1,1,1994,13,13,13,13,13,13,13,13,13,13
120644,1,1,1994,0,0,0,0,0,0,0,0,0,0
120644,2,1,1994,0,0,0,0,0,0,0,0,0,0
120645,1,1,1994,17,17,17,17,17,17,17,17,17,17
120646,1,1,1994,27,27,27,27,27,27,27,27,27,27
120647,1,1,1994,0,0,0,0,0,0,0,0,0,0
120647,2,1,1994,0,0,0,0,0,0,0,0,0,0
120648,0,1,1994,0,0,0,0,0,0,0,0,0,0
120648,1,1,1994,0,0,0,0,0,0,0,0,0,0
120649,0,1,1994,0,0,0,0,0,0,0,0,0,0
120649,1,1,1994,0,0,0,0,0,0,0,0,0,0
120650,0,1,1994,0,0,0,0,0,0,0,0,0,0
120650,0,2,1994,0,0,0,0,0,10,13,0,0,0
120650,1,1,1994,0,0,0,0,0,0,0,0,0,0
120651,1,1,1994,0,0,0,0,0,0,0,0,0,0
120651,2,1,1994,0,0,0,0,0,0,0,0,0,0
120652,0,1,1994,4,4,4,4,4,4,4,4,4,4
120652,1,1,1994,0,0,0,0,0,0,0,0,0,0
120653,0,1,1994,0,0,0,0,0,0,0,0,0,0
120653,1,1,1994,0,0,0,0,0,0,0,0,0,0
120654,1,1,1994,16,16,16,16,16,16,16,16,16,16
120654,2,1,1994,16,0,0,0,0,0,0,0,0,0
120655,1,1,1994,0,0,0,0,0,0,0,0,0,0
120656,0,1,1994,0,17,0,0,0,0,0,0,0,0
120656,1,1,1994,0,0,0,0,0,0,0,0,0,0
120657,0,1,1994,0,0,0,0,0,0,0,0,0,0
120657,1,1,1994,0,0,0,0,0,0,0,0,0,0
120658,1,1,1994,0,0,0,0,0,0,0,0,0,0
120658,2,1,1994,0,0,0,0,0,0,0,0,0,0
120659,1,1,1994,0,0,0,0,0,0,0,0,0,0
120659,2,1,1994,0,0,0,0,0,0,0,0,0,0
120660,1,1,1994,27,27,27,27,27,27,27,27,27,27
120660,2,1,1994,0,0,0,0,0,0,0,0,0,0
120661,1,1,1994,0,0,0,0,0,0,0,0,0,0
120662,1,1,1994,0,0,0,0,0,0,0,0,0,0
120662,2,1,1994,0,0,0,0,0,0,0,0,0,0
120663,1,1,1994,0,0,11,0,0,0,0,0,0,0
120663,2,1,1994,0,0,0,0,0,0,0,0,0,0
120664,1,1,1994,0,0,12,0,0,0,0,0,0,0
120664,2,1,1994,0,0,0,0,0,19,0,0,0,0
120665,1,1,1994,0,0,0,0,0,0,0,0,0,0
120665,2,1,1994,0,0,0,0,0,0,0,0,8,0
120665,3,1,1994,0,0,0,0,0,0,0,0,0,0
120665,4,1,1994,0,0,0,0,0,0,0,0,0,0
120666,1,1,1994,16,8,25,25,19,29,11,21,10,21
120667,1,1,1994,0,0,0,0,0,0,0,0,0,0
120667,2,1,1994,0,0,30,0,0,0,4,0,0,0
120668,1,1,1994,0,0,0,0,0,0,0,0,0,0
120668,2,1,1994,0,0,0,0,0,0,0,0,0,0
120669,1,1,1994,31,31,31,31,31,31,31,31,31,31
120670,0,1,1994,0,0,0,0,0,0,0,0,0,0
120670,1,1,1994,0,0,0,0,0,0,0,0,0,0
120671,1,1,1994,5,5,5,5,5,5,5,5,5,5
120672,1,1,1994,22,22,22,22,22,22,22,22,22,22
120672,2,1,1994,0,0,0,0,0,0,0,0,0,27
120673,1,1,1994,0,0,0,0,0,0,0,0,0,0
120673,2,1,1994,0,0,0,0,0,0,0,0,0,0
120673,3,1,1994,0,0,0,0,0,0,0,0,0,0
120674,0,1,1994,0,0,0,0,0,0,0,0,0,0
120674,1,1,1994,0,0,0,0,0,0,0,0,0,0
120675,1,1,1994,0,0,0,0,0,0,0,0,0,0
120676,0,1,1994,0,0,0,0,0,0,0,0,0,0
120676,1,1,1994,19,0,0,0,0,0,0,0,0,0
120677,1,1,1994,0,0,0,0,0,0,0,0,0,0
120678,0,1,1994,0,0,0,0,0,0,0,0,0,0
120678,1,1,1994,0,0,0,0,0,0,0,19,0,0
120679,1,1,1994,0,0,0,0,0,0,0,0,0,0
120680,0,1,1994,0,0,0,0,0,0,0,0,0,0
120680,1,1,1994,0,0,0,0,0,0,0,0,0,0
120681,0,1,1994,26,26,26,26,26,26,26,26,26,26
120681,1,1,1994,0,0,17,18,19,0,0,0,0,0
120682,1,1,1994,0,0,0,0,0,0,0,0,0,0
120682,2,1,1994,0,0,0,0,0,0,0,0,0,0
120682,3,1,1994,0,0,0,0,0,0,0,0,0,0
120683,1,1,1994,31,31,31,31,31,31,31,31,31,31
120684,1,1,1994,0,0,0,0,0,0,0,0,0,0
120684,2,1,1994,16,16,16,16,16,16,16,16,16,16
120685,1,1,1994,14,14,14,14,14,14,14,14,14,14
120685,2,1,1994,0,0,0,0,0,0,0,0,0,0
120685,3,1,1994,0,0,0,0,0,0,0,0,0,0
120686,1,1,1994,0,0,0,0,0,0,0,0,0,0
120686,2,1,1994,3,3,3,3,3,3,3,3,3,3
120687,1,1,1994,22,22,22,22,22,22,22,22,22,22
120688,1,1,1994,15,15,15,15,15,15,15,15,15,15
120688,2,1,1994,0,0,0,0,0,0,0,0,0,0
120689,1,1,1994,0,0,20,0,0,0,0,0,0,0
120689,2,1,1994,0,0,0,0,0,0,0,0,0,0
120690,0,1,1994,0,0,0,0,0,0,0,0,0,0
120690,1,1,1994,0,0,8,0,0,0,0,0,0,0
120691,1,1,1994,0,0,0,0,0,0,0,0,0,0
120691,2,1,1994,0,0,0,0,0,0,0,0,0,0
120692,1,1,1994,15,15,15,15,15,15,15,15,15,15
120693,1,1,1994,0,0,0,0,0,0,0,0,0,0
120693,2,1,1994,0,0,0,0,0,0,0,0,0,0
120694,1,1,1994,0,0,0,0,0,0,0,0,0,0
120694,2,1,1994,0,0,0,0,0,0,0,0,0,0
120695,0,1,1994,0,0,0,0,0,0,0,0,0,0
120695,1,1,1994,0,0,0,0,0,0,0,0,0,0
120696,1,1,1994,0,0,0,0,0,0,0,0,0,0
120696,2,1,1994,26,0,0,0,0,0,0,0,0,0
120697,1,1,1994,0,0,0,0,0,0,0,0,0,0
120698,1,1,1994,0,0,0,0,0,0,0,0,0,0
120698,2,1,1994,0,0,0,0,0,0,0,0,0,0
120699,1,1,1994,26,0,0,0,0,0,0,0,0,12
120699,2,1,1994,0,0,0,0,0,0,17,0,0,0
120700,1,1,1994,34,34,34,34,34,34,34,34,34,34
120701,0,1,1994,20,0,17,0,26,22,6,0,0,23
120701,1,1,1994,0,0,0,0,0,0,0,0,0,0
120702,0,1,1994,0,23,0,0,0,22,0,0,28,0
120702,1,1,1994,0,0,0,0,0,0,0,0,0,0
120703,1,1,1994,6,6,6,6,6,6,6,6,6,6
120703,2,1,1994,0,0,0,0,0,0,0,0,0,0
120703,3,1,1994,0,0,0,0,10,0,0,0,0,0
120703,4,1,1994,0,0,0,0,0,0,17,0,0,0
120704,1,1,1994,6,0,0,0,0,0,0,0,0,0
120704,2,1,1994,0,0,0,0,0,0,0,0,0,0
120705,1,1,1994,0,0,0,0,0,0,0,0,0,0
120705,2,1,1994,0,0,0,0,0,0,0,0,0,0
120706,1,1,1994,28,28,28,28,28,28,28,28,28,28
120706,2,1,1994,0,0,0,0,0,0,0,0,0,0
120707,1,1,1994,0,0,0,0,0,0,0,0,0,0
120707,2,1,1994,0,0,0,0,0,0,0,0,0,0
120708,1,1,1994,0,0,0,0,0,2,0,0,0,0
120708,2,1,1994,0,0,0,0,0,0,0,0,0,0
120709,1,1,1994,0,0,0,0,0,0,0,0,0,0
120709,3,1,1994,0,0,0,0,0,0,0,0,0,0
120710,0,1,1994,0,0,0,0,0,0,0,0,0,0
120710,1,1,1994,0,0,0,0,0,0,0,0,0,0
120711,1,1,1994,0,0,0,0,0,0,0,0,0,0
120711,2,1,1994,21,21,21,21,21,21,21,21,21,21
120712,1,1,1994,0,0,0,0,0,0,0,0,0,16
120713,0,1,1994,18,18,18,18,18,18,18,18,18,18
120713,1,1,1994,0,0,0,0,0,0,13,0,0,0
120714,0,1,1994,0,0,0,0,0,0,0,0,0,0
120714,1,1,1994,0,0,0,0,0,0,0,0,0,0
120715,1,1,1994,0,0,0,0,0,0,0,0,0,0
120715,2,1,1994,0,0,0,0,0,0,0,0,0,0
120716,1,1,1994,21,21,21,21,21,21,21,21,21,21
120716,2,1,1994,0,0,0,0,0,0,0,0,0,0
120717,0,1,1994,0,0,0,0,0,0,0,0,0,0
120717,1,1,1994,0,0,0,0,0,0,0,0,0,0
120718,1,1,1994,10,10,10,10,10,10,10,10,10,10
120719,0,1,1994,8,0,0,0,0,0,0,0,0,13
120719,0,2,1994,0,0,0,0,0,0,9,7,18,0
120719,0,3,1994,0,0,0,0,0,0,0,0,0,0
120719,1,1,1994,0,0,0,0,0,0,0,0,0,0
120720,1,1,1994,22,22,22,22,22,22,22,22,22,22
120721,0,1,1994,41,41,41,41,41,41,41,41,41,41
120721,1,1,1994,9,9,9,9,9,9,9,9,9,9
120722,1,1,1994,0,0,0,0,0,0,0,0,0,0
120722,2,1,1994,0,0,0,0,0,0,0,0,0,29
120723,1,1,1994,0,0,0,0,0,0,21,0,0,0
120723,2,1,1994,0,0,0,0,0,0,0,0,0,0
120724,1,1,1994,13,13,13,13,13,13,13,13,13,13
120725,1,1,1994,0,0,0,0,0,0,0,0,0,0
120725,2,1,1994,0,0,0,0,0,0,0,0,0,0
120726,0,1,1994,23,23,23,23,23,23,23,23,23,23
120726,1,1,1994,0,0,0,0,0,0,0,0,0,0
120727,1,1,1994,7,7,7,7,7,7,7,7,7,7
120728,1,1,1994,28,28,28,28,28,28,28,28,28,28
120728,2,1,1994,0,0,0,17,0,0,0,0,0,0
120729,0,1,1994,0,0,0,0,0,0,0,0,0,0
120729,1,1,1994,0,0,0,0,0,0,0,0,0,0
120730,1,1,1994,0,0,0,0,0,0,0,0,0,0
120731,1,1,1994,0,0,0,0,0,0,0,0,0,0
120732,1,1,1994,16,17,0,0,8,0,11,11,0,14
120733,1,1,1994,0,0,0,0,0,0,0,0,0,0
120734,1,1,1994,0,0,0,0,0,0,0,0,0,0
120734,2,1,1994,0,0,0,0,0,0,0,0,0,0
120734,3,1,1994,0,0,0,0,0,0,0,0,0,20
120735,1,1,1994,0,28,12,0,0,0,23,0,7,0
120735,2,1,1994,0,2,9,0,0,0,0,0,0,0
120736,0,1,1994,13,13,13,13,13,13,13,13,13,13
120736,1,1,1994,0,0,0,0,0,0,0,0,0,0
120737,1,1,1994,29,29,29,29,29,29,29,29,29,29
120738,0,1,1994,13,14,0,20,16,13,4,22,13,10
120738,1,1,1994,0,0,0,15,0,0,0,15,0,16
120739,1,1,1994,0,0,0,0,0,0,0,0,0,0
120739,2,1,1994,0,0,0,0,0,0,0,0,0,0
120740,1,1,1994,0,0,0,0,0,0,0,0,0,0
120740,2,1,1994,0,0,0,0,0,0,0,0,0,0
120741,0,1,1994,0,0,0,0,0,0,0,0,0,0
120741,1,1,1994,0,0,0,0,0,0,0,0,0,0
120742,1,1,1994,20,20,20,20,20,20,20,20,20,20
120742,2,1,1994,0,0,0,0,6,0,0,0,0,0
120742,3,1,1994,0,0,0,0,0,0,0,0,0,0
120743,0,1,1994,27,0,0,0,30,0,0,0,0,0
120743,1,1,1994,0,0,0,0,0,0,0,0,0,0
120744,1,1,1994,16,16,16,16,16,16,16,16,16,16
120745,0,1,1994,0,0,0,0,0,0,0,0,0,0
120745,1,1,1994,0,0,0,0,0,0,0,0,0,0
120746,1,1,1994,0,0,0,0,0,0,0,0,0,0
120747,1,1,1994,0,0,11,0,0,0,0,0,0,0
120747,2,1,1994,0,0,0,0,0,0,0,8,0,9
120747,3,1,1994,10,0,0,17,30,31,0,0,20,12
120748,1,1,1994,11,11,11,11,11,11,11,11,11,11
120748,2,1,1994,0,0,0,0,0,0,0,0,0,0
120748,3,1,1994,0,0,0,0,0,0,0,0,0,0
120749,1,1,1994,4,4,4,4,4,4,4,4,4,4
120750,1,1,1994,0,3,0,0,0,0,0,0,0,0
120750,2,1,1994,1,1,1,1,1,1,1,1,1,1
120751,0,1,1994,9,17,0,0,0,0,0,9,0,0
120751,1,1,1994,0,0,0,0,0,0,0,0,0,0
120751,2,1,1994,0,0,0,0,0,0,0,0,0,0
120752,1,1,1994,0,0,0,0,0,0,0,0,0,0
120753,1,1,1994,8,8,8,8,8,8,8,8,8,8
120753,2,1,1994,0,0,0,0,0,0,0,0,0,0
120754,1,1,1994,0,0,0,0,0,0,0,0,0,0
120755,1,1,1994,0,0,0,0,0,0,0,0,0,0
120755,2,1,1994,0,0,0,0,0,0,0,0,0,0
120756,0,1,1994,0,0,0,0,0,0,0,0,0,0
120756,1,1,1994,0,0,0,0,0,0,0,0,0,0
120757,0,1,1994,0,14,0,0,17,0,0,0,33,0
120757,1,1,1994,0,0,20,0,0,0,0,0,24,0
120758,1,1,1994,0,23,19,17,24,27,21,23,9,10
120758,2,1,1994,0,0,0,0,0,0,0,0,0,0
120758,3,1,1994,0,0,0,0,0,0,0,0,0,0
120758,4,1,1994,0,0,0,0,0,0,0,0,0,0
120759,1,1,1994,24,24,24,24,24,24,24,24,24,24
120760,1,1,1994,13,13,13,13,13,13,13,13,13,13
120760,2,1,1994,3,3,3,3,3,3,3,3,3,3
120761,1,1,1994,0,0,0,0,0,0,0,0,0,0
120762,1,1,1994,0,0,0,0,0,0,0,0,16,0
120763,1,1,1994,0,0,0,0,0,0,0,0,0,0
120763,2,1,1994,0,0,0,0,0,0,0,0,0,0
120764,1,1,1994,0,0,0,0,0,0,0,0,0,0
120764,2,1,1994,0,0,0,0,0,0,0,0,0,0
120765,1,1,1994,0,0,0,0,0,0,0,0,0,0
120765,2,1,1994,0,0,0,0,0,26,0,0,0,0
120766,1,1,1994,8,8,8,8,8,8,8,8,8,8
120767,1,1,1994,0,0,0,0,0,0,0,0,0,0
120768,1,1,1994,4,4,4,4,4,4,4,4,4,4
120770,1,1,1994,15,15,15,15,15,15,15,15,15,15
120771,1,1,1994,40,40,40,40,40,40,40,40,40,40
120772,1,1,1994,14,14,14,14,14,14,14,14,14,14
120772,2,1,1994,0,0,0,0,0,0,0,0,0,0
120773,1,1,1994,0,0,0,0,0,0,0,0,0,0
120773,2,1,1994,0,0,0,0,0,0,0,0,0,0
120774,1,1,1994,0,0,0,0,0,0,0,0,0,0
120775,0,1,1994,37,37,37,37,37,37,37,37,37,37
120775,1,1,1994,0,0,0,0,0,0,0,0,0,0
120775,2,1,1994,16,15,0,0,0,0,0,0,0,0
120776,1,1,1994,0,0,0,0,0,0,0,4,0,0
120777,1,1,1994,24,10,14,22,11,6,28,23,19,9
120777,2,1,1994,0,0,0,0,0,0,0,0,0,0
120778,1,1,1994,0,0,0,0,0,0,9,0,0,0
120779,1,1,1994,0,0,0,0,0,0,0,0,0,0
120779,2,2,1994,0,0,0,0,0,0,0,0,0,0
120780,1,1,1994,0,0,0,0,0,0,0,0,0,0
120780,2,1,1994,0,0,0,7,0,0,0,0,0,0
120781,0,1,1994,0,0,0,0,0,0,0,0,0,0
120781,1,1,1994,0,0,0,0,0,0,29,0,0,0
120782,1,1,1994,0,0,0,0,0,0,0,0,0,0
120783,0,1,1994,0,0,0,0,0,0,0,0,0,0
120783,0,2,1994,0,0,0,0,0,0,0,0,0,0
120783,1,1,1994,8,8,8,8,8,8,8,8,8,8
120783,2,1,1994,0,0,0,0,0,0,0,0,0,0
120784,1,1,1994,0,0,0,0,0,0,0,0,0,0
120784,2,1,1994,0,0,0,0,0,0,0,0,0,0
120785,1,1,1994,0,0,0,0,0,0,0,0,0,0
120785,2,1,1994,0,0,0,0,0,0,0,0,0,0
120786,1,1,1994,19,19,19,19,19,19,19,19,19,19
120786,2,1,1994,0,0,0,0,0,0,0,0,0,0
120787,1,1,1994,32,32,32,32,32,32,32,32,32,32
120788,1,1,1994,0,0,0,0,0,0,0,0,0,0
120788,2,1,1994,0,0,0,0,0,0,0,0,0,0
120789,1,1,1994,0,0,0,0,0,0,0,0,0,0
120789,2,1,1994,0,0,0,0,0,0,0,0,0,0
120790,0,1,1994,0,0,0,28,24,0,0,0,0,0
120790,1,1,1994,0,0,0,0,0,6,0,0,0,24
120791,0,1,1994,0,0,0,0,0,0,0,0,0,0
120791,1,1,1994,0,0,0,0,0,0,0,0,0,0
120792,1,1,1994,0,0,0,0,0,0,0,0,0,0
120792,2,1,1994,0,0,0,0,0,0,0,0,0,0
120793,1,1,1994,0,0,0,0,0,0,0,0,0,0
120793,2,1,1994,0,0,0,0,0,0,16,0,0,0
120794,0,1,1994,23,0,40,0,0,0,16,0,4,5
120794,1,1,1994,16,16,16,16,16,16,16,16,16,16
120795,1,1,1994,0,0,0,21,0,0,0,0,0,0
120795,2,1,1994,0,0,0,0,0,0,0,0,0,0
120796,0,1,1994,0,0,0,0,0,0,0,0,0,0
120796,1,1,1994,0,0,18,0,23,13,12,15,33,0
120797,1,1,1994,5,5,5,5,5,5,5,5,5,5
120798,1,1,1994,27,23,16,0,24,7,0,11,8,10
120798,2,1,1994,0,0,0,0,0,0,0,0,15,0
120799,1,1,1994,20,20,20,20,20,20,20,20,20,20
120800,1,1,1994,20,20,20,20,20,20,20,20,20,20
120801,1,1,1994,0,0,0,0,0,0,0,0,0,0
120801,2,1,1994,0,0,0,0,0,0,0,0,0,0
120802,1,1,1994,9,9,9,9,9,9,9,9,9,9
120803,0,1,1994,21,21,21,21,21,21,21,21,21,21
120803,1,1,1994,0,0,0,0,0,0,0,0,0,0
120804,0,1,1994,0,0,0,0,0,0,0,0,0,0
120805,1,1,1994,24,24,24,24,24,24,24,24,24,24
120805,2,1,1994,0,0,0,0,0,0,0,0,0,0
120806,1,1,1994,0,0,0,0,0,0,0,0,0,0
120806,2,1,1994,0,0,0,0,0,0,0,0,0,0
120807,1,1,1994,0,0,0,0,0,16,11,0,0,0
120808,0,1,1994,20,20,20,20,20,20,20,20,20,20
120808,1,1,1994,0,0,0,0,0,0,0,0,0,0
120809,1,1,1994,0,0,0,0,0,0,0,0,0,0
120810,1,1,1994,0,0,3,0,0,0,0,0,0,0