ST_CASE,VEH_NO,PER_NO,YEAR,P1,P2,P3,P4,P5,P6,P7,P8,P9,P10
120810,2,1,1994,21,21,21,21,21,21,21,21,21,21
120811,1,1,1994,19,19,19,19,19,19,19,19,19,19
120812,0,1,1994,29,29,29,29,29,29,29,29,29,29
120812,1,1,1994,0,0,0,0,0,0,0,0,0,0
120813,0,1,1994,34,34,34,34,34,34,34,34,34,34
120813,1,1,1994,0,0,0,0,0,0,0,0,0,0
120814,1,1,1994,24,24,24,24,24,24,24,24,24,24
120814,2,1,1994,0,11,19,13,0,0,23,0,14,0
120815,1,1,1994,25,25,25,25,25,25,25,25,25,25
120815,2,1,1994,6,6,6,6,6,6,6,6,6,6
120815,3,1,1994,0,0,0,0,0,0,0,0,0,0
120816,1,1,1994,34,34,34,34,34,34,34,34,34,34
120816,2,1,1994,0,0,0,0,0,0,0,0,0,0
120817,0,1,1994,19,19,19,19,19,19,19,19,19,19
120817,1,1,1994,0,0,0,0,23,0,0,0,0,0
120818,1,1,1994,12,12,12,12,12,12,12,12,12,12
120819,1,1,1994,17,0,0,0,0,0,0,0,0,0
120820,1,1,1994,0,0,0,0,0,0,0,0,0,0
120820,2,1,1994,0,0,0,0,0,0,0,0,0,0
120821,1,1,1994,0,0,0,0,0,0,0,0,0,0
120821,2,1,1994,0,0,0,0,0,0,0,0,0,0
120822,1,1,1994,26,26,26,26,26,26,26,26,26,26
120823,1,1,1994,21,21,21,21,21,21,21,21,21,21
120824,1,1,1994,0,0,0,0,0,0,0,0,0,0
120824,2,1,1994,12,0,20,0,0,0,0,0,0,0
120825,1,1,1994,0,0,0,0,0,0,0,0,0,0
120825,2,1,1994,0,0,0,0,0,0,0,0,0,14
120825,3,1,1994,0,0,0,0,0,0,0,0,0,0
120826,1,1,1994,0,0,0,0,0,0,0,0,0,0
120826,2,1,1994,0,0,0,0,0,0,0,0,0,0
120826,3,1,1994,0,0,0,0,0,0,0,0,0,0
120827,1,1,1994,0,0,0,0,0,3,0,0,0,0
120827,2,1,1994,0,0,0,0,0,0,0,0,0,0
120828,1,1,1994,0,0,0,0,0,0,0,0,0,0
120829,1,1,1994,0,0,0,0,0,0,0,0,0,0
120830,1,1,1994,5,5,5,5,5,5,5,5,5,5
120830,2,1,1994,17,0,0,0,0,0,0,0,0,0
120833,1,1,1994,13,0,0,0,11,25,0,14,0,0
120834,1,1,1994,0,0,0,11,0,0,0,0,0,0
120834,2,1,1994,0,0,0,0,0,0,19,0,0,0
120835,1,1,1994,0,0,0,0,0,0,0,0,0,0
120836,0,1,1994,0,0,0,0,0,0,0,0,0,0
120836,1,1,1994,0,18,38,14,33,0,0,13,27,21
120837,1,1,1994,0,0,0,0,0,0,0,0,0,0
120838,1,1,1994,0,0,0,0,0,0,7,0,0,0
120839,1,1,1994,0,0,0,0,0,0,0,0,0,0
120840,1,1,1994,28,28,28,28,28,28,28,28,28,28
120841,1,1,1994,0,0,0,0,0,0,0,0,0,0
120841,2,1,1994,0,0,0,0,0,0,0,0,0,0
120842,1,1,1994,0,0,0,0,0,0,0,0,0,0
120844,1,1,1994,0,0,0,0,0,0,0,0,0,0
120844,2,1,1994,0,0,0,0,0,0,0,9,0,0
120845,1,1,1994,22,22,22,22,22,22,22,22,22,22
120846,1,1,1994,24,24,24,24,24,24,24,24,24,24
120847,1,1,1994,15,15,15,15,15,15,15,15,15,15
120848,1,1,1994,0,0,0,0,0,0,0,0,0,0
120848,2,1,1994,0,0,0,0,0,0,0,0,0,0
120849,0,1,1994,0,0,3,24,0,0,23,20,0,23
120849,1,1,1994,0,0,0,25,0,0,10,0,0,5
120850,0,1,1994,0,0,0,0,0,0,0,0,0,0
120850,1,1,1994,0,0,0,0,0,0,0,0,0,0
120851,1,1,1994,0,0,0,0,0,0,0,0,0,0
120851,2,1,1994,0,0,0,0,0,2,0,0,0,0
120852,1,1,1994,0,0,0,0,0,0,0,0,0,0
120852,2,1,1994,0,0,0,0,0,0,0,0,0,0
120853,0,1,1994,0,20,14,22,0,15,37,0,0,5
120853,1,1,1994,0,0,0,0,0,0,0,0,0,0
120854,1,1,1994,16,16,16,16,16,16,16,16,16,16
120855,1,1,1994,0,0,0,0,0,0,0,0,0,0
120855,2,1,1994,0,0,0,0,0,0,0,0,0,0
120856,1,1,1994,0,0,0,0,0,0,0,0,0,0
120856,2,1,1994,0,0,0,0,0,0,0,0,0,0
120856,3,1,1994,0,0,0,0,0,0,0,0,0,0
120857,0,1,1994,0,0,0,0,0,0,0,0,0,0
120857,1,1,1994,0,0,0,0,0,0,0,0,0,0
120858,0,1,1994,26,0,0,26,0,0,0,0,0,9
120858,1,1,1994,0,0,0,0,0,0,0,0,0,0
120859,0,1,1994,0,0,0,0,0,0,0,0,0,0
120859,0,2,1994,0,0,0,0,0,0,24,0,23,0
120859,1,1,1994,0,0,0,0,0,0,0,0,0,0
120860,1,1,1994,0,0,0,0,0,0,0,0,0,0
120860,2,1,1994,26,26,26,26,26,26,26,26,26,26
120861,1,1,1994,21,21,21,21,21,21,21,21,21,21
120861,2,1,1994,0,0,0,0,23,0,0,0,0,0
120862,0,1,1994,0,0,0,0,0,0,0,0,0,0
120862,1,1,1994,0,0,11,0,0,0,0,0,0,0
120863,1,1,1994,0,0,0,0,0,0,0,0,0,0
120864,1,1,1994,0,0,0,0,0,0,0,0,0,24
120865,1,1,1994,0,0,0,0,0,0,0,0,0,0
120865,2,1,1994,0,0,0,0,0,0,0,0,0,0
120866,1,1,1994,0,0,0,0,0,15,0,0,0,0
120866,2,1,1994,0,6,0,0,0,1,0,0,0,0
120866,3,1,1994,12,0,0,0,0,0,0,0,0,0
120867,1,1,1994,0,0,0,0,0,0,0,0,0,0
120867,2,1,1994,0,0,0,0,0,0,0,0,0,0
120868,0,1,1994,33,33,33,33,33,33,33,33,33,33
120868,1,1,1994,0,0,0,0,0,0,0,0,0,0
120869,1,1,1994,22,22,22,22,22,22,22,22,22,22
120870,0,1,1994,0,0,0,0,0,0,0,0,0,0
120870,1,1,1994,0,0,0,0,0,0,0,0,0,0
120871,1,1,1994,0,0,0,0,0,0,0,0,0,0
120872,1,1,1994,2,2,2,2,2,2,2,2,2,2
120873,1,1,1994,0,0,11,0,9,0,0,18,0,0
120873,2,1,1994,0,0,0,0,0,0,0,0,0,0
120874,1,1,1994,0,0,0,0,0,0,0,0,0,0
120874,2,1,1994,0,0,0,0,0,0,0,0,0,0
120875,1,1,1994,23,23,23,23,23,23,23,23,23,23
120876,1,1,1994,0,0,0,0,0,0,0,0,0,0
120877,0,1,1994,33,20,3,7,12,0,25,0,36,22
120877,1,1,1994,0,0,0,0,0,0,0,12,0,0
120878,1,1,1994,0,0,0,0,0,0,0,0,0,0
120879,1,1,1994,0,0,0,0,0,0,0,0,0,0
120879,2,1,1994,0,0,9,0,0,0,0,0,0,0
120880,1,1,1994,0,0,0,0,0,0,0,0,0,0
120880,2,1,1994,0,0,0,0,0,0,0,0,0,0
120881,1,1,1994,14,14,14,14,14,14,14,14,14,14
120882,1,1,1994,0,0,0,0,0,0,0,0,0,0
120884,0,1,1994,13,13,13,13,13,13,13,13,13,13
120884,1,1,1994,15,10,0,0,0,0,0,11,0,0
120885,1,1,1994,38,8,9,13,0,11,11,18,11,20
120886,1,1,1994,0,0,0,0,0,0,0,0,0,0
120887,1,1,1994,6,6,6,6,6,6,6,6,6,6
120887,2,1,1994,0,0,0,0,0,0,0,0,0,0
120887,3,1,1994,0,0,3,0,0,0,0,0,0,0
120888,1,1,1994,19,19,19,19,19,19,19,19,19,19
120889,0,1,1994,0,0,0,0,0,0,0,0,0,0
120889,1,1,1994,0,0,0,0,0,0,0,0,0,0
120890,1,1,1994,0,0,0,0,0,0,0,0,0,0
120890,2,1,1994,0,0,0,0,0,0,0,0,0,0
120891,1,1,1994,0,0,0,0,0,0,0,0,0,0
120891,2,1,1994,0,5,0,0,0,0,0,0,0,0
120892,0,1,1994,11,42,23,21,0,34,3,25,26,24
120892,1,1,1994,9,9,20,14,19,21,0,17,11,12
120893,0,1,1994,30,30,30,30,30,30,30,30,30,30
120893,1,1,1994,12,0,0,0,18,0,0,0,0,5
120894,0,1,1994,0,0,0,0,0,0,0,0,0,0
120894,1,1,1994,0,0,0,0,0,0,0,0,0,0
120895,1,1,1994,0,0,0,0,0,0,0,0,0,0
120895,2,1,1994,0,0,0,0,0,0,0,0,0,0
120896,1,1,1994,0,0,0,0,0,0,0,0,0,0
120896,2,1,1994,27,27,27,27,27,27,27,27,27,27
120896,3,1,1994,0,0,0,30,0,0,0,0,0,20
120897,1,1,1994,0,0,0,0,16,0,0,8,0,9
120898,1,1,1994,0,17,17,24,7,25,16,9,24,19
120899,1,1,1994,0,0,0,0,0,0,0,0,0,0
120899,2,1,1994,0,0,0,0,0,0,0,0,0,0
120900,1,1,1994,0,0,0,0,0,0,28,0,0,0
120900,2,1,1994,0,0,0,0,0,0,0,0,0,0
120900,3,1,1994,0,0,0,0,0,0,0,0,0,0
120901,1,1,1994,0,0,0,0,0,0,0,0,0,0
120901,2,1,1994,0,0,0,0,8,0,0,0,0,0
120902,1,1,1994,0,0,0,0,0,0,0,0,0,0
120902,2,1,1994,0,0,0,0,0,0,0,0,0,0
120903,1,1,1994,0,0,0,0,0,0,0,0,0,0
120903,2,1,1994,0,0,0,0,0,0,0,0,0,0
120904,1,1,1994,0,9,15,18,18,0,23,0,0,21
120905,1,1,1994,23,23,23,23,23,23,23,23,23,23
120905,2,1,1994,0,18,0,0,0,0,0,22,56,0
120907,1,1,1994,0,0,0,0,0,0,0,0,0,0
120907,2,1,1994,0,0,0,0,0,0,0,0,0,0
120908,1,1,1994,22,22,22,22,22,22,22,22,22,22
120909,1,1,1994,7,7,7,7,7,7,7,7,7,7
120909,2,1,1994,0,0,0,0,0,0,0,0,0,0
120909,3,1,1994,0,0,0,0,0,0,0,0,0,0
120910,1,1,1994,0,0,0,0,0,0,0,0,0,0
120910,2,1,1994,0,0,0,0,0,0,0,0,0,0
120911,1,1,1994,9,0,0,0,0,0,0,0,0,0
120911,2,1,1994,0,0,0,0,0,0,0,3,4,0
120912,0,1,1994,0,0,0,0,0,0,0,0,0,0
120912,1,1,1994,0,0,0,0,0,0,0,0,0,0
120913,1,1,1994,0,0,15,0,0,0,0,0,0,0
120914,1,1,1994,0,0,0,0,0,0,0,0,0,0
120915,0,1,1994,0,0,0,0,0,0,0,0,0,0
120915,1,1,1994,0,0,0,0,0,0,0,0,0,0
120916,0,1,1994,0,0,0,0,0,0,0,0,0,0
120916,1,1,1994,0,0,0,0,4,0,0,0,0,0
120917,1,1,1994,0,0,0,13,0,0,0,0,0,0
120917,2,1,1994,0,0,0,0,0,0,0,0,0,0
120918,1,1,1994,27,27,27,27,27,27,27,27,27,27
120919,1,1,1994,16,16,16,16,16,16,16,16,16,16
120919,2,1,1994,0,0,0,18,0,0,0,0,0,0
120920,1,1,1994,0,0,0,0,0,0,0,0,0,0
120920,2,1,1994,0,0,0,0,0,0,0,0,0,0
120921,0,1,1994,0,0,0,0,0,0,0,0,0,0
120921,1,1,1994,0,0,0,0,0,0,0,0,0,4
120922,1,1,1994,11,0,0,0,0,0,0,0,18,0
120922,2,1,1994,9,9,9,9,9,9,9,9,9,9
120923,1,1,1994,0,0,14,0,0,7,0,0,0,0
120923,2,1,1994,18,19,15,13,26,30,19,13,28,15
120924,1,1,1994,0,18,0,0,0,0,0,0,0,0
120925,1,1,1994,21,0,27,0,8,16,0,22,0,0
120925,2,1,1994,4,6,14,8,8,12,0,5,19,30
120926,1,1,1994,15,15,15,15,15,15,15,15,15,15
120927,1,1,1994,0,0,0,0,0,0,0,0,0,0
120927,2,1,1994,0,0,0,0,0,0,0,0,0,0
120927,3,1,1994,0,0,0,0,0,0,0,0,0,0
120928,1,1,1994,0,0,0,0,0,0,0,0,0,0
120928,2,1,1994,0,0,0,0,0,0,0,10,0,0
120929,0,1,1994,0,0,0,0,0,0,0,0,0,0
120929,1,1,1994,0,0,0,0,0,0,0,0,0,0
120930,1,1,1994,0,0,0,0,0,0,0,0,0,0
120931,1,1,1994,0,0,0,0,0,0,0,0,0,0
120932,0,1,1994,8,8,8,8,8,8,8,8,8,8
120932,1,1,1994,0,0,0,0,0,0,0,0,0,0
120933,1,1,1994,0,17,0,0,14,0,0,0,0,0
120934,1,1,1994,0,0,0,0,0,0,0,0,0,0
120935,1,1,1994,0,0,0,0,0,0,0,0,0,13
120935,2,1,1994,0,0,0,0,0,0,0,0,0,0
120936,1,1,1994,32,32,32,32,32,32,32,32,32,32
120937,1,1,1994,0,0,0,0,0,0,0,0,0,0
120937,2,1,1994,0,0,0,0,0,0,0,0,0,0
120938,1,1,1994,15,0,0,0,12,0,20,12,0,0
120938,2,1,1994,0,0,0,0,18,0,0,0,0,0
120939,1,1,1994,0,0,0,0,0,0,0,0,0,0
120939,2,1,1994,0,0,0,0,0,0,0,0,0,0
120940,1,1,1994,1,1,1,1,1,1,1,1,1,1
120940,2,1,1994,0,0,0,0,0,0,0,0,0,0
120941,1,1,1994,0,0,0,0,0,0,0,0,0,0
120941,2,1,1994,0,0,0,0,0,0,0,0,0,0
120942,1,1,1994,6,6,6,6,6,6,6,6,6,6
120943,1,1,1994,0,0,0,0,0,0,0,0,0,0
120943,2,1,1994,0,0,0,0,0,0,0,0,0,0
120944,1,1,1994,22,17,8,15,30,17,17,25,25,13
120945,1,1,1994,17,17,17,17,17,17,17,17,17,17
120945,2,1,1994,0,0,0,0,0,0,15,0,0,9
120946,1,1,1994,0,0,0,0,0,0,0,0,0,0
120947,0,1,1994,14,14,14,14,14,14,14,14,14,14
120947,1,1,1994,0,0,0,0,0,0,0,0,0,0
120948,0,1,1994,0,0,0,0,0,0,0,0,0,0
120948,1,1,1994,0,0,10,0,0,27,14,0,0,0
120949,1,1,1994,0,0,0,0,0,0,0,0,0,0
120949,2,1,1994,0,0,0,0,0,0,0,0,0,0
120950,0,1,1994,0,0,0,0,0,0,0,0,0,0
120950,1,1,1994,13,20,17,11,11,10,16,17,29,13
120951,1,1,1994,19,19,19,19,19,19,19,19,19,19
120951,2,1,1994,12,12,12,12,12,12,12,12,12,12
120951,3,1,1994,13,13,13,13,13,13,13,13,13,13
120952,1,1,1994,0,0,0,0,0,0,0,0,0,0
120953,0,1,1994,0,4,16,0,0,27,0,0,0,0
120953,1,1,1994,0,0,0,0,0,0,0,0,0,0
120954,1,1,1994,0,0,0,0,0,0,0,0,0,0
120954,2,1,1994,0,0,0,0,0,0,0,0,0,0
120954,3,1,1994,0,0,0,0,0,0,0,0,0,0
120955,0,1,1994,36,36,36,36,36,36,36,36,36,36
120955,1,1,1994,0,0,0,0,0,0,0,0,0,0
120956,1,1,1994,6,6,6,6,6,6,6,6,6,6
120957,1,1,1994,0,0,20,17,24,0,24,0,0,0
120958,1,1,1994,0,0,0,0,0,0,0,0,0,0
120959,1,1,1994,0,0,0,0,0,0,0,0,0,0
120959,2,1,1994,0,0,0,0,0,0,0,0,0,0
120959,3,1,1994,0,0,0,0,0,0,0,22,0,14
120960,0,1,1994,23,23,23,23,23,23,23,23,23,23
120960,1,1,1994,0,0,0,0,0,0,0,0,0,0
120961,0,1,1994,0,0,0,0,0,0,0,0,0,0
120961,1,1,1994,0,0,0,0,0,0,0,0,0,0
120962,1,1,1994,0,0,0,0,0,0,0,0,0,0
120963,1,1,1994,16,16,16,16,16,16,16,16,16,16
120963,2,1,1994,0,15,0,0,0,11,0,0,0,0
120964,1,1,1994,23,23,23,23,23,23,23,23,23,23
120965,1,1,1994,0,0,0,32,0,8,32,0,0,0
120965,2,1,1994,0,0,0,0,0,23,0,0,0,0
120965,3,1,1994,0,0,0,0,0,0,0,0,0,0
120966,1,1,1994,0,0,0,0,0,0,0,0,0,0
120966,2,1,1994,22,0,0,0,0,0,0,0,0,0
120967,1,1,1994,15,15,15,15,15,15,15,15,15,15
120968,1,1,1994,0,0,0,0,0,0,0,0,0,0
120969,1,1,1994,0,0,0,0,0,0,0,0,0,0
120969,2,1,1994,0,0,0,0,0,0,0,0,0,0
120970,0,1,1994,0,0,0,0,3,0,0,0,0,0
120970,1,1,1994,0,0,0,0,0,0,0,0,0,0
120971,0,1,1994,26,22,42,6,23,23,41,17,38,18
120971,1,1,1994,0,0,0,0,0,0,0,0,0,4
120972,1,1,1994,0,0,0,0,0,0,0,0,0,0
120972,2,1,1994,0,0,0,0,0,0,0,0,0,0
120973,1,1,1994,7,7,7,7,7,7,7,7,7,7
120973,2,1,1994,12,12,12,12,12,12,12,12,12,12
120974,0,1,1994,0,0,0,0,0,0,0,0,0,0
120974,1,1,1994,0,0,0,0,0,0,0,0,0,0
120975,0,1,1994,0,0,0,0,0,0,0,0,0,0
120975,1,1,1994,0,0,0,0,0,0,0,0,0,0
120976,0,1,1994,0,0,0,0,0,0,0,0,0,0
120976,1,1,1994,0,0,0,0,0,0,0,0,0,0
120977,1,1,1994,0,0,0,0,0,0,0,0,0,0
120977,2,1,1994,0,0,0,0,0,0,0,0,0,0
120978,1,1,1994,0,0,0,0,0,0,0,0,0,0
120978,2,1,1994,0,0,0,0,0,0,0,0,0,0
120979,1,1,1994,0,0,0,13,0,0,18,0,0,0
120980,1,1,1994,0,0,0,0,0,0,0,0,0,0
120980,2,1,1994,0,0,0,0,0,0,0,0,0,0
120981,0,1,1994,25,25,25,25,25,25,25,25,25,25
120981,1,1,1994,0,0,0,0,0,0,0,0,0,0
120982,0,1,1994,11,11,11,11,11,11,11,11,11,11
120982,1,1,1994,0,0,0,0,0,0,0,0,6,0
120983,0,1,1994,0,0,0,0,0,0,0,0,0,0
120983,1,1,1994,0,0,0,0,0,0,0,0,0,0
120983,2,1,1994,0,0,0,0,0,0,0,0,0,16
120984,1,1,1994,0,0,0,20,0,0,0,0,14,0
120984,2,1,1994,0,0,0,0,0,0,0,2,0,15
120985,0,1,1994,0,0,0,0,0,0,0,0,0,0
120985,1,1,1994,0,0,0,0,0,0,0,0,0,0
120986,0,1,1994,32,32,32,32,32,32,32,32,32,32
120986,1,1,1994,0,0,0,0,0,0,0,0,0,0
120987,1,1,1994,36,36,36,36,36,36,36,36,36,36
120987,2,1,1994,0,0,0,0,0,0,0,0,0,0
120988,1,1,1994,21,21,21,21,21,21,21,21,21,21
120989,1,1,1994,0,0,0,0,0,0,0,0,0,0
120989,2,1,1994,4,24,15,7,14,12,20,2,20,18
120990,1,1,1994,0,0,0,0,0,0,0,0,0,0
120990,2,1,1994,0,0,0,0,0,0,0,0,0,0
120991,0,1,1994,0,0,0,0,5,28,0,13,0,0
120991,1,1,1994,0,0,0,0,0,0,0,0,0,0
120992,1,1,1994,0,0,0,0,0,0,0,0,0,0
120992,2,1,1994,0,0,0,11,12,0,0,19,0,0
120993,0,1,1994,0,0,0,0,0,0,0,0,0,0
120993,1,1,1994,13,8,17,42,25,9,7,11,18,16
120994,1,1,1994,0,0,0,0,0,0,0,0,0,0
120995,1,1,1994,12,12,12,12,12,12,12,12,12,12
120995,2,1,1994,12,21,25,28,7,0,15,0,0,21
120996,1,1,1994,0,0,0,0,0,0,0,4,0,0
120997,0,1,1994,0,0,0,0,0,0,0,0,0,0
120997,1,1,1994,0,0,0,0,0,0,0,0,0,0
120998,1,1,1994,0,0,0,0,0,0,0,0,0,0
120998,2,1,1994,0,0,0,0,23,0,0,0,10,0
120999,1,1,1994,0,0,0,16,0,24,0,0,0,24
121000,1,1,1994,0,0,0,0,0,0,0,0,0,0
121000,2,1,1994,0,0,0,0,0,0,0,23,0,0
121001,1,1,1994,14,5,11,19,2,19,0,3,13,14
121001,2,1,1994,0,0,0,0,0,0,0,0,5,0
121002,1,1,1994,7,7,7,7,7,7,7,7,7,7
121003,1,1,1994,0,0,0,12,0,0,0,0,0,0
121003,2,1,1994,0,0,0,0,0,0,0,0,0,0
121004,2,1,1994,0,0,0,0,0,0,0,0,0,0
121005,0,1,1994,0,15,0,0,0,0,25,0,0,0
121005,1,1,1994,0,0,0,0,0,0,0,0,0,0
121006,1,1,1994,18,18,18,18,18,18,18,18,18,18
121007,0,1,1994,0,0,0,0,12,20,0,0,0,0
121007,1,1,1994,0,0,0,0,14,0,0,0,0,0
121008,1,1,1994,0,0,0,0,0,0,0,0,0,0
121008,2,1,1994,0,0,0,0,0,0,0,0,0,0
121009,0,1,1994,0,0,0,0,0,5,0,0,0,0
121009,1,1,1994,26,5,17,18,29,21,16,11,13,31
121010,1,1,1994,0,0,0,0,0,0,0,0,0,0
121011,1,1,1994,0,0,0,0,0,0,0,0,0,0
121011,2,1,1994,0,0,0,0,0,0,0,0,0,10
121012,0,1,1994,0,0,0,0,0,0,0,0,0,0
121012,1,1,1994,0,0,0,0,0,0,0,0,0,0
121013,0,1,1994,0,0,0,0,0,0,0,0,0,0
121013,1,1,1994,0,0,0,0,0,0,0,0,0,0
121013,2,1,1994,0,0,0,0,0,0,0,0,0,0
121014,0,1,1994,21,22,25,0,12,21,0,18,36,25
121014,1,1,1994,17,17,17,17,17,17,17,17,17,17
121015,1,1,1994,0,0,26,0,0,0,0,33,0,0
121015,2,1,1994,0,0,0,0,0,0,0,0,0,0
121015,3,1,1994,0,0,0,0,0,0,0,0,0,0
121016,1,1,1994,0,0,0,0,0,0,0,0,0,0
121016,2,1,1994,0,0,0,0,0,0,0,0,0,0
121017,1,1,1994,0,0,0,0,0,0,0,0,0,0
121018,1,1,1994,12,12,12,12,12,12,12,12,12,12
121019,1,1,1994,0,0,0,0,0,0,0,0,0,0
121019,2,1,1994,0,0,0,0,0,0,0,0,0,0
121020,1,1,1994,12,12,12,12,12,12,12,12,12,12
121021,1,1,1994,0,0,0,0,0,0,0,0,0,0
121021,2,1,1994,0,0,0,0,0,0,0,0,0,0
121021,3,1,1994,0,0,0,14,0,0,0,0,0,0
121021,4,1,1994,0,13,0,0,0,0,0,0,0,0
121022,1,1,1994,0,0,0,0,0,0,0,0,0,0
121022,2,1,1994,0,0,0,0,0,0,0,0,0,0
121023,1,1,1994,0,0,0,0,0,0,0,0,0,0
121024,1,1,1994,12,12,12,12,12,12,12,12,12,12
121024,2,1,1994,0,0,0,0,0,0,0,0,0,0
121025,1,1,1994,0,0,0,0,0,0,0,0,0,0
121025,2,1,1994,0,0,0,0,0,0,0,0,0,0
121026,0,1,1994,0,0,0,5,0,0,0,0,0,0
121026,1,1,1994,0,0,0,0,0,0,0,0,0,0
121027,1,1,1994,0,0,0,0,0,0,0,0,0,0
121028,1,1,1994,0,0,7,0,0,0,0,0,0,0
121029,1,1,1994,18,19,9,0,27,21,18,0,0,39
121029,2,1,1994,13,0,0,0,0,0,0,0,0,0
121030,1,1,1994,0,0,0,0,0,0,0,0,0,0
121030,2,1,1994,0,0,0,0,0,0,0,0,0,0
121031,0,1,1994,0,0,0,0,0,0,0,0,0,0
121032,1,1,1994,0,0,0,0,0,0,0,0,0,0
121033,1,1,1994,0,0,0,0,0,0,22,0,0,0
121033,2,1,1994,43,23,18,12,34,33,29,23,9,8
121034,1,1,1994,0,0,0,0,0,0,0,0,0,0
121034,2,1,1994,0,0,0,0,0,0,0,0,0,0
121035,1,1,1994,0,0,0,0,0,0,0,0,0,0
121036,0,1,1994,0,0,0,0,0,0,0,0,0,0
121036,1,1,1994,0,0,3,0,0,0,0,0,0,0
121037,1,1,1994,0,0,0,0,0,0,0,0,0,0
121037,2,1,1994,0,0,0,0,0,0,0,0,0,0
121037,3,1,1994,0,0,0,0,0,0,0,0,0,0
121038,1,1,1994,0,0,0,0,0,0,0,0,0,0
121038,2,1,1994,0,0,0,0,0,0,0,0,0,0
121039,1,1,1994,0,0,0,0,0,0,0,0,0,0
121039,2,1,1994,10,4,0,0,0,6,0,0,9,5
121039,3,1,1994,0,0,0,0,0,0,0,0,0,0
121040,1,1,1994,0,0,0,0,0,0,0,0,0,0
121041,1,1,1994,0,0,0,0,0,0,0,0,0,0
121041,2,1,1994,0,0,0,0,0,0,0,0,0,0
121042,1,1,1994,9,9,9,9,9,9,9,9,9,9
121042,2,1,1994,7,7,7,7,7,7,7,7,7,7
121042,3,1,1994,0,0,0,0,0,0,0,0,0,0
121042,4,1,1994,0,0,0,0,0,0,0,0,0,0
121043,0,1,1994,0,0,0,0,0,0,0,0,0,0
121043,1,1,1994,0,0,0,0,0,0,0,0,4,0
121044,1,1,1994,25,25,25,25,25,25,25,25,25,25
121045,1,1,1994,29,29,29,29,29,29,29,29,29,29
121046,1,1,1994,0,0,0,0,0,0,0,0,0,0
121046,2,1,1994,0,0,0,0,0,0,0,0,0,0
121047,0,1,1994,28,0,0,0,0,0,9,0,0,37
121047,1,1,1994,0,0,0,0,0,0,0,0,0,0
121048,1,1,1994,0,0,0,0,0,0,0,0,0,0
121048,2,1,1994,0,0,0,0,0,0,0,0,0,0
121049,1,1,1994,0,0,0,0,0,0,0,0,0,0
121050,0,1,1994,0,0,0,0,0,0,0,0,0,0
121050,1,1,1994,0,0,0,0,0,0,0,0,0,0
121051,1,1,1994,0,0,0,0,0,0,0,0,0,0
121051,2,1,1994,0,0,0,0,0,0,0,0,0,0
121052,0,1,1994,0,0,0,0,0,0,0,0,0,0
121052,1,1,1994,0,0,0,0,0,0,0,0,0,0
121053,1,1,1994,0,0,0,0,0,0,0,0,0,0
121053,2,1,1994,0,0,0,0,0,0,15,0,0,0
121054,1,1,1994,1,1,1,1,1,1,1,1,1,1
121054,2,1,1994,0,0,0,0,0,0,0,0,0,0
121055,0,1,1994,0,0,0,0,0,0,0,0,0,0
121055,1,1,1994,0,0,0,20,0,0,0,0,0,0
121056,1,1,1994,0,0,0,0,0,0,0,0,0,0
121057,1,1,1994,0,0,0,0,0,0,0,0,0,0
121057,2,1,1994,0,0,0,0,0,0,0,0,0,0
121058,1,1,1994,0,0,0,0,0,0,0,0,0,0
121058,2,1,1994,0,0,0,0,0,0,0,0,0,0
121059,0,1,1994,0,0,0,0,0,0,0,0,0,0
121059,1,1,1994,0,0,0,0,0,0,0,0,0,0
121060,1,1,1994,0,0,0,0,0,0,0,0,0,0
121061,0,1,1994,0,0,0,0,0,0,0,0,0,0
121061,0,2,1994,0,0,0,0,0,0,0,0,0,0
121061,1,1,1994,0,0,0,0,0,0,0,0,0,0
121062,1,1,1994,17,17,17,17,17,17,17,17,17,17
121063,1,1,1994,0,0,0,0,0,0,0,0,0,0
121064,0,1,1994,18,18,18,18,18,18,18,18,18,18
121064,1,1,1994,0,0,0,0,0,0,0,0,0,0
121065,1,1,1994,0,0,0,0,0,0,0,14,0,0
121065,2,1,1994,0,0,0,0,0,0,0,0,0,0
121066,0,1,1994,38,38,38,38,38,38,38,38,38,38
121066,1,1,1994,0,0,0,0,0,0,0,0,0,0
121067,1,1,1994,0,0,23,7,19,0,0,0,0,26
121067,2,1,1994,0,0,14,0,0,0,14,0,0,0
121067,3,1,1994,0,0,0,0,9,0,0,0,0,0
121068,0,1,1994,0,0,0,0,0,0,0,0,0,0
121068,1,1,1994,0,0,14,0,0,19,0,0,0,0
121069,0,1,1994,42,42,42,42,42,42,42,42,42,42
121069,1,1,1994,0,0,0,0,0,0,0,0,0,0
121070,1,1,1994,0,0,0,0,0,0,0,0,0,0
121070,2,1,1994,0,0,0,0,0,0,0,0,0,0
121070,3,1,1994,0,0,0,0,12,0,0,0,0,9
121070,4,1,1994,0,0,0,0,0,0,0,0,0,0
121071,1,1,1994,2,2,2,2,2,2,2,2,2,2
121072,1,1,1994,0,0,0,0,0,0,0,0,0,0
121072,2,1,1994,0,0,0,0,0,0,0,0,0,0
121073,1,1,1994,0,0,0,0,0,0,0,0,0,0
121073,2,1,1994,0,0,0,0,0,0,0,0,12,0