ST_CASE,VEH_NO,PER_NO,YEAR,P1,P2,P3,P4,P5,P6,P7,P8,P9,P10
121074,1,1,1994,31,31,31,31,31,31,31,31,31,31
121075,1,1,1994,0,0,0,0,0,0,0,0,0,0
121075,2,1,1994,0,0,0,0,0,0,0,0,0,0
121076,1,1,1994,0,8,0,0,0,0,26,0,0,19
121077,1,1,1994,0,0,0,0,0,0,0,0,0,0
121077,2,1,1994,0,0,0,0,0,0,4,0,0,0
121078,0,1,1994,0,0,0,0,0,0,0,0,0,0
121078,1,1,1994,0,0,0,0,16,0,0,0,0,0
121079,1,1,1994,0,16,0,12,0,0,0,0,0,6
121080,1,1,1994,0,0,0,0,0,0,0,0,0,19
121081,1,1,1994,27,27,27,27,27,27,27,27,27,27
121082,0,1,1994,21,21,21,21,21,21,21,21,21,21
121082,1,1,1994,0,0,0,0,0,0,0,0,0,0
121083,1,1,1994,5,5,5,5,5,5,5,5,5,5
121083,2,1,1994,0,0,0,0,0,0,0,0,0,0
121084,1,1,1994,18,18,18,18,18,18,18,18,18,18
121084,2,1,1994,19,19,19,19,19,19,19,19,19,19
121085,0,1,1994,26,26,26,26,26,26,26,26,26,26
121085,1,1,1994,0,0,0,0,0,0,0,0,0,0
121086,0,1,1994,24,0,25,0,25,0,17,14,0,22
121086,1,1,1994,0,0,0,0,0,0,0,0,0,7
121087,1,1,1994,0,0,0,0,0,0,0,0,0,0
121088,1,1,1994,0,0,7,0,0,0,0,0,0,0
121088,2,1,1994,0,10,0,0,0,12,0,0,0,0
121089,1,1,1994,0,0,0,0,0,0,0,0,0,0
121089,2,1,1994,0,0,0,0,0,0,4,0,0,0
121090,1,1,1994,0,0,0,0,0,0,0,0,0,0
121090,2,1,1994,0,0,0,0,0,0,0,0,0,0
121091,1,1,1994,0,0,0,0,0,0,0,0,0,0
121091,2,1,1994,0,0,0,0,0,0,0,0,0,0
121092,1,1,1994,0,0,0,0,0,0,0,0,0,0
121092,2,1,1994,0,0,0,0,0,0,0,0,0,0
121093,1,1,1994,9,0,0,0,0,0,0,0,0,0
121093,2,1,1994,3,3,3,3,3,3,3,3,3,3
121094,1,1,1994,0,0,0,0,0,0,0,0,0,0
121094,2,1,1994,0,0,0,0,0,0,0,0,0,0
121095,1,1,1994,0,0,0,0,0,0,0,0,0,0
121096,1,1,1994,21,21,21,21,21,21,21,21,21,21
121097,1,1,1994,0,0,0,0,0,0,0,0,0,0
121097,2,1,1994,0,0,0,0,0,9,0,0,0,0
121098,1,1,1994,18,18,18,18,18,18,18,18,18,18
121099,1,1,1994,0,0,0,0,0,0,0,0,0,0
121100,1,1,1994,0,0,0,27,0,0,18,10,0,7
121101,1,1,1994,0,0,0,0,0,0,0,10,0,15
121102,1,1,1994,5,22,24,9,22,16,22,22,9,20
121103,1,1,1994,0,0,0,0,0,0,0,0,0,0
121103,2,1,1994,0,0,0,0,0,11,0,0,24,0
121103,3,1,1994,0,0,0,0,0,0,0,0,0,0
121103,4,1,1994,0,0,0,0,0,0,0,0,0,0
121104,1,1,1994,0,0,0,0,0,0,0,0,0,0
121104,2,1,1994,0,13,0,0,0,0,0,0,0,0
121105,1,1,1994,24,24,24,24,24,24,24,24,24,24
121105,2,1,1994,0,0,0,0,0,14,0,0,0,0
121106,0,1,1994,14,14,14,14,14,14,14,14,14,14
121106,1,1,1994,0,0,0,0,0,0,0,0,0,0
121107,0,1,1994,0,0,0,0,0,0,0,0,0,0
121107,1,1,1994,0,0,0,0,0,0,0,0,0,0
121108,1,1,1994,0,0,0,0,0,0,0,0,0,0
121108,2,1,1994,0,0,0,0,0,0,0,0,0,0
121109,1,1,1994,0,0,0,0,0,0,0,0,0,0
121109,2,1,1994,0,0,0,0,0,0,0,0,0,0
121110,1,1,1994,0,0,0,0,0,0,0,0,0,0
121111,1,1,1994,20,20,20,20,20,20,20,20,20,20
121112,1,1,1994,24,24,24,24,24,24,24,24,24,24
121113,1,1,1994,0,0,0,0,0,0,0,0,0,0
121114,1,1,1994,15,15,15,15,15,15,15,15,15,15
121114,2,1,1994,0,0,0,0,0,0,0,0,0,0
121115,1,1,1994,0,0,0,0,0,0,0,0,0,8
121115,2,1,1994,0,11,0,0,0,0,8,0,0,0
121115,3,1,1994,0,0,0,0,0,0,0,0,0,0
121115,4,1,1994,0,0,0,0,0,0,0,0,0,0
121116,1,1,1994,0,0,0,0,0,0,0,0,0,0
121117,1,1,1994,0,0,0,0,0,0,0,0,0,0
121117,2,1,1994,0,0,0,0,0,0,0,0,0,0
121118,1,1,1994,0,0,0,0,0,0,0,0,0,0
121118,2,1,1994,0,0,0,0,0,0,0,0,0,0
121118,3,1,1994,0,0,0,0,0,0,0,0,0,0
121118,4,1,1994,0,0,0,0,0,0,0,0,0,22
121119,1,1,1994,0,0,0,0,0,0,0,0,0,13
121119,2,1,1994,0,0,0,0,0,0,0,0,9,0
121120,1,1,1994,0,0,0,0,0,0,0,0,0,0
121121,0,1,1994,0,0,0,0,0,0,0,0,0,0
121121,1,1,1994,0,0,0,0,0,0,0,3,0,0
121122,0,1,1994,48,0,0,0,0,0,0,0,0,0
121122,1,1,1994,20,21,11,38,20,22,10,25,7,10
121124,1,1,1994,22,22,22,22,22,22,22,22,22,22
121125,1,1,1994,0,0,28,22,0,0,0,0,23,0
121125,2,1,1994,0,0,0,0,0,0,0,0,0,0
121126,1,1,1994,0,0,0,0,0,0,0,0,0,0
121127,1,1,1994,3,0,0,0,0,0,0,0,0,0
121128,1,1,1994,9,9,9,9,9,9,9,9,9,9
121129,1,1,1994,12,12,12,12,12,12,12,12,12,12
121130,1,1,1994,0,0,0,0,0,0,0,22,0,0
121131,1,1,1994,0,0,0,0,0,0,0,0,0,0
121131,2,1,1994,0,0,0,0,0,0,0,0,0,0
121132,1,1,1994,0,0,0,0,0,0,0,0,0,0
121132,2,1,1994,0,0,0,0,0,0,0,0,0,0
121132,3,1,1994,0,0,0,0,0,0,0,0,0,0
121133,0,1,1994,7,7,7,7,7,7,7,7,7,7
121133,1,1,1994,0,14,0,0,0,0,0,0,6,0
121134,0,1,1994,0,0,0,0,0,0,0,0,0,0
121134,1,1,1994,0,0,0,0,0,0,0,0,0,0
121135,0,1,1994,0,0,0,0,0,0,0,0,0,0
121135,1,1,1994,0,0,0,0,0,0,0,0,0,0
121136,0,1,1994,0,0,0,0,30,15,26,42,0,23
121136,1,1,1994,18,11,15,0,0,0,0,0,0,0
121136,2,1,1994,0,0,3,6,0,0,12,0,0,0
121136,3,1,1994,0,5,0,0,0,0,0,0,0,0
121137,1,1,1994,0,0,0,0,0,0,0,0,0,0
121137,2,1,1994,0,0,0,0,0,0,0,0,0,0
121138,1,1,1994,12,6,28,17,9,23,19,22,29,16
121139,1,1,1994,0,10,0,0,0,0,0,0,0,0
121140,0,1,1994,0,4,0,0,0,0,0,0,0,0
121140,1,1,1994,0,0,0,0,0,0,0,0,0,0
121141,0,1,1994,0,0,18,31,0,0,0,0,0,0
121141,1,1,1994,0,0,5,0,0,0,0,0,0,0
121142,1,1,1994,0,0,0,0,0,0,0,0,0,0
121142,2,1,1994,37,0,0,0,0,0,11,0,0,0
121143,0,1,1994,0,0,0,0,30,0,0,10,0,0
121143,1,1,1994,22,22,22,22,22,22,22,22,22,22
121144,1,1,1994,15,16,15,33,16,33,9,18,21,17
121145,1,1,1994,1,1,1,1,1,1,1,1,1,1
121145,2,1,1994,0,0,0,0,0,0,0,0,0,0
121146,1,1,1994,0,0,0,0,11,0,0,0,0,0
121146,2,1,1994,0,0,22,0,0,0,0,0,0,0
121147,1,1,1994,11,12,26,53,9,0,19,16,0,27
121147,2,1,1994,0,0,0,0,0,0,0,0,0,0
121148,1,1,1994,13,13,13,13,13,13,13,13,13,13
121149,1,1,1994,0,0,0,0,0,0,0,0,0,0
121149,2,1,1994,0,0,0,0,0,0,0,0,0,0
121150,1,1,1994,0,0,0,0,0,0,0,0,0,0
121150,2,1,1994,0,0,0,0,0,0,0,0,0,0
121151,0,1,1994,35,35,35,35,35,35,35,35,35,35
121151,1,1,1994,0,4,0,0,0,0,0,0,0,0
121152,0,1,1994,20,0,26,0,0,29,16,28,25,27
121152,1,1,1994,0,0,0,0,0,0,0,0,0,0
121153,1,1,1994,21,21,21,21,21,21,21,21,21,21
121154,1,1,1994,0,0,0,0,0,0,0,0,0,0
121154,2,1,1994,0,0,0,0,0,0,0,0,0,0
121155,1,1,1994,0,0,0,0,0,0,0,0,0,0
121156,0,1,1994,11,0,0,0,13,8,17,0,19,0
121156,1,1,1994,22,22,22,22,22,22,22,22,22,22
121157,1,1,1994,0,0,0,0,0,0,0,0,0,0
121157,2,1,1994,0,0,0,0,0,0,0,0,0,0
121158,1,1,1994,2,0,0,0,0,0,0,0,0,0
121158,2,1,1994,0,0,0,0,0,11,0,0,0,0
121158,3,1,1994,0,0,0,0,0,0,0,0,0,0
121159,1,1,1994,0,0,0,0,0,0,0,0,0,0
121159,2,1,1994,0,0,0,0,0,0,0,0,0,0
121159,3,1,1994,0,0,0,0,0,0,0,0,0,0
121160,1,1,1994,0,0,0,0,0,0,0,0,0,0
121160,2,1,1994,0,0,0,0,0,0,0,0,0,0
121161,1,1,1994,0,0,0,0,0,0,0,0,0,0
121162,1,1,1994,0,0,0,0,0,0,0,0,0,0
121163,0,1,1994,14,14,14,14,14,14,14,14,14,14
121163,1,1,1994,0,0,0,0,0,0,0,0,0,0
121164,0,1,1994,25,25,25,25,25,25,25,25,25,25
121164,1,1,1994,0,0,0,0,0,0,0,0,0,0
121165,1,1,1994,0,0,0,0,0,0,0,0,0,0
121166,1,1,1994,21,21,21,21,21,21,21,21,21,21
121167,1,1,1994,0,29,0,18,4,15,16,0,16,7
121167,2,1,1994,0,0,0,0,0,0,0,0,0,0
121167,3,1,1994,0,0,0,0,0,0,0,0,0,0
121168,1,1,1994,0,0,0,0,0,0,0,0,0,0
121168,2,1,1994,0,0,0,0,0,0,0,0,0,0
121169,1,1,1994,0,0,0,0,0,0,0,0,0,0
121169,2,1,1994,0,0,0,0,0,0,0,0,0,0
121170,1,1,1994,0,0,0,0,0,0,0,0,0,0
121170,2,1,1994,0,0,0,0,0,0,0,0,0,0
121171,1,1,1994,0,0,0,0,0,0,0,0,0,0
121171,2,1,1994,0,0,0,0,0,0,0,0,0,0
121172,1,1,1994,0,0,0,0,0,2,0,0,0,0
121173,1,1,1994,22,4,17,19,7,18,15,11,19,16
121173,2,1,1994,0,0,0,0,0,0,0,0,0,0
121173,3,1,1994,0,0,0,0,0,0,0,0,0,0
121174,1,1,1994,22,22,22,22,22,22,22,22,22,22
121175,1,1,1994,34,34,34,34,34,34,34,34,34,34
121175,2,1,1994,0,0,0,0,0,0,0,0,0,0
121175,3,1,1994,0,0,0,0,0,0,0,0,0,0
121176,1,1,1994,0,0,0,0,0,0,0,0,0,0
121176,2,1,1994,24,24,24,24,24,24,24,24,24,24
121177,1,1,1994,0,0,0,0,0,0,0,0,0,0
121177,2,1,1994,0,0,0,0,0,0,0,0,0,0
121178,0,1,1994,0,0,0,0,0,0,0,0,0,0
121178,1,1,1994,0,0,0,0,0,0,0,0,0,0
121179,1,1,1994,0,0,0,0,0,0,0,0,0,0
121179,2,1,1994,0,0,0,25,0,0,0,0,0,0
121180,0,1,1994,29,29,29,29,29,29,29,29,29,29
121180,1,1,1994,14,14,14,14,14,14,14,14,14,14
121181,1,1,1994,0,0,0,0,0,0,0,0,0,6
121181,2,1,1994,0,0,0,0,0,0,0,0,0,0
121182,0,1,1994,0,0,10,17,18,0,0,0,0,0
121182,1,1,1994,0,0,0,0,0,0,0,0,0,0
121183,1,1,1994,0,0,0,0,0,0,0,0,0,0
121183,2,1,1994,0,0,0,0,0,0,0,0,0,0
121184,1,1,1994,21,21,21,21,21,21,21,21,21,21
121185,0,1,1994,22,22,22,22,22,22,22,22,22,22
121185,1,1,1994,0,13,0,0,0,0,0,0,0,0
121186,1,1,1994,0,0,0,0,0,0,6,0,0,0
121186,2,1,1994,0,0,0,0,0,0,0,0,0,0
121187,1,1,1994,0,0,0,0,0,0,0,0,0,0
121187,2,1,1994,0,0,0,0,0,0,0,0,0,0
121188,1,1,1994,0,0,0,0,0,0,0,0,0,0
121189,0,1,1994,0,0,0,0,0,0,0,0,0,0
121189,1,1,1994,0,0,0,0,0,0,4,0,0,0
121190,1,1,1994,0,0,0,0,0,0,0,0,0,0
121190,2,1,1994,0,0,0,0,0,0,0,0,9,0
121191,1,1,1994,0,0,0,0,0,0,0,0,0,0
121191,2,1,1994,0,0,0,0,0,0,0,0,0,0
121192,1,1,1994,15,15,15,15,15,15,15,15,15,15
121193,1,1,1994,0,0,0,0,0,0,16,0,0,0
121193,2,1,1994,0,0,0,0,0,0,0,0,0,0
121194,1,1,1994,13,13,13,13,13,13,13,13,13,13
121194,2,1,1994,0,0,0,0,0,0,0,0,0,0
121195,1,1,1994,0,0,0,0,0,0,0,0,0,0
121195,2,1,1994,0,0,19,0,0,0,0,0,0,0
121196,1,1,1994,0,22,15,0,0,0,29,0,32,10
121197,0,1,1994,0,0,0,0,0,0,0,0,0,0
121197,1,1,1994,0,0,0,0,0,0,0,0,0,0
121198,1,1,1994,0,0,0,0,0,0,0,0,0,0
121198,2,1,1994,0,0,0,0,0,0,0,0,0,0
121198,3,1,1994,0,0,0,0,0,3,0,12,0,0
121199,1,1,1994,0,0,0,0,0,0,0,0,0,0
121200,1,1,1994,28,28,28,28,28,28,28,28,28,28
121201,0,1,1994,0,0,0,0,0,0,0,0,0,0
121201,1,1,1994,0,0,0,0,0,0,0,0,0,0
121203,1,1,1994,24,24,24,24,24,24,24,24,24,24
121203,2,1,1994,0,0,0,0,0,0,0,0,0,0
121204,1,1,1994,0,0,0,0,0,0,0,0,0,0
121205,1,1,1994,19,19,19,19,19,19,19,19,19,19
121205,2,1,1994,0,0,0,0,0,19,0,0,14,0
121206,1,1,1994,23,23,23,23,23,23,23,23,23,23
121207,1,1,1994,0,0,0,0,0,0,0,0,0,0
121207,2,1,1994,0,0,0,0,0,0,0,0,0,0
121208,1,1,1994,0,0,7,0,3,20,0,0,0,0
121208,2,1,1994,0,0,0,0,0,0,0,0,0,0
121209,1,1,1994,0,0,0,0,0,0,0,0,0,0
121209,2,1,1994,0,0,0,0,0,0,0,0,0,0
121210,1,1,1994,0,0,0,0,0,0,0,0,0,0
121210,2,1,1994,0,0,0,0,0,0,0,0,0,0
121211,1,1,1994,0,0,0,0,0,0,0,0,0,0
121211,2,1,1994,0,0,0,0,0,0,0,0,0,0
121212,1,1,1994,0,0,0,25,0,0,0,0,0,20
121213,1,1,1994,26,26,26,26,26,26,26,26,26,26
121214,1,1,1994,0,0,0,0,0,0,0,0,0,0
121215,0,1,1994,0,11,0,0,0,0,0,0,0,0
121215,1,1,1994,0,0,0,11,0,0,0,0,0,0
121216,1,1,1994,0,8,21,0,0,0,13,25,0,0
121216,2,1,1994,21,21,21,21,21,21,21,21,21,21
121217,1,1,1994,13,13,13,13,13,13,13,13,13,13
121218,1,1,1994,0,0,0,0,0,0,0,0,0,0
121218,2,1,1994,0,0,0,0,0,0,0,0,0,0
121219,1,1,1994,14,14,14,14,14,14,14,14,14,14
121220,1,1,1994,4,4,4,4,4,4,4,4,4,4
121221,1,1,1994,9,9,9,9,9,9,9,9,9,9
121222,1,1,1994,0,0,0,0,0,0,0,0,0,0
121223,0,1,1994,10,19,26,13,24,16,24,23,29,19
121223,1,1,1994,0,0,23,0,0,0,0,0,0,0
121224,0,1,1994,0,0,0,0,0,0,0,0,0,0
121224,1,1,1994,13,16,9,12,15,12,16,22,4,12
121225,1,1,1994,0,0,0,0,0,0,0,0,0,0
121225,2,1,1994,0,0,0,0,0,16,0,0,0,0
121226,1,1,1994,0,0,0,0,0,0,0,0,0,0
121226,2,1,1994,0,0,0,0,0,0,0,0,0,0
121227,1,1,1994,18,15,21,21,6,10,14,11,13,26
121227,2,1,1994,9,9,9,9,9,9,9,9,9,9
121228,1,1,1994,0,0,0,0,0,0,0,0,0,0
121228,2,1,1994,0,0,0,0,0,0,0,0,0,0
121229,1,1,1994,28,28,28,28,28,28,28,28,28,28
121230,1,1,1994,0,0,0,0,0,0,0,0,0,0
121230,2,1,1994,0,0,0,0,0,0,0,0,0,0
121231,0,1,1994,0,0,0,0,0,0,0,0,0,0
121231,1,1,1994,0,0,15,0,0,0,0,0,0,0
121232,0,1,1994,0,0,0,0,0,0,3,0,0,0
121232,1,1,1994,0,0,0,0,0,0,0,0,0,0
121233,1,1,1994,17,17,17,17,17,17,17,17,17,17
121234,1,1,1994,0,0,0,0,0,0,0,0,0,0
121234,2,1,1994,0,0,0,0,0,0,0,0,0,0
121235,0,1,1994,0,0,0,0,0,0,0,0,0,0
121235,1,1,1994,0,0,0,0,0,0,0,11,0,0
121236,1,1,1994,0,0,0,0,0,0,0,0,0,0
121236,2,1,1994,0,0,0,0,0,0,0,0,0,0
121237,0,1,1994,0,0,0,0,0,0,0,0,0,0
121237,1,1,1994,0,0,0,0,0,0,0,13,0,0
121238,1,1,1994,0,0,0,0,0,0,0,0,0,0
121238,2,1,1994,0,0,0,0,0,0,0,0,0,0
121239,0,1,1994,0,0,0,0,0,0,0,0,0,0
121239,1,1,1994,0,0,0,0,0,0,0,0,0,0
121240,1,1,1994,0,0,0,0,0,0,0,0,0,0
121241,1,1,1994,0,0,0,0,0,0,0,0,0,0
121241,2,1,1994,0,0,0,0,0,0,0,0,0,0
121242,0,1,1994,0,0,0,0,0,0,0,0,0,0
121242,1,1,1994,16,20,0,0,0,0,0,0,0,0
121243,0,1,1994,0,0,0,17,21,0,34,13,15,29
121243,0,2,1994,15,0,0,0,22,0,0,0,30,0
121243,2,1,1994,0,0,0,0,0,0,0,0,0,0
121244,0,1,1994,0,0,0,0,0,0,0,0,0,0
121244,1,1,1994,0,0,0,0,0,0,0,0,0,0
121246,0,1,1994,10,0,0,11,0,27,33,20,0,13
121246,1,1,1994,15,0,0,17,0,0,0,7,0,5
121247,0,1,1994,0,0,0,0,0,0,0,0,0,0
121247,1,1,1994,0,0,0,0,0,0,0,0,0,12
121248,1,1,1994,20,20,20,20,20,20,20,20,20,20
121249,1,1,1994,0,0,0,0,0,0,0,0,0,0
121249,2,1,1994,0,0,0,0,0,0,0,0,0,0
121250,1,1,1994,0,0,0,0,5,0,6,19,0,0
121251,0,1,1994,0,0,0,0,0,0,0,0,0,0
121251,1,1,1994,0,0,0,0,0,0,0,0,0,0
121252,0,1,1994,6,0,11,0,8,35,13,23,9,39
121252,1,1,1994,9,9,9,9,9,9,9,9,9,9
121253,1,1,1994,0,0,0,0,0,0,0,0,0,0
121253,2,1,1994,0,0,0,0,0,0,0,0,0,0
121253,3,1,1994,0,0,0,0,0,0,0,0,0,0
121253,4,1,1994,0,0,0,0,0,0,0,0,0,0
121253,5,1,1994,0,0,0,0,0,0,0,0,0,0
121253,6,1,1994,0,0,0,0,0,0,0,0,0,0
121254,0,1,1994,0,0,0,6,0,0,0,0,0,0
121254,1,1,1994,0,0,0,0,0,0,0,11,0,0
121255,1,1,1994,0,0,0,0,0,0,0,0,0,0
121255,2,1,1994,0,0,0,0,0,0,0,0,0,0
121256,1,1,1994,0,0,0,30,0,0,0,0,14,0
121256,2,1,1994,0,0,0,0,0,0,0,0,0,0
121257,1,1,1994,0,0,0,0,0,0,0,0,0,0
121258,0,1,1994,0,20,6,18,13,29,40,28,17,13
121258,1,1,1994,0,0,0,0,0,11,0,0,0,0
121259,0,1,1994,0,0,0,0,0,0,0,0,0,0
121259,1,1,1994,11,11,11,11,11,11,11,11,11,11
121260,1,1,1994,0,7,11,25,16,0,0,12,23,24
121260,2,1,1994,0,0,0,0,0,0,0,0,0,0
121260,3,1,1994,23,23,23,23,23,23,23,23,23,23
121261,1,1,1994,24,24,24,24,24,24,24,24,24,24
121262,1,1,1994,0,0,0,0,0,0,0,0,0,0
121262,2,1,1994,0,15,0,0,0,0,0,0,0,0
121263,1,1,1994,0,0,20,12,6,10,15,7,8,14
121263,2,1,1994,9,0,0,15,0,13,0,0,0,13
121264,0,1,1994,19,19,19,19,19,19,19,19,19,19
121264,1,1,1994,0,25,0,19,0,0,0,0,12,6
121265,0,1,1994,0,0,0,0,0,0,0,0,0,0
121265,1,1,1994,0,0,0,0,0,0,0,0,0,0
121266,1,1,1994,40,40,40,40,40,40,40,40,40,40
121266,2,1,1994,0,0,0,0,0,0,0,0,0,0
121267,1,1,1994,0,0,0,0,0,0,0,0,0,0
121268,0,1,1994,0,0,0,0,0,0,0,0,0,0
121268,1,1,1994,0,0,0,0,0,0,0,0,0,0
121269,1,1,1994,0,0,0,0,0,0,0,0,0,0
121270,1,1,1994,18,0,25,0,0,14,16,0,0,0
121270,2,1,1994,0,0,0,0,0,0,0,0,0,0
121270,3,1,1994,0,0,0,36,0,0,0,0,0,0
121271,1,1,1994,0,0,0,0,0,0,0,0,0,0
121271,2,1,1994,0,0,0,0,0,0,0,0,0,0
121272,1,1,1994,0,0,0,11,0,0,23,26,27,0
121273,0,1,1994,0,25,33,0,0,0,0,0,0,0
121273,1,1,1994,0,0,0,0,0,0,0,0,0,0
121274,0,1,1994,17,17,17,17,17,17,17,17,17,17
121274,1,1,1994,0,0,0,0,0,0,0,0,0,0
121275,0,1,1994,34,34,34,34,34,34,34,34,34,34
121275,1,1,1994,0,0,0,7,0,0,0,0,0,0
121276,0,1,1994,0,0,0,0,0,0,0,0,15,0
121276,1,1,1994,0,0,15,0,17,0,0,0,0,0
121277,1,1,1994,13,13,13,13,13,13,13,13,13,13
121277,2,1,1994,0,0,0,0,0,0,0,0,0,0
121278,1,1,1994,0,0,0,0,0,0,0,0,0,0
121278,2,1,1994,0,0,0,0,0,0,0,0,0,0
121279,0,1,1994,0,0,0,0,0,0,0,0,0,0
121279,1,1,1994,0,0,0,0,0,0,0,0,0,0
121279,2,1,1994,0,0,0,0,0,0,0,0,0,0
121279,3,1,1994,0,0,0,0,0,0,0,0,0,0
121280,1,1,1994,0,0,0,0,0,13,0,0,0,0
121281,1,1,1994,0,0,0,0,0,0,0,0,0,0
121281,2,1,1994,0,0,0,0,0,0,0,0,0,0
121281,3,1,1994,0,0,0,0,0,0,0,0,26,0
121282,1,1,1994,11,11,11,11,11,11,11,11,11,11
121282,2,1,1994,0,0,0,0,0,0,0,0,0,0
121283,1,1,1994,12,6,0,0,0,0,0,15,0,0
121284,1,1,1994,0,0,0,0,0,0,0,0,0,0
121285,1,1,1994,10,16,19,41,38,18,14,27,38,0
121286,0,1,1994,0,0,0,0,0,0,0,0,0,0
121286,1,1,1994,0,0,0,0,0,0,0,0,0,0
121287,1,1,1994,0,0,0,0,0,0,0,0,0,0
121287,2,1,1994,0,0,12,0,0,0,0,0,0,0
121288,1,1,1994,0,0,0,0,0,0,0,0,0,0
121288,2,1,1994,0,0,0,0,0,0,0,0,0,0
121289,1,1,1994,0,0,0,0,0,0,0,0,0,0
121289,2,1,1994,0,0,0,0,0,0,4,0,0,0
121290,1,1,1994,22,22,22,22,22,22,22,22,22,22
121291,0,1,1994,0,0,0,0,0,0,0,0,0,0
121291,1,1,1994,0,0,0,0,0,0,0,0,0,0
121292,0,1,1994,21,0,0,0,23,0,0,7,0,0
121292,1,1,1994,11,0,18,0,0,0,0,0,0,0
121293,1,1,1994,0,0,0,0,0,0,0,0,0,0
121293,2,1,1994,0,0,0,0,0,0,0,0,0,0
121294,0,1,1994,0,20,7,13,0,8,25,0,0,0
121294,0,2,1994,0,0,0,0,0,0,11,0,0,0
121294,1,1,1994,0,0,0,0,0,0,0,0,0,0
121295,0,1,1994,22,22,22,22,22,22,22,22,22,22
121295,1,1,1994,0,0,0,0,0,0,0,0,0,0
121296,1,1,1994,0,0,0,0,0,0,0,0,6,0
121297,1,1,1994,0,0,0,0,0,0,0,0,0,0
121297,2,1,1994,0,0,0,0,0,0,0,0,0,0
121298,1,1,1994,0,0,0,0,0,0,12,0,0,0
121299,1,1,1994,0,0,0,0,0,0,0,0,0,28
121299,2,1,1994,0,0,0,0,0,0,0,0,0,0
121301,1,1,1994,4,0,0,0,0,0,0,0,0,0
121301,2,1,1994,0,0,18,13,9,14,12,0,0,4
121302,1,1,1994,0,0,0,0,0,0,0,0,0,0
121302,2,1,1994,0,0,0,0,0,0,0,0,0,0
121303,0,1,1994,0,0,0,0,0,0,0,0,0,0
121303,1,1,1994,0,0,0,0,0,22,0,26,0,0
121304,0,1,1994,9,0,26,13,0,0,0,0,0,0
121304,1,1,1994,0,0,0,0,0,0,0,0,0,0
121305,1,1,1994,14,14,14,14,14,14,14,14,14,14
121306,0,1,1994,0,0,0,0,0,0,0,0,0,0
121306,1,1,1994,0,24,0,0,0,0,0,0,0,0
121307,0,1,1994,10,0,30,0,0,0,0,0,0,0
121307,1,1,1994,0,0,0,14,0,0,5,0,0,18
121308,1,1,1994,24,24,24,24,24,24,24,24,24,24
121308,2,1,1994,0,0,0,0,0,0,0,0,0,0
121309,1,1,1994,0,0,0,0,0,0,0,0,0,0
121309,2,1,1994,0,0,0,0,0,0,0,0,0,0
121310,1,1,1994,0,0,0,0,0,0,0,0,0,0
121310,2,1,1994,0,0,0,0,0,0,20,0,0,0
121311,1,1,1994,0,0,0,0,0,0,0,0,0,0
121311,2,1,1994,15,15,15,15,15,15,15,15,15,15
121312,1,1,1994,0,0,0,0,0,0,0,0,0,0
121312,2,1,1994,0,0,0,0,0,0,0,0,0,0
121313,0,1,1994,0,0,0,0,0,0,0,0,0,0
121313,1,1,1994,0,0,0,0,0,0,0,0,0,0
121314,1,1,1994,14,14,14,14,14,14,14,14,14,14
121314,2,1,1994,0,0,0,0,0,0,0,0,0,0
121315,0,1,1994,0,0,0,0,0,0,0,0,0,0
121315,1,1,1994,0,0,0,0,0,0,0,0,0,0
121316,1,1,1994,0,0,0,0,0,0,0,0,0,0
121316,2,1,1994,0,0,0,0,0,0,0,0,0,0
121317,1,1,1994,16,16,16,16,16,16,16,16,16,16
121317,2,1,1994,0,0,0,0,0,0,0,0,0,0
121317,3,1,1994,0,0,0,0,0,14,0,0,0,0
121318,0,1,1994,28,28,28,28,28,28,28,28,28,28
121318,1,1,1994,12,0,0,0,4,13,14,0,0,0
121319,1,1,1994,13,13,13,13,13,13,13,13,13,13
121319,2,1,1994,7,0,0,0,0,0,0,0,0,0
121319,3,1,1994,0,0,0,0,0,0,0,0,0,0
121320,1,1,1994,0,0,0,0,0,0,0,0,0,0
121320,2,1,1994,0,0,0,0,0,0,0,0,0,0
121321,1,1,1994,8,8,8,8,8,8,8,8,8,8
121321,2,1,1994,0,0,0,0,16,0,0,0,0,0
121322,0,1,1994,25,25,25,25,25,25,25,25,25,25
121322,1,1,1994,0,0,0,0,0,0,16,0,0,0
121323,1,1,1994,0,0,0,0,0,0,0,0,0,0
121324,1,1,1994,0,0,0,0,0,0,0,0,0,0
121324,2,1,1994,0,0,0,0,0,0,0,0,0,0
121325,1,1,1994,0,0,0,0,0,0,0,0,0,0
121325,2,1,1994,0,0,0,0,0,0,0,0,0,0
121326,1,1,1994,0,0,0,0,0,0,0,0,0,0
121326,2,1,1994,0,0,0,0,0,0,0,0,0,0
121327,1,1,1994,0,0,0,0,0,0,0,0,0,0
121327,2,1,1994,0,0,0,0,0,0,0,0,0,0
121328,1,1,1994,0,0,0,0,0,0,0,0,0,0
121328,2,1,1994,0,0,22,0,0,8,0,0,0,3
121329,1,1,1994,0,0,0,0,0,0,0,0,0,0
121329,2,1,1994,0,0,0,0,0,0,0,0,0,0
121330,1,1,1994,32,32,32,32,32,32,32,32,32,32
121331,1,1,1994,0,0,0,0,0,0,0,0,0,0