ST_CASE,VEH_NO,PER_NO,YEAR,P1,P2,P3,P4,P5,P6,P7,P8,P9,P10
121331,2,1,1994,7,7,7,7,7,7,7,7,7,7
121332,1,1,1994,0,0,0,0,0,0,0,0,0,0
121332,2,1,1994,17,17,17,17,17,17,17,17,17,17
121332,3,1,1994,17,17,17,17,17,17,17,17,17,17
121333,0,1,1994,0,0,0,0,0,0,0,0,0,0
121333,0,2,1994,7,0,21,12,0,0,0,0,0,42
121333,1,1,1994,0,0,0,0,0,0,0,0,0,0
121334,1,1,1994,29,29,29,29,29,29,29,29,29,29
121334,2,1,1994,0,0,0,0,0,0,0,0,0,0
121335,1,1,1994,22,22,22,22,22,22,22,22,22,22
121336,1,1,1994,0,0,0,0,0,0,0,0,0,0
121337,0,1,1994,11,0,0,0,14,29,0,7,32,0
121337,0,2,1994,0,0,0,0,31,25,0,0,0,0
121337,1,1,1994,0,0,0,0,0,11,0,0,0,0
121337,2,1,1994,0,0,0,0,0,0,0,0,32,0
121338,1,1,1994,0,0,0,0,0,9,0,10,0,28
121339,1,1,1994,0,0,0,0,0,0,0,0,0,0
121339,2,1,1994,0,0,0,0,0,0,0,0,0,0
121340,1,1,1994,0,0,0,0,0,0,0,0,0,0
121340,2,1,1994,0,0,0,0,0,0,0,0,0,0
121341,0,1,1994,22,22,22,22,22,22,22,22,22,22
121341,1,1,1994,0,0,0,8,0,0,0,0,0,0
121342,0,1,1994,20,20,20,20,20,20,20,20,20,20
121342,1,1,1994,0,4,0,0,0,0,24,0,0,0
121343,1,1,1994,11,11,11,11,11,11,11,11,11,11
121344,0,1,1994,0,0,0,0,0,0,0,0,0,0
121344,1,1,1994,0,0,0,0,0,0,0,0,2,0
121345,1,1,1994,20,20,20,20,20,20,20,20,20,20
121346,0,1,1994,23,23,23,23,23,23,23,23,23,23
121346,1,1,1994,0,0,0,0,0,0,0,0,0,0
121346,2,1,1994,0,0,0,0,0,0,0,0,0,0
121347,1,1,1994,0,0,0,0,0,0,0,0,0,0
121347,2,1,1994,0,0,0,0,0,0,0,0,0,0
121348,1,1,1994,0,0,0,0,0,0,0,0,0,0
121348,2,1,1994,10,0,0,0,0,0,0,0,0,0
121348,3,1,1994,0,0,0,0,0,0,0,0,0,0
121349,0,1,1994,9,9,9,9,9,9,9,9,9,9
121349,1,1,1994,9,9,9,9,9,9,9,9,9,9
121350,1,1,1994,15,15,15,15,15,15,15,15,15,15
121351,1,1,1994,0,0,0,0,0,0,0,0,0,0
121352,1,1,1994,0,0,0,0,0,0,0,16,0,0
121353,1,1,1994,0,0,0,0,0,0,0,0,0,0
121353,2,1,1994,0,0,0,0,0,0,0,0,0,0
121354,0,1,1994,23,23,23,23,23,23,23,23,23,23
121354,1,1,1994,0,0,0,0,12,0,0,0,0,0
121355,1,1,1994,0,0,0,0,0,0,0,0,0,0
121355,2,1,1994,0,0,0,0,0,0,0,0,0,0
121356,1,1,1994,0,0,9,0,0,0,0,0,0,17
121356,2,1,1994,13,13,13,13,13,13,13,13,13,13
121357,1,1,1994,13,12,19,16,17,20,26,8,16,15
121358,1,1,1994,0,0,0,0,0,0,11,0,0,0
121359,1,1,1994,24,24,24,24,24,24,24,24,24,24
121360,1,1,1994,21,21,21,21,21,21,21,21,21,21
121360,2,1,1994,0,0,0,0,0,0,0,0,0,0
121361,1,1,1994,0,0,0,0,0,9,0,0,0,10
121361,2,1,1994,0,0,0,0,0,0,0,0,0,0
121361,3,1,1994,0,0,0,0,0,0,0,0,0,0
121362,1,1,1994,0,0,0,0,0,0,0,0,0,0
121362,2,1,1994,0,0,0,0,0,0,0,0,0,0
121363,0,1,1994,0,0,0,0,0,0,0,0,0,0
121363,1,1,1994,7,7,7,7,7,7,7,7,7,7
121364,0,1,1994,0,0,0,0,0,0,0,0,0,0
121364,1,1,1994,0,0,0,0,0,0,0,0,0,0
121365,1,1,1994,12,12,12,12,12,12,12,12,12,12
121365,2,1,1994,0,0,0,0,0,0,0,0,0,0
121366,0,1,1994,0,0,0,0,0,0,0,0,0,0
121366,1,1,1994,0,0,0,0,0,0,0,0,0,0
121367,1,1,1994,0,0,0,9,0,19,0,34,0,20
121367,2,1,1994,0,0,0,0,0,0,0,0,0,0
121368,1,1,1994,0,0,0,0,0,0,0,0,0,0
121368,2,1,1994,0,0,0,0,0,0,0,0,0,0
121369,1,1,1994,0,0,0,0,0,0,0,0,0,0
121369,2,1,1994,0,0,0,0,0,0,0,0,0,0
121370,1,1,1994,17,17,17,17,17,17,17,17,17,17
121371,0,1,1994,11,11,11,11,11,11,11,11,11,11
121371,1,1,1994,20,16,0,20,0,0,29,20,0,38
121372,0,1,1994,12,0,0,0,0,0,13,0,9,9
121372,0,2,1994,0,0,0,0,0,0,0,0,0,0
121372,1,1,1994,20,20,20,20,20,20,20,20,20,20
121373,1,1,1994,9,9,9,9,9,9,9,9,9,9
121374,1,1,1994,0,0,0,10,0,0,0,0,0,0
121374,2,1,1994,0,19,0,0,0,29,0,22,0,30
121375,1,1,1994,24,24,24,24,24,24,24,24,24,24
121376,1,1,1994,0,0,0,0,0,0,0,0,0,0
121377,1,1,1994,8,8,8,8,8,8,8,8,8,8
121378,0,1,1994,17,17,17,17,17,17,17,17,17,17
121378,1,1,1994,0,12,11,0,0,13,10,0,0,0
121379,2,1,1994,16,16,16,16,16,16,16,16,16,16
121380,1,1,1994,0,0,0,0,0,0,0,0,0,0
121381,1,1,1994,0,0,0,0,0,0,0,0,0,0
121381,2,1,1994,0,0,0,0,0,0,0,0,0,0
121382,1,1,1994,18,0,0,23,0,17,12,0,0,0
121383,1,1,1994,0,19,17,21,18,0,16,0,0,14
121383,2,1,1994,12,0,37,19,28,0,0,22,0,17
121384,1,1,1994,0,0,0,0,0,0,0,0,0,0
121384,2,1,1994,0,0,0,13,0,0,0,0,0,0
121384,3,1,1994,0,0,0,0,0,0,0,0,0,0
121385,1,1,1994,27,27,27,27,27,27,27,27,27,27
121385,2,1,1994,29,0,0,0,0,0,0,0,0,0
121386,1,1,1994,0,0,0,0,0,0,0,0,0,0
121387,1,1,1994,0,0,0,0,0,0,0,0,0,0
121388,1,1,1994,0,0,0,0,0,0,0,0,0,0
121389,1,1,1994,13,13,13,13,13,13,13,13,13,13
121390,0,1,1994,23,23,23,23,23,23,23,23,23,23
121390,1,1,1994,0,0,0,19,0,0,0,0,0,0
121391,1,1,1994,0,0,0,0,0,0,0,0,0,0
121392,1,1,1994,0,0,0,0,0,0,0,0,0,0
121393,1,1,1994,3,3,3,3,3,3,3,3,3,3
121394,1,1,1994,0,0,0,0,0,0,0,0,0,0
121394,2,1,1994,0,0,0,0,0,0,0,0,0,0
121395,1,1,1994,20,20,20,20,20,20,20,20,20,20
121397,1,1,1994,24,24,24,24,24,24,24,24,24,24
121397,2,1,1994,0,0,0,0,0,0,0,0,0,0
121398,1,1,1994,21,21,21,21,21,21,21,21,21,21
121398,2,1,1994,0,0,0,13,24,0,0,15,0,14
121399,0,1,1994,0,0,0,0,0,0,0,0,0,0
121399,1,1,1994,0,0,0,0,0,0,0,0,0,0
121400,0,1,1994,14,14,14,14,14,14,14,14,14,14
121400,1,1,1994,29,7,14,8,8,4,20,0,19,9
121401,1,1,1994,0,0,0,0,0,0,0,0,0,0
121401,2,1,1994,0,0,0,0,0,0,0,0,0,0
121402,0,1,1994,0,0,0,0,0,0,0,0,0,0
121402,1,1,1994,0,0,0,0,0,0,0,0,0,0
121403,1,1,1994,17,17,17,17,17,17,17,17,17,17
121403,2,1,1994,0,0,0,0,0,0,0,0,0,0
121404,1,1,1994,14,14,14,14,14,14,14,14,14,14
121405,0,1,1994,0,0,0,0,0,0,0,0,0,0
121405,0,2,1994,0,0,0,0,0,0,0,0,0,0
121405,0,3,1994,0,0,0,0,0,0,0,0,0,0
121405,1,1,1994,0,0,0,0,0,0,0,0,0,0
121406,1,1,1994,21,21,21,21,21,21,21,21,21,21
121406,2,1,1994,0,0,0,0,0,0,0,0,0,0
121407,1,1,1994,0,0,0,0,0,0,0,0,0,0
121408,1,1,1994,0,0,0,0,0,0,0,0,0,0
121408,2,1,1994,0,0,0,0,0,0,0,0,0,0
121409,1,1,1994,0,0,0,0,0,0,0,0,0,0
121409,2,1,1994,0,0,0,0,0,0,0,0,0,0
121410,1,1,1994,0,18,0,0,0,0,0,0,0,0
121411,1,1,1994,0,0,0,0,0,0,0,0,0,0
121411,2,1,1994,0,0,0,0,0,0,0,0,0,0
121412,1,1,1994,0,0,0,0,0,11,0,0,0,0
121412,2,1,1994,0,0,0,0,0,0,0,0,0,0
121413,1,1,1994,0,0,0,0,0,0,0,0,0,0
121413,2,1,1994,0,0,0,0,0,0,0,0,0,5
121414,0,1,1994,0,0,0,0,0,0,0,0,0,0
121414,1,1,1994,0,0,0,0,0,0,0,0,0,0
121415,0,1,1994,30,0,27,0,0,0,0,0,0,0
121415,1,1,1994,0,0,0,0,0,0,0,0,0,0
121416,1,1,1994,0,0,0,0,0,0,0,0,0,0
121416,2,1,1994,0,0,0,0,0,0,0,0,0,0
121416,3,1,1994,0,0,0,0,0,0,0,0,0,0
121417,1,1,1994,0,0,0,0,0,0,0,0,0,0
121417,2,1,1994,0,0,0,0,0,0,0,0,0,0
121418,1,1,1994,12,12,12,12,12,12,12,12,12,12
121419,1,1,1994,0,15,14,0,20,0,0,17,0,0
121420,1,1,1994,21,21,21,21,21,21,21,21,21,21
121421,0,1,1994,0,0,0,0,0,0,0,0,0,0
121421,1,1,1994,0,0,0,0,0,0,0,0,0,0
121422,1,1,1994,27,27,27,27,27,27,27,27,27,27
121423,1,1,1994,0,0,18,0,0,0,0,0,0,0
121423,2,1,1994,0,0,0,0,0,0,0,0,0,0
121424,1,1,1994,0,0,0,0,0,0,0,0,0,0
121424,2,1,1994,9,0,0,0,0,0,0,0,0,0
121425,0,1,1994,25,25,25,25,25,25,25,25,25,25
121425,1,1,1994,0,0,0,0,0,0,0,0,0,0
121426,0,2,1994,14,0,14,0,0,5,0,0,0,0
121426,1,1,1994,14,13,0,0,8,20,30,37,24,21
121427,1,1,1994,26,26,26,26,26,26,26,26,26,26
121427,2,1,1994,0,0,0,0,0,0,0,0,0,0
121428,1,1,1994,0,0,0,0,0,0,0,0,0,0
121428,2,1,1994,0,0,0,0,0,0,0,0,0,0
121429,1,1,1994,13,13,13,13,13,13,13,13,13,13
121430,0,1,1994,0,0,0,34,0,10,0,0,9,26
121430,1,1,1994,0,35,11,22,0,0,20,9,0,0
121430,2,1,1994,0,0,0,0,0,0,0,0,0,0
121431,1,1,1994,0,0,0,0,0,0,0,0,0,0
121431,2,1,1994,0,0,0,0,0,0,0,0,0,0
121432,1,1,1994,0,0,0,0,11,0,0,0,0,0
121432,2,1,1994,0,0,0,0,0,0,0,0,0,0
121433,1,1,1994,0,0,0,0,0,0,0,0,0,0
121433,2,1,1994,0,0,0,0,0,0,0,0,0,0
121434,1,1,1994,0,0,0,0,0,0,0,0,0,0
121434,2,1,1994,0,0,0,0,0,0,0,0,0,0
121434,3,1,1994,0,0,0,0,0,0,0,0,0,0
121435,1,1,1994,0,0,0,11,0,12,0,0,0,0
121435,2,1,1994,0,0,0,15,0,0,0,0,0,0
121436,1,1,1994,0,0,0,0,0,0,0,0,0,0
121436,2,1,1994,0,0,0,0,0,0,0,0,0,0
121437,0,1,1994,0,0,0,0,0,0,0,0,0,0
121437,1,1,1994,0,0,0,0,0,0,0,0,0,0
121438,1,1,1994,15,15,15,15,15,15,15,15,15,15
121439,1,1,1994,0,0,0,0,0,0,0,0,0,0
121439,2,1,1994,18,0,0,0,15,0,0,0,0,0
121440,0,1,1994,0,0,0,0,0,0,0,0,0,0
121440,1,1,1994,0,0,0,0,0,0,0,0,0,0
121441,1,1,1994,0,0,0,0,12,0,0,0,0,0
121441,2,1,1994,0,0,0,0,0,0,0,0,0,0
121442,0,1,1994,12,0,23,13,11,0,27,20,21,14
121442,1,1,1994,0,0,0,0,0,0,19,0,0,0
121444,1,1,1994,0,0,0,0,0,0,0,0,0,0
121444,2,1,1994,0,0,0,0,0,0,0,0,0,0
121445,1,1,1994,29,29,29,29,29,29,29,29,29,29
121446,1,1,1994,16,16,16,16,16,16,16,16,16,16
121447,1,1,1994,27,27,27,27,27,27,27,27,27,27
121448,1,1,1994,17,17,17,17,17,17,17,17,17,17
121449,1,1,1994,0,0,0,0,0,0,0,0,0,5
121450,1,1,1994,0,0,0,0,0,0,0,0,0,0
121450,2,1,1994,17,0,0,0,0,5,0,0,17,0
121451,1,1,1994,0,0,0,0,0,0,0,0,0,0
121452,1,1,1994,0,0,0,0,0,0,0,0,0,0
121452,2,1,1994,0,0,0,0,0,0,0,0,0,0
121453,1,1,1994,17,17,17,17,17,17,17,17,17,17
121455,1,1,1994,24,24,24,24,24,24,24,24,24,24
121455,2,1,1994,0,0,0,0,0,0,0,0,0,0
121456,1,1,1994,25,25,25,25,25,25,25,25,25,25
121456,2,1,1994,0,0,8,0,0,0,0,0,0,0
121457,0,1,1994,0,0,0,25,11,0,18,0,0,13
121457,1,1,1994,0,0,18,0,0,0,0,0,0,0
121458,1,1,1994,0,0,0,0,0,0,0,0,0,0
121458,2,1,1994,0,0,0,0,0,0,0,0,0,0
121459,0,1,1994,0,0,0,0,0,0,0,0,0,0
121459,1,1,1994,0,0,0,0,0,0,13,0,0,0
121460,1,1,1994,0,0,0,0,0,0,0,0,0,0
121461,1,1,1994,23,23,23,23,23,23,23,23,23,23
121462,0,1,1994,0,0,12,0,0,0,0,0,0,0
121462,1,1,1994,0,0,0,0,0,0,0,0,0,0
121463,1,1,1994,0,0,0,0,0,0,0,0,16,0
121463,2,1,1994,0,0,0,0,0,0,0,0,0,30
121464,0,1,1994,0,0,7,0,28,0,0,0,0,18
121464,1,1,1994,17,17,17,17,17,17,17,17,17,17
121465,1,1,1994,0,0,0,0,0,0,0,0,0,0
121465,2,1,1994,0,0,0,0,0,0,11,10,0,0
121466,1,1,1994,18,18,18,18,18,18,18,18,18,18
121467,1,1,1994,0,0,0,0,0,0,0,0,0,0
121467,2,1,1994,0,0,0,0,0,0,0,0,0,0
121468,1,1,1994,0,0,0,22,0,0,0,0,0,0
121468,2,1,1994,0,7,0,0,0,0,0,0,0,0
121469,1,1,1994,0,0,0,0,0,0,0,0,0,0
121469,2,1,1994,0,0,0,0,0,0,0,0,0,0
121469,3,1,1994,0,0,0,0,0,0,0,0,0,0
121470,0,1,1994,0,0,0,0,0,0,0,0,0,0
121470,1,1,1994,0,0,0,0,0,0,0,0,0,0
121472,1,1,1994,26,12,17,0,15,0,15,33,0,8
121473,1,1,1994,0,13,16,0,6,3,18,0,10,0
121473,2,1,1994,0,0,0,0,0,0,0,0,0,0
121473,3,1,1994,0,0,0,0,0,0,0,0,0,0
121474,0,1,1994,0,0,0,0,0,0,0,0,0,0
121474,1,1,1994,4,4,4,4,4,4,4,4,4,4
121475,0,1,1994,7,7,7,7,7,7,7,7,7,7
121475,1,1,1994,0,0,11,0,18,0,0,0,0,0
121476,1,1,1994,11,11,11,11,11,11,11,11,11,11
121477,0,1,1994,0,0,0,0,0,0,0,0,0,0
121477,1,1,1994,0,0,0,0,0,0,0,0,0,0
121478,1,1,1994,27,27,27,27,27,27,27,27,27,27
121479,1,1,1994,9,9,9,9,9,9,9,9,9,9
121480,1,1,1994,14,14,14,14,14,14,14,14,14,14
121481,1,1,1994,0,0,0,0,0,0,0,0,0,0
121481,2,1,1994,0,0,0,0,0,0,0,0,0,0
121482,1,1,1994,46,14,16,10,23,24,17,13,19,11
121483,0,1,1994,0,0,0,0,22,23,0,0,0,0
121483,1,1,1994,0,0,0,10,0,0,0,0,3,0
121484,1,1,1994,0,0,0,0,0,0,0,0,0,0
121485,1,1,1994,22,22,22,22,22,22,22,22,22,22
121485,2,1,1994,24,24,24,24,24,24,24,24,24,24
121486,0,1,1994,0,0,0,0,0,0,36,0,42,51
121486,1,1,1994,0,0,15,0,0,0,0,0,0,0
121487,1,1,1994,7,7,7,7,7,7,7,7,7,7
121487,2,1,1994,0,0,0,0,17,0,0,0,0,0
121488,1,1,1994,13,13,13,13,13,13,13,13,13,13
121489,1,1,1994,27,27,27,27,27,27,27,27,27,27
121490,0,1,1994,0,0,0,0,0,0,0,0,0,0
121490,0,2,1994,0,0,0,0,0,0,0,0,0,0
121490,1,1,1994,0,0,0,0,0,0,0,0,0,0
121491,1,1,1994,0,0,0,0,0,0,0,0,0,0
121491,2,1,1994,0,0,0,0,0,0,0,0,0,0
121492,1,1,1994,0,0,0,0,0,0,0,0,0,0
121492,2,1,1994,0,0,0,0,0,0,0,0,0,0
121492,3,1,1994,7,7,7,7,7,7,7,7,7,7
121494,0,1,1994,42,42,42,42,42,42,42,42,42,42
121494,1,1,1994,3,3,3,3,3,3,3,3,3,3
121495,1,1,1994,15,15,15,15,15,15,15,15,15,15
121495,2,1,1994,0,0,0,0,0,0,0,0,0,0
121496,0,1,1994,0,0,0,0,0,0,0,0,0,0
121496,1,1,1994,0,0,0,0,0,0,0,20,0,0
121497,1,1,1994,0,0,0,0,0,0,0,0,0,0
121497,2,1,1994,0,23,0,0,0,0,0,0,10,0
121498,1,1,1994,0,0,0,0,0,0,0,0,0,0
121499,1,1,1994,0,0,0,0,0,0,0,0,0,0
121500,0,1,1994,0,0,0,0,0,0,0,0,0,0
121500,1,1,1994,0,0,0,0,0,0,0,0,0,0
121501,1,1,1994,0,0,0,0,18,0,0,0,0,0
121502,1,1,1994,0,0,13,0,0,0,2,0,0,17
121502,2,1,1994,0,0,0,0,0,0,0,0,0,0
121503,1,1,1994,0,0,0,0,0,0,0,0,0,0
121503,2,1,1994,0,0,0,0,0,0,0,0,0,0
121504,1,1,1994,26,26,26,26,26,26,26,26,26,26
121505,1,1,1994,0,0,0,0,0,0,0,0,0,8
121505,2,1,1994,0,0,0,0,0,0,0,0,0,0
121505,3,1,1994,0,0,0,5,0,0,0,0,0,0
121506,0,1,1994,0,0,0,0,0,0,0,0,0,0
121506,1,1,1994,0,0,0,0,0,0,0,0,0,0
121507,1,1,1994,0,0,0,0,0,0,0,0,0,0
121507,2,1,1994,0,0,0,0,0,0,0,0,0,0
121508,1,1,1994,0,0,0,0,0,0,0,0,0,0
121509,1,1,1994,0,0,0,0,0,0,0,0,0,0
121510,0,1,1994,0,0,0,0,0,0,0,0,0,0
121510,1,1,1994,0,0,0,0,0,0,0,0,0,0
121511,1,1,1994,0,0,0,0,0,0,0,0,0,0
121511,2,1,1994,0,0,0,0,0,0,0,0,0,0
121512,1,1,1994,0,0,0,0,0,0,0,0,22,0
121513,1,1,1994,0,0,0,0,0,0,0,0,0,0
121514,0,1,1994,0,0,0,0,0,0,0,0,0,0
121514,1,1,1994,0,0,0,0,0,0,0,0,0,0
121515,1,1,1994,0,0,0,0,0,0,0,0,0,0
121515,2,1,1994,0,0,0,0,0,0,0,0,0,0
121516,1,1,1994,0,0,7,0,0,0,0,0,0,0
121516,2,1,1994,0,0,0,0,0,0,0,0,0,0
121516,3,1,1994,0,0,0,0,7,0,0,10,0,0
121517,0,1,1994,0,0,0,0,0,0,0,0,0,0
121517,1,1,1994,0,0,0,0,0,0,0,0,0,0
121518,1,1,1994,0,0,0,0,0,0,0,0,0,0
121518,2,1,1994,0,0,0,0,0,0,0,0,0,0
121519,1,1,1994,12,12,12,12,12,12,12,12,12,12
121520,1,1,1994,0,35,0,0,0,0,0,0,0,0
121520,2,1,1994,0,0,0,0,0,0,0,0,0,0
121521,1,1,1994,0,0,0,0,0,0,0,0,0,36
121522,1,1,1994,12,12,12,12,12,12,12,12,12,12
121524,1,1,1994,10,10,10,10,10,10,10,10,10,10
121525,1,1,1994,0,0,0,0,0,0,0,0,0,0
121525,2,1,1994,0,0,0,0,0,0,0,0,0,0
121526,1,1,1994,0,0,0,0,0,0,0,0,0,0
121526,2,1,1994,0,0,37,0,14,0,0,0,0,0
121526,3,1,1994,34,0,10,0,0,23,0,0,0,0
121527,0,1,1994,0,0,0,0,0,0,0,0,0,0
121527,1,1,1994,0,0,0,0,0,0,0,0,0,0
121528,1,1,1994,0,0,9,0,0,0,0,0,0,0
121529,1,1,1994,0,0,7,0,0,0,0,0,0,0
121529,2,1,1994,0,0,0,0,0,0,0,0,0,0
121529,3,1,1994,0,0,0,0,0,15,0,0,0,0
121530,0,1,1994,0,0,27,0,23,28,7,13,0,0
121530,1,1,1994,0,0,0,0,0,0,0,0,0,0
121531,1,1,1994,3,3,3,3,3,3,3,3,3,3
121532,1,1,1994,0,0,0,0,0,0,0,0,0,0
121532,2,1,1994,0,0,0,0,0,0,0,0,0,0
121533,1,1,1994,22,22,22,22,22,22,22,22,22,22
121533,2,1,1994,0,0,0,0,0,0,0,0,0,0
121533,3,1,1994,0,16,15,0,0,23,0,0,0,0
121534,1,1,1994,0,13,0,24,19,0,0,0,0,0
121535,1,1,1994,0,0,0,0,0,0,0,0,0,0
121535,2,1,1994,0,0,0,0,0,9,0,0,0,0
121536,1,1,1994,0,0,0,0,0,0,0,0,0,0
121536,2,1,1994,0,0,0,0,0,0,0,0,0,0
121536,3,1,1994,0,0,0,0,0,0,0,0,0,0
121537,1,1,1994,0,0,0,0,0,0,0,0,0,0
121538,1,1,1994,25,25,25,25,25,25,25,25,25,25
121538,2,1,1994,0,0,0,0,0,0,0,0,0,0
121539,1,1,1994,0,0,0,0,0,0,0,0,0,0
121539,2,1,1994,0,0,0,0,0,0,0,0,0,0
121540,1,1,1994,0,5,0,0,0,0,0,0,0,0
121540,2,1,1994,0,0,0,0,0,0,0,0,0,0
121541,1,1,1994,22,22,22,22,22,22,22,22,22,22
121542,1,1,1994,31,31,31,31,31,31,31,31,31,31
121542,2,1,1994,0,0,0,0,0,0,0,0,0,0
121544,1,1,1994,0,0,0,0,0,0,0,0,0,0
121544,2,1,1994,0,0,0,0,0,0,0,0,0,0
121545,1,1,1994,0,0,0,0,0,0,0,0,0,0
121546,1,1,1994,10,10,10,10,10,10,10,10,10,10
121546,2,1,1994,16,0,0,0,0,0,0,0,0,20
121547,1,1,1994,34,34,34,34,34,34,34,34,34,34
121548,1,1,1994,0,15,0,0,0,0,0,0,0,0
121548,2,1,1994,22,22,22,22,22,22,22,22,22,22
121549,1,1,1994,0,0,0,0,0,0,0,0,0,0
121549,2,1,1994,0,0,0,0,0,0,0,0,0,0
121550,1,1,1994,18,18,18,18,18,18,18,18,18,18
121550,2,1,1994,0,0,0,0,0,18,0,0,7,0
121551,1,1,1994,21,21,21,21,21,21,21,21,21,21
121551,2,1,1994,0,0,0,0,0,0,18,0,0,0
121552,0,1,1994,0,0,0,0,0,0,0,0,0,0
121552,1,1,1994,0,0,0,0,0,0,0,23,23,0
121553,1,1,1994,0,0,0,0,0,0,0,0,0,0
121553,2,1,1994,0,0,0,0,0,0,0,0,0,0
121554,1,1,1994,0,20,0,0,0,0,21,8,0,0
121554,2,1,1994,19,19,19,19,19,19,19,19,19,19
121555,0,1,1994,0,0,0,0,0,0,0,0,0,0
121555,1,1,1994,0,0,0,0,0,0,0,0,0,0
121555,2,1,1994,0,0,0,0,0,0,0,0,0,0
121555,3,1,1994,0,0,0,0,0,0,0,0,0,0
121555,4,1,1994,0,0,0,0,0,0,0,0,0,0
121555,5,1,1994,0,0,0,0,0,0,0,0,0,0
121555,6,1,1994,0,0,0,0,0,0,0,0,0,0
121555,7,1,1994,0,0,0,0,18,0,0,11,0,0
121555,8,1,1994,0,0,0,0,0,0,0,0,0,0
121556,1,1,1994,17,17,17,17,17,17,17,17,17,17
121557,1,1,1994,21,21,21,21,21,21,21,21,21,21
121558,1,1,1994,0,0,0,0,0,0,0,0,0,12
121558,2,1,1994,0,0,0,0,0,0,0,0,0,0
121559,1,1,1994,0,0,0,0,0,0,0,0,0,0
121560,0,1,1994,0,0,0,0,0,0,0,0,0,0
121560,1,1,1994,0,0,0,0,0,0,0,0,0,0
121561,1,1,1994,0,0,0,0,0,19,0,0,10,0
121562,1,1,1994,0,0,0,0,0,0,0,0,0,0
121563,0,1,1994,0,26,0,0,28,16,0,0,8,22
121563,1,1,1994,0,0,0,0,0,0,0,0,0,0
121564,0,1,1994,0,0,0,0,0,0,0,0,0,0
121564,1,1,1994,0,0,0,0,0,0,0,0,0,0
121564,2,1,1994,0,0,0,0,0,0,0,0,0,0
121565,0,1,1994,0,0,0,0,0,0,0,0,0,0
121565,1,1,1994,0,0,0,0,0,0,0,0,0,0
121566,1,1,1994,0,0,0,17,0,0,0,0,0,0
121566,2,1,1994,0,0,0,0,0,0,0,0,0,0
121567,1,1,1994,21,21,21,21,21,21,21,21,21,21
121568,0,1,1994,0,0,0,0,0,0,0,0,0,0
121568,1,1,1994,0,0,0,0,0,0,0,0,0,0
121569,1,1,1994,0,0,9,0,0,0,0,0,0,0
121570,1,1,1994,0,0,0,0,0,0,0,0,0,0
121570,2,1,1994,0,0,0,0,0,0,0,0,0,0
121570,3,1,1994,0,0,0,0,0,0,0,0,0,0
121571,1,1,1994,0,0,0,0,0,0,0,0,0,0
121572,0,1,1994,35,35,35,35,35,35,35,35,35,35
121572,1,1,1994,0,7,0,14,0,0,0,0,0,0
121573,0,1,1994,0,0,0,0,0,0,0,0,0,0
121573,1,1,1994,0,0,0,0,0,0,0,0,0,0
121574,0,1,1994,29,29,29,29,29,29,29,29,29,29
121574,1,1,1994,0,0,0,0,0,0,7,0,0,0
121574,2,1,1994,33,0,0,39,14,20,14,27,0,0
121575,1,1,1994,20,20,20,20,20,20,20,20,20,20
121576,1,1,1994,0,0,0,0,0,0,0,0,0,0
121576,2,1,1994,12,12,12,12,12,12,12,12,12,12
121577,1,1,1994,0,0,0,0,0,0,0,0,0,0
121577,2,1,1994,0,0,0,0,15,0,0,0,0,0
121577,3,1,1994,0,0,0,0,0,0,0,0,0,0
121578,1,1,1994,17,16,19,10,14,30,9,0,22,29
121578,2,1,1994,19,20,9,3,19,13,19,2,21,7
121579,1,1,1994,0,0,0,0,0,0,0,0,0,0
121579,2,1,1994,0,0,0,0,0,0,0,0,0,0
121580,1,1,1994,0,0,0,0,0,0,0,0,0,0
121580,2,1,1994,0,0,0,0,0,0,0,0,0,0
121581,0,1,1994,0,0,0,13,10,17,24,10,8,5
121581,1,1,1994,14,18,4,20,28,13,36,19,20,19
121582,1,1,1994,19,19,19,19,19,19,19,19,19,19
121583,1,1,1994,0,0,0,0,0,0,0,0,0,0
121584,0,1,1994,0,0,0,0,0,0,0,0,0,0
121584,1,1,1994,0,0,0,0,0,0,0,0,0,0
121585,1,1,1994,0,0,0,0,0,0,0,0,0,0
121585,2,1,1994,0,0,0,0,0,0,0,0,0,0
121586,1,1,1994,0,0,0,0,0,0,0,0,0,0
121586,2,1,1994,0,0,0,0,0,0,0,0,0,0
121587,1,1,1994,0,0,0,0,0,0,0,0,0,0
121588,1,1,1994,0,0,0,0,0,0,0,0,0,0
121588,2,1,1994,0,0,0,0,0,32,0,41,0,0
121589,1,1,1994,15,15,15,15,15,15,15,15,15,15
121589,2,1,1994,0,0,0,0,0,0,0,0,0,0
121590,0,1,1994,0,0,0,0,0,0,22,0,0,50
121590,1,1,1994,0,0,0,0,0,0,0,0,0,0
121591,1,1,1994,4,4,4,4,4,4,4,4,4,4
121591,2,1,1994,0,0,0,0,0,0,0,0,0,0
121592,1,1,1994,2,2,2,2,2,2,2,2,2,2
121592,2,1,1994,0,0,0,0,0,0,0,0,0,0
121593,1,1,1994,0,0,0,0,0,0,0,0,0,0