ST_CASE,VEH_NO,PER_NO,YEAR,P1,P2,P3,P4,P5,P6,P7,P8,P9,P10
121593,2,1,1994,0,0,0,0,0,0,0,0,0,0
121593,3,1,1994,0,0,0,0,0,0,0,0,0,0
121594,1,1,1994,0,0,0,0,0,0,0,0,0,0
121594,2,1,1994,0,0,0,0,0,0,0,0,0,0
121595,1,1,1994,0,11,6,0,11,13,5,19,21,10
121595,2,1,1994,0,0,0,0,0,0,0,0,0,0
121596,0,1,1994,11,11,11,11,11,11,11,11,11,11
121596,1,1,1994,27,31,36,0,0,0,34,0,0,15
121597,1,1,1994,0,0,0,0,0,0,0,0,15,0
121597,2,1,1994,21,0,0,15,0,0,0,0,0,0
121598,1,1,1994,0,0,0,0,0,17,0,0,0,0
121598,2,1,1994,0,0,0,0,0,0,0,0,0,0
121599,0,1,1994,26,26,26,26,26,26,26,26,26,26
121599,1,1,1994,0,0,0,0,0,0,0,0,0,0
121600,1,1,1994,17,17,17,17,17,17,17,17,17,17
121600,2,1,1994,0,0,29,0,0,0,0,0,0,0
121600,3,1,1994,0,0,0,0,0,0,0,0,0,0
121601,1,1,1994,18,16,0,7,14,0,23,24,0,0
121601,2,1,1994,0,0,0,0,0,0,0,0,0,0
121603,1,1,1994,14,14,14,14,14,14,14,14,14,14
121604,0,1,1994,0,0,0,0,0,0,0,0,0,0
121604,1,1,1994,0,0,0,0,0,0,0,0,0,0
121605,0,1,1994,0,0,0,0,0,0,0,0,0,0
121605,1,1,1994,0,0,0,24,13,0,0,10,0,0
121606,1,1,1994,0,0,0,0,0,0,0,0,0,0
121606,2,1,1994,0,0,0,0,0,0,0,0,0,0
121607,0,1,1994,0,0,26,15,0,0,26,0,0,0
121607,1,1,1994,0,0,0,0,0,0,0,0,0,0
121608,1,1,1994,19,0,0,0,0,0,0,0,0,0
121609,1,1,1994,19,19,19,19,19,19,19,19,19,19
121609,2,1,1994,0,0,0,0,0,4,0,0,0,14
121610,1,1,1994,0,0,0,0,0,0,0,0,0,0
121611,0,1,1994,0,0,18,0,0,0,0,0,0,0
121611,1,1,1994,0,0,0,0,0,0,0,0,0,0
121612,1,1,1994,28,28,28,28,28,28,28,28,28,28
121613,1,1,1994,0,0,0,0,0,0,0,0,0,0
121613,2,1,1994,6,6,6,6,6,6,6,6,6,6
121614,0,1,1994,35,35,35,35,35,35,35,35,35,35
121614,1,1,1994,0,0,0,0,0,0,0,0,0,0
121614,2,1,1994,0,0,0,0,0,0,0,0,0,0
121614,3,1,1994,0,0,0,0,0,0,0,0,0,0
121615,1,1,1994,0,0,0,0,0,0,0,0,0,0
121615,2,1,1994,0,0,0,0,0,0,0,0,0,0
121616,1,1,1994,45,45,45,45,45,45,45,45,45,45
121617,1,1,1994,0,0,0,0,0,0,0,0,0,0
121617,2,1,1994,0,0,0,0,0,0,0,0,0,15
121618,0,1,1994,0,14,0,29,0,0,0,13,0,0
121618,1,1,1994,0,0,0,0,0,0,0,0,0,0
121619,0,1,1994,21,21,21,21,21,21,21,21,21,21
121619,1,1,1994,0,0,0,0,0,0,0,0,0,0
121620,1,1,1994,0,0,0,0,0,0,0,0,0,0
121620,2,1,1994,0,0,0,0,0,0,0,0,0,0
121621,1,1,1994,0,0,0,0,0,0,0,0,0,0
121621,2,1,1994,0,0,0,0,0,0,0,15,0,0
121622,0,1,1994,0,0,0,0,0,0,0,0,0,0
121622,1,1,1994,16,0,17,0,0,0,0,19,0,24
121623,1,1,1994,0,0,0,0,0,0,0,0,0,0
121623,2,1,1994,0,0,0,0,0,0,0,0,0,0
121624,1,1,1994,0,0,0,0,0,0,0,0,0,0
121625,1,1,1994,0,0,0,0,0,0,0,0,0,0
121626,1,1,1994,0,0,0,0,0,0,0,0,0,0
121626,2,1,1994,0,0,0,0,0,0,0,0,0,0
121627,0,1,1994,0,0,0,0,0,0,0,0,0,10
121627,1,1,1994,0,0,0,0,0,0,0,0,0,0
121628,0,1,1994,0,0,0,0,0,0,0,0,0,0
121628,1,1,1994,0,0,0,0,0,0,0,0,0,0
121629,1,1,1994,0,0,0,0,0,0,0,0,0,0
121629,2,1,1994,0,0,0,0,22,0,0,0,0,0
121630,0,1,1994,0,0,0,29,0,0,0,0,18,0
121630,1,1,1994,0,0,22,0,0,0,0,0,0,0
121631,1,1,1994,0,0,0,0,0,0,0,0,0,0
121631,2,1,1994,0,0,0,0,0,0,0,0,0,0
121632,1,1,1994,0,0,0,0,0,0,0,0,0,0
121633,1,1,1994,0,0,0,0,0,0,0,0,0,0
121633,2,1,1994,0,0,0,0,0,0,0,0,0,0
121634,1,1,1994,0,0,0,0,0,0,0,0,0,0
121634,2,1,1994,17,17,17,17,17,17,17,17,17,17
121635,1,1,1994,0,0,0,0,0,0,0,0,0,0
121635,2,1,1994,0,0,0,0,0,0,0,0,0,0
121635,3,1,1994,0,0,0,0,0,0,0,0,0,0
121636,0,1,1994,22,12,0,0,0,0,0,0,22,0
121636,1,1,1994,0,0,0,0,0,0,0,0,7,0
121637,1,1,1994,0,16,0,0,0,0,0,0,0,0
121637,2,1,1994,0,0,0,0,2,0,0,0,0,0
121638,1,1,1994,0,0,0,0,0,0,0,0,0,0
121639,0,1,1994,0,0,0,0,0,0,0,0,0,0
121639,1,1,1994,5,0,0,4,11,0,0,0,21,0
121641,1,1,1994,0,0,0,0,0,0,0,0,0,0
121641,2,1,1994,1,1,1,1,1,1,1,1,1,1
121641,3,1,1994,0,0,0,0,0,0,13,0,4,0
121642,1,1,1994,0,0,0,0,0,0,0,0,0,0
121642,2,1,1994,0,0,0,0,0,0,0,0,0,0
121643,0,1,1994,0,0,0,0,0,0,0,0,0,0
121643,1,1,1994,0,0,0,0,0,0,0,0,0,0
121644,1,1,1994,0,0,0,0,0,0,21,0,0,0
121644,2,1,1994,0,0,15,0,0,0,0,0,0,0
121645,1,1,1994,0,0,0,0,12,0,0,32,0,0
121645,2,1,1994,0,0,0,0,0,0,0,0,0,0
121646,0,1,1994,24,24,24,24,24,24,24,24,24,24
121647,1,1,1994,0,0,0,0,0,0,0,0,0,0
121647,2,1,1994,13,13,13,13,13,13,13,13,13,13
121648,1,1,1994,0,0,0,0,0,0,0,0,0,0
121649,0,1,1994,7,7,7,7,7,7,7,7,7,7
121649,0,2,1994,16,16,16,16,16,16,16,16,16,16
121649,1,1,1994,11,11,11,11,11,11,11,11,11,11
121650,1,1,1994,0,0,0,0,0,0,0,0,0,0
121651,0,1,1994,0,0,0,0,0,0,0,0,0,0
121651,1,1,1994,0,0,0,0,0,4,0,0,0,0
121652,1,1,1994,0,0,0,0,0,0,0,0,0,0
121652,2,1,1994,0,0,0,0,0,0,0,0,0,0
121653,1,1,1994,18,18,18,18,18,18,18,18,18,18
121653,2,1,1994,15,15,15,15,15,15,15,15,15,15
121654,0,1,1994,0,0,0,0,0,0,0,0,0,0
121654,1,1,1994,0,0,0,0,0,0,0,0,0,0
121655,0,1,1994,11,25,23,18,23,8,22,0,15,16
121655,1,1,1994,0,0,0,0,0,0,0,0,0,0
121655,2,1,1994,0,0,0,0,0,0,0,0,0,0
121656,1,1,1994,25,25,25,25,25,25,25,25,25,25
121657,1,1,1994,0,0,0,0,0,0,14,0,0,0
121658,1,1,1994,0,0,0,0,0,0,0,0,0,0
121658,2,1,1994,0,0,0,0,0,0,0,0,0,0
121659,1,1,1994,0,0,0,0,0,0,0,0,0,0
121659,2,1,1994,0,0,0,0,0,0,15,0,0,0
121659,3,1,1994,0,0,0,0,0,0,0,7,0,0
121660,1,1,1994,0,0,0,0,0,0,0,0,0,0
121660,2,1,1994,0,0,0,0,0,0,0,0,0,0
121661,2,1,1994,0,0,0,0,0,0,0,0,0,17
121661,3,1,1994,0,0,0,0,0,0,0,0,0,0
121661,4,1,1994,0,0,0,0,0,0,0,0,0,0
121662,1,1,1994,0,0,0,0,0,0,0,0,0,0
121662,2,1,1994,17,17,17,17,17,17,17,17,17,17
121663,1,1,1994,19,19,19,19,19,19,19,19,19,19
121663,2,1,1994,0,0,12,0,0,0,22,0,0,15
121664,0,1,1994,18,18,18,18,18,18,18,18,18,18
121664,1,1,1994,10,25,16,16,0,30,15,18,0,0
121665,1,1,1994,0,0,0,0,0,0,0,0,0,0
121665,2,1,1994,2,2,2,2,2,2,2,2,2,2
121666,1,1,1994,0,0,0,0,0,0,0,0,0,0
121666,2,1,1994,25,25,25,25,25,25,25,25,25,25
121667,1,1,1994,0,14,0,25,0,0,0,0,0,34
121667,2,1,1994,0,0,0,0,0,0,0,0,0,32
121668,1,1,1994,0,0,0,0,0,0,0,0,0,0
121668,2,1,1994,0,0,0,0,0,0,0,0,0,0
121668,3,1,1994,0,0,0,0,0,0,0,0,0,0
121669,1,1,1994,0,0,0,0,0,0,0,0,0,0
121670,1,1,1994,12,0,0,0,21,2,18,18,9,20
121671,1,1,1994,0,0,0,0,0,0,0,0,0,0
121671,2,1,1994,0,0,0,0,0,0,0,0,0,0
121672,1,1,1994,0,0,0,0,0,0,0,0,0,0
121672,2,1,1994,0,0,0,0,0,0,0,0,5,0
121673,1,1,1994,16,16,16,16,16,16,16,16,16,16
121674,0,1,1994,0,0,0,0,0,0,0,0,0,0
121674,1,1,1994,0,0,0,0,0,0,0,0,0,0
121675,1,1,1994,4,4,4,4,4,4,4,4,4,4
121676,1,1,1994,27,27,27,27,27,27,27,27,27,27
121677,0,1,1994,18,18,18,18,18,18,18,18,18,18
121677,1,1,1994,0,0,0,0,0,0,0,0,0,0
121678,0,1,1994,38,49,21,7,18,16,12,31,0,26
121678,1,1,1994,0,0,0,0,0,0,0,5,0,0
121679,0,1,1994,0,0,0,0,0,0,0,0,0,0
121679,1,1,1994,0,0,0,0,0,0,0,0,0,0
121680,1,1,1994,0,0,0,0,0,0,0,0,0,0
121680,2,1,1994,0,0,0,0,0,0,0,0,0,0
121681,1,1,1994,0,0,0,0,0,0,0,0,0,0
121681,2,1,1994,0,0,0,0,0,0,0,0,0,0
121682,1,1,1994,0,0,15,0,0,0,0,5,0,7
121683,0,1,1994,0,0,0,0,0,0,0,0,0,0
121683,1,1,1994,0,0,0,0,0,0,0,0,0,0
121684,1,1,1994,0,0,0,0,0,0,0,0,12,20
121685,1,1,1994,0,0,0,0,0,0,0,0,0,0
121685,2,1,1994,0,0,0,0,0,0,0,0,0,0
121686,0,1,1994,0,10,0,0,0,0,0,0,0,0
121686,1,1,1994,0,0,0,0,0,0,0,0,0,0
121687,0,1,1994,0,0,0,0,0,0,0,0,0,0
121687,1,1,1994,0,0,0,0,0,0,0,0,0,12
121688,1,1,1994,0,0,0,0,0,0,4,0,0,0
121689,1,1,1994,10,0,0,0,0,0,0,0,0,0
121689,2,1,1994,0,0,0,0,0,0,0,0,0,0
121690,0,1,1994,24,24,24,24,24,24,24,24,24,24
121690,1,1,1994,0,27,0,16,21,0,30,12,0,0
121691,0,1,1994,0,0,0,0,0,20,0,0,0,0
121691,1,1,1994,0,0,0,0,0,0,15,0,0,0
121691,2,1,1994,0,0,0,0,10,0,0,0,0,0
121692,1,1,1994,0,0,0,0,0,0,0,0,0,0
121692,2,1,1994,0,0,0,0,0,0,0,0,0,0
121693,1,1,1994,18,18,18,18,18,18,18,18,18,18
121693,2,1,1994,0,0,0,0,0,0,0,0,0,0
121694,1,1,1994,0,0,0,0,0,0,0,0,0,0
121694,2,1,1994,0,0,0,0,0,0,21,0,0,0
121695,1,1,1994,13,0,0,0,0,0,0,0,0,0
121695,2,1,1994,0,0,0,0,0,0,0,0,0,0
121695,3,1,1994,0,0,0,0,0,0,0,0,0,0
121696,0,1,1994,43,20,0,0,34,0,13,22,12,27
121696,1,1,1994,0,0,0,0,0,0,0,0,0,0
121697,0,1,1994,0,0,0,0,0,0,0,0,0,0
121697,1,1,1994,0,0,0,0,0,0,0,0,0,0
121698,1,1,1994,0,0,0,0,0,0,0,18,0,0
121698,2,1,1994,0,0,0,0,0,0,0,0,0,0
121698,3,1,1994,0,0,0,0,0,0,0,0,0,0
121699,0,1,1994,0,0,0,0,0,0,0,0,0,0
121699,1,1,1994,0,6,0,0,0,0,0,0,0,0
121699,2,1,1994,0,0,0,0,0,0,0,0,0,0
121700,1,1,1994,0,0,0,0,0,0,0,0,12,0
121700,2,1,1994,0,0,0,0,0,0,0,0,0,0
121701,1,1,1994,0,0,0,0,0,0,0,0,0,0
121701,2,1,1994,0,0,0,0,0,0,0,0,0,0
121702,1,1,1994,0,0,0,0,0,0,0,0,0,0
121702,2,1,1994,0,0,0,0,0,0,0,0,0,0
121703,1,1,1994,0,0,0,0,0,0,0,0,0,0
121704,0,1,1994,35,35,35,35,35,35,35,35,35,35
121704,1,1,1994,0,0,0,0,0,0,0,0,0,0
121705,1,1,1994,13,18,18,0,11,0,6,0,0,0
121706,1,1,1994,0,0,0,4,19,0,0,0,9,23
121707,0,1,1994,0,9,0,0,0,0,0,0,0,0
121707,1,1,1994,0,0,0,0,0,0,0,0,0,0
121708,1,1,1994,17,0,21,0,0,0,15,16,23,0
121709,0,1,1994,4,4,4,4,4,4,4,4,4,4
121709,1,1,1994,0,0,0,3,0,0,0,0,2,0
121710,1,1,1994,9,9,9,9,9,9,9,9,9,9
121710,2,1,1994,0,0,0,0,20,0,0,0,0,0
121711,1,1,1994,0,0,0,0,0,0,0,0,0,0
121711,2,1,1994,0,0,0,0,0,0,0,0,0,0
121711,4,1,1994,0,0,0,0,0,0,0,0,0,0
121712,0,1,1994,0,0,0,20,0,0,0,22,0,0
121712,1,1,1994,0,0,0,0,15,0,0,0,0,0
121713,1,1,1994,0,38,0,13,36,0,17,0,0,0
121714,1,1,1994,0,22,0,0,0,0,0,0,0,0
121714,2,1,1994,0,0,0,0,0,0,0,0,0,0
121715,1,1,1994,0,0,0,0,0,0,0,0,0,0
121715,2,1,1994,0,0,0,0,0,0,0,0,0,0
121715,3,1,1994,25,25,25,25,25,25,25,25,25,25
121716,1,1,1994,0,0,0,0,0,0,0,0,0,0
121716,2,1,1994,0,0,0,0,0,0,0,0,0,0
121717,1,1,1994,0,0,0,20,0,24,22,0,0,15
121718,1,1,1994,0,0,0,0,0,0,0,0,0,0
121718,2,1,1994,0,0,29,0,0,0,0,0,0,0
121720,1,1,1994,0,0,0,0,0,0,0,0,0,0
121720,2,1,1994,0,0,0,0,0,0,0,0,0,0
121720,3,1,1994,0,0,7,0,0,0,0,0,0,0
121721,1,1,1994,0,0,0,0,0,0,0,0,0,14
121721,2,1,1994,0,0,0,0,0,0,0,0,0,0
121721,3,1,1994,0,0,0,0,21,0,0,0,0,0
121722,1,1,1994,0,0,0,0,0,0,0,0,0,0
121723,1,1,1994,16,11,18,18,23,32,9,16,25,9
121723,2,1,1994,0,0,0,0,0,0,0,0,0,0
121724,1,1,1994,14,14,14,14,14,14,14,14,14,14
121725,0,1,1994,0,0,0,0,0,0,0,0,0,0
121725,1,1,1994,0,0,0,0,0,0,0,0,0,0
121726,0,1,1994,0,0,0,0,0,0,0,0,0,0
121726,1,1,1994,0,0,17,0,0,0,0,0,31,0
121727,1,1,1994,11,0,0,0,0,0,0,0,0,0
121728,0,1,1994,15,0,0,0,0,0,0,0,0,0
121728,1,1,1994,0,0,0,0,0,0,0,14,0,0
121729,1,1,1994,0,17,18,0,0,0,0,0,0,14
121730,0,1,1994,0,0,0,0,0,0,0,0,0,0
121730,1,1,1994,0,0,0,0,0,0,0,0,0,0
121731,1,1,1994,29,29,29,29,29,29,29,29,29,29
121731,2,1,1994,0,0,0,0,0,0,0,0,0,0
121732,1,1,1994,0,0,0,0,0,0,0,20,0,30
121732,2,1,1994,0,0,0,0,0,0,0,0,0,0
121733,0,1,1994,0,0,0,0,0,0,0,0,0,0
121733,1,1,1994,11,16,11,17,15,17,18,17,18,9
121734,0,1,1994,0,0,0,0,0,0,0,0,0,0
121734,0,2,1994,0,0,0,0,0,0,0,0,0,0
121734,1,1,1994,18,17,4,0,0,0,0,0,0,0
121735,0,1,1994,0,0,0,0,0,0,0,0,0,0
121735,1,1,1994,22,22,22,22,22,22,22,22,22,22
121736,1,1,1994,0,0,0,0,19,5,0,0,0,0
121736,2,1,1994,0,0,0,0,0,0,0,0,0,0
121737,1,1,1994,19,19,19,19,19,19,19,19,19,19
121737,2,1,1994,0,0,0,0,0,0,0,0,0,0
121738,1,1,1994,0,0,0,0,0,0,0,0,0,0
121738,2,1,1994,0,0,0,0,0,15,0,0,0,0
121739,1,1,1994,0,0,0,0,0,0,0,0,0,0
121739,2,1,1994,0,0,0,0,0,0,14,0,0,0
121740,1,1,1994,0,0,0,0,0,0,0,0,0,0
121740,2,1,1994,0,0,0,0,0,0,0,0,0,0
121741,1,1,1994,0,0,0,0,0,0,0,0,0,0
121741,2,1,1994,0,0,0,0,0,0,0,0,0,0
121742,1,1,1994,22,22,22,22,22,22,22,22,22,22
121742,2,1,1994,0,0,0,0,0,3,0,0,0,0
121743,1,1,1994,24,24,24,24,24,24,24,24,24,24
121744,1,1,1994,21,21,21,21,21,21,21,21,21,21
121744,2,1,1994,0,0,26,0,0,0,0,0,0,0
121745,1,1,1994,0,0,3,0,0,7,8,3,0,0
121746,1,1,1994,0,0,0,0,0,0,0,0,0,0
121746,2,1,1994,0,0,0,0,0,0,0,0,0,0
121746,3,1,1994,0,0,20,0,0,0,0,0,0,0
121747,0,1,1994,0,0,0,0,0,0,0,16,0,0
121747,0,2,1994,11,0,0,0,0,15,0,0,0,0
121747,1,1,1994,0,0,0,0,0,0,0,0,0,0
121747,2,1,1994,0,0,0,0,0,5,0,0,0,0
121748,1,1,1994,0,0,0,0,0,0,0,0,0,0
121749,1,1,1994,0,0,0,0,0,0,0,0,0,0
121749,2,1,1994,0,0,0,0,0,0,0,0,0,0
121750,1,1,1994,22,22,22,22,22,22,22,22,22,22
121750,2,1,1994,0,0,0,0,0,0,0,0,0,0
121751,1,1,1994,0,0,0,0,0,0,0,0,0,0
121752,1,1,1994,0,0,0,0,0,0,0,0,0,0
121752,2,1,1994,0,0,0,0,0,0,0,0,0,0
121753,1,1,1994,23,23,23,23,23,23,23,23,23,23
121754,1,1,1994,26,0,0,0,0,24,0,0,18,0
121754,2,1,1994,0,12,24,0,0,12,0,0,0,0
121755,1,1,1994,12,17,0,6,0,25,0,22,0,0
121757,1,1,1994,0,0,0,0,0,0,0,0,0,0
121757,2,1,1994,18,6,6,19,8,5,11,13,11,17
121758,0,1,1994,8,8,8,8,8,8,8,8,8,8
121758,1,1,1994,22,22,22,22,22,22,22,22,22,22
121760,1,1,1994,23,23,23,23,23,23,23,23,23,23
121761,1,1,1994,0,7,0,0,0,0,0,0,0,0
121761,2,1,1994,0,0,0,0,0,0,0,0,0,0
121762,1,1,1994,0,0,0,0,0,0,0,0,0,0
121762,2,1,1994,0,14,0,0,0,0,0,0,0,0
121762,3,1,1994,0,0,0,0,0,0,0,0,0,0
121763,1,1,1994,0,0,0,0,0,0,0,0,0,0
121763,2,1,1994,0,0,0,0,0,0,0,0,0,0
121764,0,1,1994,0,0,25,0,0,0,0,0,0,0
121764,1,1,1994,0,0,0,0,0,0,0,0,0,0
121765,1,1,1994,6,6,6,6,6,6,6,6,6,6
121766,1,1,1994,13,30,23,15,0,0,19,19,19,20
121767,1,1,1994,0,0,0,0,0,14,0,0,0,0
121767,2,1,1994,0,0,0,0,0,0,0,0,0,0
121767,3,1,1994,0,0,0,0,0,0,0,0,0,0
121768,0,1,1994,29,29,29,29,29,29,29,29,29,29
121768,1,1,1994,0,0,0,0,0,0,0,0,0,0
121769,1,1,1994,8,8,8,8,8,8,8,8,8,8
121770,1,1,1994,0,0,0,0,0,0,0,0,0,0
121770,2,1,1994,0,0,0,4,0,0,0,0,0,0
121771,1,1,1994,0,0,9,0,0,0,0,0,0,0
121771,2,1,1994,0,0,0,0,0,0,0,0,0,0
121772,1,1,1994,0,0,0,0,0,0,0,0,0,0
121772,2,1,1994,13,13,13,13,13,13,13,13,13,13
121773,1,1,1994,0,0,0,0,0,0,0,0,0,0
121773,2,1,1994,0,0,0,11,0,0,0,0,0,0
121774,1,1,1994,0,0,0,0,0,0,0,0,0,0
121774,2,1,1994,0,0,0,0,0,0,0,0,0,0
121774,3,1,1994,0,0,0,0,0,0,0,0,0,0
121775,1,1,1994,0,0,0,0,0,0,0,0,0,0
121775,2,1,1994,0,0,0,0,0,0,0,0,0,0
121775,3,1,1994,0,0,0,0,0,0,0,0,0,0
121776,1,1,1994,0,0,0,0,0,0,0,0,0,0
121777,1,1,1994,0,0,0,0,0,0,0,0,0,0
121778,1,1,1994,0,0,0,0,0,0,0,0,0,0
121778,2,1,1994,0,0,0,0,0,0,0,0,0,0
121780,1,1,1994,0,0,0,0,0,0,0,0,0,0
121781,0,1,1994,0,0,0,0,0,0,0,0,0,0
121781,1,1,1994,0,0,0,0,0,0,0,0,0,0
121782,1,1,1994,0,0,0,0,0,0,0,0,0,0
121782,2,1,1994,0,0,0,0,0,0,0,0,0,0
121783,1,1,1994,25,25,25,25,25,25,25,25,25,25
121783,2,1,1994,0,0,0,0,19,0,0,0,17,0
121784,1,1,1994,26,26,26,26,26,26,26,26,26,26
121784,2,1,1994,11,11,0,0,0,0,0,0,0,2
121785,1,1,1994,25,25,25,25,25,25,25,25,25,25
121786,1,1,1994,0,0,0,0,0,0,0,0,0,0
121786,2,1,1994,0,0,0,0,0,0,0,0,0,0
121787,1,1,1994,19,19,19,19,19,19,19,19,19,19
121788,1,1,1994,5,5,5,5,5,5,5,5,5,5
121788,2,1,1994,0,0,0,0,0,0,0,0,0,0
121789,1,1,1994,2,2,2,2,2,2,2,2,2,2
121790,1,1,1994,42,10,0,0,0,0,0,0,0,0
121791,1,1,1994,12,12,12,12,12,12,12,12,12,12
121792,1,1,1994,11,11,11,11,11,11,11,11,11,11
121792,2,1,1994,0,0,0,0,0,0,0,0,0,0
121793,1,1,1994,22,22,22,22,22,22,22,22,22,22
121793,2,1,1994,0,0,0,0,0,0,0,0,0,0
121794,1,1,1994,0,0,0,0,0,0,0,0,0,0
121795,1,1,1994,0,0,0,0,0,0,0,0,0,0
121795,2,1,1994,0,0,0,0,0,0,0,0,0,0
121796,1,1,1994,0,0,24,0,0,0,0,0,0,0
121796,2,1,1994,0,0,0,0,0,0,0,0,0,0
121797,1,1,1994,0,0,0,0,0,0,0,0,0,0
121797,2,1,1994,0,0,0,0,0,0,0,0,0,0
121798,1,1,1994,0,0,0,9,13,0,0,18,11,0
121799,1,1,1994,0,0,0,0,0,0,0,0,0,0
121799,2,1,1994,0,0,0,0,0,0,0,0,0,0
121800,0,1,1994,21,21,21,21,21,21,21,21,21,21
121800,1,1,1994,0,0,0,0,0,0,0,0,0,0
121801,1,1,1994,14,14,14,14,14,14,14,14,14,14
121801,2,1,1994,0,0,0,0,0,0,5,0,0,0
121802,1,1,1994,0,0,0,0,0,0,0,0,0,0
121802,2,1,1994,0,0,0,0,0,0,0,0,0,0
121802,3,1,1994,0,0,0,0,0,0,0,0,0,0
121803,1,1,1994,0,0,0,0,0,24,0,0,0,0
121803,2,1,1994,0,0,0,0,0,0,0,0,0,0
121804,1,1,1994,0,0,0,0,0,0,0,0,0,0
121805,1,1,1994,18,0,0,0,0,0,6,0,0,0
121805,2,1,1994,0,18,13,0,0,0,16,0,4,0
121806,1,1,1994,13,13,13,13,13,13,13,13,13,13
121807,0,1,1994,0,0,0,0,0,0,0,0,0,0
121807,1,1,1994,0,0,0,0,0,0,0,0,0,0
121808,1,1,1994,0,0,0,0,0,0,0,0,0,0
121808,2,1,1994,0,0,0,0,0,0,0,0,0,0
121809,0,1,1994,44,44,44,44,44,44,44,44,44,44
121809,1,1,1994,0,0,0,0,0,0,0,0,0,0
121810,1,1,1994,0,0,0,0,0,0,0,0,0,0
121810,2,1,1994,0,0,0,0,0,0,0,0,16,0
121811,0,1,1994,0,0,0,11,0,19,0,0,0,0
121811,1,1,1994,0,0,0,0,0,0,0,0,0,0
121812,1,1,1994,0,0,0,0,0,0,0,0,0,0
121812,2,1,1994,0,0,0,0,0,0,0,0,0,0
121813,0,1,1994,7,0,32,17,0,0,0,0,0,0
121813,1,1,1994,0,25,0,0,12,5,0,0,0,0
121814,1,1,1994,0,0,0,0,0,0,0,0,0,0
121815,1,1,1994,0,0,0,0,0,0,0,0,0,0
121815,2,1,1994,0,0,0,0,0,0,0,0,0,0
121815,3,1,1994,0,0,0,0,0,0,0,0,2,0
121816,1,1,1994,0,0,0,0,0,0,0,0,0,0
121816,2,1,1994,0,0,0,0,0,0,0,0,0,0
121817,1,1,1994,0,0,0,0,0,0,0,0,0,0
121817,2,1,1994,0,0,0,0,0,0,0,0,0,0
121818,1,1,1994,0,0,0,0,0,0,0,0,0,0
121818,2,1,1994,0,0,0,0,0,0,0,0,0,0
121818,3,1,1994,0,0,0,0,0,0,0,0,0,0
121819,0,1,1994,0,12,0,0,0,0,0,0,0,0
121819,1,1,1994,0,0,0,0,0,0,0,24,0,0
121820,1,1,1994,21,21,21,21,21,21,21,21,21,21
121821,1,1,1994,0,0,0,0,0,0,0,0,0,0
121821,2,1,1994,14,14,14,14,14,14,14,14,14,14
121823,0,1,1994,0,0,0,0,17,0,0,0,0,0
121823,1,1,1994,0,32,0,0,0,0,0,0,0,0
121824,0,1,1994,0,0,0,0,0,0,0,0,0,0
121824,0,2,1994,37,0,8,0,0,0,0,17,13,13
121824,0,3,1994,0,0,0,0,0,0,0,0,0,0
121824,1,1,1994,0,0,0,0,0,0,0,0,0,0
121825,1,1,1994,0,0,0,0,0,0,0,0,0,0
121825,2,1,1994,0,0,0,0,0,0,0,0,0,0
121825,3,1,1994,0,0,0,0,0,0,0,0,0,0
121826,0,1,1994,0,0,0,0,0,0,0,0,0,0
121826,0,2,1994,0,0,0,0,0,0,0,19,0,0
121826,1,1,1994,0,0,0,0,0,0,0,0,0,0
121827,1,1,1994,0,0,0,0,0,0,0,0,0,0
121827,2,1,1994,0,0,0,0,0,0,0,0,0,0
121828,1,1,1994,0,0,0,0,0,0,0,0,0,0
121828,2,1,1994,25,25,25,25,25,25,25,25,25,25
121829,1,1,1994,0,0,0,0,0,0,0,0,0,0
121829,2,1,1994,24,24,24,24,24,24,24,24,24,24
121830,0,1,1994,0,0,0,0,0,0,0,0,0,0
121830,1,1,1994,0,0,0,0,0,0,0,0,0,0
121831,1,1,1994,0,0,0,0,0,0,0,0,0,0
121831,2,1,1994,0,0,0,0,0,0,0,0,0,0
121832,1,1,1994,0,0,0,0,0,0,0,0,0,0
121832,2,1,1994,0,0,0,0,0,0,0,0,0,0
121833,1,1,1994,0,0,0,0,0,0,0,0,0,0
121833,2,1,1994,0,0,0,0,0,0,0,0,0,0
121833,3,1,1994,0,0,0,0,0,0,0,0,0,0
121834,0,1,1994,26,26,26,26,26,26,26,26,26,26
121834,1,1,1994,9,0,7,0,0,0,0,10,0,0
121835,0,1,1994,16,0,13,0,0,0,19,0,9,0
121835,0,2,1994,0,0,0,0,0,0,0,0,0,0
121835,1,1,1994,0,12,0,0,0,0,0,0,0,0
121836,1,1,1994,0,0,0,0,0,0,15,0,0,17
121837,1,1,1994,0,0,18,0,0,0,0,0,0,0
121838,1,1,1994,19,19,19,19,19,19,19,19,19,19
121838,2,1,1994,0,0,0,0,10,0,0,0,0,0
121839,1,1,1994,30,30,30,30,30,30,30,30,30,30
121840,0,1,1994,0,0,0,0,0,0,0,0,0,0
121840,1,1,1994,0,0,18,44,0,0,17,0,0,0
121841,1,1,1994,0,0,0,0,0,0,0,0,0,0
121841,2,1,1994,0,0,0,0,0,0,0,0,0,0
121842,1,1,1994,15,15,15,15,15,15,15,15,15,15
121843,1,1,1994,0,0,0,0,0,0,0,0,0,0
121843,2,1,1994,0,0,0,0,0,0,0,0,0,0