ST_CASE,VEH_NO,PER_NO,YEAR,P1,P2,P3,P4,P5,P6,P7,P8,P9,P10
121844,1,1,1994,0,0,0,0,0,0,0,0,0,0
121844,2,1,1994,0,0,0,0,0,0,0,0,0,0
121845,1,1,1994,0,0,0,0,9,0,0,0,0,0
121845,2,1,1994,0,0,0,0,0,0,0,0,0,0
121846,1,1,1994,13,12,18,12,34,37,18,19,27,13
121847,1,1,1994,0,0,0,0,0,21,0,12,0,0
121847,2,1,1994,0,0,0,0,21,0,7,0,0,0
121848,0,1,1994,0,0,0,0,0,0,0,0,0,0
121848,1,1,1994,0,0,0,0,14,0,0,0,0,0
121849,1,1,1994,0,0,0,0,0,0,0,0,0,0
121849,2,1,1994,0,0,0,0,0,0,0,0,0,0
121850,1,1,1994,0,0,0,0,0,0,0,0,0,0
121851,1,1,1994,0,0,0,0,0,0,0,0,0,0
121851,2,1,1994,0,0,0,14,0,0,0,16,0,0
121852,0,1,1994,0,0,0,0,17,0,0,0,0,0
121852,1,1,1994,0,0,0,0,0,0,0,0,0,0
121852,2,1,1994,0,0,0,0,0,0,0,0,0,0
121853,1,1,1994,0,0,0,0,0,0,0,0,0,0
121853,2,1,1994,0,0,0,0,0,0,0,0,0,0
121853,3,1,1994,0,0,0,0,0,0,0,0,0,0
121854,1,1,1994,0,24,0,0,21,0,0,0,0,0
121854,2,1,1994,0,0,0,0,0,0,0,0,0,0
121855,0,1,1994,0,0,18,0,0,0,9,0,0,0
121855,1,1,1994,15,0,0,37,0,0,27,0,0,0
121856,1,1,1994,0,0,0,0,0,0,0,0,0,0
121856,2,1,1994,0,0,0,0,0,0,0,0,0,0
121857,1,1,1994,12,12,12,12,12,12,12,12,12,12
121858,0,1,1994,0,0,0,0,0,0,0,0,0,13
121858,1,1,1994,21,21,21,21,21,21,21,21,21,21
121859,0,1,1994,0,0,0,0,12,0,6,0,0,0
121859,1,1,1994,0,0,13,0,0,0,14,23,0,0
121860,0,1,1994,0,0,0,7,0,0,0,0,0,0
121860,1,1,1994,0,0,0,0,0,0,0,0,0,0
121861,0,1,1994,32,32,32,32,32,32,32,32,32,32
121861,1,1,1994,0,0,0,0,0,0,0,0,0,0
121862,1,1,1994,28,28,28,28,28,28,28,28,28,28
121863,1,1,1994,0,0,0,0,0,0,0,0,0,0
121864,1,1,1994,1,1,1,1,1,1,1,1,1,1
121865,1,1,1994,0,0,0,0,0,0,0,0,0,0
121865,2,1,1994,0,0,0,0,0,0,0,0,0,0
121866,1,1,1994,0,0,0,0,0,0,0,0,0,0
121867,1,1,1994,29,29,29,29,29,29,29,29,29,29
121868,0,1,1994,16,16,16,16,16,16,16,16,16,16
121868,1,1,1994,0,0,0,0,14,0,0,0,0,0
121869,1,1,1994,0,0,0,0,0,0,0,0,0,0
121869,2,1,1994,19,0,0,0,0,4,0,0,0,0
121869,3,1,1994,0,0,0,0,0,0,0,0,0,0
121870,1,1,1994,0,0,18,0,0,0,0,0,0,6
121871,1,1,1994,0,0,0,0,0,0,0,0,0,0
121871,2,1,1994,20,20,20,20,20,20,20,20,20,20
121872,1,1,1994,23,23,23,23,23,23,23,23,23,23
121872,2,1,1994,0,0,0,0,0,0,0,0,0,0
121873,1,1,1994,0,0,21,0,6,0,0,0,0,0
121873,2,1,1994,0,0,0,0,0,0,0,0,0,0
121873,3,1,1994,26,0,0,0,0,0,0,0,0,0
121874,1,1,1994,0,0,0,0,0,0,0,0,0,0
121875,1,1,1994,16,16,16,16,16,16,16,16,16,16
121876,0,1,1994,0,0,0,0,0,0,0,0,0,0
121876,1,1,1994,21,21,21,21,21,21,21,21,21,21
121877,0,1,1994,41,0,0,0,0,0,0,0,0,0
121877,1,1,1994,0,0,0,0,0,0,0,0,0,0
121878,1,1,1994,26,26,26,26,26,26,26,26,26,26
121878,2,1,1994,0,0,0,0,0,0,0,0,0,0
121879,0,1,1994,0,0,0,0,0,0,20,0,0,0
121879,1,1,1994,0,0,0,0,0,0,0,0,0,0
121880,1,1,1994,0,0,0,0,0,0,0,0,0,0
121880,2,1,1994,0,0,0,0,0,0,0,21,6,0
121880,3,1,1994,0,0,0,0,0,0,0,0,0,0
121881,1,2,1994,7,0,10,0,32,12,0,19,16,9
121883,1,1,1994,24,24,24,24,24,24,24,24,24,24
121884,1,1,1994,0,0,0,0,0,0,0,0,0,0
121884,2,1,1994,0,0,0,0,0,0,0,0,0,0
121885,0,1,1994,5,5,5,5,5,5,5,5,5,5
121885,1,1,1994,0,0,0,0,0,14,0,25,0,0
121886,1,1,1994,21,21,21,21,21,21,21,21,21,21
121886,2,1,1994,0,22,20,0,0,0,8,0,0,0
121887,0,1,1994,16,7,0,0,5,0,21,4,0,19
121887,1,1,1994,27,27,2,20,9,0,22,0,0,22
121888,1,1,1994,0,0,0,0,0,0,0,0,0,0
121888,2,1,1994,0,0,0,0,0,0,0,0,0,0
121889,1,1,1994,0,0,0,0,0,0,0,0,0,0
121890,1,1,1994,0,0,0,0,0,0,0,0,0,0
121890,2,1,1994,0,0,0,0,0,0,0,0,0,0
121891,1,1,1994,2,2,2,2,2,2,2,2,2,2
121891,2,1,1994,8,8,8,8,8,8,8,8,8,8
121892,1,1,1994,2,0,0,0,0,0,0,0,0,0
121892,2,1,1994,0,0,0,0,0,0,0,0,0,0
121893,1,1,1994,7,7,7,7,7,7,7,7,7,7
121894,0,1,1994,0,0,0,0,0,0,0,0,0,0
121894,0,2,1994,0,0,0,0,10,0,0,0,24,0
121894,1,1,1994,0,0,0,0,0,0,0,0,0,0
121895,0,1,1994,0,0,0,0,0,0,0,0,0,0
121895,1,1,1994,0,0,0,0,0,0,0,23,9,0
121896,1,1,1994,15,0,0,0,0,0,7,0,0,0
121896,2,1,1994,0,0,0,0,0,0,0,0,0,0
121896,3,1,1994,0,0,2,0,0,0,0,0,0,0
121897,1,1,1994,0,0,0,0,0,0,0,0,0,0
121899,1,1,1994,19,19,19,19,19,19,19,19,19,19
121900,1,1,1994,0,0,0,0,0,0,0,0,0,0
121900,2,1,1994,0,0,0,0,0,0,0,0,0,0
121901,0,1,1994,8,11,21,31,23,10,29,19,23,32
121901,1,1,1994,9,0,0,0,0,0,0,15,0,0
121902,1,1,1994,0,0,0,0,0,0,0,0,0,0
121902,2,1,1994,0,0,0,0,0,0,0,0,0,0
121903,1,1,1994,0,0,0,0,0,0,0,0,0,0
121903,2,1,1994,0,0,0,0,12,0,13,0,0,0
121904,0,1,1994,19,19,19,19,19,19,19,19,19,19
121904,1,1,1994,0,0,0,0,0,0,0,0,0,0
121905,1,1,1994,0,0,0,0,0,0,0,0,0,0
121906,1,1,1994,22,22,22,22,22,22,22,22,22,22
121906,2,1,1994,0,0,0,0,0,0,0,0,0,0
121907,1,1,1994,0,0,0,0,0,0,0,0,0,0
121907,2,1,1994,0,0,0,0,0,0,0,0,0,0
121908,1,1,1994,14,14,14,14,14,14,14,14,14,14
121909,0,1,1994,0,0,0,0,0,0,0,0,0,0
121909,1,1,1994,0,0,0,0,0,0,0,0,35,13
121910,1,1,1994,0,0,0,0,14,0,0,3,0,11
121910,2,1,1994,13,17,11,0,0,18,0,0,0,0
121911,0,1,1994,0,0,0,0,0,0,0,0,0,0
121911,1,1,1994,0,0,4,9,2,0,0,7,0,2
121912,1,1,1994,18,18,18,18,18,18,18,18,18,18
121912,2,1,1994,0,0,0,0,0,0,0,0,0,0
121913,0,1,1994,9,9,9,9,9,9,9,9,9,9
121913,1,1,1994,0,0,0,0,0,0,0,0,0,0
121914,1,1,1994,0,0,0,0,0,0,0,0,0,0
121914,2,1,1994,0,0,0,0,0,0,0,0,0,0
121915,1,1,1994,6,6,6,6,6,6,6,6,6,6
121916,1,1,1994,16,16,16,16,16,16,16,16,16,16
121917,1,1,1994,0,0,0,0,0,0,0,0,0,0
121917,2,1,1994,0,0,0,0,0,0,0,0,0,0
121918,1,1,1994,0,0,0,0,0,0,0,0,0,0
121918,2,1,1994,0,0,0,0,0,0,0,0,0,0
121919,1,1,1994,24,24,24,24,24,24,24,24,24,24
121920,1,1,1994,0,0,0,0,0,0,0,0,0,0
121920,2,1,1994,0,0,0,8,0,0,0,9,24,11
121921,1,1,1994,28,28,28,28,28,28,28,28,28,28
121922,1,1,1994,25,25,25,25,25,25,25,25,25,25
121922,2,1,1994,0,0,0,0,0,0,0,0,0,0
121923,1,1,1994,0,5,0,0,0,0,0,11,0,0
121924,1,1,1994,15,15,15,15,15,15,15,15,15,15
121925,1,1,1994,4,4,4,4,4,4,4,4,4,4
121926,1,1,1994,6,8,24,28,12,7,29,21,9,7
121927,1,1,1994,20,20,20,20,20,20,20,20,20,20
121928,1,1,1994,0,0,0,0,0,0,0,0,0,0
121928,2,1,1994,0,0,0,0,0,0,0,0,0,0
121929,1,1,1994,0,0,0,0,0,0,0,0,0,0
121930,1,1,1994,0,0,0,0,6,0,0,0,0,0
121930,2,1,1994,0,15,0,0,0,0,0,0,0,0
121931,1,1,1994,12,25,10,4,26,12,21,13,24,12
121931,2,1,1994,0,0,0,0,0,0,0,0,0,0
121932,1,1,1994,0,4,0,0,0,5,0,0,0,0
121932,2,1,1994,18,18,18,18,18,18,18,18,18,18
121933,1,1,1994,0,0,0,0,0,0,0,0,0,0
121933,2,1,1994,0,0,0,0,0,0,0,0,0,0
121934,1,1,1994,0,0,0,0,0,0,0,0,0,13
121934,2,1,1994,16,16,16,16,16,16,16,16,16,16
121936,1,1,1994,0,0,0,0,0,0,0,0,0,0
121936,2,1,1994,0,0,0,0,0,0,0,0,0,0
121937,1,1,1994,16,0,0,9,0,0,0,0,0,0
121937,2,1,1994,0,0,0,0,0,0,0,0,0,0
121938,1,1,1994,0,0,0,0,0,0,0,0,0,0
121939,1,1,1994,0,0,0,0,0,0,0,0,0,0
121939,2,1,1994,0,0,0,0,0,0,0,0,0,0
121940,1,1,1994,0,0,0,2,0,0,2,14,0,9
121940,2,1,1994,0,0,0,0,0,0,0,0,0,0
121940,3,1,1994,0,0,0,0,0,0,0,0,0,0
121941,1,1,1994,0,0,0,0,0,0,0,0,0,14
121941,2,1,1994,0,0,0,0,0,0,0,0,0,0
121942,1,1,1994,16,16,16,16,16,16,16,16,16,16
121943,1,1,1994,3,3,3,3,3,3,3,3,3,3
121943,2,1,1994,0,0,0,0,0,0,0,0,0,0
121944,1,1,1994,7,7,7,7,7,7,7,7,7,7
121944,2,1,1994,0,0,0,0,0,0,0,0,0,0
121945,1,1,1994,15,15,15,15,15,15,15,15,15,15
121946,0,1,1994,22,22,22,22,22,22,22,22,22,22
121946,1,1,1994,0,0,0,0,0,0,0,0,0,0
121947,1,1,1994,17,17,17,17,17,17,17,17,17,17
121948,1,1,1994,0,0,0,0,0,0,0,0,0,0
121948,2,1,1994,0,0,0,0,0,0,0,0,0,0
121948,3,1,1994,0,0,0,0,0,0,0,0,3,0
121949,1,1,1994,0,0,0,17,0,0,0,0,6,0
121950,1,1,1994,0,0,0,0,0,0,0,0,0,0
121950,2,1,1994,0,0,0,0,0,0,0,0,0,0
121950,3,1,1994,0,0,0,0,0,0,0,0,0,0
121950,4,1,1994,0,0,0,0,0,0,0,0,0,0
121951,1,1,1994,0,0,0,0,0,0,0,0,0,0
121951,2,1,1994,0,0,0,30,0,13,6,19,0,12
121952,1,1,1994,0,0,0,0,0,0,0,0,0,0
121952,2,1,1994,0,0,0,0,0,0,0,0,0,0
121952,3,1,1994,0,0,0,0,0,0,0,0,0,0
121953,1,1,1994,0,0,0,0,0,0,0,0,0,0
121953,2,1,1994,0,0,0,0,0,0,0,0,0,0
121953,3,1,1994,0,0,0,0,0,0,0,0,0,0
121953,4,1,1994,0,0,0,0,0,0,0,0,0,0
121954,1,1,1994,0,0,0,0,0,0,0,0,0,0
121954,2,1,1994,0,0,0,0,0,0,0,0,0,0
121955,0,1,1994,0,0,0,0,0,0,0,0,0,0
121955,1,1,1994,0,0,0,0,0,0,0,0,0,0
121956,1,1,1994,0,0,0,0,0,0,0,0,0,0
121957,1,1,1994,0,0,0,0,0,0,0,0,5,0
121957,2,1,1994,0,0,0,0,0,0,0,0,0,0
121958,1,1,1994,0,0,15,0,0,15,0,0,0,0
121958,2,1,1994,12,12,12,12,12,12,12,12,12,12
121959,0,1,1994,0,0,0,14,0,0,13,0,0,0
121959,1,1,1994,0,0,0,0,0,0,0,0,6,0
121960,1,1,1994,16,19,8,0,0,0,45,0,0,0
121960,2,1,1994,10,10,10,10,10,10,10,10,10,10
121961,1,1,1994,20,20,20,20,20,20,20,20,20,20
121962,1,1,1994,0,0,0,0,0,0,0,0,0,0
121962,2,1,1994,0,0,0,0,0,0,0,0,0,0
121963,0,1,1994,0,0,0,0,0,0,0,0,0,0
121963,1,1,1994,0,0,0,0,0,0,0,0,0,0
121964,1,1,1994,20,20,20,20,20,20,20,20,20,20
121964,2,1,1994,0,9,0,0,0,0,0,0,4,0
121965,0,1,1994,0,0,0,0,0,0,0,0,0,0
121965,1,1,1994,0,0,0,0,0,0,0,0,0,0
121966,0,1,1994,21,21,21,21,21,21,21,21,21,21
121966,1,1,1994,0,0,0,0,0,0,0,0,0,0
121967,1,1,1994,0,0,0,0,0,0,0,0,0,0
121967,2,1,1994,0,0,0,0,0,0,0,0,0,0
121968,1,1,1994,0,0,0,0,0,0,0,5,0,26
121969,0,1,1994,9,9,9,9,9,9,9,9,9,9
121969,1,1,1994,0,0,0,0,0,0,0,0,0,0
121970,0,1,1994,0,0,0,0,0,0,0,0,0,0
121970,1,1,1994,0,0,0,0,7,0,0,0,0,0
121971,1,1,1994,0,0,0,0,0,0,0,0,0,0
121971,2,1,1994,0,0,0,0,0,0,0,0,0,0
121972,1,1,1994,0,0,0,0,0,0,0,0,0,0
121972,2,1,1994,0,0,0,0,0,0,0,0,0,0
121973,1,1,1994,24,24,24,24,24,24,24,24,24,24
121974,1,1,1994,0,0,0,0,0,0,0,0,0,0
121974,2,1,1994,0,0,0,0,0,0,0,0,0,0
121974,3,1,1994,0,0,0,0,0,0,0,0,0,0
121975,1,1,1994,0,0,0,0,0,0,0,0,0,0
121975,2,1,1994,0,0,0,0,0,0,0,0,0,0
121975,3,1,1994,0,0,0,0,0,0,0,0,0,0
121976,1,1,1994,0,0,0,0,0,0,0,0,0,0
121976,2,1,1994,0,0,0,0,0,0,0,0,0,0
121977,1,1,1994,0,0,0,0,0,0,22,0,0,0
121977,2,1,1994,0,0,0,0,0,0,0,0,0,0
121978,1,1,1994,23,23,23,23,23,23,23,23,23,23
121979,1,1,1994,0,0,0,0,0,0,0,0,0,0
121979,2,1,1994,0,0,0,0,0,0,0,0,0,0
121980,1,1,1994,5,5,5,5,5,5,5,5,5,5
121981,1,1,1994,0,0,0,0,0,0,0,0,0,0
121981,2,1,1994,0,0,0,0,0,0,0,0,0,0
121982,0,1,1994,0,0,0,0,0,0,0,0,0,0
121982,1,1,1994,0,0,0,0,0,0,0,0,0,0
121983,1,1,1994,18,18,18,18,18,18,18,18,18,18
121984,1,1,1994,21,21,21,21,21,21,21,21,21,21
121985,1,1,1994,12,12,12,12,12,12,12,12,12,12
121986,0,1,1994,0,0,0,0,0,0,0,0,0,0
121986,1,1,1994,0,0,0,0,0,0,0,0,0,0
121987,0,1,1994,0,0,0,0,0,0,0,0,0,0
121987,1,1,1994,0,0,0,0,0,0,0,0,0,0
121988,1,1,1994,0,0,0,0,0,0,0,0,0,0
121988,2,1,1994,0,0,0,0,0,0,0,0,0,0
121988,3,1,1994,0,0,0,0,0,0,0,0,0,0
121988,4,1,1994,0,0,0,0,0,0,0,0,0,0
121989,1,1,1994,0,0,0,0,0,0,0,0,0,0
121989,2,1,1994,0,0,0,0,0,0,0,0,0,0
121990,0,1,1994,0,0,0,0,0,0,0,0,0,0
121990,1,1,1994,0,0,0,0,0,0,0,0,0,0
121991,1,1,1994,0,0,38,0,0,0,14,28,0,0
121992,1,1,1994,0,0,0,0,0,0,0,0,0,0
121992,2,1,1994,5,0,0,0,0,0,0,0,0,0
121992,3,1,1994,0,0,0,0,0,0,0,0,0,0
121993,1,1,1994,0,0,0,0,0,0,0,0,0,0
121994,0,1,1994,9,9,9,9,9,9,9,9,9,9
121994,1,1,1994,0,0,0,0,0,0,0,0,0,0
121995,1,1,1994,8,0,6,0,0,0,5,0,0,0
121995,2,1,1994,0,0,0,12,0,0,12,0,0,0
121996,1,1,1994,0,0,0,0,0,10,0,0,0,0
121996,2,1,1994,0,0,0,0,0,0,0,0,0,0
121997,0,1,1994,0,0,0,0,0,0,0,0,0,0
121997,2,1,1994,0,0,0,0,0,0,0,0,0,0
121998,1,1,1994,0,0,0,0,0,0,0,0,0,0
121999,1,1,1994,0,0,20,25,0,17,0,0,33,12
121999,2,1,1994,0,0,0,0,0,0,0,0,0,0
122000,1,1,1994,0,0,0,0,0,0,0,0,0,0
122001,0,1,1994,0,0,0,0,0,0,0,0,0,0
122001,1,1,1994,0,0,0,0,0,0,0,0,0,0
122001,2,1,1994,0,0,0,0,0,0,0,0,0,0
122001,3,1,1994,0,0,0,0,0,0,0,0,0,0
122002,0,1,1994,12,12,12,12,12,12,12,12,12,12
122002,1,1,1994,0,29,0,0,0,0,0,0,0,0
122002,2,1,1994,0,0,0,0,0,0,0,0,3,0
122002,3,1,1994,0,0,0,0,0,0,0,0,0,0
122002,4,1,1994,0,0,0,0,0,0,0,0,0,0
122003,1,1,1994,0,0,0,0,0,0,0,0,0,0
122003,2,1,1994,0,21,0,0,0,0,0,0,0,0
122004,0,1,1994,0,0,0,0,0,0,0,0,0,0
122004,1,1,1994,28,28,28,28,28,28,28,28,28,28
122004,2,1,1994,0,0,0,0,10,0,0,0,0,0
122005,1,1,1994,6,9,0,0,18,34,8,10,7,9
122005,2,1,1994,17,18,10,18,0,0,12,8,22,0
122006,1,1,1994,0,0,0,0,0,0,0,0,0,0
122006,2,1,1994,0,0,0,0,0,0,0,0,0,0
122007,0,1,1994,22,22,22,22,22,22,22,22,22,22
122007,1,1,1994,13,13,13,13,13,13,13,13,13,13
122008,1,1,1994,0,0,0,0,0,0,0,0,0,0
122008,2,1,1994,0,0,0,0,0,0,0,0,0,0
122009,1,1,1994,20,20,20,20,20,20,20,20,20,20
122010,0,1,1994,22,22,22,22,22,22,22,22,22,22
122010,1,1,1994,30,0,0,0,0,0,0,0,0,0
122011,1,1,1994,0,0,0,0,0,0,0,0,0,0
122011,2,1,1994,30,0,2,0,0,0,0,0,0,0
122012,1,1,1994,0,0,0,0,0,0,0,0,0,0
122013,0,1,1994,24,24,24,24,24,24,24,24,24,24
122013,1,1,1994,16,16,16,16,16,16,16,16,16,16
122014,0,1,1994,5,5,5,5,5,5,5,5,5,5
122014,1,1,1994,0,0,0,0,0,0,0,0,0,0
122015,1,1,1994,0,0,0,0,0,0,0,0,0,0
122015,2,1,1994,14,14,14,14,14,14,14,14,14,14
122016,1,1,1994,0,0,0,0,0,0,0,0,0,0
122016,2,1,1994,0,0,0,0,0,0,0,0,0,0
122017,1,1,1994,0,0,0,0,0,0,0,10,0,0
122017,2,1,1994,15,0,0,0,0,0,0,0,0,0
122018,0,1,1994,0,0,0,0,0,0,0,0,0,0
122018,1,1,1994,0,0,0,15,0,0,0,0,0,26
122018,2,1,1994,0,0,0,0,0,0,0,0,0,0
122019,1,1,1994,0,0,0,0,0,0,0,0,0,0
122019,2,1,1994,0,0,0,0,0,0,0,11,0,0
122020,0,1,1994,0,0,0,0,0,0,21,24,0,31
122020,1,1,1994,0,12,0,0,10,0,7,0,0,0
122021,0,1,1994,0,8,0,0,33,0,11,28,0,0
122021,1,1,1994,0,0,0,0,0,0,0,0,0,0
122022,1,1,1994,0,0,0,0,22,0,0,0,18,0
122022,2,1,1994,0,0,0,0,0,5,0,0,0,0
122023,1,1,1994,0,0,0,0,0,0,0,0,0,0
122023,2,1,1994,0,0,0,15,0,0,0,0,0,0
122024,1,1,1994,14,14,14,14,14,14,14,14,14,14
122024,2,1,1994,0,0,0,0,0,10,0,8,0,0
122025,1,1,1994,0,0,0,0,0,0,0,0,0,0
122025,2,1,1994,0,0,0,0,0,0,0,0,0,0
122026,1,1,1994,10,10,10,10,10,10,10,10,10,10
122026,2,1,1994,0,0,0,0,0,0,0,0,0,0
122027,1,1,1994,18,18,18,18,18,18,18,18,18,18
122028,1,1,1994,0,0,0,0,0,0,0,0,0,0
122028,2,1,1994,0,0,0,0,0,0,0,0,0,0
122029,0,1,1994,0,0,0,0,0,0,0,0,0,0
122029,1,1,1994,0,0,3,0,0,0,0,15,0,24
122030,1,1,1994,19,19,19,19,19,19,19,19,19,19
122030,2,1,1994,0,0,0,0,0,0,0,0,23,0
122031,1,1,1994,0,0,0,0,0,0,0,0,0,0
122032,0,1,1994,34,12,0,16,0,0,14,0,11,21
122032,1,1,1994,7,20,4,10,2,12,21,25,10,20
122033,1,1,1994,0,0,0,6,0,0,0,0,0,0
122034,0,1,1994,29,29,29,29,29,29,29,29,29,29
122034,1,1,1994,0,0,0,0,0,0,0,17,0,0
122035,1,1,1994,0,0,0,0,9,0,0,0,0,9
122035,2,1,1994,0,0,19,0,0,0,6,0,3,0
122036,1,1,1994,0,0,0,0,0,0,16,0,10,0
122036,2,1,1994,0,0,0,0,0,0,0,0,0,0
122036,3,1,1994,0,0,0,0,0,0,0,0,0,0
122037,0,1,1994,0,0,0,0,0,0,0,0,0,0
122037,1,1,1994,9,9,9,9,9,9,9,9,9,9
122038,1,1,1994,27,18,0,0,0,0,0,0,0,15
122038,2,1,1994,0,0,0,0,0,0,0,0,0,0
122039,1,1,1994,13,13,13,13,13,13,13,13,13,13
122040,1,1,1994,0,0,0,0,0,0,0,0,0,0
122040,2,1,1994,0,0,0,0,0,0,0,0,0,0
122041,1,1,1994,0,0,0,0,0,0,0,0,0,0
122041,2,1,1994,0,0,13,0,0,0,0,0,0,0
122042,0,1,1994,0,0,0,0,0,0,0,0,0,0
122042,1,1,1994,0,0,0,0,0,0,0,0,0,0
122043,0,1,1994,0,19,0,16,20,0,24,12,27,0
122043,1,1,1994,15,0,10,31,0,0,16,0,20,0
122044,1,1,1994,18,18,18,18,18,18,18,18,18,18
122046,1,1,1994,27,27,27,27,27,27,27,27,27,27
122047,1,1,1994,0,0,0,0,0,0,0,0,0,0
122048,0,1,1994,27,27,27,27,27,27,27,27,27,27
122048,1,1,1994,0,0,0,0,0,0,0,0,0,0
122049,1,1,1994,0,0,0,0,0,0,0,0,0,0
122049,2,1,1994,0,0,0,0,0,18,0,0,0,18
122050,0,1,1994,0,0,11,0,0,0,0,23,0,21
122050,1,1,1994,0,20,19,16,6,7,0,0,18,0
122051,0,1,1994,0,0,0,0,0,0,0,0,0,0
122051,1,1,1994,0,0,0,0,0,0,0,0,0,0
122052,0,1,1994,30,36,0,8,10,16,23,2,30,36
122052,0,2,1994,16,16,16,16,16,16,16,16,16,16
122052,1,1,1994,0,0,10,26,30,0,21,0,0,0
122053,1,1,1994,0,0,0,0,0,0,0,0,0,0
122053,2,1,1994,33,33,33,33,33,33,33,33,33,33
122054,1,1,1994,0,0,18,0,0,0,0,0,0,0
122054,2,1,1994,12,12,12,12,12,12,12,12,12,12
122055,1,1,1994,0,0,0,0,0,0,0,0,0,0
122055,2,1,1994,0,0,0,0,0,0,0,0,0,0
122057,0,1,1994,0,0,0,0,0,0,0,0,0,0
122057,1,1,1994,0,0,0,0,0,0,0,0,0,0
122058,1,1,1994,9,3,0,0,0,0,0,0,0,0
122059,0,1,1994,0,0,0,0,0,0,0,0,0,0
122059,1,1,1994,0,0,14,0,0,22,0,24,0,0
122060,1,1,1994,0,0,0,0,0,0,0,0,0,0
122061,1,1,1994,0,0,0,0,0,0,0,0,0,0
122061,2,1,1994,12,0,0,0,0,0,0,0,0,0
122062,1,1,1994,13,0,0,7,16,15,0,0,0,0
122062,2,1,1994,0,0,0,0,0,0,0,0,0,0
122062,3,1,1994,0,0,0,0,0,0,0,0,0,2
122063,0,1,1994,0,0,0,0,0,0,0,0,0,0
122063,1,1,1994,0,19,0,0,0,0,0,0,0,0
122064,1,1,1994,0,0,0,0,0,0,0,0,0,0
122064,2,1,1994,0,0,0,0,0,0,0,0,0,0
122065,1,1,1994,0,0,0,0,0,0,0,0,0,0
122065,2,1,1994,0,0,0,0,0,0,0,0,0,0
122065,3,1,1994,0,0,0,0,0,0,0,0,0,0
122066,1,1,1994,23,22,11,34,37,19,15,25,15,16
122067,0,1,1994,0,0,0,0,13,0,0,0,0,0
122067,1,1,1994,0,0,0,0,0,0,0,0,0,0
122068,1,1,1994,0,0,0,0,0,0,0,0,0,0
122068,2,1,1994,0,0,0,0,0,0,0,0,0,0
122069,1,1,1994,17,0,24,12,0,0,20,17,0,0
122071,1,1,1994,0,0,0,0,0,0,15,0,0,3
122072,1,1,1994,0,0,0,0,0,0,0,0,0,0
122072,2,1,1994,0,0,0,0,0,0,0,0,0,0
122073,1,1,1994,0,0,0,0,0,0,0,0,0,0
122074,1,1,1994,0,0,0,0,0,0,0,0,0,0
122074,2,1,1994,0,0,0,0,0,0,0,0,0,0
122074,3,1,1994,0,0,0,0,0,15,9,0,0,0
122075,1,1,1994,0,0,0,0,0,0,0,0,0,0
122075,2,1,1994,0,0,0,0,0,0,0,0,0,0
122076,0,1,1994,15,0,0,0,0,0,11,24,0,29
122076,0,2,1994,0,0,0,0,0,0,0,0,0,0
122076,1,1,1994,3,0,0,0,14,0,18,0,0,0
122077,1,1,1994,0,0,0,0,0,0,0,0,0,0
122077,2,1,1994,0,0,0,0,0,0,0,0,0,0
122078,1,1,1994,0,0,0,0,0,0,0,0,0,0
122078,2,1,1994,0,0,0,0,0,0,0,0,0,0
122078,3,1,1994,0,0,0,0,0,0,0,0,0,0
122079,1,1,1994,0,0,0,0,0,0,0,0,0,0
122079,2,1,1994,0,0,0,0,0,0,0,0,0,0
122080,0,1,1994,0,0,0,0,0,0,0,0,0,0
122080,1,1,1994,0,0,2,0,0,0,0,0,0,0
122081,1,1,1994,0,0,0,0,0,0,0,0,0,0
122081,2,1,1994,2,0,0,0,0,0,0,0,0,0
122082,1,1,1994,0,0,0,0,0,0,0,0,0,0
122082,2,1,1994,0,0,0,0,0,0,0,0,0,0
122083,1,1,1994,0,0,0,0,0,0,0,0,0,0
122083,2,1,1994,0,0,0,0,0,26,0,0,0,0
122084,0,1,1994,0,0,0,0,0,0,0,0,0,0
122084,0,2,1994,0,0,0,0,0,0,0,0,0,0
122084,1,1,1994,16,16,16,16,16,16,16,16,16,16
122085,1,1,1994,0,0,0,0,0,0,0,0,0,0
122085,2,1,1994,0,0,0,0,0,0,0,0,0,0
122086,1,1,1994,12,12,12,12,12,12,12,12,12,12
122087,1,1,1994,20,20,20,20,20,20,20,20,20,20
122088,1,1,1994,23,23,23,23,23,23,23,23,23,23
122088,2,1,1994,0,0,0,0,0,0,0,0,0,0
122088,3,1,1994,0,0,0,0,0,0,0,0,0,0
122089,1,1,1994,19,19,19,19,19,19,19,19,19,19
122090,1,1,1994,14,14,14,14,14,14,14,14,14,14
122090,2,1,1994,0,0,0,0,0,0,0,0,0,0
122091,1,1,1994,0,0,0,0,0,0,0,0,0,0
122091,2,1,1994,0,0,0,0,0,0,0,0,0,0
122092,1,1,1994,17,17,17,17,17,17,17,17,17,17
122092,2,1,1994,0,0,0,0,0,0,0,0,0,0
122093,0,1,1994,28,28,28,28,28,28,28,28,28,28
122093,1,1,1994,0,0,0,0,0,0,0,0,0,0
122094,1,1,1994,0,0,0,0,11,0,15,0,0,0
122094,2,1,1994,3,3,3,3,3,3,3,3,3,3
122096,1,1,1994,0,0,0,0,0,0,0,0,0,0
122096,2,1,1994,0,0,0,0,0,0,0,0,0,0