ST_CASE,VEH_NO,PER_NO,YEAR,P1,P2,P3,P4,P5,P6,P7,P8,P9,P10
122349,3,1,1994,0,0,0,0,0,0,0,0,0,0
122350,0,1,1994,0,0,0,0,0,0,0,0,0,0
122350,1,1,1994,0,0,0,0,0,0,0,0,0,0
122351,1,1,1994,0,0,0,0,0,0,0,0,0,0
122351,2,1,1994,0,0,0,0,0,0,0,0,0,0
122351,3,1,1994,0,0,0,0,0,0,0,0,0,0
122351,4,1,1994,0,0,0,0,0,0,0,0,0,0
122352,1,1,1994,0,0,0,0,0,0,0,0,0,0
122352,2,1,1994,0,0,0,0,0,0,0,0,0,0
122353,1,1,1994,0,0,0,0,14,0,20,0,0,0
122354,1,1,1994,11,11,11,11,11,11,11,11,11,11
122355,0,1,1994,0,0,0,0,0,0,0,0,0,0
122355,1,1,1994,21,21,21,21,21,21,21,21,21,21
122356,1,1,1994,0,0,0,0,0,0,0,0,0,0
122356,2,1,1994,0,0,0,0,0,0,0,0,0,0
122357,1,1,1994,21,21,21,21,21,21,21,21,21,21
122358,0,1,1994,26,26,26,26,26,26,26,26,26,26
122358,1,1,1994,0,0,0,0,0,0,0,0,30,0
122359,1,1,1994,25,25,25,25,25,25,25,25,25,25
122360,0,1,1994,0,0,0,0,0,0,0,0,0,0
122360,1,1,1994,0,0,0,12,0,0,0,0,0,0
122361,0,1,1994,18,24,0,14,8,7,0,0,26,23
122361,1,1,1994,0,0,0,0,0,0,0,0,0,0
122362,1,1,1994,0,0,0,21,0,8,24,5,0,0
122362,2,1,1994,0,0,0,0,0,0,0,0,0,0
122363,1,1,1994,0,0,0,0,0,0,0,0,0,0
122363,2,1,1994,0,0,0,0,0,0,0,0,0,0
122364,0,1,1994,8,8,8,8,8,8,8,8,8,8
122364,1,1,1994,0,0,0,0,0,0,0,0,0,0
122365,0,1,1994,0,0,0,0,0,0,0,0,0,0
122365,1,1,1994,0,0,0,25,0,0,0,0,0,0
122366,1,1,1994,0,0,0,0,0,0,0,0,0,0
122366,2,1,1994,0,0,0,0,0,0,0,0,0,0
122367,0,1,1994,0,0,0,0,0,0,0,0,0,0
122367,1,1,1994,0,0,0,0,0,0,0,0,0,0
122368,0,1,1994,25,25,25,25,25,25,25,25,25,25
122368,1,1,1994,0,0,0,0,0,0,0,0,0,4
122369,1,1,1994,23,0,13,16,0,7,0,9,12,15
122370,1,1,1994,0,0,0,0,0,0,0,0,0,0
122370,2,1,1994,0,0,0,0,0,0,0,0,0,0
122370,3,1,1994,0,0,0,0,0,0,0,0,0,0
122370,4,1,1994,0,0,0,0,0,0,0,0,0,0
122370,5,1,1994,0,0,0,0,0,0,0,0,0,0
122370,6,1,1994,0,0,0,0,0,0,0,0,0,0
122370,7,1,1994,0,0,0,0,0,0,0,0,0,0
122371,1,1,1994,17,17,17,17,17,17,17,17,17,17
122371,2,1,1994,0,0,0,0,0,0,0,16,0,0
122372,0,1,1994,0,0,0,0,0,0,0,0,0,41
122372,1,1,1994,0,0,0,0,0,0,0,0,0,0
122373,1,1,1994,0,0,0,0,0,0,0,0,0,0
122373,2,1,1994,0,0,0,0,0,0,0,0,4,0
122374,1,1,1994,0,0,0,0,0,0,0,0,0,0
122374,2,1,1994,0,0,0,0,0,0,0,0,0,0
122375,1,1,1994,0,0,0,0,0,0,0,0,0,0
122376,1,1,1994,19,0,0,0,0,0,0,0,25,0
122376,2,1,1994,0,0,0,0,0,0,0,0,0,0
122377,1,1,1994,0,0,0,0,0,0,0,0,0,16
122377,2,1,1994,0,0,0,0,0,0,0,0,0,0
122378,1,1,1994,0,0,0,0,0,0,0,0,0,0
122378,2,1,1994,0,0,0,0,0,0,0,0,0,0
122379,1,1,1994,0,0,0,0,0,0,0,0,0,0
122379,2,1,1994,0,0,0,0,0,0,0,0,0,0
122380,1,1,1994,0,0,0,0,0,0,0,0,0,0
122380,2,1,1994,0,0,0,0,0,0,0,0,0,0
122381,1,1,1994,0,0,0,0,0,0,0,0,0,0
122381,2,1,1994,0,0,0,0,0,0,0,0,0,0
122382,0,1,1994,0,26,0,0,0,0,0,11,0,9
122382,1,1,1994,21,0,0,0,0,0,0,15,0,0
122383,0,1,1994,12,12,25,35,25,18,0,21,9,0
122384,1,1,1994,0,0,0,0,0,0,0,0,0,0
122384,2,1,1994,0,0,0,11,0,0,0,0,0,0
122385,0,1,1994,0,0,0,0,0,0,0,0,0,0
122385,1,1,1994,0,0,0,0,0,0,0,0,0,0
122387,0,1,1994,0,0,0,0,0,0,0,0,0,0
122387,1,1,1994,0,0,0,0,0,0,0,11,0,0
122388,1,1,1994,34,34,34,34,34,34,34,34,34,34
122389,0,1,1994,0,0,0,0,0,0,0,0,0,0
122389,1,1,1994,5,0,0,0,0,0,0,0,0,0
122390,1,1,1994,0,0,0,0,0,0,0,0,0,0
122391,0,1,1994,0,0,0,0,0,0,0,0,0,0
122391,1,1,1994,0,0,0,0,0,0,0,0,0,0
122392,1,1,1994,0,0,0,0,0,0,0,0,0,0
122393,0,1,1994,0,0,0,0,0,0,0,0,0,0
122393,1,1,1994,0,0,0,0,0,0,0,0,0,0
122394,1,1,1994,0,0,0,24,0,0,0,0,0,11
122395,0,1,1994,0,10,11,21,16,0,0,0,27,22
122395,1,1,1994,0,0,22,0,25,0,0,0,0,0
122395,2,1,1994,0,0,0,0,0,0,0,0,0,0
122396,0,1,1994,0,0,0,0,0,0,0,0,0,0
122396,1,1,1994,0,0,0,12,0,0,0,0,0,0
122397,1,1,1994,0,0,0,0,0,0,0,0,0,0
122397,2,1,1994,0,0,0,6,0,0,0,0,0,0
122398,0,1,1994,27,27,27,27,27,27,27,27,27,27
122398,1,1,1994,0,0,8,0,0,0,0,0,0,0
122399,0,1,1994,0,0,0,0,0,0,0,0,0,0
122399,1,1,1994,0,0,0,0,0,0,0,0,19,0
122400,1,1,1994,0,0,0,0,0,0,0,0,0,0
122401,1,1,1994,0,6,6,9,0,21,0,0,10,19
122402,0,1,1994,0,0,0,0,0,0,0,0,0,0
122402,1,1,1994,0,0,0,0,0,0,0,0,0,0
122403,1,1,1994,0,5,0,0,18,0,0,0,4,0
122404,0,1,1994,0,0,0,0,0,0,12,0,0,0
122404,1,1,1994,0,0,25,0,0,0,0,0,0,0
122405,1,1,1994,0,0,0,0,0,0,0,0,0,0
122405,2,1,1994,0,0,0,0,0,0,0,0,0,0
122405,3,1,1994,0,0,8,0,0,0,0,0,0,0
122406,1,1,1994,6,0,20,25,18,0,10,7,5,0
122406,2,1,1994,0,0,0,0,5,0,0,0,0,0
122407,1,1,1994,0,0,0,0,0,0,0,0,0,0
122407,2,1,1994,0,0,0,0,0,0,0,0,16,0
122408,0,1,1994,0,0,0,0,4,0,0,0,0,0
122408,1,1,1994,0,0,0,0,0,0,0,0,0,0
122409,0,1,1994,0,0,0,0,0,0,0,0,0,0
122409,1,1,1994,0,0,0,0,0,0,0,0,0,0
122410,1,1,1994,0,0,0,0,0,0,0,0,0,0
122410,2,1,1994,12,0,0,0,0,0,0,0,0,0
122411,0,1,1994,0,0,20,0,0,0,0,0,0,0
122411,1,1,1994,0,0,0,0,0,0,0,0,0,0
122412,1,1,1994,32,0,11,13,29,18,0,0,17,17
122413,0,1,1994,0,0,0,0,6,0,0,0,0,15
122413,1,1,1994,0,0,0,0,0,0,0,0,5,0
122414,1,1,1994,0,0,0,0,0,0,0,0,0,0
122414,2,1,1994,0,0,0,0,0,0,0,0,0,0
122415,0,1,1994,0,0,0,0,0,0,0,0,0,0
122415,1,1,1994,0,0,0,0,12,0,8,0,0,0
122416,0,1,1994,0,0,0,0,0,0,0,0,0,0
122416,1,1,1994,0,0,0,0,0,0,0,0,0,0
122417,1,1,1994,21,9,6,20,13,33,11,21,24,34
122418,0,1,1994,18,0,0,0,13,13,0,13,0,0
122418,1,1,1994,16,0,0,7,7,0,8,0,0,20
122419,1,1,1994,0,0,0,0,0,0,0,0,0,0
122419,2,1,1994,0,0,0,0,0,0,0,0,0,0
122420,0,1,1994,0,0,0,0,0,0,0,0,0,0
122420,1,1,1994,0,0,0,0,0,0,0,0,0,0
122421,1,1,1994,0,0,0,0,0,0,0,0,0,0
122421,2,1,1994,0,0,0,0,0,0,0,0,0,0
122422,1,1,1994,0,0,0,0,28,0,0,0,17,0
122422,2,1,1994,0,0,0,0,0,0,0,0,0,0
122423,1,1,1994,0,0,0,0,0,0,0,0,0,0
122423,2,1,1994,0,0,0,0,0,0,0,0,0,0
122423,3,1,1994,0,0,15,0,0,0,0,0,0,0
122424,1,1,1994,28,28,28,28,28,28,28,28,28,28
122425,0,1,1994,0,0,0,0,0,0,0,0,0,0
122425,1,1,1994,0,0,0,0,0,0,0,0,0,0
122426,1,1,1994,0,0,0,0,0,0,0,0,0,0
122426,2,1,1994,0,0,0,0,0,0,0,0,0,6
122426,3,1,1994,0,0,0,0,0,0,0,0,0,0
122427,1,1,1994,0,0,0,0,0,0,0,0,0,0
122427,2,1,1994,0,0,0,0,0,0,12,0,0,0
122428,1,1,1994,0,0,17,0,7,7,20,0,0,0
122428,2,1,1994,5,0,0,0,0,0,0,0,0,0
122429,1,1,1994,25,25,25,25,25,25,25,25,25,25
122429,2,1,1994,1,1,1,1,1,1,1,1,1,1
122430,0,1,1994,7,26,34,14,21,51,8,14,0,27
122430,1,1,1994,0,0,0,0,0,0,0,0,0,0
122431,0,1,1994,0,10,0,0,0,0,0,0,0,0
122431,1,1,1994,0,0,0,0,0,0,0,0,0,0
122432,1,1,1994,0,5,2,0,0,0,0,9,0,17
122433,1,1,1994,0,0,0,0,0,0,0,0,0,0
122433,2,1,1994,0,0,0,0,0,0,0,0,0,0
122434,0,1,1994,0,0,0,0,0,0,0,0,0,0
122434,1,1,1994,0,0,0,0,0,0,0,0,0,0
122435,0,1,1994,25,0,0,0,16,0,0,23,0,0
122435,1,1,1994,22,0,0,0,0,0,0,0,0,0
122436,1,1,1994,12,14,24,13,9,13,2,14,14,10
122437,1,1,1994,0,0,0,0,0,0,0,0,0,10
122437,2,1,1994,0,0,0,0,0,0,0,0,0,0
122438,1,1,1994,0,0,0,0,0,0,0,0,0,0
122438,2,1,1994,0,0,0,0,0,0,0,0,0,0
122439,1,1,1994,14,0,0,0,0,0,0,0,0,0
122440,1,1,1994,13,0,0,0,0,0,0,0,0,0
122440,2,1,1994,0,0,0,0,0,0,0,0,0,0
122441,1,1,1994,18,0,3,14,0,19,15,17,23,0
122441,2,1,1994,10,18,15,0,6,0,0,0,0,0
122442,0,1,1994,26,26,26,26,26,26,26,26,26,26
122442,1,1,1994,0,0,0,0,0,0,0,0,0,0
122442,2,1,1994,0,0,0,2,0,0,0,0,0,0
122443,0,1,1994,0,0,0,0,0,0,0,0,0,0
122443,1,1,1994,0,0,0,0,0,0,0,0,0,0
122444,0,1,1994,23,15,0,0,0,0,0,0,0,0
122444,1,1,1994,0,0,0,0,14,0,0,0,0,0
122445,1,1,1994,0,0,0,0,0,0,0,0,0,0
122446,1,1,1994,0,15,0,0,0,0,0,4,14,0
122446,2,1,1994,12,13,0,0,19,12,4,6,24,14
122447,0,1,1994,0,0,0,15,0,0,0,0,0,0
122447,1,1,1994,11,0,0,0,0,0,0,0,0,0
122448,1,1,1994,0,0,0,0,0,0,0,0,0,0
122448,2,1,1994,0,0,0,0,0,0,0,0,0,0
122448,3,1,1994,0,0,0,0,0,0,0,5,0,0
122449,1,1,1994,19,15,27,0,26,0,13,0,6,17
122450,0,1,1994,24,18,0,0,20,0,0,29,36,19
122450,1,1,1994,0,0,0,0,0,0,0,0,0,0
122451,1,1,1994,0,23,0,8,19,0,0,0,9,0
122451,2,1,1994,0,0,0,0,0,0,0,0,0,0
122452,1,1,1994,19,12,15,31,16,5,21,11,12,19
122452,2,1,1994,0,0,0,0,0,12,0,0,0,0
122452,3,1,1994,0,0,0,0,0,0,0,0,0,0
122453,1,1,1994,0,0,0,0,0,0,0,0,0,0
122453,2,1,1994,0,0,0,0,0,0,0,0,0,0
122454,0,1,1994,33,33,33,33,33,33,33,33,33,33
122454,1,1,1994,12,12,12,12,12,12,12,12,12,12
122455,1,1,1994,20,16,0,21,17,12,0,13,0,9
122455,2,1,1994,0,0,7,11,0,11,0,11,0,9
122456,1,1,1994,0,0,0,0,0,0,0,0,0,0
122456,2,1,1994,0,0,0,0,0,0,0,0,0,0
122457,1,1,1994,0,0,0,0,0,0,0,0,0,0
122458,1,1,1994,8,8,8,8,8,8,8,8,8,8
122459,1,1,1994,0,0,0,0,0,0,0,0,0,0
122459,2,1,1994,0,0,0,0,0,0,0,0,0,0
122459,3,1,1994,3,0,0,4,17,7,0,0,10,0
122460,0,1,1994,0,0,0,0,0,0,0,0,0,0
122460,1,1,1994,0,0,0,4,0,0,0,0,0,0
122461,1,1,1994,0,0,0,0,0,0,0,0,0,0
122461,2,1,1994,0,0,0,0,0,0,0,0,0,0
122461,3,1,1994,0,0,0,0,0,0,0,0,0,0
122462,0,1,1994,0,18,26,0,21,18,0,30,9,37
122462,1,1,1994,0,4,0,0,0,0,18,0,7,23
122463,1,1,1994,0,0,0,0,0,0,0,0,0,0
122463,2,1,1994,0,0,0,0,0,0,0,0,0,0
122464,1,1,1994,28,28,28,28,28,28,28,28,28,28
122467,0,1,1994,18,18,18,18,18,18,18,18,18,18
122467,1,1,1994,0,20,0,0,11,0,13,0,0,0
122468,0,1,1994,0,0,0,0,0,0,0,0,0,0
122468,1,1,1994,0,0,0,0,0,0,0,0,0,0
122469,0,1,1994,19,19,19,19,19,19,19,19,19,19
122469,1,1,1994,10,0,0,21,17,21,4,22,26,23
130001,1,1,1994,0,0,0,0,0,0,0,0,0,0
130001,2,1,1994,14,14,14,14,14,14,14,14,14,14
130002,1,1,1994,0,0,0,0,0,0,0,0,0,0
130003,0,1,1994,0,20,30,21,9,0,0,0,6,0
130003,1,1,1994,0,0,0,12,0,0,9,0,0,21
130004,0,1,1994,33,33,33,33,33,33,33,33,33,33
130004,1,1,1994,0,0,0,0,0,0,0,0,0,0
130005,1,1,1994,28,28,28,28,28,28,28,28,28,28
130006,1,1,1994,0,0,0,0,0,0,0,0,0,0
130007,1,1,1994,15,15,15,15,15,15,15,15,15,15
130008,1,1,1994,0,0,0,0,0,0,0,0,0,0
130008,2,1,1994,0,0,0,0,0,0,0,0,0,0
130009,2,1,1994,0,0,0,0,0,0,0,0,0,0
130010,1,1,1994,15,15,15,15,15,15,15,15,15,15
130011,1,1,1994,21,21,21,21,21,21,21,21,21,21
130012,1,1,1994,0,0,0,0,0,0,0,0,0,0
130013,0,1,1994,27,27,27,27,27,27,27,27,27,27
130013,1,1,1994,27,27,27,27,27,27,27,27,27,27
130014,1,1,1994,0,0,0,0,0,0,0,0,0,0
130014,2,1,1994,0,0,0,0,0,0,0,0,0,0
130014,3,1,1994,0,0,0,0,0,0,0,0,0,0
130015,1,1,1994,20,20,20,20,20,20,20,20,20,20
130016,1,1,1994,19,0,3,0,0,0,18,0,11,15
130016,2,1,1994,7,0,0,0,0,0,0,0,12,0
130017,1,1,1994,5,18,21,36,47,10,25,0,15,0
130018,1,1,1994,0,17,11,23,15,19,29,0,0,0
130019,1,1,1994,0,0,0,0,0,0,0,0,0,0
130020,1,1,1994,0,0,0,0,0,0,0,0,0,0
130020,2,1,1994,0,0,0,0,0,0,0,0,0,0
130021,1,1,1994,0,0,0,0,0,0,0,0,0,0
130022,1,1,1994,0,13,0,0,6,0,0,0,14,0
130023,1,1,1994,0,0,0,0,0,0,0,0,0,0
130023,2,1,1994,0,0,0,0,0,0,0,0,0,0
130024,1,1,1994,27,27,27,27,27,27,27,27,27,27
130024,2,1,1994,0,0,0,0,0,0,0,0,0,0
130025,1,1,1994,15,0,0,0,0,0,0,13,0,5
130026,1,1,1994,0,0,0,0,0,0,0,0,0,0
130027,1,1,1994,0,0,0,0,0,0,0,0,0,0
130027,2,1,1994,0,0,0,0,0,0,0,0,16,0
130028,1,1,1994,20,20,20,20,20,20,20,20,20,20
130029,1,1,1994,20,20,20,20,20,20,20,20,20,20
130030,1,1,1994,0,0,0,0,0,0,0,0,0,0
130030,2,1,1994,4,0,0,0,0,0,0,16,0,0
130031,1,1,1994,0,0,0,0,0,0,0,0,0,0
130032,1,1,1994,0,0,0,0,0,0,0,0,0,0
130032,2,1,1994,0,0,0,0,0,0,0,0,0,0
130033,1,1,1994,0,0,0,8,0,0,27,0,0,0
130034,1,1,1994,0,0,0,0,18,0,0,0,0,0
130035,1,1,1994,0,0,0,0,0,0,0,0,0,0
130036,1,1,1994,16,16,16,16,16,16,16,16,16,16
130037,1,1,1994,0,0,0,0,0,0,0,0,0,0
130037,2,1,1994,0,0,0,0,0,0,0,0,0,0
130037,3,1,1994,0,0,0,0,0,0,0,0,0,0
130037,4,1,1994,0,0,0,0,0,0,0,0,0,0
130038,1,1,1994,28,28,28,28,28,28,28,28,28,28
130039,1,1,1994,0,0,0,0,0,0,0,0,0,0
130040,1,1,1994,0,0,0,0,0,0,0,0,0,0
130041,1,1,1994,0,0,0,0,0,0,0,0,0,0
130041,2,1,1994,0,0,0,0,0,0,0,0,0,0
130042,1,1,1994,18,22,17,0,19,22,24,17,19,0
130043,0,1,1994,40,40,40,40,40,40,40,40,40,40
130043,1,1,1994,0,0,0,0,24,0,0,0,0,0
130044,1,1,1994,16,16,16,16,16,16,16,16,16,16
130045,1,1,1994,0,0,0,0,0,0,0,0,0,0
130045,2,1,1994,0,0,0,0,0,0,0,0,0,0
130046,1,1,1994,27,27,27,27,27,27,27,27,27,27
130047,1,1,1994,0,0,0,0,0,6,0,0,0,0
130047,2,1,1994,28,28,28,28,28,28,28,28,28,28
130048,1,1,1994,16,11,7,0,0,0,6,23,25,20
130049,0,1,1994,4,4,4,4,4,4,4,4,4,4
130049,1,1,1994,4,4,4,4,4,4,4,4,4,4
130050,1,1,1994,12,12,12,12,12,12,12,12,12,12
130050,2,1,1994,0,0,0,0,0,0,0,0,0,0
130051,0,1,1994,0,0,0,0,0,0,0,0,0,0
130051,0,2,1994,0,0,0,0,0,0,0,0,0,0
130051,0,3,1994,0,0,0,0,0,0,0,0,0,0
130051,0,4,1994,0,0,0,0,0,0,0,0,0,0
130051,0,5,1994,0,0,0,0,0,0,0,0,0,0
130051,1,1,1994,17,17,17,17,17,17,17,17,17,17
130052,1,1,1994,0,0,0,0,0,0,0,0,0,0
130052,2,1,1994,0,0,0,0,0,0,0,0,0,0
130053,1,1,1994,0,0,0,0,0,0,0,0,0,0
130053,2,1,1994,2,2,2,2,2,2,2,2,2,2
130053,3,1,1994,0,0,0,0,0,0,0,0,0,0
130054,1,1,1994,0,0,0,0,0,0,0,0,0,0
130054,2,1,1994,0,0,0,0,0,0,0,0,0,0
130055,1,1,1994,4,4,4,4,4,4,4,4,4,4
130056,1,1,1994,0,0,0,0,0,0,4,0,0,0
130057,1,1,1994,0,0,0,0,0,0,0,0,0,0
130057,2,1,1994,0,0,0,0,0,0,0,0,0,0
130058,1,1,1994,0,0,0,0,0,0,0,0,0,0
130058,2,1,1994,0,0,0,0,0,0,0,0,0,0
130059,1,1,1994,0,0,0,0,0,0,0,0,0,0
130059,2,1,1994,0,0,0,0,0,0,0,0,0,0
130060,1,1,1994,0,0,0,0,0,0,0,0,0,0
130060,2,1,1994,0,0,0,0,0,0,0,0,0,0
130061,0,1,1994,0,0,0,0,0,0,0,0,0,0
130061,1,1,1994,0,0,0,0,0,0,0,0,0,0
130061,2,1,1994,0,0,0,0,0,0,0,0,0,0
130062,1,1,1994,0,0,0,0,0,0,0,0,0,0
130062,2,1,1994,0,0,0,0,0,0,0,0,0,0
130063,1,1,1994,18,18,18,18,18,18,18,18,18,18
130064,1,1,1994,19,19,19,19,19,19,19,19,19,19
130064,2,1,1994,0,0,0,0,0,0,0,0,0,0
130065,1,1,1994,13,13,13,13,13,13,13,13,13,13
130066,1,1,1994,17,17,17,17,17,17,17,17,17,17
130067,1,1,1994,15,15,15,15,15,15,15,15,15,15
130068,1,1,1994,2,2,2,2,2,2,2,2,2,2
130069,1,1,1994,0,0,0,0,0,0,0,0,0,0
130069,2,1,1994,0,0,0,0,0,0,0,0,0,0
130070,1,1,1994,0,0,0,0,0,0,0,0,0,0
130070,2,1,1994,0,0,0,0,0,0,0,0,0,0
130071,1,1,1994,0,0,0,0,0,0,0,0,0,0
130072,1,1,1994,26,26,26,26,26,26,26,26,26,26
130073,1,1,1994,0,0,0,0,0,0,0,0,0,0
130073,2,1,1994,0,0,0,0,0,0,0,0,0,0
130073,3,1,1994,5,5,5,5,5,5,5,5,5,5
130074,1,1,1994,0,0,0,0,0,0,0,0,0,0
130074,2,1,1994,0,0,0,0,0,0,0,0,0,0
130075,1,1,1994,0,0,0,0,0,0,0,0,0,0
130075,2,1,1994,0,0,0,0,0,0,0,0,0,0
130076,1,1,1994,0,0,0,0,0,0,0,0,0,0
130077,0,1,1994,0,0,0,0,0,0,0,0,0,0
130077,0,2,1994,32,0,3,0,14,17,0,20,0,23
130077,1,1,1994,0,0,0,14,0,0,0,0,0,0
130078,0,1,1994,23,14,10,13,0,22,23,17,0,0
130078,1,1,1994,0,0,0,0,0,0,0,0,0,0
130079,1,1,1994,0,0,0,0,0,0,0,0,0,0
130079,2,1,1994,0,0,0,0,0,0,0,8,0,0
130080,1,1,1994,0,0,0,0,0,0,0,0,0,0
130081,1,1,1994,11,11,11,11,11,11,11,11,11,11
130082,1,1,1994,0,0,0,0,0,0,0,0,0,0
130083,1,1,1994,0,0,0,0,0,0,0,0,0,0
130084,1,1,1994,0,0,0,0,0,0,0,0,0,0
130084,2,1,1994,0,0,0,0,0,0,0,0,0,0
130085,1,1,1994,0,0,0,0,0,0,0,0,0,0
130086,0,1,1994,0,0,0,0,0,0,0,0,0,0
130086,1,1,1994,0,0,0,0,0,0,0,0,0,0
130087,1,1,1994,23,23,23,23,23,23,23,23,23,23
130088,1,1,1994,28,28,28,28,28,28,28,28,28,28
130088,2,1,1994,0,25,18,0,0,0,0,0,17,12
130089,1,1,1994,0,0,0,0,0,0,0,0,0,0
130089,2,1,1994,0,0,0,0,0,0,0,0,0,0
130090,0,1,1994,0,0,17,0,17,34,46,18,0,0
130090,1,1,1994,0,0,0,19,0,0,0,0,0,0
130091,1,1,1994,22,22,22,22,22,22,22,22,22,22
130091,2,1,1994,0,0,0,0,0,0,0,0,0,0
130091,3,1,1994,0,0,0,0,0,0,0,0,0,0
130092,1,1,1994,23,20,19,10,9,21,31,13,13,19
130093,1,1,1994,0,0,0,0,0,0,0,0,0,0
130094,1,1,1994,0,0,0,0,0,0,0,0,0,0
130094,2,1,1994,0,0,0,0,0,0,0,0,0,0
130095,1,1,1994,12,12,12,12,12,12,12,12,12,12
130096,1,1,1994,43,43,43,43,43,43,43,43,43,43
130097,1,1,1994,0,0,0,0,0,0,0,0,0,0
130097,2,1,1994,0,0,0,0,0,0,0,0,0,0
130098,0,1,1994,0,0,0,0,0,0,0,0,0,0
130098,1,1,1994,0,0,0,12,0,0,0,8,0,0
130098,2,1,1994,0,0,0,0,0,0,0,0,0,0
130099,0,1,1994,28,0,29,0,32,0,0,15,16,19
130099,1,1,1994,0,0,0,0,0,0,0,0,0,0
130100,1,1,1994,0,0,0,0,0,0,0,0,0,0
130101,1,1,1994,0,0,0,0,0,0,0,0,0,0
130101,2,1,1994,0,0,0,0,0,0,0,0,0,0
130102,1,1,1994,23,23,23,23,23,23,23,23,23,23
130103,1,1,1994,0,0,0,0,0,0,0,0,0,0
130103,2,1,1994,0,0,0,0,0,0,0,0,0,0
130104,1,1,1994,11,11,11,11,11,11,11,11,11,11
130105,0,1,1994,0,0,0,0,0,0,0,0,0,0
130105,1,1,1994,0,0,0,0,0,0,0,0,0,0
130106,1,1,1994,15,15,15,15,15,15,15,15,15,15
130106,2,1,1994,0,0,0,0,0,0,0,0,0,0
130107,1,1,1994,6,6,6,6,6,6,6,6,6,6
130108,1,1,1994,0,0,0,0,0,0,0,0,0,0
130109,1,1,1994,0,0,0,0,0,0,0,0,0,0
130109,2,1,1994,0,0,0,0,0,0,0,0,0,0
130110,1,1,1994,0,0,0,0,0,0,0,0,0,0
130110,2,1,1994,0,0,0,0,0,0,0,0,0,0
130111,1,1,1994,13,13,13,13,13,13,13,13,13,13
130112,1,1,1994,0,0,0,0,0,0,0,0,0,0
130112,2,1,1994,0,0,0,0,0,0,0,0,0,0
130113,1,1,1994,0,0,0,0,0,0,0,0,0,0
130113,2,1,1994,0,0,0,0,0,0,0,0,0,8
130114,1,1,1994,0,0,0,0,0,0,0,0,0,0
130114,2,1,1994,0,0,0,0,0,0,0,0,0,0
130115,1,1,1994,0,0,0,0,0,0,0,0,0,0
130115,2,1,1994,0,0,0,0,0,0,0,0,0,0
130115,3,1,1994,0,0,0,0,0,0,0,0,0,0
130116,1,1,1994,0,0,0,0,0,0,18,0,0,0
130116,2,1,1994,0,0,0,0,0,0,0,0,0,0
130117,1,1,1994,24,24,24,24,24,24,24,24,24,24
130118,1,1,1994,30,30,30,30,30,30,30,30,30,30
130118,2,1,1994,0,0,0,0,0,0,0,0,0,0
130119,1,1,1994,0,0,0,0,0,0,0,0,0,0
130119,2,1,1994,0,0,0,0,0,0,0,0,0,0
130120,1,1,1994,22,22,22,22,22,22,22,22,22,22
130121,1,1,1994,0,0,0,0,0,0,0,0,0,0
130121,2,1,1994,0,0,0,0,0,0,0,0,0,0
130122,1,1,1994,0,0,0,0,0,0,0,0,0,0
130123,1,1,1994,0,0,0,0,0,0,0,0,0,0
130123,2,1,1994,0,0,0,0,0,0,0,0,0,0
130124,1,1,1994,0,0,0,0,0,0,0,0,0,0
130125,1,1,1994,0,0,0,0,0,0,0,0,0,0
130125,2,1,1994,0,0,0,0,0,0,0,0,0,0
130126,1,1,1994,4,4,4,4,4,4,4,4,4,4
130127,1,1,1994,0,0,0,0,0,0,0,0,0,0
130128,1,1,1994,0,0,0,0,0,0,0,0,0,0
130128,2,1,1994,0,0,0,0,0,0,0,0,0,0
130129,1,1,1994,0,0,0,0,0,0,0,0,0,0
130130,1,1,1994,0,0,0,0,0,0,0,0,0,0
130130,2,1,1994,0,0,0,0,0,0,0,0,0,0
130131,0,1,1994,30,30,30,30,30,30,30,30,30,30
130131,1,1,1994,0,0,0,15,14,0,33,10,0,4
130132,1,1,1994,0,0,0,0,0,0,0,0,0,0
130133,1,1,1994,0,0,0,0,24,0,12,0,0,12
130134,1,1,1994,0,0,0,0,0,0,0,0,0,0
130134,2,1,1994,0,0,0,0,0,0,0,0,0,0
130135,1,1,1994,0,0,0,0,0,0,0,0,0,0
130135,2,1,1994,0,0,0,0,0,0,0,0,0,0
130136,0,1,1994,4,0,0,0,17,0,0,43,0,18
130136,1,1,1994,0,8,0,0,0,0,0,0,0,0
130137,0,1,1994,22,22,22,22,22,22,22,22,22,22
130137,1,1,1994,0,0,0,0,0,0,0,0,0,0
130138,1,1,1994,0,0,0,0,0,0,0,0,0,0
130138,2,1,1994,0,0,0,0,0,0,0,0,0,0
130139,1,1,1994,0,0,0,0,0,0,0,0,0,0
130139,2,1,1994,0,0,0,0,0,0,0,0,0,0
130139,3,1,1994,0,0,0,0,0,0,0,0,0,0
130140,1,1,1994,0,0,0,0,0,0,0,0,0,0
130140,2,1,1994,0,0,0,0,0,0,0,0,0,0
130141,1,1,1994,0,0,0,0,0,0,0,0,0,0
130141,2,1,1994,3,3,3,3,3,3,3,3,3,3
130142,0,1,1994,0,0,0,0,0,0,0,0,0,0
130142,1,1,1994,0,0,0,0,0,0,0,0,0,0
130143,1,1,1994,9,9,9,9,9,9,9,9,9,9
130144,1,1,1994,18,18,18,18,18,18,18,18,18,18
130144,2,1,1994,0,0,0,0,0,0,0,0,0,0