ST_CASE,VEH_NO,PER_NO,YEAR,P1,P2,P3,P4,P5,P6,P7,P8,P9,P10
130145,1,1,1994,0,0,0,0,0,0,0,0,0,0
130145,2,1,1994,0,0,0,0,0,0,0,0,0,0
130146,1,1,1994,0,14,0,0,0,0,15,0,0,0
130146,2,1,1994,0,0,0,0,0,0,0,0,0,0
130147,1,1,1994,0,0,0,0,0,0,0,0,0,0
130148,1,1,1994,2,2,2,2,2,2,2,2,2,2
130149,1,1,1994,6,6,6,6,6,6,6,6,6,6
130149,2,1,1994,0,0,0,0,0,0,0,0,0,0
130150,1,1,1994,14,14,14,14,14,14,14,14,14,14
130151,1,1,1994,2,2,2,2,2,2,2,2,2,2
130152,1,1,1994,0,0,0,0,0,0,0,0,0,0
130152,2,1,1994,0,0,0,0,0,0,0,0,0,0
130152,3,1,1994,0,0,0,0,0,0,0,0,0,0
130153,1,1,1994,0,0,0,0,0,0,0,0,0,0
130153,2,1,1994,0,0,0,0,0,0,0,0,0,0
130154,1,1,1994,0,0,0,0,0,0,0,0,0,0
130154,2,1,1994,0,0,0,0,0,0,0,0,0,0
130155,1,1,1994,0,0,0,0,0,0,0,0,0,0
130155,2,1,1994,0,0,0,0,0,0,0,0,0,0
130156,1,1,1994,2,2,2,2,2,2,2,2,2,2
130156,2,1,1994,0,0,0,0,0,0,0,0,0,0
130157,1,1,1994,0,0,0,0,0,0,0,0,0,0
130158,1,1,1994,0,0,0,0,0,0,0,0,0,0
130158,2,1,1994,0,0,0,0,0,0,0,0,0,0
130158,3,1,1994,0,0,0,0,0,0,0,0,0,0
130159,1,1,1994,0,0,0,0,0,0,0,0,0,0
130159,2,1,1994,0,9,0,0,0,0,0,0,0,0
130159,3,1,1994,0,0,0,0,0,0,0,12,0,0
130159,4,1,1994,0,0,0,0,0,0,0,0,0,0
130160,1,1,1994,0,0,0,0,0,0,0,0,0,0
130160,2,1,1994,0,0,0,0,0,0,0,0,0,0
130161,0,1,1994,0,0,0,0,0,0,0,0,0,0
130161,0,2,1994,0,0,0,0,0,0,0,0,0,0
130161,1,1,1994,0,0,0,0,0,0,0,0,0,0
130162,1,1,1994,0,0,0,0,0,0,0,0,0,0
130162,2,1,1994,0,0,0,0,0,0,0,0,0,0
130163,1,1,1994,0,0,0,0,0,0,0,0,0,0
130164,0,1,1994,17,27,6,20,34,25,21,12,20,14
130164,1,1,1994,0,0,0,0,0,0,0,0,0,0
130165,1,1,1994,22,22,22,22,22,22,22,22,22,22
130166,1,1,1994,0,0,0,0,0,0,0,0,0,0
130167,1,1,1994,0,0,0,0,12,0,0,0,0,0
130167,2,1,1994,0,0,0,0,0,0,0,0,0,0
130168,1,1,1994,0,0,0,0,0,0,0,0,0,0
130168,2,1,1994,0,0,0,0,0,0,0,0,0,0
130169,1,1,1994,0,0,0,0,0,0,0,0,0,0
130169,2,1,1994,0,0,0,0,0,0,0,0,0,0
130170,0,1,1994,0,0,0,0,0,0,0,0,0,0
130170,0,2,1994,21,0,15,0,10,9,35,22,19,20
130170,2,1,1994,0,0,0,0,0,0,0,0,0,0
130170,3,1,1994,0,0,0,0,0,0,0,0,0,0
130170,4,1,1994,0,0,0,0,0,0,0,0,0,0
130171,1,1,1994,0,0,0,0,0,0,0,0,0,0
130171,2,1,1994,0,0,0,0,0,0,0,0,0,0
130172,1,1,1994,11,12,0,23,10,22,12,10,22,10
130173,1,1,1994,0,0,0,0,0,0,0,0,0,0
130173,2,1,1994,0,0,0,0,0,0,0,0,0,0
130174,1,1,1994,0,0,0,0,0,0,0,0,0,0
130174,2,1,1994,0,0,0,0,0,0,0,0,0,0
130175,1,1,1994,18,18,18,18,18,18,18,18,18,18
130176,0,1,1994,23,23,23,23,23,23,23,23,23,23
130176,1,1,1994,0,0,0,0,0,0,0,0,0,0
130177,1,1,1994,0,0,0,0,0,0,0,0,0,0
130177,2,1,1994,5,5,5,5,5,5,5,5,5,5
130178,1,1,1994,23,23,23,23,23,23,23,23,23,23
130179,1,1,1994,0,31,0,19,0,0,19,35,0,14
130179,2,1,1994,0,0,0,0,0,0,0,0,0,0
130180,1,1,1994,0,0,0,0,0,0,0,0,0,0
130180,2,1,1994,0,0,0,0,0,0,0,0,0,0
130182,1,1,1994,0,0,0,0,0,0,0,0,0,0
130182,2,1,1994,0,0,0,0,0,0,0,0,0,0
130183,1,1,1994,19,19,19,19,19,19,19,19,19,19
130184,1,1,1994,18,20,12,0,21,23,0,0,0,0
130184,2,1,1994,0,0,0,0,0,0,0,0,0,0
130185,1,1,1994,18,18,18,18,18,18,18,18,18,18
130186,1,1,1994,6,6,6,6,6,6,6,6,6,6
130187,1,1,1994,0,0,0,0,0,0,0,0,0,0
130187,2,1,1994,0,0,0,0,0,0,0,0,0,0
130188,1,1,1994,7,7,7,7,7,7,7,7,7,7
130189,1,1,1994,0,0,0,0,0,0,0,0,0,0
130189,2,1,1994,0,0,0,0,0,0,0,0,0,0
130191,1,1,1994,0,0,0,0,0,0,0,0,0,0
130192,1,1,1994,0,0,0,0,0,0,0,0,0,0
130192,2,1,1994,0,0,0,0,0,0,0,0,0,0
130193,1,1,1994,0,0,0,0,0,0,0,0,0,0
130193,2,1,1994,0,0,0,0,0,0,0,0,0,0
130194,1,1,1994,0,0,0,0,17,0,0,0,0,0
130195,1,1,1994,0,0,0,0,0,0,0,0,0,0
130196,1,1,1994,29,24,18,28,0,0,14,18,23,9
130197,1,1,1994,14,4,10,7,22,7,9,7,16,10
130198,1,1,1994,0,0,0,0,0,0,0,0,0,0
130198,2,1,1994,0,0,0,0,0,0,0,0,0,0
130199,0,1,1994,0,0,0,0,0,0,0,0,0,0
130199,1,1,1994,0,0,0,0,0,0,0,0,0,0
130200,1,1,1994,21,21,21,21,21,21,21,21,21,21
130201,1,1,1994,42,42,42,42,42,42,42,42,42,42
130202,1,1,1994,0,13,14,0,0,0,14,44,0,16
130203,1,1,1994,0,15,0,0,13,0,0,0,0,0
130204,0,1,1994,0,0,0,0,0,0,0,0,0,0
130204,1,1,1994,0,0,0,0,0,0,0,0,0,0
130205,0,1,1994,0,0,0,0,0,0,0,0,0,0
130205,1,1,1994,12,12,12,12,12,12,12,12,12,12
130206,1,1,1994,0,0,0,0,0,0,0,0,0,0
130206,2,1,1994,0,0,0,0,0,0,0,0,0,0
130207,1,1,1994,16,0,0,0,0,25,46,0,0,10
130208,1,1,1994,0,0,0,0,0,0,0,0,0,0
130208,2,1,1994,0,0,0,0,0,0,0,0,0,0
130209,1,1,1994,0,0,0,0,0,0,0,0,0,0
130209,2,1,1994,0,0,0,0,0,0,0,0,0,0
130210,1,1,1994,0,17,0,0,0,0,0,0,0,0
130211,1,1,1994,0,0,0,0,0,0,0,0,0,0
130211,2,1,1994,0,0,0,0,0,0,0,0,0,0
130212,1,1,1994,0,0,0,0,0,0,0,0,0,0
130212,2,1,1994,0,0,0,0,0,0,0,0,0,0
130213,1,1,1994,0,0,0,0,0,0,0,0,0,0
130213,2,1,1994,0,0,0,0,0,0,0,0,0,0
130214,1,1,1994,9,9,9,9,9,9,9,9,9,9
130214,2,1,1994,0,0,0,0,0,0,0,0,0,0
130215,1,1,1994,0,0,0,0,0,0,0,0,0,0
130215,2,1,1994,3,3,3,3,3,3,3,3,3,3
130216,1,1,1994,0,0,0,0,0,0,0,0,0,0
130216,2,1,1994,0,0,0,0,0,0,0,0,0,0
130217,0,1,1994,13,3,16,9,0,0,12,25,0,0
130217,1,1,1994,0,0,0,0,0,0,0,0,0,0
130218,1,1,1994,0,0,0,0,0,0,0,0,0,0
130219,1,1,1994,12,12,12,12,12,12,12,12,12,12
130220,1,1,1994,0,0,22,0,0,0,0,0,0,0
130221,1,1,1994,0,0,0,0,0,0,0,0,0,0
130222,1,1,1994,0,0,0,0,0,0,0,0,0,0
130223,1,1,1994,0,0,0,0,0,0,0,0,0,0
130223,2,1,1994,26,26,26,26,26,26,26,26,26,26
130224,1,1,1994,0,0,0,0,0,0,0,0,0,0
130224,2,1,1994,0,0,0,0,0,0,0,0,0,0
130225,1,1,1994,0,0,0,0,0,0,0,0,0,0
130225,2,1,1994,0,0,0,0,0,0,0,0,0,0
130226,1,1,1994,0,0,0,0,0,0,0,0,0,0
130226,2,1,1994,0,0,0,0,0,0,0,0,0,0
130227,1,1,1994,0,0,0,0,0,0,0,0,0,0
130227,2,1,1994,0,0,0,0,0,0,0,0,0,0
130228,1,1,1994,0,0,0,0,0,0,0,0,0,0
130228,2,1,1994,0,0,0,0,0,0,0,0,0,0
130229,1,1,1994,20,0,34,0,0,0,7,0,0,0
130229,2,1,1994,0,0,0,0,0,0,19,20,0,0
130229,3,1,1994,0,0,3,11,0,12,8,0,0,0
130230,0,1,1994,0,0,0,0,0,0,0,0,0,0
130230,1,1,1994,0,0,0,0,0,0,0,0,0,0
130232,1,1,1994,4,4,4,4,4,4,4,4,4,4
130233,1,1,1994,0,0,0,0,0,0,0,0,0,0
130233,2,1,1994,0,0,0,0,0,0,0,29,0,0
130235,1,1,1994,0,0,0,0,0,0,0,0,0,0
130235,2,1,1994,0,0,0,0,0,0,0,0,0,0
130235,3,1,1994,0,0,0,0,0,5,0,0,0,0
130236,1,1,1994,0,0,0,0,0,0,0,0,0,0
130236,2,1,1994,0,0,0,0,0,0,0,0,0,0
130236,3,1,1994,0,0,0,0,0,0,0,0,0,0
130236,4,1,1994,0,0,16,0,8,0,0,0,0,0
130237,1,1,1994,0,0,0,0,0,0,0,0,0,0
130237,2,1,1994,0,0,0,0,0,0,0,0,0,0
130238,1,1,1994,0,0,0,0,0,0,0,0,0,0
130239,1,1,1994,11,11,11,11,11,11,11,11,11,11
130240,1,1,1994,0,0,0,0,0,0,0,0,0,0
130240,2,1,1994,0,0,0,0,0,0,0,0,0,0
130241,0,1,1994,9,9,9,9,9,9,9,9,9,9
130241,1,1,1994,10,10,10,10,10,10,10,10,10,10
130242,1,1,1994,17,0,0,0,0,21,22,26,0,0
130243,0,1,1994,0,0,0,0,0,0,0,0,0,0
130243,1,1,1994,0,0,0,0,0,0,0,0,0,0
130244,1,1,1994,0,0,0,0,0,0,0,0,0,0
130244,2,1,1994,0,0,0,0,0,0,0,0,0,0
130245,1,1,1994,0,0,0,0,0,0,0,0,0,0
130245,2,1,1994,0,0,0,0,0,0,0,0,0,0
130246,1,1,1994,33,33,33,33,33,33,33,33,33,33
130247,0,1,1994,0,0,10,19,21,19,0,0,16,8
130247,1,1,1994,0,15,19,5,32,12,29,24,22,29
130248,1,1,1994,0,0,0,0,0,0,0,0,0,0
130249,1,1,1994,16,16,16,16,16,16,16,16,16,16
130249,2,1,1994,0,0,0,0,0,10,0,0,0,0
130249,3,1,1994,0,0,0,0,0,0,4,0,0,0
130250,1,1,1994,7,7,7,7,7,7,7,7,7,7
130251,0,1,1994,0,0,0,0,0,16,0,0,45,0
130251,1,1,1994,0,0,0,0,0,0,0,0,0,0
130252,1,1,1994,0,0,0,0,0,0,0,0,0,0
130252,2,1,1994,0,0,0,0,0,0,0,0,0,0
130253,1,1,1994,0,0,0,0,0,0,0,0,0,0
130253,2,1,1994,0,0,0,0,0,0,0,0,0,0
130253,3,1,1994,0,0,0,0,0,0,0,0,0,0
130254,0,1,1994,12,12,12,12,12,12,12,12,12,12
130254,1,1,1994,0,0,0,0,0,0,0,0,0,0
130255,1,1,1994,0,0,0,0,0,0,0,0,0,0
130255,2,1,1994,0,0,0,0,0,20,0,0,0,0
130255,3,1,1994,0,0,0,0,0,0,0,0,0,0
130256,1,1,1994,0,0,0,0,0,0,0,0,0,0
130256,2,1,1994,13,13,13,13,13,13,13,13,13,13
130256,3,1,1994,0,0,0,0,0,0,0,0,0,0
130257,1,1,1994,0,0,0,0,0,0,0,0,0,0
130257,2,1,1994,0,0,0,0,0,0,0,0,0,0
130258,0,1,1994,0,0,0,0,0,0,0,0,0,0
130258,1,1,1994,0,0,0,0,0,0,0,0,0,0
130259,1,1,1994,0,0,0,0,0,0,0,0,0,0
130260,1,1,1994,4,0,0,0,0,0,0,0,9,25
130260,2,1,1994,0,0,0,0,0,0,0,0,0,0
130260,3,1,1994,0,0,0,0,0,0,0,0,0,0
130261,1,1,1994,35,35,35,35,35,35,35,35,35,35
130262,1,1,1994,21,21,21,21,21,21,21,21,21,21
130263,1,1,1994,13,0,35,25,18,12,0,7,13,21
130264,1,1,1994,0,0,0,0,0,0,0,0,0,0
130264,2,1,1994,0,0,0,0,0,0,0,0,0,0
130265,1,1,1994,0,0,0,0,0,0,0,0,0,0
130265,2,1,1994,0,0,0,0,0,0,0,0,0,0
130266,1,1,1994,17,17,17,17,17,17,17,17,17,17
130267,1,1,1994,0,0,0,0,0,0,0,0,0,0
130268,1,1,1994,0,0,0,0,0,0,0,0,0,0
130268,2,1,1994,0,0,0,0,0,0,0,0,0,0
130268,3,1,1994,0,0,0,0,0,0,0,0,0,0
130268,4,1,1994,0,0,0,0,5,0,0,0,0,0
130268,5,1,1994,0,0,0,0,0,0,0,0,0,0
130269,1,1,1994,0,0,0,0,0,0,0,0,0,0
130269,2,1,1994,0,0,0,0,0,0,0,0,0,0
130270,1,1,1994,15,15,15,15,15,15,15,15,15,15
130271,1,1,1994,0,0,0,0,0,0,0,0,0,0
130271,2,1,1994,0,0,0,0,0,0,0,0,0,0
130272,1,1,1994,0,0,0,0,0,0,0,0,0,0
130272,2,1,1994,0,0,0,0,0,0,0,0,0,0
130273,1,1,1994,0,0,0,0,0,0,0,0,0,0
130273,2,1,1994,0,0,0,0,0,0,0,0,0,0
130274,1,1,1994,0,0,0,0,0,0,0,0,0,0
130274,2,1,1994,0,0,0,0,0,0,0,0,0,0
130275,1,1,1994,0,0,0,0,0,0,0,0,0,0
130275,2,1,1994,15,15,15,15,15,15,15,15,15,15
130276,1,1,1994,0,0,0,0,0,0,0,0,0,0
130277,1,1,1994,6,6,6,6,6,6,6,6,6,6
130278,1,1,1994,0,0,0,0,0,0,0,0,0,0
130279,1,1,1994,14,14,14,14,14,14,14,14,14,14
130280,1,1,1994,6,6,6,6,6,6,6,6,6,6
130281,1,1,1994,0,0,0,0,0,0,0,0,0,0
130282,1,1,1994,0,0,0,0,0,0,0,0,0,0
130283,1,1,1994,0,0,0,0,0,0,0,0,0,0
130284,1,1,1994,0,0,0,0,0,0,0,0,0,0
130284,2,1,1994,0,0,0,0,0,0,0,0,0,0
130284,3,1,1994,0,0,0,0,0,0,0,0,0,0
130285,1,1,1994,0,0,0,0,0,0,0,0,0,0
130285,2,1,1994,0,0,0,0,0,0,0,0,0,0
130285,3,1,1994,0,0,0,0,0,0,0,0,0,0
130286,1,1,1994,0,0,0,0,0,0,0,0,0,0
130286,2,1,1994,0,0,0,0,0,0,0,0,0,0
130287,1,1,1994,0,0,0,0,0,0,0,0,0,0
130287,2,1,1994,0,0,0,0,0,0,0,0,0,0
130288,1,1,1994,0,0,0,0,0,0,0,0,0,0
130288,2,1,1994,12,12,12,12,12,12,12,12,12,12
130289,1,1,1994,11,11,11,11,11,11,11,11,11,11
130289,2,1,1994,0,0,0,0,0,0,0,0,0,0
130289,3,1,1994,0,0,0,0,0,0,0,0,0,0
130290,1,1,1994,0,0,0,0,0,0,0,0,0,0
130290,2,1,1994,0,0,0,0,0,0,0,0,0,0
130290,3,1,1994,0,0,0,0,0,0,16,0,0,0
130291,1,1,1994,18,18,18,18,18,18,18,18,18,18
130292,1,1,1994,0,0,0,0,0,0,0,0,0,0
130292,2,1,1994,0,0,0,0,0,0,0,0,0,0
130293,1,1,1994,4,4,4,4,4,4,4,4,4,4
130294,1,1,1994,0,0,0,0,0,0,0,0,0,0
130294,2,1,1994,0,0,0,0,0,0,0,0,0,0
130295,0,1,1994,25,25,25,25,25,25,25,25,25,25
130295,1,1,1994,0,0,0,0,0,0,0,0,0,0
130296,1,1,1994,16,16,16,16,16,16,16,16,16,16
130297,1,1,1994,0,0,0,0,0,0,0,0,0,0
130297,2,1,1994,0,0,0,0,0,0,0,0,0,0
130298,1,1,1994,0,0,0,0,0,0,0,0,0,0
130298,2,1,1994,0,0,0,0,0,0,0,0,0,0
130299,1,1,1994,21,21,21,21,21,21,21,21,21,21
130300,1,1,1994,0,0,0,0,0,0,0,0,0,0
130300,2,1,1994,0,0,0,0,0,0,0,0,0,0
130301,1,1,1994,0,0,0,0,0,0,0,0,0,0
130302,1,1,1994,16,16,16,16,16,16,16,16,16,16
130302,2,1,1994,0,0,0,0,0,0,0,0,2,0
130303,1,1,1994,0,0,0,0,0,0,0,0,0,0
130303,2,1,1994,0,0,0,0,0,0,0,0,0,0
130304,1,1,1994,0,0,0,0,0,0,0,0,0,0
130304,2,1,1994,0,0,0,0,0,0,0,0,0,0
130305,1,1,1994,0,0,0,0,0,0,0,0,0,0
130306,1,1,1994,0,0,0,0,0,0,0,0,0,0
130306,2,1,1994,0,0,0,0,0,0,0,0,0,0
130307,1,1,1994,0,0,0,0,0,0,0,0,0,0
130308,1,1,1994,0,0,0,0,0,0,0,0,0,0
130309,1,1,1994,0,0,0,0,0,0,0,0,0,0
130309,2,1,1994,0,0,0,0,0,0,0,0,0,0
130310,1,1,1994,24,24,24,24,24,24,24,24,24,24
130310,2,1,1994,0,0,0,0,0,0,0,0,0,0
130311,1,1,1994,0,0,0,22,0,19,0,0,0,0
130312,1,1,1994,0,0,0,0,0,0,0,0,0,0
130312,2,1,1994,0,0,0,0,0,0,0,0,0,0
130313,1,1,1994,0,0,0,0,0,0,0,0,0,0
130313,2,1,1994,0,0,0,0,0,0,0,0,0,0
130314,1,1,1994,0,0,0,0,0,0,0,0,0,0
130314,2,1,1994,0,0,0,0,0,0,0,0,0,0
130315,1,1,1994,0,0,0,0,0,0,0,0,0,0
130315,2,1,1994,0,0,0,0,0,0,0,0,0,0
130316,1,1,1994,21,21,21,21,21,21,21,21,21,21
130317,1,1,1994,0,0,0,0,0,0,0,0,0,0
130318,1,1,1994,0,0,0,0,0,0,0,0,0,0
130319,1,1,1994,14,14,14,14,14,14,14,14,14,14
130319,2,1,1994,0,0,0,0,0,0,0,0,0,0
130320,1,1,1994,22,22,22,22,22,22,22,22,22,22
130321,1,1,1994,0,0,0,0,0,0,0,0,0,0
130322,1,1,1994,0,0,0,0,0,0,0,0,0,0
130323,1,1,1994,0,0,0,0,0,0,0,0,0,0
130323,2,1,1994,0,0,0,0,0,0,0,0,0,0
130324,1,1,1994,0,0,0,0,0,0,0,0,0,0
130324,2,1,1994,0,0,0,0,0,0,0,0,0,0
130325,0,1,1994,0,0,0,0,0,0,0,0,0,0
130325,1,1,1994,0,0,0,0,0,0,0,0,0,0
130326,1,1,1994,0,0,0,0,0,0,0,0,0,0
130326,2,1,1994,11,11,11,11,11,11,11,11,11,11
130327,1,1,1994,0,0,0,0,0,0,0,0,0,0
130327,2,1,1994,0,0,0,0,0,0,0,0,0,0
130328,1,1,1994,0,0,0,0,0,0,0,0,0,0
130328,2,1,1994,0,0,0,0,0,0,0,0,0,0
130329,0,1,1994,0,0,0,0,0,0,0,0,0,0
130329,1,1,1994,0,0,0,0,0,0,0,0,0,0
130330,1,1,1994,26,26,26,26,26,26,26,26,26,26
130331,1,1,1994,15,15,15,15,15,15,15,15,15,15
130332,1,1,1994,11,11,11,11,11,11,11,11,11,11
130333,1,1,1994,0,0,11,8,0,0,0,0,0,0
130334,1,1,1994,0,0,0,0,0,0,0,0,0,0
130335,1,1,1994,0,0,0,0,0,0,0,0,0,0
130336,1,1,1994,0,0,0,0,0,0,0,0,0,0
130336,2,1,1994,0,0,0,0,0,0,0,0,0,0
130337,1,1,1994,0,0,0,0,0,0,0,0,0,0
130337,2,1,1994,0,19,0,0,0,0,0,0,0,0
130338,1,1,1994,0,0,0,0,0,0,0,0,0,0
130339,1,1,1994,0,0,0,0,0,0,0,0,0,0
130339,2,1,1994,0,0,0,0,0,0,0,0,0,0
130340,1,1,1994,0,0,0,0,0,0,0,0,0,0
130340,2,1,1994,0,0,0,0,0,0,0,0,0,0
130340,3,1,1994,0,0,0,0,0,0,0,0,0,0
130340,4,1,1994,0,0,0,0,6,0,0,0,0,0
130341,1,1,1994,0,0,0,0,0,0,0,0,0,0
130341,2,1,1994,0,0,0,0,0,0,0,0,0,0
130342,1,1,1994,0,0,0,0,0,0,0,0,0,0
130342,2,1,1994,0,0,0,0,0,0,0,0,0,0
130343,1,1,1994,19,19,19,19,19,19,19,19,19,19
130344,0,1,1994,0,0,0,0,0,0,0,0,0,0
130344,1,1,1994,0,0,0,0,0,0,0,0,0,0
130345,1,1,1994,18,18,18,18,18,18,18,18,18,18
130346,1,1,1994,0,0,0,0,0,0,0,0,0,0
130347,0,1,1994,0,0,0,0,0,0,0,0,0,0
130347,1,1,1994,0,0,0,0,0,0,0,0,0,0
130348,1,1,1994,24,24,24,24,24,24,24,24,24,24
130349,0,1,1994,42,42,42,42,42,42,42,42,42,42
130349,1,1,1994,0,0,0,0,0,0,0,0,0,0
130350,1,1,1994,0,0,0,0,0,0,0,0,0,0
130350,2,1,1994,0,0,0,0,0,0,0,0,0,0
130351,1,1,1994,0,0,0,0,0,0,0,0,0,0
130351,2,1,1994,0,0,0,0,0,0,0,0,0,0
130352,1,1,1994,0,0,0,0,0,0,0,0,0,0
130352,2,1,1994,0,0,0,0,0,0,0,0,0,0
130353,1,1,1994,0,0,0,0,0,0,0,0,0,0
130353,2,1,1994,0,0,0,0,0,0,0,0,0,0
130354,1,1,1994,19,19,19,19,19,19,19,19,19,19
130355,1,1,1994,0,0,0,0,0,0,0,0,0,0
130355,2,1,1994,0,0,0,0,0,0,0,0,0,0
130356,1,1,1994,0,0,0,0,0,0,0,0,0,0
130356,2,1,1994,0,0,0,0,0,0,0,0,0,0
130357,1,1,1994,19,19,19,19,19,19,19,19,19,19
130358,1,1,1994,14,14,14,14,14,14,14,14,14,14
130359,1,1,1994,0,18,10,19,8,15,20,12,0,0
130360,1,1,1994,21,21,21,21,21,21,21,21,21,21
130361,1,1,1994,0,0,0,0,0,0,0,0,0,0
130362,1,1,1994,29,29,29,29,29,29,29,29,29,29
130363,1,1,1994,26,26,26,26,26,26,26,26,26,26
130363,2,1,1994,0,0,0,0,0,0,0,0,0,0
130363,3,1,1994,0,0,0,0,0,0,0,0,0,0
130363,4,1,1994,0,0,0,0,0,0,0,0,0,0
130363,5,1,1994,0,0,0,0,0,0,0,0,0,0
130364,1,1,1994,7,7,7,7,7,7,7,7,7,7
130365,1,1,1994,0,0,0,0,0,0,0,0,0,0
130365,2,1,1994,0,0,0,0,0,16,0,0,0,0
130365,3,1,1994,0,0,0,16,0,0,0,0,0,0
130366,1,1,1994,0,0,0,0,0,0,0,0,0,0
130367,1,1,1994,0,0,0,0,0,0,0,0,0,0
130367,2,1,1994,0,0,0,0,0,0,0,0,0,0
130368,0,1,1994,0,0,0,0,0,0,0,0,0,0
130368,1,1,1994,0,0,10,0,0,0,0,0,0,26
130369,1,1,1994,0,0,0,0,0,0,0,0,0,0
130369,2,1,1994,0,0,0,0,0,0,0,0,0,0
130369,3,1,1994,0,0,0,0,0,0,0,0,0,0
130370,1,1,1994,0,0,0,0,0,0,0,0,0,0
130371,1,1,1994,0,0,0,0,0,0,0,0,0,0
130371,2,1,1994,0,0,0,0,0,0,0,0,0,0
130371,3,1,1994,0,0,7,0,0,0,0,0,0,0
130372,0,1,1994,0,0,0,0,0,0,0,0,0,0
130372,1,1,1994,0,0,0,0,0,0,0,0,0,0
130373,0,1,1994,16,16,16,16,16,16,16,16,16,16
130373,1,1,1994,0,0,0,0,0,0,0,0,0,0
130374,1,1,1994,10,10,10,10,10,10,10,10,10,10
130374,2,1,1994,0,0,0,0,0,0,0,0,0,0
130375,1,1,1994,0,0,0,0,0,0,17,0,0,0
130376,1,1,1994,0,0,0,0,0,0,0,0,0,0
130376,2,1,1994,3,0,0,0,0,0,0,0,0,0
130376,3,1,1994,0,0,0,0,0,0,0,0,0,0
130377,1,1,1994,0,0,0,0,0,0,0,0,0,0
130377,2,1,1994,0,0,0,0,0,0,0,0,0,0
130378,1,1,1994,0,0,0,0,0,0,0,0,0,0
130378,2,1,1994,0,0,0,0,0,0,0,0,0,0
130379,1,1,1994,0,0,0,0,0,0,0,0,0,0
130380,1,1,1994,15,15,15,15,15,15,15,15,15,15
130381,1,1,1994,18,18,18,18,18,18,18,18,18,18
130382,0,1,1994,0,0,0,0,0,0,0,0,0,0
130382,1,1,1994,0,0,0,0,0,0,0,0,0,0
130383,1,1,1994,0,0,0,0,0,0,0,0,0,0
130384,1,1,1994,0,0,0,0,0,0,0,0,0,0
130384,2,1,1994,6,6,6,6,6,6,6,6,6,6
130385,1,1,1994,0,0,0,0,0,0,0,0,0,0
130385,2,1,1994,0,0,0,0,0,0,0,0,0,0
130386,1,1,1994,0,0,0,0,0,0,0,0,0,0
130387,1,1,1994,0,0,0,0,0,0,0,0,0,0
130387,2,1,1994,0,0,0,0,0,0,0,0,0,0
130387,3,1,1994,0,0,0,0,6,0,5,0,0,0
130387,4,1,1994,0,0,0,0,0,0,0,10,0,0
130388,1,1,1994,9,2,20,16,22,16,10,21,12,15
130389,1,1,1994,0,0,0,0,0,0,0,0,0,0
130390,1,1,1994,24,24,24,24,24,24,24,24,24,24
130391,1,1,1994,0,0,0,0,0,0,0,0,0,0
130391,2,1,1994,26,26,26,26,26,26,26,26,26,26
130392,1,1,1994,0,0,0,0,0,0,0,0,0,0
130392,2,1,1994,0,0,0,0,0,0,0,0,0,0
130393,0,1,1994,24,24,24,24,24,24,24,24,24,24
130393,1,1,1994,0,0,0,0,0,0,0,0,0,0
130394,1,1,1994,0,0,0,0,0,0,0,0,0,0
130394,2,1,1994,0,0,0,0,0,0,0,0,0,0
130395,1,1,1994,16,16,16,16,16,16,16,16,16,16
130396,1,1,1994,0,0,0,0,0,0,0,0,0,0
130396,2,1,1994,0,0,0,0,0,0,0,0,0,0
130396,3,1,1994,0,0,21,0,0,0,0,0,0,0
130397,1,1,1994,0,0,0,0,23,0,0,0,10,0
130397,2,1,1994,0,0,0,0,0,0,0,0,0,0
130398,1,1,1994,25,25,25,25,25,25,25,25,25,25
130399,1,1,1994,0,0,0,0,0,0,0,0,0,0
130399,2,1,1994,0,0,0,0,0,12,4,0,0,26
130400,1,1,1994,9,18,0,17,0,8,23,0,14,16
130400,2,1,1994,0,11,23,21,0,13,12,0,8,0
130401,1,1,1994,0,0,0,0,0,0,0,0,0,0
130402,1,1,1994,0,0,0,0,0,0,0,0,0,0
130402,2,1,1994,0,0,0,0,0,0,0,0,0,0
130403,1,1,1994,16,16,16,16,16,16,16,16,16,16
130404,1,1,1994,0,0,0,0,0,0,0,0,0,0
130404,2,1,1994,0,0,0,0,0,0,0,0,0,0
130405,1,1,1994,20,20,20,20,20,20,20,20,20,20
130405,2,1,1994,12,0,9,12,0,0,0,38,13,0
130406,1,1,1994,17,17,17,17,17,17,17,17,17,17
130408,1,1,1994,0,0,0,0,0,0,0,0,0,0
130409,1,1,1994,0,0,0,0,0,0,0,0,0,0
130410,1,1,1994,0,0,0,0,0,0,0,0,0,0
130410,2,1,1994,0,0,0,0,0,0,0,0,0,0
130411,1,1,1994,26,26,26,26,26,26,26,26,26,26
130412,1,1,1994,0,0,0,0,0,0,0,0,0,0
130412,2,1,1994,0,0,0,0,0,0,0,0,0,0
130412,3,1,1994,0,0,0,0,0,0,0,0,0,0
130413,1,1,1994,23,23,23,23,23,23,23,23,23,23
130414,1,1,1994,0,0,0,0,0,0,0,0,0,0
130414,2,1,1994,0,0,0,0,0,0,0,0,0,0
130414,3,1,1994,0,0,0,14,0,0,0,0,0,0
130415,1,1,1994,0,0,0,0,0,0,0,0,0,0
130415,2,1,1994,0,0,0,0,0,0,0,0,0,0
130416,1,1,1994,27,27,27,27,27,27,27,27,27,27
130417,1,1,1994,0,0,0,0,0,0,0,0,0,0
130417,2,1,1994,0,0,0,0,0,0,0,0,0,0