ST_CASE,VEH_NO,PER_NO,YEAR,P1,P2,P3,P4,P5,P6,P7,P8,P9,P10
130418,1,1,1994,0,0,0,0,0,0,0,0,0,0
130419,1,1,1994,0,0,0,0,0,0,0,0,0,0
130419,2,1,1994,0,0,0,0,0,0,0,0,0,0
130420,1,1,1994,0,0,12,0,15,0,0,10,26,0
130421,1,1,1994,0,0,0,0,0,0,0,0,0,0
130421,2,1,1994,0,0,14,0,0,0,0,15,0,0
130422,1,1,1994,0,0,0,0,0,0,0,0,0,0
130423,1,1,1994,0,0,0,0,0,17,5,24,16,0
130424,1,1,1994,16,16,16,16,16,16,16,16,16,16
130425,1,1,1994,18,18,18,18,18,18,18,18,18,18
130426,1,1,1994,29,29,29,29,29,29,29,29,29,29
130426,2,1,1994,0,0,0,0,0,0,0,0,0,0
130427,1,1,1994,0,0,0,0,0,0,0,0,0,0
130427,2,1,1994,0,0,0,0,0,0,0,0,0,0
130428,1,1,1994,0,0,0,0,0,0,0,0,0,0
130428,2,1,1994,0,0,0,0,0,0,0,0,0,0
130429,0,1,1994,25,25,25,25,25,25,25,25,25,25
130429,1,1,1994,0,0,0,0,0,0,0,0,0,0
130430,1,1,1994,24,24,24,24,24,24,24,24,24,24
130431,1,1,1994,0,0,0,0,0,0,0,0,0,0
130431,2,1,1994,0,15,0,4,0,0,25,0,22,0
130432,1,1,1994,0,0,24,0,10,30,0,13,30,0
130433,1,1,1994,0,0,0,0,0,0,0,0,0,0
130434,1,1,1994,0,0,0,0,0,0,0,0,0,0
130434,2,1,1994,0,21,0,0,0,0,0,0,0,0
130435,1,1,1994,0,0,0,0,0,0,0,0,0,0
130435,2,1,1994,0,0,0,0,0,0,0,0,0,0
130436,1,1,1994,0,0,0,0,0,0,0,0,0,0
130436,2,1,1994,0,0,0,0,0,0,0,0,0,0
130437,1,1,1994,0,0,0,0,0,0,0,0,0,0
130438,1,1,1994,0,0,0,0,0,0,0,0,0,0
130439,1,1,1994,0,0,0,0,0,0,0,0,0,0
130440,1,1,1994,0,0,0,0,0,0,0,0,0,0
130440,2,1,1994,0,0,0,0,0,19,0,0,0,0
130440,3,1,1994,0,0,0,0,0,0,0,0,0,0
130441,1,1,1994,21,21,21,21,21,21,21,21,21,21
130442,1,1,1994,1,1,1,1,1,1,1,1,1,1
130443,1,1,1994,0,0,0,0,0,13,10,0,0,0
130444,1,1,1994,25,25,25,25,25,25,25,25,25,25
130445,0,1,1994,17,17,17,17,17,17,17,17,17,17
130445,1,1,1994,0,0,0,0,0,0,0,0,0,0
130446,1,1,1994,0,0,0,0,0,0,0,0,0,0
130446,2,1,1994,0,0,0,0,0,0,0,0,0,0
130447,1,1,1994,0,0,0,0,0,0,0,0,0,0
130448,1,1,1994,0,0,0,0,0,0,0,0,0,0
130448,2,1,1994,0,0,0,0,0,22,12,0,0,0
130448,3,1,1994,0,0,0,0,0,13,0,0,0,0
130448,4,1,1994,0,0,0,0,0,0,0,0,0,0
130449,1,1,1994,11,11,11,11,11,11,11,11,11,11
130450,1,1,1994,13,13,13,13,13,13,13,13,13,13
130451,1,1,1994,0,0,0,0,0,0,0,0,0,0
130451,2,1,1994,0,0,0,0,0,0,10,0,0,18
130452,0,1,1994,0,0,0,0,0,0,0,0,0,0
130452,1,1,1994,0,0,0,0,0,0,0,0,0,0
130453,1,1,1994,0,0,0,0,0,0,0,0,0,0
130453,2,1,1994,0,0,0,0,0,0,0,0,11,0
130454,1,1,1994,0,0,0,0,0,0,0,0,0,0
130454,2,1,1994,0,0,0,0,0,0,0,0,0,0
130455,0,1,1994,0,0,0,0,0,0,0,0,0,0
130455,1,1,1994,0,0,0,0,0,0,0,0,0,0
130456,1,1,1994,0,0,0,0,0,0,0,0,0,0
130457,1,1,1994,10,0,22,8,0,0,29,0,4,5
130458,1,1,1994,0,0,0,0,0,0,0,0,0,0
130459,1,1,1994,0,0,0,0,0,0,0,0,0,0
130460,1,1,1994,0,0,0,0,0,0,0,0,0,0
130460,2,1,1994,0,0,0,4,0,0,0,0,0,0
130461,1,1,1994,0,0,0,0,0,0,0,0,0,0
130461,2,1,1994,0,20,0,0,0,0,0,22,0,0
130462,1,1,1994,0,0,0,30,0,0,0,0,0,0
130463,1,1,1994,16,16,16,16,16,16,16,16,16,16
130464,1,1,1994,22,22,22,22,22,22,22,22,22,22
130465,1,1,1994,0,0,0,0,0,0,0,0,0,0
130465,2,1,1994,0,0,0,0,0,0,0,0,0,0
130466,1,1,1994,21,21,21,21,21,21,21,21,21,21
130467,1,1,1994,21,21,21,21,21,21,21,21,21,21
130468,1,1,1994,0,0,0,0,0,0,0,0,0,0
130468,2,1,1994,0,0,0,0,0,0,0,0,0,0
130469,1,1,1994,0,0,0,0,0,0,0,0,0,0
130469,2,1,1994,0,0,0,0,0,0,0,0,0,0
130469,3,1,1994,0,0,0,0,0,0,0,0,0,0
130470,1,1,1994,27,27,27,27,27,27,27,27,27,27
130470,2,1,1994,0,0,0,0,0,0,0,0,0,0
130471,1,1,1994,0,0,0,0,0,0,0,0,0,0
130471,2,1,1994,0,0,0,0,0,0,0,0,0,0
130472,0,1,1994,0,0,38,0,0,23,0,0,0,0
130472,1,1,1994,0,0,0,0,0,0,0,0,0,0
130473,1,1,1994,0,0,0,0,0,0,0,0,0,0
130473,2,1,1994,0,0,0,0,0,0,0,0,0,0
130474,1,1,1994,0,0,0,0,0,0,0,0,0,0
130474,2,1,1994,0,0,0,0,0,0,0,0,0,0
130475,1,1,1994,0,0,0,0,0,0,0,0,0,0
130475,2,1,1994,0,0,0,0,0,0,0,0,0,0
130476,1,1,1994,0,0,0,0,0,31,0,0,0,26
130477,1,1,1994,11,11,11,11,11,11,11,11,11,11
130478,0,1,1994,51,51,51,51,51,51,51,51,51,51
130478,1,1,1994,20,0,0,25,0,0,0,0,10,9
130479,0,1,1994,27,27,27,27,27,27,27,27,27,27
130479,1,1,1994,0,0,0,0,0,0,0,0,0,0
130480,1,1,1994,5,5,5,5,5,5,5,5,5,5
130480,2,1,1994,0,10,0,0,0,0,0,0,25,0
130481,1,1,1994,19,19,19,19,19,19,19,19,19,19
130481,2,1,1994,0,0,0,0,0,0,0,0,0,0
130482,1,1,1994,28,38,15,14,29,26,12,10,22,19
130483,1,1,1994,14,0,20,9,0,7,9,20,41,5
130484,1,1,1994,0,16,0,0,0,12,13,13,37,0
130484,2,1,1994,0,0,0,0,0,0,0,0,0,0
130485,1,1,1994,0,0,0,0,0,0,0,0,0,0
130485,2,1,1994,0,0,0,0,0,0,0,0,0,0
130486,1,1,1994,0,0,0,0,0,0,0,0,7,0
130488,1,1,1994,0,0,0,0,0,0,0,0,0,0
130488,2,1,1994,0,0,0,0,0,0,0,22,0,0
130489,1,1,1994,24,24,24,24,24,24,24,24,24,24
130490,0,1,1994,28,28,28,28,28,28,28,28,28,28
130490,1,1,1994,0,0,0,0,0,0,0,0,0,0
130491,1,1,1994,0,0,0,0,0,0,0,0,0,0
130492,1,1,1994,32,32,32,32,32,32,32,32,32,32
130492,2,1,1994,4,4,4,4,4,4,4,4,4,4
130493,1,1,1994,16,30,40,33,15,19,30,19,25,22
130494,1,1,1994,21,21,21,21,21,21,21,21,21,21
130494,2,1,1994,0,0,0,0,0,0,0,0,0,0
130495,1,1,1994,0,0,0,0,0,0,0,0,0,0
130496,1,1,1994,0,0,0,0,0,0,0,0,0,0
130496,2,1,1994,0,0,0,0,10,0,0,0,0,0
130497,1,1,1994,0,0,0,0,0,0,4,0,0,0
130498,1,1,1994,0,0,0,0,0,0,0,0,0,0
130498,2,1,1994,0,0,0,0,0,0,0,0,0,0
130499,0,1,1994,0,0,0,0,0,0,0,0,0,0
130499,1,1,1994,0,0,0,0,0,0,0,0,0,0
130500,1,1,1994,0,0,0,0,0,0,0,0,0,0
130500,2,1,1994,0,0,0,0,0,0,0,0,0,0
130501,1,1,1994,33,7,0,16,27,0,2,8,26,20
130502,1,1,1994,0,0,0,0,0,0,0,0,0,0
130503,1,1,1994,0,0,0,0,0,0,0,0,0,0
130504,1,1,1994,0,0,0,0,0,0,0,0,0,0
130504,2,1,1994,0,0,0,0,0,0,0,0,0,0
130505,1,1,1994,0,0,0,0,0,0,0,0,0,0
130506,1,1,1994,0,0,0,0,0,0,0,0,0,0
130506,2,1,1994,0,0,0,0,0,0,0,0,0,0
130507,1,1,1994,0,0,0,0,0,0,0,0,0,0
130507,2,1,1994,0,0,0,0,0,0,0,0,0,0
130507,3,1,1994,0,0,0,0,0,0,0,0,0,0
130508,1,1,1994,0,0,0,0,0,0,0,0,0,0
130508,2,1,1994,0,10,0,0,0,0,0,0,0,0
130509,0,1,1994,0,32,0,0,0,0,0,0,0,25
130509,0,2,1994,0,0,0,0,0,0,9,0,0,0
130509,1,1,1994,0,0,0,0,0,0,0,0,0,0
130510,1,1,1994,16,6,10,0,17,0,0,0,0,0
130510,2,1,1994,0,0,0,0,0,0,0,0,0,0
130510,3,1,1994,0,0,0,0,0,0,0,0,0,0
130511,0,1,1994,0,0,0,0,0,0,0,0,0,0
130511,0,2,1994,23,0,0,0,16,0,0,0,0,0
130511,0,3,1994,23,0,0,19,37,0,22,0,35,32
130511,1,1,1994,0,0,0,0,0,0,0,0,0,0
130512,1,1,1994,0,0,0,0,0,0,0,0,0,0
130512,2,1,1994,0,0,0,0,0,0,0,0,0,0
130513,0,1,1994,3,3,3,3,3,3,3,3,3,3
130513,1,1,1994,0,0,0,0,0,0,0,12,8,0
130514,1,1,1994,0,0,0,0,0,0,0,0,0,0
130515,1,1,1994,0,0,0,0,0,0,0,0,0,0
130515,2,1,1994,0,0,0,0,0,0,0,0,0,0
130516,0,1,1994,0,0,0,0,0,0,0,0,0,0
130516,1,1,1994,0,0,0,0,0,0,0,0,0,0
130517,1,1,1994,0,0,0,0,0,0,0,0,0,0
130518,1,1,1994,0,0,0,0,0,0,0,0,0,0
130518,2,1,1994,0,0,0,0,0,0,0,0,0,0
130518,3,1,1994,0,0,0,0,0,0,0,0,0,0
130519,1,1,1994,0,0,0,0,0,0,0,0,0,0
130520,1,1,1994,0,0,0,0,0,0,0,0,0,0
130520,2,1,1994,0,0,0,0,0,0,0,0,0,0
130521,0,1,1994,0,0,0,0,0,0,0,0,0,0
130521,0,2,1994,0,0,0,0,0,0,0,0,0,0
130521,1,1,1994,0,0,0,0,0,0,0,0,0,0
130522,0,1,1994,0,0,0,0,0,0,0,0,0,0
130522,1,1,1994,0,0,0,0,0,0,0,0,0,0
130523,1,1,1994,11,11,11,11,11,11,11,11,11,11
130523,2,1,1994,0,0,0,0,0,0,0,0,11,0
130524,1,1,1994,0,0,0,0,0,0,0,0,0,0
130524,2,1,1994,0,0,0,0,0,0,0,0,0,0
130526,1,1,1994,0,0,0,0,0,0,0,0,0,0
130527,1,1,1994,26,26,26,26,26,26,26,26,26,26
130528,1,1,1994,0,0,0,0,0,0,0,0,0,0
130528,2,1,1994,0,0,0,0,0,0,0,0,0,0
130529,1,1,1994,0,0,0,0,0,0,0,0,0,0
130529,2,1,1994,0,0,0,0,0,0,0,0,0,0
130530,1,1,1994,0,0,0,0,0,0,0,0,0,0
130530,2,1,1994,0,0,0,0,0,0,0,0,0,0
130531,0,1,1994,28,28,28,28,28,28,28,28,28,28
130531,1,1,1994,0,0,0,0,0,0,0,0,0,0
130532,0,1,1994,0,0,0,0,0,0,0,0,0,0
130532,2,1,1994,0,0,0,0,0,0,0,0,0,0
130533,1,1,1994,0,0,0,0,0,0,0,0,0,0
130534,1,1,1994,0,0,41,0,0,0,0,0,0,11
130535,1,1,1994,0,0,0,0,0,0,0,0,0,0
130535,2,1,1994,0,0,0,0,0,0,0,0,0,0
130536,1,1,1994,46,46,46,46,46,46,46,46,46,46
130537,0,1,1994,8,8,8,8,8,8,8,8,8,8
130537,1,1,1994,0,0,3,0,0,0,0,0,0,0
130538,1,1,1994,0,0,0,0,0,0,0,0,0,0
130538,2,1,1994,0,0,0,0,0,0,0,0,0,0
130539,1,1,1994,0,0,0,0,25,0,0,0,0,0
130540,1,1,1994,21,21,21,21,21,21,21,21,21,21
130541,1,1,1994,11,11,11,11,11,11,11,11,11,11
130542,0,1,1994,25,25,25,25,25,25,25,25,25,25
130542,1,1,1994,0,0,0,0,0,0,0,0,0,0
130543,1,1,1994,19,19,19,19,19,19,19,19,19,19
130543,2,1,1994,0,0,0,0,0,0,0,0,0,0
130544,1,1,1994,23,23,23,23,23,23,23,23,23,23
130545,1,1,1994,0,0,0,0,0,0,0,0,0,0
130545,2,1,1994,17,17,17,17,17,17,17,17,17,17
130546,1,1,1994,0,0,0,0,0,0,0,0,0,0
130546,2,1,1994,0,0,0,0,0,0,0,0,0,0
130547,0,1,1994,0,0,0,0,0,0,0,0,0,0
130547,1,1,1994,0,0,0,0,0,0,0,0,0,0
130548,0,1,1994,12,12,12,12,12,12,12,12,12,12
130548,1,1,1994,9,9,9,9,9,9,9,9,9,9
130549,1,1,1994,13,13,13,13,13,13,13,13,13,13
130550,1,1,1994,18,18,18,18,18,18,18,18,18,18
130551,1,1,1994,0,0,0,0,0,0,0,0,0,0
130552,1,1,1994,0,0,0,0,0,0,0,0,0,0
130552,2,1,1994,0,0,0,0,0,0,0,0,0,0
130553,1,1,1994,13,13,13,13,13,13,13,13,13,13
130553,2,1,1994,0,0,0,0,0,0,0,0,0,0
130554,1,1,1994,0,0,0,0,0,0,0,0,0,0
130555,1,1,1994,0,0,0,0,0,0,0,0,0,0
130555,2,1,1994,0,0,0,0,0,0,0,0,0,0
130556,1,1,1994,0,0,0,0,0,0,0,0,0,0
130556,2,1,1994,0,0,0,0,0,0,0,0,0,0
130557,0,1,1994,9,9,9,9,9,9,9,9,9,9
130557,1,1,1994,11,11,11,11,11,11,11,11,11,11
130557,2,1,1994,0,0,0,0,0,0,0,0,0,0
130558,1,1,1994,0,0,0,0,0,0,0,0,0,0
130558,2,1,1994,0,0,0,0,0,0,0,0,0,0
130559,1,1,1994,0,0,0,0,0,0,0,0,0,0
130560,1,1,1994,0,0,0,0,0,0,0,0,0,0
130560,2,1,1994,0,0,0,0,0,0,0,0,0,0
130561,1,1,1994,26,7,17,9,10,0,28,11,14,0
130562,1,1,1994,0,0,0,0,0,0,0,0,0,0
130562,2,1,1994,0,0,0,0,0,0,0,0,0,0
130563,1,1,1994,0,0,0,0,0,0,20,0,0,0
130563,2,1,1994,0,0,14,0,0,0,0,0,0,0
130564,1,1,1994,21,21,21,21,21,21,21,21,21,21
130565,1,1,1994,15,9,0,35,0,0,0,0,0,0
130565,2,1,1994,0,0,0,0,0,0,0,0,0,0
130566,1,1,1994,0,0,0,0,0,0,0,0,0,0
130566,2,1,1994,0,0,0,0,0,0,0,0,0,0
130567,1,1,1994,0,0,0,0,0,0,0,0,0,0
130567,2,1,1994,0,0,0,0,0,0,0,0,0,0
130568,1,1,1994,0,0,0,0,0,0,0,0,0,0
130568,2,1,1994,0,9,0,0,0,0,0,0,0,0
130569,1,1,1994,0,0,0,0,0,0,0,0,0,0
130569,2,1,1994,0,0,0,0,0,0,0,0,0,0
130570,1,1,1994,0,0,0,0,0,0,0,0,0,0
130571,1,1,1994,0,0,0,0,0,0,0,0,0,0
130571,2,1,1994,0,0,0,0,0,0,0,0,0,0
130571,3,1,1994,0,0,0,0,0,0,0,0,0,0
130572,1,1,1994,0,0,0,0,0,0,0,0,0,0
130572,2,1,1994,0,0,0,0,0,0,0,0,0,0
130573,1,1,1994,0,0,0,0,0,0,0,0,0,0
130574,1,1,1994,0,0,0,0,0,0,0,0,0,0
130574,2,1,1994,0,0,0,0,0,0,0,0,0,0
130575,1,1,1994,0,0,0,0,0,0,0,0,0,0
130575,2,1,1994,0,0,0,0,0,0,0,0,0,0
130575,3,1,1994,0,0,0,0,0,0,0,0,0,0
130576,1,1,1994,15,15,15,15,15,15,15,15,15,15
130577,1,1,1994,28,28,28,28,28,28,28,28,28,28
130578,1,1,1994,0,0,0,0,0,0,0,0,0,0
130578,2,1,1994,0,0,0,0,0,0,0,0,0,0
130579,1,1,1994,0,0,0,0,0,0,0,0,0,0
130579,2,1,1994,0,0,0,0,0,0,0,0,0,0
130580,1,1,1994,0,0,0,0,0,0,0,0,0,0
130580,2,1,1994,24,24,24,24,24,24,24,24,24,24
130581,1,1,1994,0,0,0,0,0,0,0,0,0,0
130582,1,1,1994,0,0,0,0,0,0,0,0,0,0
130582,2,1,1994,2,2,2,2,2,2,2,2,2,2
130582,3,1,1994,0,0,0,0,0,0,0,0,0,0
130582,4,1,1994,0,0,0,0,0,0,0,0,12,0
130583,1,1,1994,5,5,5,5,5,5,5,5,5,5
130583,2,1,1994,0,0,0,0,0,0,0,0,0,0
130584,1,1,1994,29,29,29,29,29,29,29,29,29,29
130585,1,1,1994,0,0,0,0,0,0,0,0,0,0
130585,2,1,1994,0,0,0,0,0,0,0,0,0,0
130586,1,1,1994,0,0,0,0,0,0,0,0,0,0
130586,2,1,1994,0,0,0,0,0,0,0,0,0,0
130586,3,1,1994,0,0,0,0,0,0,0,0,0,0
130587,1,1,1994,18,17,25,0,24,21,18,16,14,3
130588,0,1,1994,24,0,0,0,0,0,0,0,0,16
130588,0,2,1994,0,0,0,0,0,0,0,0,0,0
130588,1,1,1994,0,0,0,0,0,0,0,0,0,0
130589,0,1,1994,34,34,34,34,34,34,34,34,34,34
130589,1,1,1994,0,0,0,0,0,0,0,0,0,0
130590,1,1,1994,0,0,0,0,0,0,0,0,0,0
130590,2,1,1994,0,0,0,0,0,0,0,5,0,0
130591,1,1,1994,0,0,0,0,0,0,0,0,0,0
130591,2,1,1994,0,0,0,0,0,0,0,0,0,0
130591,3,1,1994,0,0,0,0,0,0,0,0,0,0
130592,1,1,1994,19,19,19,19,19,19,19,19,19,19
130593,1,1,1994,0,0,0,0,0,0,0,0,0,0
130594,1,1,1994,0,0,0,0,0,0,0,0,0,0
130594,2,1,1994,0,0,0,0,0,0,0,0,0,0
130595,1,1,1994,10,10,10,10,10,10,10,10,10,10
130596,1,1,1994,0,0,0,0,0,0,0,0,0,0
130597,1,1,1994,12,12,12,12,12,12,12,12,12,12
130598,0,1,1994,0,0,0,7,32,0,0,0,0,0
130598,1,1,1994,26,26,26,26,26,26,26,26,26,26
130599,1,1,1994,0,0,0,12,0,13,0,0,0,0
130599,2,1,1994,24,0,0,0,0,0,23,0,0,12
130600,1,1,1994,0,0,0,0,0,0,0,0,0,0
130600,2,1,1994,0,0,0,0,0,0,0,0,0,0
130601,1,1,1994,0,0,0,0,0,0,0,0,0,0
130601,2,1,1994,0,0,0,0,0,0,0,0,0,0
130602,1,1,1994,0,0,0,0,0,0,0,0,0,0
130602,2,1,1994,0,0,0,0,0,0,0,0,0,0
130603,1,1,1994,0,0,0,0,0,0,0,0,0,0
130604,1,1,1994,0,0,0,0,0,0,0,0,0,0
130604,2,1,1994,0,0,0,0,0,0,0,0,0,0
130605,1,1,1994,3,3,3,3,3,3,3,3,3,3
130605,2,1,1994,0,0,0,0,0,0,0,0,0,0
130606,1,1,1994,0,0,0,0,0,0,0,0,0,0
130606,2,1,1994,0,0,0,0,0,0,0,0,0,0
130607,1,1,1994,0,0,0,0,0,0,0,0,0,0
130607,2,1,1994,0,0,0,0,0,0,0,0,0,0
130608,1,1,1994,0,0,0,0,0,0,0,0,0,0
130608,2,1,1994,0,0,0,0,0,0,0,0,0,0
130609,1,1,1994,0,0,0,0,0,0,0,0,0,0
130609,2,1,1994,0,0,0,0,0,0,0,0,14,10
130610,0,1,1994,34,34,34,34,34,34,34,34,34,34
130610,1,1,1994,0,0,0,0,0,0,0,0,0,0
130610,2,1,1994,0,4,0,0,0,0,0,0,0,0
130611,1,1,1994,0,0,0,0,0,0,0,0,0,0
130611,2,1,1994,0,0,0,0,0,0,0,0,0,0
130612,1,1,1994,0,0,0,0,0,0,0,0,0,0
130613,1,1,1994,17,17,17,17,17,17,17,17,17,17
130614,1,1,1994,0,0,0,0,0,0,0,0,0,0
130614,2,1,1994,0,0,0,0,0,0,0,0,0,0
130615,1,1,1994,33,33,33,33,33,33,33,33,33,33
130616,1,1,1994,0,0,0,0,0,0,0,0,0,0
130617,1,1,1994,0,0,0,0,0,0,0,0,0,0
130617,2,1,1994,0,0,0,0,0,0,0,0,0,0
130618,0,1,1994,9,9,9,9,9,9,9,9,9,9
130618,1,1,1994,0,0,0,0,0,0,0,0,0,0
130619,1,1,1994,3,3,3,3,3,3,3,3,3,3
130620,1,1,1994,0,0,0,0,0,0,0,0,0,0
130621,1,1,1994,0,0,0,0,0,0,0,0,0,0
130621,2,1,1994,0,0,0,0,0,0,0,0,0,0
130622,1,1,1994,19,19,19,19,19,19,19,19,19,19
130623,1,1,1994,0,0,0,0,0,0,0,0,0,0
130623,2,1,1994,0,0,0,0,0,0,0,0,0,0
130624,1,1,1994,20,19,15,18,25,26,21,8,19,21
130625,1,1,1994,5,5,5,5,5,5,5,5,5,5
130625,2,1,1994,17,17,17,17,17,17,17,17,17,17
130626,0,1,1994,0,0,0,0,0,0,0,0,0,0
130626,1,1,1994,0,28,19,12,0,0,0,0,0,25
130627,1,1,1994,0,0,0,0,0,0,0,0,0,0
130627,2,1,1994,0,0,0,0,0,0,0,0,0,0
130627,3,1,1994,0,0,12,0,0,0,0,0,0,0
130628,0,1,1994,29,29,29,29,29,29,29,29,29,29
130628,1,1,1994,0,0,0,0,0,0,0,0,0,0
130629,1,1,1994,24,24,24,24,24,24,24,24,24,24
130630,1,1,1994,0,0,0,0,0,0,0,0,12,0
130631,1,1,1994,0,0,0,0,11,0,0,0,0,0
130632,0,1,1994,0,0,0,0,0,0,0,0,0,0
130632,1,1,1994,0,0,0,0,0,0,0,0,0,0
130633,1,1,1994,0,0,0,0,0,0,0,0,0,0
130634,1,1,1994,0,0,0,0,0,0,0,0,0,0
130634,2,1,1994,0,0,0,0,0,0,0,0,0,0
130635,1,1,1994,0,0,0,0,0,0,0,0,0,0
130635,2,1,1994,2,2,2,2,2,2,2,2,2,2
130636,1,1,1994,0,0,0,0,0,0,0,0,0,0
130636,2,1,1994,0,0,0,0,0,0,0,0,0,0
130636,3,1,1994,0,0,0,0,0,0,0,0,0,0
130637,1,1,1994,0,7,0,0,0,0,0,0,0,0
130638,1,1,1994,0,0,0,0,0,0,0,0,0,0
130638,2,1,1994,0,0,0,0,0,0,0,0,0,0
130639,1,1,1994,0,0,0,0,0,0,0,0,0,0
130639,2,1,1994,0,0,0,10,0,0,0,0,0,0
130640,1,1,1994,27,27,27,27,27,27,27,27,27,27
130641,1,1,1994,0,0,0,0,0,0,0,0,0,0
130641,2,1,1994,0,0,0,0,0,0,0,0,0,0
130642,1,1,1994,0,0,0,0,0,13,0,0,0,0
130643,1,1,1994,0,0,0,0,0,0,0,0,0,0
130644,1,1,1994,0,8,0,0,21,0,0,0,0,26
130644,2,1,1994,0,2,0,0,0,13,0,20,0,0
130644,3,1,1994,0,0,0,0,0,0,0,0,0,25
130645,1,1,1994,0,0,0,0,0,0,0,0,0,0
130646,1,1,1994,0,0,0,0,0,0,0,0,0,14
130647,1,1,1994,38,38,38,38,38,38,38,38,38,38
130648,1,1,1994,0,24,0,0,0,0,0,0,0,0
130648,2,1,1994,0,0,0,0,0,0,0,0,0,0
130648,3,1,1994,0,0,0,0,0,0,0,0,0,0
130649,1,1,1994,0,18,31,0,9,5,0,15,5,23
130650,0,1,1994,0,0,0,0,0,0,0,0,0,0
130650,2,1,1994,9,9,9,9,9,9,9,9,9,9
130651,1,1,1994,19,19,19,19,19,19,19,19,19,19
130651,2,1,1994,0,0,0,0,0,0,0,0,0,0
130652,1,1,1994,0,0,0,0,0,0,0,0,0,0
130652,2,1,1994,0,0,0,0,0,0,0,0,0,0
130653,0,1,1994,0,30,0,15,22,0,0,0,31,0
130653,1,1,1994,0,0,0,0,0,0,0,0,0,0
130654,0,1,1994,21,21,21,21,21,21,21,21,21,21
130654,1,1,1994,16,11,24,16,35,0,33,14,21,3
130655,1,1,1994,9,9,9,9,9,9,9,9,9,9
130655,2,1,1994,0,0,0,0,0,0,0,0,0,0
130656,1,1,1994,17,0,0,0,0,15,28,15,14,0
130656,2,1,1994,0,0,0,21,0,0,24,6,33,16
130657,1,1,1994,0,0,0,0,0,0,0,0,0,0
130657,2,1,1994,0,0,0,0,0,0,0,0,0,0
130658,1,1,1994,0,0,0,0,0,0,0,0,0,0
130658,2,1,1994,0,0,0,23,0,0,0,0,0,0
130659,1,1,1994,0,0,18,24,0,5,0,22,14,4
130660,1,1,1994,0,0,0,0,0,0,0,0,0,0
130660,2,1,1994,0,0,0,0,0,0,0,0,0,0
130660,3,1,1994,0,0,0,0,0,0,0,0,0,0
130661,0,1,1994,10,10,10,10,10,10,10,10,10,10
130661,1,1,1994,0,0,7,0,0,0,0,23,0,0
130662,1,1,1994,0,11,0,0,0,11,0,0,0,0
130663,1,1,1994,0,0,0,0,0,0,0,0,0,0
130663,2,1,1994,0,0,0,0,0,0,0,0,0,0
130663,3,1,1994,0,0,0,0,0,0,0,0,0,0
130664,1,1,1994,18,0,6,0,24,9,0,17,15,22
130665,0,1,1994,0,0,0,0,0,0,0,0,0,0
130665,1,1,1994,0,0,0,0,0,0,0,0,0,0
130666,0,1,1994,0,0,12,25,23,16,24,0,10,21
130666,1,1,1994,16,16,16,16,16,16,16,16,16,16
130667,0,1,1994,17,11,27,22,21,24,26,29,11,19
130667,0,2,1994,21,26,13,32,8,31,32,3,18,48
130667,1,1,1994,11,11,11,11,11,11,11,11,11,11
130667,2,1,1994,0,0,0,0,0,0,0,0,0,0
130668,1,1,1994,25,25,25,25,25,25,25,25,25,25
130668,2,1,1994,0,0,0,0,0,0,0,0,0,0
130669,1,1,1994,0,0,0,13,0,0,0,0,0,0
130670,1,1,1994,0,0,0,0,0,0,0,0,0,0
130670,2,1,1994,0,0,0,0,0,0,0,0,0,0
130671,1,1,1994,17,17,17,17,17,17,17,17,17,17
130672,1,1,1994,0,0,0,0,0,0,0,0,0,0
130673,1,1,1994,5,5,5,5,5,5,5,5,5,5
130673,2,1,1994,0,0,0,0,0,0,0,0,0,0
130673,3,1,1994,15,0,0,0,0,0,0,0,0,0
130674,1,1,1994,0,0,0,0,0,10,0,0,0,0
130675,0,1,1994,21,18,24,0,33,20,0,0,0,10
130675,1,1,1994,0,0,0,0,0,0,0,0,0,0
130676,1,1,1994,0,0,0,0,0,0,0,0,0,0
130676,2,1,1994,0,0,0,0,0,0,0,0,0,0
130677,1,1,1994,26,26,26,26,26,26,26,26,26,26
130677,2,1,1994,0,0,0,0,0,0,0,0,0,0
130678,1,1,1994,0,0,0,0,0,0,0,0,0,0
130678,2,1,1994,0,0,0,0,0,0,0,0,0,0
130679,1,1,1994,0,0,0,0,0,0,0,0,0,0
130679,2,1,1994,0,0,0,0,0,0,0,0,0,0
130680,1,1,1994,0,0,0,0,0,0,0,0,0,0
130680,2,1,1994,0,0,0,0,0,0,0,0,0,0
130681,1,1,1994,16,16,16,16,16,16,16,16,16,16
130681,2,1,1994,0,0,0,0,0,0,0,0,0,0
130683,1,1,1994,0,0,0,0,0,0,0,0,0,0
130684,0,1,1994,3,3,3,3,3,3,3,3,3,3
130684,1,1,1994,0,0,0,0,0,0,0,0,0,0
130685,1,1,1994,0,0,0,0,0,0,0,0,0,0
130685,2,1,1994,0,6,0,0,0,0,0,0,0,0
130686,1,1,1994,23,0,23,0,0,0,0,15,0,14
130687,1,1,1994,10,10,10,10,10,10,10,10,10,10
130688,0,1,1994,0,0,0,0,0,0,0,0,0,0
130688,1,1,1994,0,0,9,8,0,0,0,0,13,21
130689,1,1,1994,0,0,0,0,0,0,0,0,0,0