ST_CASE,VEH_NO,PER_NO,YEAR,P1,P2,P3,P4,P5,P6,P7,P8,P9,P10
130689,2,1,1994,0,0,0,0,0,0,0,0,0,0
130690,1,1,1994,1,1,1,1,1,1,1,1,1,1
130691,1,1,1994,0,0,0,0,0,0,0,0,0,0
130691,2,1,1994,0,0,0,0,0,0,0,0,0,0
130692,1,1,1994,0,0,0,0,0,0,0,0,0,0
130693,1,1,1994,0,0,0,0,0,0,0,0,0,0
130693,2,1,1994,0,0,0,0,0,0,0,0,0,0
130694,1,1,1994,0,0,0,0,0,0,0,0,0,0
130695,1,1,1994,9,9,9,9,9,9,9,9,9,9
130696,1,1,1994,0,0,0,0,0,0,0,0,0,0
130697,1,1,1994,21,21,21,21,21,21,21,21,21,21
130698,0,1,1994,0,0,0,0,0,0,0,0,0,0
130698,1,1,1994,17,18,16,3,35,14,36,20,13,26
130699,1,1,1994,0,0,0,18,0,0,0,5,0,14
130700,1,1,1994,0,0,0,0,0,0,0,0,0,0
130701,0,1,1994,0,0,0,0,0,0,0,0,0,0
130701,1,1,1994,0,0,0,0,0,0,0,0,0,0
130702,1,1,1994,29,29,29,29,29,29,29,29,29,29
130702,2,1,1994,0,0,0,0,0,0,0,0,0,0
130703,1,1,1994,0,0,0,0,0,0,0,0,0,0
130704,1,1,1994,0,0,0,0,0,0,0,0,0,0
130705,1,1,1994,0,0,0,0,0,0,0,0,0,0
130706,1,1,1994,0,0,0,0,0,0,0,0,0,0
130707,1,1,1994,0,0,0,0,0,0,0,0,0,0
130707,2,1,1994,0,0,0,0,0,0,0,0,0,0
130708,1,1,1994,0,0,0,0,0,0,0,0,0,0
130709,1,1,1994,18,18,18,18,18,18,18,18,18,18
130710,1,1,1994,24,24,24,24,24,24,24,24,24,24
130711,1,1,1994,0,0,0,0,0,0,0,0,0,0
130712,1,1,1994,1,1,1,1,1,1,1,1,1,1
130712,2,1,1994,4,4,4,4,4,4,4,4,4,4
130713,1,1,1994,25,25,25,25,25,25,25,25,25,25
130714,1,1,1994,0,0,0,0,0,0,0,0,0,0
130714,2,1,1994,0,0,0,0,0,0,0,0,0,0
130715,1,1,1994,7,7,7,7,7,7,7,7,7,7
130716,1,1,1994,0,0,0,0,0,0,0,0,0,0
130716,2,1,1994,0,0,0,0,0,0,0,0,0,15
130717,0,1,1994,23,23,23,23,23,23,23,23,23,23
130717,1,1,1994,0,0,0,0,0,0,0,0,0,0
130717,2,1,1994,0,0,0,22,0,0,0,0,0,0
130718,1,1,1994,18,18,18,18,18,18,18,18,18,18
130719,0,1,1994,0,0,0,0,0,0,0,0,0,0
130719,1,1,1994,0,0,0,0,0,0,0,0,0,0
130720,1,1,1994,16,0,0,0,0,0,0,0,0,26
130720,2,1,1994,0,0,0,0,0,0,0,0,0,0
130721,1,1,1994,0,0,0,0,0,0,0,0,0,0
130721,2,1,1994,0,0,0,0,0,0,0,0,0,0
130722,1,1,1994,0,0,0,0,0,0,0,0,0,0
130722,2,1,1994,0,0,0,0,0,0,0,0,0,0
130723,1,1,1994,0,0,0,0,0,0,0,0,0,0
130723,2,1,1994,0,0,0,0,0,0,0,0,0,0
130723,3,1,1994,0,0,0,0,0,0,0,0,0,0
130724,1,1,1994,0,0,0,0,0,0,0,0,0,0
130725,1,1,1994,16,16,16,16,16,16,16,16,16,16
130726,1,1,1994,0,0,0,0,0,0,0,0,0,0
130726,2,1,1994,0,0,0,0,0,0,0,0,0,0
130726,3,1,1994,0,0,0,0,0,0,0,0,0,0
130727,1,1,1994,14,14,14,14,14,14,14,14,14,14
130727,2,1,1994,7,7,7,7,7,7,7,7,7,7
130728,0,1,1994,31,31,31,31,31,31,31,31,31,31
130728,1,1,1994,0,0,0,0,7,14,6,0,23,0
130729,1,1,1994,10,10,10,10,10,10,10,10,10,10
130729,2,1,1994,0,0,0,0,0,0,0,0,0,0
130729,3,1,1994,0,0,0,0,0,0,0,0,0,0
130730,1,1,1994,0,0,0,0,0,0,0,0,0,0
130730,2,1,1994,0,0,0,0,0,0,0,0,0,0
130730,3,1,1994,0,0,0,0,0,0,0,0,0,0
130731,1,1,1994,16,16,16,16,16,16,16,16,16,16
130732,1,1,1994,9,12,20,14,22,18,9,16,30,20
130733,1,1,1994,0,0,0,0,0,0,0,0,0,0
130733,2,1,1994,0,0,0,0,0,0,7,0,0,0
130734,1,1,1994,0,0,0,0,0,0,0,0,0,0
130734,2,1,1994,0,0,0,0,0,0,0,0,0,0
130735,1,1,1994,0,0,0,0,0,0,0,0,0,0
130735,2,1,1994,0,0,0,0,0,0,0,0,0,0
130736,1,1,1994,0,0,0,0,12,0,0,0,0,0
130737,1,1,1994,24,0,25,3,20,0,0,0,0,22
130738,1,1,1994,0,0,0,0,0,0,0,0,0,0
130739,1,1,1994,0,0,0,0,0,0,0,0,0,0
130740,1,1,1994,0,0,0,0,0,0,0,0,0,0
130740,2,1,1994,0,0,0,0,0,0,0,0,0,0
130741,1,1,1994,2,2,2,2,2,2,2,2,2,2
130741,2,1,1994,0,0,0,0,0,0,0,0,0,0
130742,1,1,1994,9,9,9,9,9,9,9,9,9,9
130742,2,1,1994,0,0,0,0,0,0,0,0,0,0
130742,3,1,1994,0,0,0,0,0,0,0,0,0,0
130743,1,1,1994,0,0,0,0,0,0,0,0,0,0
130743,2,1,1994,0,0,0,0,0,0,0,0,0,0
130744,1,1,1994,0,0,0,0,0,0,0,0,0,0
130744,2,1,1994,0,0,0,0,0,0,14,0,0,0
130745,1,1,1994,0,0,0,0,0,0,0,0,0,0
130745,2,1,1994,0,0,0,0,0,0,0,0,0,0
130745,3,1,1994,0,0,0,37,9,0,0,0,0,0
130746,1,1,1994,0,0,0,0,0,0,0,0,0,0
130747,1,1,1994,0,0,0,0,0,0,0,0,0,0
130747,2,1,1994,0,0,0,0,0,0,0,0,0,0
130748,0,1,1994,0,0,0,0,0,0,0,0,0,0
130748,1,1,1994,0,0,0,0,0,0,0,0,0,0
130749,1,1,1994,0,0,0,0,0,0,0,0,0,0
130749,2,1,1994,0,0,0,0,0,0,0,0,0,0
130750,1,1,1994,0,0,0,0,0,0,0,0,0,0
130751,0,1,1994,0,0,0,0,0,0,0,0,0,0
130751,1,1,1994,0,0,0,0,0,0,0,0,0,0
130752,1,1,1994,0,0,0,0,0,0,0,0,0,0
130752,2,1,1994,0,0,0,0,0,0,0,0,0,0
130753,1,1,1994,0,0,0,0,0,10,0,0,0,0
130754,1,1,1994,0,0,0,0,0,0,0,0,0,0
130754,2,1,1994,0,0,0,0,0,0,0,0,0,0
130755,1,1,1994,0,0,0,0,0,0,0,0,0,0
130755,2,1,1994,0,0,0,0,0,0,0,0,0,0
130757,1,1,1994,32,32,32,32,32,32,32,32,32,32
130758,1,1,1994,0,0,0,0,20,0,0,19,0,0
130758,2,1,1994,0,0,0,0,0,0,0,0,0,0
130759,1,1,1994,0,0,0,0,0,0,0,0,0,0
130759,2,1,1994,20,28,0,8,12,10,9,26,13,8
130760,1,1,1994,0,0,0,0,0,0,0,0,0,0
130761,1,1,1994,21,21,21,21,21,21,21,21,21,21
130761,2,1,1994,0,0,0,0,0,0,0,0,0,0
130762,1,1,1994,0,0,0,0,0,0,0,0,0,0
130762,2,1,1994,0,0,0,0,0,0,0,0,20,0
130763,1,1,1994,33,33,33,33,33,33,33,33,33,33
130764,1,1,1994,0,0,0,0,0,0,0,0,0,0
130764,2,1,1994,0,0,0,0,0,0,0,0,0,0
130765,1,1,1994,0,0,0,0,0,0,0,0,0,0
130765,2,1,1994,0,0,0,0,0,0,0,0,0,0
130766,1,1,1994,20,20,20,20,20,20,20,20,20,20
130767,1,1,1994,1,1,1,1,1,1,1,1,1,1
130767,2,1,1994,0,0,0,0,0,0,0,0,0,0
130768,0,1,1994,10,0,0,0,0,7,15,14,0,9
130768,1,1,1994,0,0,0,0,0,0,0,0,0,0
130769,0,1,1994,14,14,14,14,14,14,14,14,14,14
130769,1,1,1994,0,0,0,0,0,0,0,0,0,0
130770,1,1,1994,28,37,6,0,38,26,26,30,24,20
130771,0,1,1994,18,18,18,18,18,18,18,18,18,18
130771,1,1,1994,0,0,0,0,0,0,0,19,0,0
130772,1,1,1994,12,0,0,18,0,13,0,0,18,17
130772,2,1,1994,0,0,0,0,0,0,0,0,0,0
130773,1,1,1994,0,0,11,9,4,0,0,15,0,9
130773,2,1,1994,0,0,0,0,0,0,0,0,0,0
130774,1,1,1994,26,26,26,26,26,26,26,26,26,26
130774,2,1,1994,43,0,0,16,0,0,0,17,0,0
130775,0,1,1994,33,33,33,33,33,33,33,33,33,33
130775,1,1,1994,0,0,0,0,0,0,0,0,0,0
130776,0,1,1994,0,0,0,0,0,0,0,0,0,0
130776,0,2,1994,7,12,6,0,30,0,21,24,0,15
130776,2,1,1994,0,0,0,0,0,0,0,0,0,0
130777,1,1,1994,0,10,0,0,0,0,0,0,0,0
130778,0,1,1994,0,23,0,0,0,0,0,0,28,23
130778,1,1,1994,0,0,0,0,0,0,0,0,0,0
130779,1,1,1994,0,0,0,0,0,0,0,0,0,0
130779,2,1,1994,0,0,0,0,0,0,0,0,0,0
130780,1,1,1994,0,0,0,0,0,0,0,4,0,0
130780,2,1,1994,0,0,0,0,0,0,0,5,0,0
130781,0,1,1994,8,8,8,8,8,8,8,8,8,8
130781,1,1,1994,2,2,2,2,2,2,2,2,2,2
130782,2,1,1994,0,0,0,0,0,0,0,0,0,0
130782,3,1,1994,0,0,0,0,0,0,0,0,0,0
130783,1,1,1994,0,0,0,0,18,0,0,0,0,0
130783,2,1,1994,0,0,0,0,0,0,0,0,0,0
130784,1,1,1994,0,24,28,18,12,44,0,0,0,0
130784,2,1,1994,0,0,0,0,0,0,0,0,0,0
130784,3,1,1994,0,0,0,0,0,0,0,0,0,0
130785,1,1,1994,24,24,24,24,24,24,24,24,24,24
130786,1,1,1994,12,12,12,12,12,12,12,12,12,12
130786,2,1,1994,0,0,0,0,0,0,0,0,0,0
130786,3,1,1994,0,0,0,0,0,0,0,0,0,0
130787,1,1,1994,17,17,17,17,17,17,17,17,17,17
130787,2,1,1994,0,0,0,0,0,0,0,0,0,0
130787,3,1,1994,0,13,0,0,0,0,0,23,0,0
130788,1,1,1994,18,18,18,18,18,18,18,18,18,18
130789,1,1,1994,0,0,0,0,0,0,0,0,0,0
130789,2,1,1994,0,0,0,0,0,0,0,0,0,0
130790,1,1,1994,0,0,0,0,0,0,0,0,0,0
130790,2,1,1994,0,0,0,0,0,0,0,15,0,0
130791,1,1,1994,0,0,0,0,0,0,0,0,0,0
130791,2,1,1994,0,0,0,0,0,0,0,0,0,0
130792,1,1,1994,0,0,0,0,0,0,0,0,0,0
130792,2,1,1994,0,0,0,0,0,0,0,0,0,0
130793,1,1,1994,14,14,14,14,14,14,14,14,14,14
130794,1,1,1994,0,0,0,0,0,0,0,0,0,0
130794,2,1,1994,0,0,0,0,0,0,0,0,0,0
130795,1,1,1994,0,0,0,0,0,0,0,0,0,0
130795,2,1,1994,0,0,0,0,0,0,0,0,0,0
130796,1,1,1994,14,19,0,34,9,8,18,10,5,14
130797,1,1,1994,0,0,0,0,0,0,0,0,0,0
130797,2,1,1994,4,4,4,4,4,4,4,4,4,4
130798,1,1,1994,0,0,0,0,0,0,0,0,0,0
130799,1,1,1994,0,0,0,0,0,0,0,0,0,0
130800,1,1,1994,0,19,5,12,0,5,9,0,26,18
130800,2,1,1994,0,0,0,0,0,0,0,0,0,0
130800,3,1,1994,11,20,20,0,26,0,0,0,14,14
130801,1,1,1994,13,13,13,13,13,13,13,13,13,13
130802,1,1,1994,0,0,0,0,0,0,0,0,0,0
130802,2,1,1994,29,29,29,29,29,29,29,29,29,29
130803,0,1,1994,0,0,0,0,0,0,0,0,0,0
130803,1,1,1994,0,0,0,0,0,0,0,0,0,0
130804,0,1,1994,29,29,29,29,29,29,29,29,29,29
130804,1,1,1994,0,0,0,0,0,0,0,0,0,0
130805,0,1,1994,0,0,0,0,0,0,0,0,0,0
130805,1,1,1994,0,0,0,0,0,0,0,0,0,0
130806,1,1,1994,18,0,0,0,8,0,0,0,6,0
130806,2,1,1994,0,0,0,0,0,0,0,0,0,0
130807,1,1,1994,19,19,19,19,19,19,19,19,19,19
130808,1,1,1994,0,0,0,0,0,0,0,0,0,0
130808,2,1,1994,0,0,0,0,0,0,0,0,0,0
130809,1,1,1994,0,0,0,0,0,0,0,0,0,0
130809,2,1,1994,0,0,0,0,0,0,0,0,0,0
130810,1,1,1994,15,15,15,15,15,15,15,15,15,15
130811,1,1,1994,0,0,0,0,0,0,0,0,0,0
130812,1,1,1994,0,0,0,0,0,0,0,0,0,0
130812,2,1,1994,0,0,0,0,0,0,0,0,0,0
130813,1,1,1994,0,0,0,0,0,0,0,0,0,0
130813,2,1,1994,0,0,0,0,0,0,0,0,0,0
130814,1,1,1994,0,0,0,0,0,0,0,0,0,0
130814,2,1,1994,0,0,0,0,0,0,0,0,0,0
130814,3,1,1994,0,0,0,0,0,0,0,0,0,0
130814,4,1,1994,0,0,0,0,0,0,0,0,0,0
130814,5,1,1994,0,0,0,0,0,0,0,0,0,0
130815,1,1,1994,0,0,0,0,0,0,0,0,0,0
130815,2,1,1994,1,1,1,1,1,1,1,1,1,1
130816,1,1,1994,0,0,0,0,0,0,0,6,12,0
130816,2,1,1994,0,0,0,0,0,0,0,0,0,0
130817,1,1,1994,0,0,0,0,0,0,0,0,0,0
130817,2,1,1994,0,0,0,0,0,0,0,0,0,0
130818,1,1,1994,0,0,0,0,0,0,0,0,0,0
130818,2,1,1994,0,0,0,0,0,0,0,0,0,0
130819,0,1,1994,0,25,10,0,0,17,0,0,0,7
130819,1,1,1994,0,0,0,0,0,0,0,0,0,0
130820,1,1,1994,0,14,17,0,0,0,26,15,5,21
130822,1,1,1994,0,0,0,0,0,0,0,0,0,0
130823,1,1,1994,0,0,18,0,0,0,0,0,0,0
130823,2,1,1994,0,0,0,0,0,0,0,0,0,0
130824,1,1,1994,0,0,0,0,0,0,0,0,0,0
130824,2,1,1994,0,0,0,0,0,0,0,0,0,0
130825,1,1,1994,0,0,7,0,0,0,0,0,0,0
130825,2,1,1994,0,0,0,0,18,0,0,0,0,0
130826,1,1,1994,0,0,0,0,0,0,0,0,0,0
130827,1,1,1994,0,0,0,0,0,0,0,0,0,0
130827,2,1,1994,0,0,0,0,0,0,0,0,0,0
130828,1,1,1994,5,5,5,5,5,5,5,5,5,5
130828,2,1,1994,0,0,0,0,0,0,0,0,0,0
130829,1,1,1994,17,17,17,17,17,17,17,17,17,17
130830,1,1,1994,0,0,0,0,0,0,0,0,0,0
130830,2,1,1994,0,0,0,0,0,0,0,0,0,0
130830,3,1,1994,0,0,0,8,0,0,0,0,0,0
130831,0,1,1994,7,7,7,7,7,7,7,7,7,7
130831,1,1,1994,0,0,0,0,0,0,0,0,0,0
130832,1,1,1994,0,0,0,0,0,0,0,0,0,0
130832,2,1,1994,0,0,32,21,8,0,11,9,0,0
130833,1,1,1994,0,0,20,0,0,0,0,0,0,0
130834,0,1,1994,0,0,0,0,0,0,0,0,12,0
130834,1,1,1994,0,0,0,0,0,0,0,0,0,0
130835,1,1,1994,0,0,0,0,0,0,0,0,0,0
130835,2,1,1994,0,0,0,0,0,0,0,0,0,0
130836,0,1,1994,0,0,0,0,0,0,0,0,0,0
130836,1,1,1994,0,0,0,0,0,0,0,0,0,0
130837,1,1,1994,0,15,22,0,14,0,0,8,0,0
130837,2,1,1994,0,0,0,0,0,0,0,0,0,0
130838,1,1,1994,0,0,0,0,0,0,0,0,0,0
130838,2,1,1994,0,0,0,0,0,0,0,0,0,0
130838,3,1,1994,0,0,0,0,0,0,0,0,14,0
130839,1,1,1994,0,0,0,0,16,0,0,0,0,0
130839,2,1,1994,0,0,0,0,0,0,0,0,0,0
130840,1,1,1994,0,0,0,0,0,0,0,0,0,0
130840,2,1,1994,0,0,0,0,0,0,0,0,0,0
130840,3,1,1994,0,0,0,0,0,0,0,0,0,0
130840,4,1,1994,0,0,0,0,0,0,0,0,0,0
130841,1,1,1994,0,0,0,0,0,0,0,0,0,0
130841,2,1,1994,0,0,0,0,0,0,0,0,0,0
130842,1,1,1994,0,0,0,0,0,0,0,0,0,0
130842,2,1,1994,0,0,0,0,0,0,0,0,0,0
130843,1,1,1994,24,24,24,24,24,24,24,24,24,24
130844,1,1,1994,0,0,0,0,0,0,0,0,0,0
130844,2,1,1994,0,0,0,0,0,0,0,0,0,0
130845,0,1,1994,0,0,0,0,0,0,0,0,0,0
130845,0,2,1994,19,16,20,0,18,6,0,22,20,23
130845,1,1,1994,10,10,10,10,10,10,10,10,10,10
130846,1,1,1994,16,16,16,16,16,16,16,16,16,16
130847,1,1,1994,0,0,0,0,0,0,0,0,0,0
130847,2,1,1994,0,0,0,13,0,0,0,0,0,0
130848,1,1,1994,0,0,0,0,0,0,0,0,0,0
130848,2,1,1994,0,0,0,0,0,0,0,0,0,0
130849,0,1,1994,0,0,0,0,0,0,0,0,0,0
130849,2,1,1994,0,0,0,0,0,0,0,0,0,0
130850,0,1,1994,4,4,4,4,4,4,4,4,4,4
130850,1,1,1994,4,0,0,0,0,0,0,0,0,0
130851,1,1,1994,0,0,0,0,0,0,0,0,0,0
130851,2,1,1994,0,0,0,0,0,0,0,0,0,0
130852,1,1,1994,0,0,0,0,0,0,0,0,0,0
130852,2,1,1994,0,0,0,0,0,0,0,0,0,0
130852,3,1,1994,0,0,0,0,0,0,0,0,0,0
130853,1,1,1994,0,0,0,0,0,0,0,0,0,0
130853,2,1,1994,2,2,2,2,2,2,2,2,2,2
130854,0,1,1994,0,15,0,0,0,9,0,16,6,27
130854,1,1,1994,0,0,0,0,0,0,0,0,0,0
130855,1,1,1994,32,32,32,32,32,32,32,32,32,32
130856,1,1,1994,26,26,26,26,26,26,26,26,26,26
130857,1,1,1994,35,35,35,35,35,35,35,35,35,35
130857,2,1,1994,0,0,0,0,0,0,0,0,0,0
130858,1,1,1994,0,0,0,0,0,0,0,0,0,0
130858,2,1,1994,0,0,0,0,0,0,0,0,0,0
130859,1,1,1994,0,0,0,0,0,0,0,0,0,0
130860,1,1,1994,0,0,0,0,0,0,0,0,0,0
130861,1,1,1994,29,29,29,29,29,29,29,29,29,29
130862,1,1,1994,0,0,0,0,0,0,0,0,0,0
130862,2,1,1994,0,0,0,0,0,0,0,0,0,0
130863,1,1,1994,3,3,3,3,3,3,3,3,3,3
130864,1,1,1994,0,0,0,0,0,0,0,0,0,0
130865,1,1,1994,0,0,0,0,0,0,0,0,0,0
130865,2,1,1994,0,0,0,0,0,0,0,0,0,0
130866,1,1,1994,10,10,10,10,10,10,10,10,10,10
130867,0,1,1994,0,0,0,0,0,0,0,0,0,0
130867,1,1,1994,0,0,0,0,0,0,0,0,0,0
130868,1,1,1994,13,0,0,0,0,21,18,35,0,21
130869,1,1,1994,29,29,29,29,29,29,29,29,29,29
130870,1,1,1994,0,0,0,0,0,0,0,0,0,0
130871,1,1,1994,5,5,5,5,5,5,5,5,5,5
130872,1,1,1994,0,0,0,0,0,0,0,0,0,3
130872,2,1,1994,0,0,0,0,0,0,0,0,0,0
130873,1,1,1994,8,8,8,8,8,8,8,8,8,8
130874,1,1,1994,0,0,0,0,0,0,0,0,0,0
130874,2,1,1994,0,0,0,0,0,0,0,0,0,0
130875,1,1,1994,0,0,0,0,0,0,0,0,0,0
130876,1,1,1994,0,0,0,14,0,0,0,0,0,0
130876,2,1,1994,29,29,29,29,29,29,29,29,29,29
130877,1,1,1994,0,0,0,0,0,0,0,0,0,0
130878,1,1,1994,0,0,0,10,0,0,0,11,0,0
130879,0,1,1994,13,13,13,13,13,13,13,13,13,13
130879,1,1,1994,2,2,2,2,2,2,2,2,2,2
130880,1,1,1994,23,23,23,23,23,23,23,23,23,23
130881,1,1,1994,19,6,0,7,15,27,14,8,15,17
130881,2,1,1994,0,0,0,0,0,0,0,0,0,0
130882,1,1,1994,0,0,0,0,0,10,0,0,0,0
130882,2,1,1994,0,0,0,0,0,0,0,0,0,0
130883,0,1,1994,0,0,0,0,0,0,0,0,0,0
130883,1,1,1994,0,0,0,0,0,0,0,0,0,0
130884,0,1,1994,0,0,0,0,0,0,0,0,0,0
130884,1,1,1994,0,0,0,0,0,0,0,0,0,0
130885,1,1,1994,0,0,0,0,0,0,0,0,0,0
130885,2,1,1994,0,0,0,0,0,0,0,0,0,0
130886,1,1,1994,0,0,0,0,0,0,0,0,0,0
130886,2,1,1994,0,0,0,0,0,0,0,0,0,0
130887,1,1,1994,12,12,12,12,12,12,12,12,12,12
130888,1,1,1994,0,0,0,0,0,0,0,0,12,0
130889,1,1,1994,0,0,0,0,0,0,0,0,0,0
130889,2,1,1994,0,0,0,0,0,0,0,0,0,0
130890,1,1,1994,0,0,0,0,0,0,0,0,0,0
130890,2,1,1994,14,14,14,14,14,14,14,14,14,14
130891,1,1,1994,0,0,0,0,0,0,0,0,0,0
130891,2,1,1994,0,0,0,0,0,0,0,0,0,0
130892,1,1,1994,0,0,0,0,0,0,0,0,0,0
130893,0,1,1994,0,0,0,0,13,0,0,0,0,0
130893,1,1,1994,0,0,0,0,0,0,0,0,0,0
130894,1,1,1994,9,9,9,9,9,9,9,9,9,9
130895,1,1,1994,0,0,0,0,0,0,0,0,0,0
130895,2,1,1994,0,0,0,0,0,0,0,0,0,0
130896,1,1,1994,25,25,25,25,25,25,25,25,25,25
130897,1,1,1994,0,0,0,0,0,0,0,0,0,0
130897,2,1,1994,0,0,0,0,0,0,0,0,0,0
130898,1,1,1994,0,0,0,0,0,0,0,0,0,0
130899,0,1,1994,25,25,25,25,25,25,25,25,25,25
130899,1,1,1994,0,0,0,0,0,0,0,0,0,0
130900,1,1,1994,0,0,0,0,0,0,0,0,0,0
130900,2,1,1994,5,5,5,5,5,5,5,5,5,5
130901,1,1,1994,0,0,0,0,0,0,0,0,0,0
130902,1,1,1994,0,0,0,0,0,0,0,0,0,0
130903,1,1,1994,0,0,0,0,0,0,0,0,0,0
130904,1,1,1994,0,0,0,0,0,0,0,0,0,0
130904,2,1,1994,0,0,0,0,0,0,0,0,0,0
130905,1,1,1994,0,0,0,0,0,0,0,0,0,0
130905,2,1,1994,0,0,0,0,0,0,0,0,0,0
130906,1,1,1994,5,5,5,5,5,5,5,5,5,5
130906,2,1,1994,0,0,0,0,0,0,8,0,0,0
130906,3,1,1994,0,0,0,0,0,0,0,0,0,0
130907,0,1,1994,23,0,0,0,7,18,0,0,27,0
130907,1,1,1994,0,0,0,0,0,0,0,0,0,0
130908,0,1,1994,0,0,0,0,0,0,0,0,0,0
130908,1,1,1994,0,0,0,0,0,0,0,0,0,0
130909,1,1,1994,0,0,0,0,0,0,0,0,0,0
130909,2,1,1994,0,0,0,0,0,0,0,0,0,0
130910,1,1,1994,16,16,16,16,16,16,16,16,16,16
130910,2,1,1994,0,0,0,0,0,0,0,0,0,0
130911,0,1,1994,0,0,0,0,0,0,0,0,0,0
130911,1,1,1994,0,0,0,0,0,0,0,0,17,0
130912,0,1,1994,7,7,7,7,7,7,7,7,7,7
130912,0,2,1994,28,17,33,0,24,24,5,0,16,22
130912,1,1,1994,18,18,18,18,18,18,18,18,18,18
130912,3,1,1994,0,0,0,0,0,0,0,0,0,0
130913,0,1,1994,31,31,31,31,31,31,31,31,31,31
130913,1,1,1994,23,0,24,16,16,4,16,0,14,12
130914,1,1,1994,11,11,11,11,11,11,11,11,11,11
130914,2,1,1994,6,6,6,6,6,6,6,6,6,6
130915,1,1,1994,0,0,0,0,0,0,0,0,0,0
130915,2,1,1994,0,0,0,0,0,0,0,0,0,0
130915,3,1,1994,0,0,0,0,0,0,0,0,0,0
130915,4,1,1994,0,0,0,0,0,0,0,0,0,0
130915,5,1,1994,0,0,0,0,0,0,0,0,0,0
130916,1,1,1994,0,0,0,0,0,0,0,0,0,0
130916,2,1,1994,0,0,0,0,0,0,0,0,0,0
130916,3,1,1994,0,0,0,0,0,0,0,0,0,0
130917,1,1,1994,13,0,0,0,0,9,10,0,0,0
130918,1,1,1994,0,0,0,0,0,0,0,0,0,0
130918,2,1,1994,0,0,0,0,0,0,0,0,0,0
130919,0,1,1994,0,0,0,0,0,0,0,0,0,0
130919,1,1,1994,0,0,0,0,0,0,0,0,19,0
130920,1,1,1994,0,0,0,0,0,0,0,0,0,0
130920,2,1,1994,0,0,0,0,0,0,0,0,0,0
130921,1,1,1994,0,11,0,0,0,16,0,0,8,11
130921,2,1,1994,0,0,0,0,0,0,0,0,0,0
130922,1,1,1994,0,0,0,0,0,0,0,0,0,0
130922,2,1,1994,0,0,0,0,0,0,0,0,0,0
130923,1,1,1994,30,30,30,30,30,30,30,30,30,30
130924,1,1,1994,0,0,0,0,0,0,0,0,0,0
130925,1,1,1994,0,0,0,0,0,0,0,0,0,0
130925,2,1,1994,0,0,0,0,0,0,0,0,0,0
130926,1,1,1994,0,0,0,0,0,0,0,0,0,0
130926,2,1,1994,0,0,0,0,0,0,0,0,0,0
130926,3,1,1994,0,0,0,0,0,0,0,0,0,0
130927,1,1,1994,0,0,0,0,0,0,0,0,0,0
130927,2,1,1994,0,0,0,0,0,0,0,0,0,0
130928,0,1,1994,26,26,26,26,26,26,26,26,26,26
130928,1,1,1994,0,0,0,0,0,0,0,0,0,0
130929,1,1,1994,0,0,0,0,0,0,0,0,0,0
130929,2,1,1994,0,0,0,0,0,0,0,0,0,0
130930,1,1,1994,0,0,0,0,0,0,0,0,0,0
130930,2,1,1994,0,0,0,0,0,0,0,0,0,0
130930,3,1,1994,0,0,0,0,0,0,0,0,0,0
130931,1,1,1994,0,0,0,0,0,0,0,0,0,0
130931,2,1,1994,0,0,0,0,0,0,0,0,0,0
130932,1,1,1994,11,11,11,11,11,11,11,11,11,11
130933,1,1,1994,0,0,0,0,0,0,0,0,0,0
130933,2,1,1994,0,0,0,0,0,0,0,0,0,0
130934,1,1,1994,0,0,0,0,0,0,0,0,0,0
130934,2,1,1994,19,19,19,19,19,19,19,19,19,19
130935,1,1,1994,5,5,5,5,5,5,5,5,5,5
130936,1,1,1994,0,0,0,0,0,0,0,0,0,0
130936,2,1,1994,0,0,0,0,0,0,0,0,0,0
130937,0,1,1994,0,0,0,0,0,0,0,0,0,0
130937,1,1,1994,0,0,0,0,0,0,0,0,0,0
130938,1,1,1994,0,0,0,0,0,0,0,0,0,0
130939,1,1,1994,22,22,22,22,22,22,22,22,22,22
130940,1,1,1994,0,0,0,0,0,0,0,0,0,0
130940,2,1,1994,0,0,0,0,0,0,0,0,0,0
130941,1,1,1994,0,0,0,0,0,0,0,0,0,0
130941,2,1,1994,0,0,0,0,0,0,0,0,0,0
130941,3,1,1994,0,0,0,0,0,0,0,0,0,0
130942,1,1,1994,18,18,18,18,18,18,18,18,18,18
130943,1,1,1994,0,0,0,0,0,0,0,0,0,0
130944,1,1,1994,0,0,0,0,0,0,0,0,0,0
130944,2,1,1994,0,0,0,0,0,0,0,0,0,0
130945,1,1,1994,0,0,0,0,0,0,0,0,0,0
130945,2,1,1994,3,3,3,3,3,3,3,3,3,3
130946,1,1,1994,0,0,0,0,0,0,0,0,0,0
130946,2,1,1994,20,20,20,20,20,20,20,20,20,20
130947,1,1,1994,4,4,4,4,4,4,4,4,4,4
130947,2,1,1994,0,0,0,0,0,0,0,0,0,0
130948,1,1,1994,18,8,29,1,26,24,39,20,22,27
130948,2,1,1994,0,0,0,0,0,0,0,0,0,0
130949,1,1,1994,0,0,0,0,0,0,0,0,0,0
130949,2,1,1994,6,6,6,6,6,6,6,6,6,6
130950,1,1,1994,12,0,0,0,0,25,18,0,0,0
130951,1,1,1994,2,2,2,2,2,2,2,2,2,2
130952,1,1,1994,0,0,0,0,0,0,0,0,0,0
130952,2,1,1994,0,0,0,0,0,0,0,0,0,0
130953,1,1,1994,0,0,0,0,0,0,0,0,0,0
130953,2,1,1994,0,0,0,0,14,0,0,0,0,0