ST_CASE,VEH_NO,PER_NO,YEAR,P1,P2,P3,P4,P5,P6,P7,P8,P9,P10
130954,0,1,1994,0,0,0,0,0,0,0,0,0,0
130954,1,1,1994,0,0,0,0,0,0,0,0,0,0
130955,1,1,1994,17,17,17,17,17,17,17,17,17,17
130956,1,1,1994,0,0,0,0,0,0,0,0,0,0
130956,2,1,1994,0,0,0,0,0,0,0,0,0,0
130957,1,1,1994,23,23,23,23,23,23,23,23,23,23
130958,1,1,1994,0,0,0,0,0,0,0,0,0,0
130959,1,1,1994,0,0,0,0,0,0,0,0,0,0
130960,1,1,1994,0,0,0,0,0,0,0,0,0,0
130961,1,1,1994,0,0,0,0,0,0,0,0,0,0
130961,2,1,1994,0,0,0,0,0,0,0,0,0,0
130962,1,1,1994,21,21,21,21,21,21,21,21,21,21
130962,2,1,1994,0,0,0,0,0,0,0,0,0,0
130963,1,1,1994,13,13,13,13,13,13,13,13,13,13
130963,2,1,1994,0,0,0,0,0,0,0,0,0,0
130964,1,1,1994,0,0,0,0,0,0,0,0,0,0
130964,2,1,1994,0,0,0,0,0,0,0,0,0,0
130965,1,1,1994,23,11,44,12,6,25,19,12,21,40
130966,1,1,1994,27,27,27,27,27,27,27,27,27,27
130967,0,1,1994,22,22,22,22,22,22,22,22,22,22
130967,1,1,1994,16,0,0,41,0,0,8,0,9,0
130968,0,1,1994,27,20,20,0,27,0,19,17,18,22
130968,1,1,1994,33,12,0,0,13,0,12,24,0,4
130969,1,1,1994,0,0,0,0,0,0,0,0,0,0
130969,2,1,1994,0,0,0,0,0,0,0,0,0,0
130970,1,1,1994,15,15,15,15,15,15,15,15,15,15
130971,1,1,1994,10,0,0,0,0,29,0,18,0,0
130972,0,1,1994,23,23,23,23,23,23,23,23,23,23
130972,1,1,1994,0,0,0,0,0,0,0,0,0,0
130973,1,1,1994,0,0,0,0,0,0,0,0,0,0
130973,2,1,1994,0,0,0,0,0,0,0,0,0,0
130973,3,1,1994,0,0,0,0,0,0,0,0,0,0
130974,1,1,1994,0,0,0,0,0,0,0,0,0,0
130974,2,1,1994,0,0,0,0,0,0,0,0,0,0
130975,1,1,1994,0,0,0,0,0,0,0,0,0,0
130975,2,1,1994,0,0,0,0,0,0,0,0,0,0
130976,1,1,1994,0,0,0,0,0,0,0,0,0,0
130977,1,1,1994,4,4,4,4,4,4,4,4,4,4
130978,1,1,1994,0,0,0,0,0,0,0,0,0,0
130978,2,1,1994,0,0,0,0,0,0,0,0,0,0
130979,0,1,1994,0,0,0,0,0,0,0,0,0,0
130979,1,1,1994,0,0,0,0,0,0,0,0,0,0
130980,1,1,1994,8,8,8,8,8,8,8,8,8,8
130981,1,1,1994,4,4,4,4,4,4,4,4,4,4
130981,2,1,1994,0,0,0,0,0,0,0,0,0,0
130982,1,1,1994,28,28,28,28,28,28,28,28,28,28
130983,1,1,1994,16,21,25,0,20,0,14,28,22,16
130984,0,1,1994,0,0,0,0,0,0,0,0,0,0
130984,1,1,1994,0,0,0,0,0,0,0,0,0,0
130985,1,1,1994,0,0,26,7,0,0,0,23,0,0
130985,2,1,1994,0,0,0,6,0,0,35,0,0,0
130986,1,1,1994,19,19,19,19,19,19,19,19,19,19
130987,0,1,1994,23,23,23,23,23,23,23,23,23,23
130987,1,1,1994,0,0,0,0,0,0,0,0,0,0
130988,1,1,1994,19,19,19,19,19,19,19,19,19,19
130989,1,1,1994,0,0,0,0,0,0,0,0,0,0
130989,2,1,1994,0,0,0,0,0,0,0,0,0,0
130990,1,1,1994,0,0,0,0,0,0,0,0,0,0
130991,1,1,1994,0,0,0,0,0,0,0,0,0,0
130991,2,1,1994,10,4,0,0,0,0,0,17,0,0
130991,3,1,1994,0,0,0,0,0,9,0,9,0,0
130992,1,1,1994,0,0,0,0,0,0,0,0,0,0
130992,2,1,1994,0,0,0,0,0,0,0,0,0,0
130993,1,1,1994,0,0,0,0,0,0,10,0,0,0
130994,1,1,1994,0,0,0,0,0,0,0,0,0,0
130994,2,1,1994,0,0,0,0,0,0,0,0,0,0
130995,1,1,1994,0,0,12,0,0,9,8,15,0,0
130995,2,1,1994,0,0,0,0,0,0,0,0,0,0
130996,1,1,1994,0,0,0,0,0,0,0,0,0,0
130996,2,1,1994,0,0,0,0,0,0,0,0,0,0
130997,0,1,1994,0,0,0,0,0,0,0,0,0,0
130997,1,1,1994,0,0,0,0,0,0,0,0,0,0
130998,1,1,1994,0,0,0,0,0,0,0,0,0,0
130998,2,1,1994,0,0,0,0,0,0,0,0,0,0
130999,1,1,1994,0,0,0,0,0,0,0,0,0,0
131000,1,1,1994,21,21,21,21,21,21,21,21,21,21
131001,0,1,1994,0,0,0,0,0,0,0,0,0,0
131001,1,1,1994,0,0,0,0,0,0,0,0,0,0
131002,1,1,1994,9,28,18,26,0,24,9,25,15,8
131002,2,1,1994,0,0,0,0,0,0,0,0,0,0
131003,1,1,1994,0,0,0,0,0,0,0,0,0,0
131004,1,1,1994,0,0,0,0,20,0,0,0,0,0
131004,2,1,1994,0,0,0,0,0,0,0,0,0,0
131005,1,1,1994,0,0,0,0,0,0,0,0,0,0
131005,2,1,1994,9,9,9,9,9,9,9,9,9,9
131006,1,1,1994,8,0,14,15,0,0,22,0,14,24
131006,2,1,1994,16,16,16,16,16,16,16,16,16,16
131007,0,1,1994,24,0,0,0,0,21,0,7,7,32
131007,1,1,1994,0,0,0,0,0,0,0,0,0,0
131008,1,1,1994,0,20,6,15,7,24,0,25,11,0
131008,2,1,1994,0,0,0,0,0,0,0,0,0,0
131009,1,1,1994,0,0,0,0,0,0,0,0,0,0
131009,2,1,1994,0,0,17,0,0,0,0,0,0,0
131010,1,1,1994,19,19,19,19,19,19,19,19,19,19
131011,1,1,1994,0,0,0,0,0,0,0,0,0,0
131011,2,1,1994,0,0,0,0,0,0,0,0,0,0
131012,1,1,1994,0,0,0,0,0,0,0,0,0,0
131013,1,1,1994,26,26,26,26,26,26,26,26,26,26
131014,0,1,1994,0,0,0,0,0,0,0,0,0,0
131014,1,1,1994,0,0,0,0,0,0,0,0,0,0
131015,1,1,1994,0,0,0,0,0,0,0,0,0,0
131015,2,1,1994,0,0,0,0,0,0,0,0,0,0
131016,1,1,1994,0,0,0,0,0,0,0,0,0,0
131016,2,1,1994,0,0,0,0,0,0,0,0,0,0
131017,1,1,1994,0,0,0,0,0,0,0,0,0,0
131017,2,1,1994,0,0,0,0,0,0,0,0,0,0
131018,0,1,1994,29,29,29,29,29,29,29,29,29,29
131018,1,1,1994,24,0,21,0,0,0,0,0,0,0
131019,0,1,1994,0,0,0,0,0,13,0,0,26,7
131019,1,1,1994,19,18,0,20,12,0,3,18,22,0
131020,1,1,1994,18,18,18,18,18,18,18,18,18,18
131021,1,1,1994,23,23,23,23,23,23,23,23,23,23
131022,1,1,1994,19,19,19,19,19,19,19,19,19,19
131023,1,1,1994,20,20,20,20,20,20,20,20,20,20
131024,1,1,1994,0,0,0,0,0,0,0,0,0,0
131024,2,1,1994,0,0,0,0,0,0,0,0,0,0
131025,0,1,1994,0,15,7,15,0,11,14,0,0,22
131025,1,1,1994,0,0,0,0,0,0,0,0,0,0
131026,0,1,1994,0,0,0,0,0,0,0,0,0,0
131026,1,1,1994,0,0,0,0,0,0,0,0,0,0
131027,0,1,1994,0,0,0,0,0,0,0,0,0,0
131027,1,1,1994,0,0,0,0,0,0,0,0,0,0
131028,1,1,1994,0,0,0,0,0,0,0,0,0,0
131028,2,1,1994,16,16,16,16,16,16,16,16,16,16
131029,1,1,1994,3,3,3,3,3,3,3,3,3,3
131029,2,1,1994,0,0,0,0,0,0,0,0,0,0
131030,1,1,1994,0,0,0,0,0,0,0,0,0,0
131030,2,1,1994,19,19,19,19,19,19,19,19,19,19
131031,1,1,1994,0,0,0,0,0,0,0,0,0,0
131031,2,1,1994,0,0,0,0,0,0,0,0,0,0
131032,1,1,1994,17,17,17,17,17,17,17,17,17,17
131033,1,1,1994,15,17,30,29,14,0,13,8,19,0
131034,1,1,1994,0,0,0,0,0,0,0,0,0,0
131034,2,1,1994,0,0,0,0,0,0,0,0,0,16
131035,1,1,1994,0,0,0,0,0,0,0,0,0,0
131035,2,1,1994,0,0,0,0,0,0,0,0,0,0
131036,0,1,1994,0,0,0,0,0,0,0,0,0,0
131036,1,1,1994,0,0,0,34,0,0,0,0,0,14
131037,1,1,1994,0,0,21,0,0,32,0,0,0,0
131037,2,1,1994,0,0,0,0,0,0,0,0,0,0
131038,1,1,1994,30,21,20,0,0,0,0,0,20,24
131039,1,1,1994,4,4,4,4,4,4,4,4,4,4
131039,2,1,1994,0,0,0,0,0,0,0,0,0,0
131040,1,1,1994,0,0,0,0,0,0,0,0,0,0
131041,0,1,1994,0,0,0,0,0,0,0,0,0,0
131041,1,1,1994,0,0,0,0,0,0,0,0,0,0
131041,2,1,1994,0,0,0,0,0,0,0,0,0,0
131042,1,1,1994,0,0,0,0,0,0,0,0,0,0
131043,0,1,1994,0,0,0,0,0,0,0,0,0,0
131043,1,1,1994,0,0,0,0,0,0,0,0,0,0
131044,1,1,1994,2,2,2,2,2,2,2,2,2,2
131045,1,1,1994,25,25,25,25,25,25,25,25,25,25
131046,1,1,1994,18,18,18,18,18,18,18,18,18,18
131047,1,1,1994,14,26,22,0,0,0,0,17,21,0
131048,1,1,1994,0,0,0,0,0,0,0,0,0,6
131049,1,1,1994,0,0,0,0,0,0,0,0,0,0
131050,1,1,1994,0,0,0,8,18,0,0,0,0,20
131051,1,1,1994,13,19,29,17,9,34,13,18,25,0
131052,1,1,1994,0,0,0,0,0,0,0,0,0,0
131053,1,1,1994,4,4,4,4,4,4,4,4,4,4
131054,1,1,1994,0,0,0,0,0,0,0,0,0,0
131054,2,1,1994,0,0,0,0,0,0,0,0,0,0
131055,1,1,1994,0,0,0,0,0,0,0,0,0,0
131055,2,1,1994,0,0,0,0,13,0,0,0,0,0
131056,1,1,1994,0,0,0,0,0,0,0,0,0,0
131057,0,1,1994,20,20,20,20,20,20,20,20,20,20
131057,1,1,1994,0,0,0,0,0,0,0,15,0,0
131058,1,1,1994,0,0,0,0,0,0,0,0,0,0
131059,1,1,1994,0,0,0,0,0,0,0,0,0,0
131059,2,1,1994,0,0,0,0,0,0,0,0,0,0
131060,1,1,1994,0,0,0,0,0,0,0,0,0,0
131060,2,1,1994,0,0,0,0,0,0,0,0,0,0
131061,1,1,1994,0,0,0,0,0,0,14,0,0,0
131062,1,1,1994,0,0,0,0,0,0,0,0,0,0
131062,2,1,1994,0,0,0,0,0,0,0,0,0,0
131063,1,1,1994,0,0,0,0,0,0,0,0,0,0
131063,2,1,1994,0,0,0,0,0,0,0,0,0,0
131064,1,1,1994,0,0,0,0,0,0,0,0,0,0
131065,1,1,1994,0,0,0,0,0,0,0,0,0,0
131066,1,1,1994,18,27,0,10,0,0,7,21,0,0
131067,1,1,1994,0,0,0,0,0,0,0,0,0,0
131068,1,1,1994,17,34,13,5,0,0,12,0,20,0
131069,1,1,1994,0,0,0,0,0,0,0,0,0,0
131069,2,1,1994,0,0,0,0,0,0,0,0,0,0
131070,1,1,1994,0,0,0,0,0,0,0,0,0,0
131070,2,1,1994,0,0,0,0,0,0,0,0,0,0
131071,1,1,1994,0,0,0,0,0,0,0,0,0,0
131072,1,1,1994,0,0,0,0,0,0,0,0,0,0
131072,2,1,1994,0,0,0,0,0,0,0,0,0,0
131072,3,1,1994,0,9,0,0,0,0,0,0,0,0
131072,4,1,1994,0,0,0,0,0,0,0,0,0,0
131072,5,1,1994,0,0,0,0,0,0,0,0,0,0
131073,1,1,1994,0,0,0,0,0,0,0,0,0,0
131074,1,1,1994,0,0,0,0,11,24,0,0,0,0
131074,2,1,1994,0,0,0,0,0,0,0,0,0,0
131075,0,1,1994,0,0,0,0,0,0,0,0,0,0
131075,1,1,1994,0,0,0,0,0,0,0,0,0,0
131076,0,1,1994,24,24,24,24,24,24,24,24,24,24
131076,1,1,1994,3,3,3,3,3,3,3,3,3,3
131077,1,1,1994,0,0,0,0,0,0,0,0,0,0
131077,2,1,1994,0,0,0,0,0,0,0,0,0,0
131077,3,1,1994,8,0,0,0,0,0,11,26,0,13
131078,0,1,1994,0,0,0,0,0,0,0,0,0,0
131078,1,1,1994,0,0,0,0,0,0,0,0,0,0
131078,2,1,1994,0,0,0,0,0,0,0,0,0,0
131078,3,1,1994,0,0,0,0,0,0,0,0,0,0
131079,0,1,1994,31,31,31,31,31,31,31,31,31,31
131079,1,1,1994,0,0,0,0,0,0,0,0,0,0
131080,1,1,1994,0,0,0,0,0,0,0,0,0,0
131080,2,1,1994,0,0,0,0,0,0,0,0,0,0
131081,1,1,1994,0,15,0,0,8,16,0,0,0,22
131081,2,1,1994,0,0,0,0,0,0,0,0,0,0
131082,0,1,1994,20,20,20,20,20,20,20,20,20,20
131082,1,1,1994,0,0,0,0,0,0,0,0,0,0
131083,1,1,1994,0,0,0,0,0,0,0,0,0,0
131083,2,1,1994,0,0,0,0,0,0,0,0,0,0
131083,3,1,1994,0,9,0,0,0,0,0,0,0,0
131084,1,1,1994,0,0,0,0,0,0,0,0,0,0
131084,2,1,1994,0,0,0,0,0,0,0,0,0,0
131084,3,1,1994,0,0,0,0,0,0,0,0,0,0
131085,1,1,1994,3,3,3,3,3,3,3,3,3,3
131086,1,1,1994,0,0,0,0,0,0,0,0,0,0
131086,2,1,1994,3,3,3,3,3,3,3,3,3,3
131087,1,1,1994,0,0,0,0,0,0,0,0,0,0
131088,1,1,1994,0,0,12,0,25,23,0,0,0,0
131088,2,1,1994,0,0,0,0,0,0,0,0,0,0
131089,1,1,1994,0,0,0,0,0,0,0,0,0,0
131090,1,1,1994,0,0,0,0,0,0,0,0,0,0
131090,2,1,1994,0,0,0,0,0,0,0,0,0,0
131091,1,1,1994,9,0,0,0,0,5,0,0,5,0
131092,1,1,1994,0,0,0,0,0,0,0,0,0,0
131092,2,1,1994,0,0,0,0,0,0,0,0,0,0
131093,1,1,1994,0,0,0,0,0,0,0,0,0,0
131093,2,1,1994,0,0,0,0,0,0,0,0,0,0
131094,1,1,1994,31,0,0,0,4,11,0,0,0,13
131095,1,1,1994,0,0,0,0,0,0,0,16,0,0
131096,1,1,1994,0,0,0,0,0,0,0,0,0,0
131097,1,1,1994,25,25,25,25,25,25,25,25,25,25
131098,1,1,1994,0,0,0,0,0,0,0,0,0,0
131098,2,1,1994,0,0,0,0,0,0,0,0,0,0
131099,1,1,1994,6,6,6,6,6,6,6,6,6,6
131100,0,1,1994,0,0,0,0,0,0,0,0,0,0
131100,1,1,1994,0,0,0,0,0,0,0,0,0,0
131101,1,1,1994,0,0,0,0,0,0,0,0,10,0
131101,2,1,1994,0,0,0,0,0,0,0,0,0,0
131102,0,1,1994,0,0,0,0,0,0,0,0,0,0
131102,1,1,1994,0,0,0,0,0,0,0,0,0,0
131103,1,1,1994,0,0,0,0,0,0,0,0,0,0
131103,2,1,1994,0,0,0,0,0,0,0,0,0,0
131104,1,1,1994,0,0,0,0,0,0,0,0,0,0
131104,2,1,1994,0,0,0,0,0,0,0,0,0,0
131104,3,1,1994,0,0,0,0,0,0,0,0,0,0
131105,1,1,1994,3,3,3,3,3,3,3,3,3,3
131106,1,1,1994,0,0,0,0,0,0,0,0,0,0
131106,2,1,1994,0,0,0,0,0,0,0,0,0,0
131107,1,1,1994,0,0,0,0,0,0,0,0,0,0
131108,1,1,1994,0,0,0,0,0,0,0,0,0,0
131108,2,1,1994,0,0,0,0,0,0,0,0,0,0
131108,3,1,1994,2,2,2,2,2,2,2,2,2,2
131108,4,1,1994,0,0,0,0,0,0,0,0,0,0
131109,1,1,1994,0,0,0,0,0,0,0,0,0,0
131110,1,1,1994,5,0,15,0,0,19,0,0,0,19
131110,2,1,1994,0,0,0,0,0,0,0,0,0,0
131111,1,1,1994,0,0,0,0,0,0,0,0,0,0
131111,2,1,1994,7,7,7,7,7,7,7,7,7,7
131112,1,1,1994,8,8,8,8,8,8,8,8,8,8
131113,1,1,1994,0,0,0,0,0,0,13,0,0,0
131114,1,1,1994,24,0,0,0,0,0,0,0,0,0
131114,2,1,1994,0,0,0,0,0,0,0,0,0,0
131115,1,1,1994,0,0,0,0,0,0,0,0,0,0
131115,2,1,1994,0,0,0,0,0,0,0,0,0,0
131116,0,1,1994,9,9,9,9,9,9,9,9,9,9
131116,1,1,1994,0,0,0,0,0,0,0,0,0,0
131117,1,1,1994,0,0,0,0,0,0,0,0,0,0
131117,2,1,1994,0,0,0,0,0,0,0,0,0,0
131118,0,1,1994,0,0,0,0,0,0,0,0,0,0
131118,1,1,1994,0,0,0,0,0,0,0,0,0,0
131119,1,1,1994,0,0,0,0,0,0,0,0,0,0
131119,2,1,1994,0,0,0,0,0,0,0,0,0,0
131120,1,1,1994,18,18,18,18,18,18,18,18,18,18
131121,1,1,1994,0,0,0,0,0,0,0,0,0,0
131121,2,1,1994,0,0,0,0,0,0,0,0,0,0
131122,1,1,1994,0,0,0,0,0,0,0,0,0,0
131122,2,1,1994,0,11,18,0,0,17,0,16,25,21
131123,1,1,1994,3,3,3,3,3,3,3,3,3,3
131123,2,1,1994,0,0,0,0,12,0,0,0,0,0
131124,1,1,1994,0,0,0,0,0,0,0,0,0,0
131124,2,1,1994,0,0,0,0,0,0,0,0,0,0
131124,3,1,1994,0,0,0,0,0,0,0,0,0,0
131124,4,1,1994,0,0,0,0,0,0,6,0,0,0
131125,1,1,1994,0,0,0,0,0,0,0,0,0,0
131126,1,1,1994,0,0,0,0,0,0,0,0,0,0
131126,2,1,1994,13,0,0,0,0,17,0,16,0,0
131127,1,1,1994,22,0,20,21,0,21,27,0,0,32
131128,1,1,1994,0,0,0,0,0,0,0,0,0,0
131129,1,1,1994,0,0,0,0,0,0,0,0,0,0
131129,2,1,1994,0,0,0,0,0,0,0,0,0,0
131130,0,1,1994,36,36,36,36,36,36,36,36,36,36
131130,1,1,1994,0,0,0,0,0,0,0,26,0,0
131130,2,1,1994,0,0,0,13,0,0,0,0,0,0
131131,1,1,1994,0,0,0,0,0,0,0,0,0,0
131131,2,1,1994,0,0,0,0,0,0,0,0,0,0
131132,1,1,1994,5,5,5,5,5,5,5,5,5,5
131133,1,1,1994,11,8,0,21,13,10,11,26,15,8
131133,2,1,1994,0,0,0,0,0,0,0,0,0,0
131133,3,1,1994,0,0,0,0,0,0,0,0,0,0
131134,1,1,1994,10,10,10,10,10,10,10,10,10,10
131134,2,1,1994,0,0,0,0,0,0,0,0,0,0
131134,3,1,1994,0,0,0,0,0,0,0,0,0,0
131135,1,1,1994,0,0,0,0,0,0,0,0,0,0
131136,1,1,1994,0,0,0,0,0,0,0,0,0,0
131136,2,1,1994,0,0,0,0,0,0,0,0,0,0
131137,1,1,1994,0,8,14,16,12,0,0,9,7,0
131138,1,1,1994,18,0,0,16,0,11,0,0,18,0
131139,1,1,1994,0,0,6,0,10,0,18,0,0,13
131139,2,1,1994,0,0,0,0,0,0,0,0,0,0
131140,1,1,1994,25,25,25,25,25,25,25,25,25,25
131141,1,1,1994,0,0,0,0,0,0,0,0,0,0
131141,2,1,1994,0,0,0,17,0,0,0,0,0,0
131142,1,1,1994,0,0,0,0,0,0,0,0,0,0
131143,1,1,1994,23,15,0,0,0,11,0,16,0,0
131144,1,1,1994,0,0,0,0,0,0,0,0,0,0
131144,2,1,1994,0,0,0,0,0,0,0,0,0,0
131145,0,1,1994,0,0,0,0,0,0,0,0,0,0
131145,1,1,1994,0,0,0,0,0,0,0,0,0,0
131146,1,1,1994,0,0,0,0,0,0,0,0,0,0
131146,2,1,1994,0,0,0,0,0,0,0,0,0,0
131147,1,1,1994,0,0,0,0,0,0,0,0,0,0
131147,2,1,1994,0,0,0,0,0,0,0,0,32,9
131148,1,1,1994,8,7,29,24,0,13,22,13,15,0
131149,1,1,1994,0,0,0,0,0,0,0,0,0,0
131149,2,1,1994,0,0,0,0,0,0,0,0,0,0
131150,1,1,1994,17,17,17,17,17,17,17,17,17,17
131151,1,1,1994,0,0,0,0,0,0,0,0,0,0
131151,2,1,1994,0,0,0,0,0,0,0,0,0,0
131152,0,1,1994,0,0,0,0,0,24,0,0,0,27
131152,1,1,1994,0,0,0,0,0,0,0,0,0,0
131153,0,1,1994,0,29,33,13,16,19,33,33,0,21
131153,1,1,1994,0,0,0,0,0,0,0,0,0,0
131154,1,1,1994,0,0,0,0,0,0,0,0,0,0
131154,2,1,1994,0,0,0,0,0,0,0,0,0,0
131155,1,1,1994,4,4,4,4,4,4,4,4,4,4
131155,2,1,1994,0,0,0,0,0,0,0,0,0,0
131156,1,1,1994,0,0,0,0,0,0,0,0,0,0
131156,2,1,1994,0,0,0,0,0,0,0,0,0,0
131157,1,1,1994,7,7,7,7,7,7,7,7,7,7
131158,1,1,1994,10,0,0,36,20,35,19,0,27,0
131159,1,1,1994,0,0,0,0,0,0,0,0,0,0
131159,2,1,1994,0,0,0,0,0,0,0,0,0,0
131160,0,1,1994,0,0,0,0,0,0,0,0,0,0
131160,1,1,1994,0,0,0,0,0,0,0,0,0,0
131161,1,1,1994,0,0,0,0,0,0,0,0,0,0
131162,1,1,1994,0,0,0,0,0,0,15,0,0,0
131162,2,1,1994,0,0,0,0,0,0,0,0,0,0
131162,3,1,1994,17,0,0,0,0,0,0,0,0,0
131162,4,1,1994,0,0,0,0,0,0,0,0,0,0
131162,5,1,1994,0,0,0,0,0,0,0,0,0,0
131163,1,1,1994,0,0,0,0,0,0,0,0,0,0
131163,2,1,1994,0,0,0,0,0,0,0,0,0,0
131164,1,1,1994,0,0,0,0,0,0,0,0,0,10
131164,2,1,1994,0,0,0,22,0,0,0,0,0,0
131165,1,1,1994,26,26,26,26,26,26,26,26,26,26
131166,1,1,1994,0,0,0,0,0,0,0,0,0,0
131167,1,1,1994,0,0,0,0,0,0,0,20,0,0
131167,2,1,1994,0,0,0,0,0,0,0,0,0,0
131167,3,1,1994,0,12,0,0,0,0,0,0,0,0
131168,1,1,1994,6,6,6,6,6,6,6,6,6,6
131168,2,1,1994,0,0,0,0,0,0,0,0,0,0
131169,1,1,1994,0,0,0,0,0,0,0,0,0,0
131169,2,1,1994,0,0,0,0,0,0,0,0,0,0
131170,1,1,1994,0,0,0,0,0,0,0,0,0,0
131171,1,1,1994,18,18,18,18,18,18,18,18,18,18
131171,2,1,1994,0,0,0,0,0,0,0,0,0,0
131172,1,1,1994,0,0,0,0,0,0,0,0,0,0
131173,1,1,1994,5,5,5,5,5,5,5,5,5,5
131173,2,1,1994,0,0,0,0,0,0,0,0,0,0
131174,1,1,1994,0,0,0,0,0,0,0,0,0,0
131174,2,1,1994,0,0,0,0,0,0,0,0,0,0
131174,3,1,1994,0,0,0,0,0,0,0,0,0,0
131175,1,1,1994,0,0,0,0,18,0,0,0,24,0
131176,1,1,1994,0,0,0,0,0,0,0,0,0,0
131176,2,1,1994,0,0,0,0,0,0,0,0,0,0
131177,0,1,1994,24,24,24,24,24,24,24,24,24,24
131177,1,1,1994,0,0,0,0,0,0,0,0,0,0
131178,1,1,1994,0,0,6,0,0,0,0,0,0,0
131178,2,1,1994,9,5,0,0,0,0,0,0,0,0
131178,3,1,1994,0,0,0,0,0,0,0,0,0,0
131178,4,1,1994,0,0,0,0,0,0,0,0,0,0
131179,1,1,1994,12,12,12,12,12,12,12,12,12,12
131179,2,1,1994,0,0,0,0,0,9,0,0,9,0
131179,3,1,1994,0,0,0,0,0,0,0,0,0,0
131180,0,1,1994,0,0,0,0,0,0,0,0,0,0
131180,1,1,1994,0,0,0,0,0,0,0,0,0,0
131181,1,1,1994,14,14,14,14,14,14,14,14,14,14
131182,1,1,1994,14,14,14,14,14,14,14,14,14,14
131183,1,1,1994,0,0,0,0,0,0,0,0,0,0
131183,2,1,1994,0,0,0,0,0,0,0,0,0,0
131184,1,1,1994,0,0,0,0,0,0,0,0,0,0
131184,2,1,1994,0,0,0,0,0,0,0,0,0,0
131185,0,1,1994,0,0,0,0,0,0,0,0,0,0
131185,1,1,1994,15,0,0,0,0,0,0,0,0,0
131186,1,1,1994,0,0,0,0,0,0,0,0,0,0
131186,2,1,1994,8,8,8,8,8,8,8,8,8,8
131187,1,1,1994,9,9,9,9,9,9,9,9,9,9
131188,0,1,1994,24,24,24,24,24,24,24,24,24,24
131188,1,1,1994,0,0,0,0,0,0,0,0,0,0
131189,0,1,1994,0,0,0,0,0,0,0,0,0,0
131189,1,1,1994,0,0,0,0,0,0,0,0,0,0
131190,1,1,1994,0,0,0,0,0,0,0,0,0,0
131192,1,1,1994,15,15,15,15,15,15,15,15,15,15
131193,1,1,1994,0,0,0,0,0,0,0,0,0,0
131193,2,1,1994,0,0,0,0,0,0,0,0,0,0
131194,1,1,1994,0,0,0,0,0,0,0,0,0,0
131195,1,1,1994,0,0,0,0,0,0,0,0,0,0
131195,2,1,1994,0,0,0,0,0,0,0,0,0,0
131196,1,1,1994,22,22,22,22,22,22,22,22,22,22
131196,2,1,1994,0,0,0,0,0,0,0,0,0,0
131197,1,1,1994,2,2,2,2,2,2,2,2,2,2
131197,2,1,1994,0,0,0,0,0,0,0,0,0,0
131198,1,1,1994,0,0,0,0,0,0,0,0,0,0
131198,2,1,1994,0,0,0,0,0,0,0,0,0,0
131199,1,1,1994,0,0,0,0,0,0,0,0,0,0
131200,0,1,1994,0,0,0,0,0,0,0,0,0,0
131200,0,2,1994,0,0,6,0,0,0,0,0,0,17
131200,1,1,1994,0,0,0,0,0,0,0,0,0,0
131201,1,1,1994,25,25,25,25,25,25,25,25,25,25
131202,1,1,1994,0,0,0,0,0,0,0,0,0,0
131202,2,1,1994,0,0,0,0,0,0,0,0,0,0
131203,1,1,1994,14,14,14,14,14,14,14,14,14,14
131204,1,1,1994,11,11,11,11,11,11,11,11,11,11
131205,1,1,1994,30,30,30,30,30,30,30,30,30,30
131206,1,1,1994,25,25,25,25,25,25,25,25,25,25
131207,1,1,1994,3,3,3,3,3,3,3,3,3,3
131208,1,1,1994,13,13,13,13,13,13,13,13,13,13
131209,1,1,1994,0,0,0,0,0,0,0,0,0,0
131209,2,1,1994,0,0,5,0,0,0,0,0,0,0
131210,1,1,1994,0,0,0,0,0,0,0,0,0,0
131210,2,1,1994,0,0,0,0,0,0,0,0,0,0
131211,1,1,1994,0,0,0,0,0,0,0,0,0,0
131212,1,1,1994,20,20,20,20,20,20,20,20,20,20
131213,1,1,1994,13,13,13,13,13,13,13,13,13,13
131214,1,1,1994,23,23,23,23,23,23,23,23,23,23
131215,0,1,1994,0,0,0,0,0,0,0,0,0,0
131215,0,2,1994,0,0,0,0,0,0,0,10,0,0
131215,1,1,1994,0,0,0,0,0,0,0,0,0,0
131216,1,1,1994,0,0,0,0,0,0,0,0,0,0
131216,2,1,1994,0,0,0,0,0,0,0,0,0,0
131217,1,1,1994,0,0,0,0,0,0,0,0,0,0
131217,2,1,1994,0,0,0,0,0,0,0,0,0,0
131218,1,1,1994,0,0,17,0,0,0,0,0,0,0
131218,2,1,1994,0,0,0,0,0,0,0,0,0,0
131219,1,1,1994,12,12,12,12,12,12,12,12,12,12
131220,1,1,1994,15,15,15,15,15,15,15,15,15,15
131221,1,1,1994,32,32,32,32,32,32,32,32,32,32
131222,1,1,1994,0,0,0,0,0,0,0,0,0,0
131222,2,1,1994,0,0,0,0,0,0,0,0,0,0
131223,1,1,1994,25,25,25,25,25,25,25,25,25,25
131223,2,1,1994,0,0,0,0,0,0,0,0,0,0
131224,1,1,1994,13,13,13,13,13,13,13,13,13,13
131225,1,1,1994,9,9,9,9,9,9,9,9,9,9
131225,2,1,1994,0,0,0,0,0,0,0,0,0,0
131226,1,1,1994,0,0,0,0,0,0,0,0,0,0
131227,1,1,1994,0,0,0,0,0,0,0,0,0,0
131227,2,1,1994,0,0,0,0,0,0,0,0,0,0
131227,3,1,1994,0,0,0,8,0,0,8,0,0,0