ST_CASE,VEH_NO,PER_NO,YEAR,P1,P2,P3,P4,P5,P6,P7,P8,P9,P10
131228,1,1,1994,14,14,14,14,14,14,14,14,14,14
131229,1,1,1994,0,0,0,0,0,0,0,0,0,0
131230,1,1,1994,0,0,0,0,0,0,0,0,0,0
131230,2,1,1994,0,0,0,0,0,0,0,0,0,0
131231,1,1,1994,0,0,0,0,0,0,0,0,0,0
131231,2,1,1994,0,0,0,0,0,0,0,0,0,0
131232,1,1,1994,28,28,28,28,28,28,28,28,28,28
131232,2,1,1994,0,0,0,0,0,0,0,0,0,0
131233,1,1,1994,14,0,26,0,0,0,10,0,0,0
131233,2,1,1994,0,0,0,0,0,0,0,0,0,0
131233,3,1,1994,0,0,0,0,0,0,0,0,0,0
131235,0,1,1994,0,0,0,0,0,0,0,0,0,0
131235,1,1,1994,0,0,0,0,0,0,0,0,0,0
131236,1,1,1994,27,27,27,27,27,27,27,27,27,27
131236,2,1,1994,7,7,7,7,7,7,7,7,7,7
131237,0,1,1994,0,0,0,0,0,0,0,0,0,0
131237,1,1,1994,0,0,0,0,0,0,0,0,0,0
131238,1,1,1994,1,1,1,1,1,1,1,1,1,1
131238,2,1,1994,0,0,0,0,23,0,0,0,0,0
131239,1,1,1994,0,0,0,0,0,0,0,0,0,0
131240,1,1,1994,0,0,0,0,0,0,0,0,0,0
131240,2,1,1994,0,0,0,0,0,0,0,0,0,0
131241,1,1,1994,0,0,0,0,0,0,0,0,0,0
131241,2,1,1994,0,0,0,0,0,8,0,0,0,0
131242,1,1,1994,0,0,0,0,0,0,0,0,0,0
131242,2,1,1994,0,0,0,0,0,0,0,0,0,0
131243,1,1,1994,0,0,0,0,0,0,0,0,0,0
131243,2,1,1994,0,0,0,0,0,0,0,0,0,0
131244,1,1,1994,0,0,0,0,0,0,0,0,0,0
131245,0,1,1994,22,22,22,22,22,22,22,22,22,22
131245,1,1,1994,0,0,0,0,0,0,0,0,0,0
131245,2,1,1994,0,0,19,0,0,20,0,23,20,13
131246,1,1,1994,18,0,23,23,21,39,5,29,31,0
131247,0,1,1994,11,11,11,11,11,11,11,11,11,11
131247,1,1,1994,0,0,0,0,0,0,0,0,0,0
131248,0,1,1994,0,0,0,0,16,0,0,0,0,17
131249,0,1,1994,36,36,36,36,36,36,36,36,36,36
131249,1,1,1994,0,0,0,0,0,0,0,0,0,0
131250,0,1,1994,0,16,0,0,24,0,0,0,19,18
131250,1,1,1994,0,0,0,0,0,0,0,0,0,0
131251,1,1,1994,0,0,0,0,0,0,0,0,0,0
131252,1,1,1994,0,0,0,0,0,0,0,0,0,0
131252,2,1,1994,0,0,5,0,0,0,0,0,0,0
131253,0,1,1994,0,0,0,0,0,0,0,0,0,0
131253,1,1,1994,0,0,0,0,0,0,0,0,0,0
131254,1,1,1994,0,0,0,0,0,0,0,0,0,0
131254,2,1,1994,6,6,6,6,6,6,6,6,6,6
131255,1,1,1994,0,0,0,0,0,0,0,0,0,0
131255,2,1,1994,0,0,0,0,0,6,0,0,0,0
131256,0,1,1994,0,0,0,0,0,0,0,0,0,0
131256,1,1,1994,0,0,0,0,0,0,0,0,0,0
131257,1,1,1994,0,0,0,0,0,0,0,0,0,0
131257,2,1,1994,0,0,0,0,0,0,0,0,0,0
131258,1,1,1994,0,0,0,0,0,0,0,0,0,0
131259,1,1,1994,0,0,0,0,0,0,0,0,0,0
131259,2,1,1994,0,0,0,0,0,0,0,0,0,0
131260,1,1,1994,0,0,0,0,0,0,0,0,0,0
131261,1,1,1994,0,0,0,0,0,0,0,0,0,0
131262,1,1,1994,0,0,0,0,0,0,0,0,0,0
131262,2,1,1994,0,0,0,0,0,0,0,0,0,0
131263,1,1,1994,4,4,4,4,4,4,4,4,4,4
131264,0,1,1994,0,62,0,0,0,0,0,0,0,0
131264,1,1,1994,10,10,10,10,10,10,10,10,10,10
131265,1,1,1994,0,0,0,0,0,21,0,0,0,10
131266,1,1,1994,16,16,16,16,16,16,16,16,16,16
131267,0,1,1994,0,0,0,0,0,0,0,0,0,0
131267,0,2,1994,0,0,25,0,0,0,0,0,26,0
131267,1,1,1994,0,0,0,0,0,0,0,0,0,0
131268,1,1,1994,0,0,0,0,0,0,0,0,0,0
131268,2,1,1994,0,0,0,0,0,0,0,0,0,0
131269,1,1,1994,21,21,21,21,21,21,21,21,21,21
131270,0,1,1994,12,12,12,12,12,12,12,12,12,12
131270,1,1,1994,15,15,15,15,15,15,15,15,15,15
131270,2,1,1994,0,19,0,0,0,0,22,0,0,0
131271,0,1,1994,0,0,0,0,0,0,0,0,0,0
131271,1,1,1994,0,0,0,0,0,0,0,0,0,0
131272,1,1,1994,25,0,0,19,0,0,15,8,0,0
131273,1,1,1994,5,5,5,5,5,5,5,5,5,5
131274,0,1,1994,0,0,0,0,0,0,0,0,23,0
131274,1,1,1994,0,0,0,0,0,0,0,0,0,0
131275,1,1,1994,0,23,0,0,0,13,19,0,0,0
131275,2,1,1994,10,10,10,10,10,10,10,10,10,10
131276,1,1,1994,0,0,0,0,0,0,0,0,0,0
131276,2,1,1994,0,0,0,0,0,0,0,0,0,0
131277,1,1,1994,0,0,0,0,0,0,0,0,0,0
131278,1,1,1994,0,0,0,0,0,0,0,0,0,0
131278,2,1,1994,2,2,2,2,2,2,2,2,2,2
131279,0,1,1994,13,0,13,0,0,0,0,0,0,24
131279,1,1,1994,0,0,0,0,0,0,0,0,0,0
131280,0,1,1994,0,0,0,0,0,0,4,27,0,0
131280,0,2,1994,0,0,22,0,0,0,0,0,0,18
131280,1,1,1994,0,0,0,0,0,0,0,0,0,0
131280,2,1,1994,0,0,0,0,0,0,0,0,0,0
131281,1,1,1994,0,0,0,0,0,0,0,0,0,0
131281,2,1,1994,0,0,0,0,0,0,0,0,18,0
131281,3,1,1994,0,0,0,0,0,0,0,0,0,0
131282,0,1,1994,0,0,0,0,0,0,0,0,0,0
131282,1,1,1994,0,0,0,0,0,0,0,0,0,0
131282,2,1,1994,0,0,0,0,0,0,0,0,0,0
131283,0,1,1994,10,0,0,0,0,0,16,0,13,0
131283,1,1,1994,0,0,0,0,0,0,0,0,0,0
131284,1,1,1994,17,17,17,17,17,17,17,17,17,17
131286,1,1,1994,19,19,19,19,19,19,19,19,19,19
131287,0,1,1994,19,19,19,19,19,19,19,19,19,19
131287,1,1,1994,0,0,0,0,0,0,0,0,0,0
131288,0,1,1994,0,0,0,0,0,0,0,0,0,0
131289,0,1,1994,33,33,33,33,33,33,33,33,33,33
131289,1,1,1994,22,23,0,11,0,0,0,0,7,0
131290,1,1,1994,0,0,0,0,0,0,0,0,0,0
131290,2,1,1994,0,0,0,0,0,0,0,0,0,0
131290,3,1,1994,0,0,0,0,0,0,0,0,0,0
131290,4,1,1994,0,0,0,0,0,0,0,0,0,0
131291,1,1,1994,0,0,0,0,0,0,0,0,0,0
131291,2,1,1994,0,0,0,0,0,0,0,0,0,0
131291,3,1,1994,0,0,0,0,0,0,0,0,0,0
131292,1,1,1994,0,0,0,0,0,0,0,0,0,0
131293,1,1,1994,43,0,8,0,0,0,0,0,0,0
131293,2,1,1994,0,5,3,0,0,0,0,9,0,0
131293,3,1,1994,0,12,0,0,0,0,0,0,0,0
131294,0,1,1994,40,40,40,40,40,40,40,40,40,40
131294,1,1,1994,0,0,0,0,0,0,0,0,0,0
150001,1,1,1994,0,0,0,0,0,0,0,0,0,0
150002,1,1,1994,20,20,20,20,20,20,20,20,20,20
150002,2,1,1994,0,0,0,0,0,0,0,0,0,0
150003,1,1,1994,6,6,6,6,6,6,6,6,6,6
150004,0,1,1994,0,0,0,0,0,0,0,0,0,0
150004,1,1,1994,0,0,0,0,0,0,0,0,0,0
150005,1,1,1994,0,0,0,0,5,0,0,0,0,0
150005,2,1,1994,0,0,0,0,0,0,0,0,0,0
150006,1,1,1994,0,0,0,0,0,0,0,0,0,0
150007,0,1,1994,0,0,0,0,0,0,0,0,0,0
150007,1,1,1994,0,0,7,0,0,0,0,0,0,0
150008,0,1,1994,0,0,0,0,0,0,0,0,0,0
150008,1,1,1994,0,0,0,0,0,0,0,0,0,0
150009,1,1,1994,16,16,16,16,16,16,16,16,16,16
150010,1,1,1994,17,17,17,17,17,17,17,17,17,17
150011,0,1,1994,0,0,0,0,0,0,0,0,0,0
150011,1,1,1994,0,0,0,0,0,16,0,0,0,0
150012,1,1,1994,18,18,18,18,18,18,18,18,18,18
150013,1,1,1994,19,19,19,19,19,19,19,19,19,19
150014,0,1,1994,25,25,25,25,25,25,25,25,25,25
150014,1,1,1994,0,0,0,0,0,0,0,0,0,0
150015,1,1,1994,0,0,0,0,0,0,0,0,0,0
150015,2,1,1994,0,0,0,0,0,0,0,0,0,0
150016,0,1,1994,0,0,0,0,0,0,0,0,0,0
150016,1,1,1994,0,0,0,0,0,0,0,0,0,0
150017,1,1,1994,13,13,13,13,13,13,13,13,13,13
150018,1,1,1994,0,0,0,0,0,0,0,0,0,0
150019,1,1,1994,20,20,20,20,20,20,20,20,20,20
150020,1,1,1994,0,0,0,0,0,0,0,0,0,0
150021,0,1,1994,18,18,18,18,18,18,18,18,18,18
150021,1,1,1994,0,0,0,0,0,0,0,0,0,0
150022,1,1,1994,0,0,0,0,0,0,0,0,0,0
150023,1,1,1994,0,0,0,0,0,0,0,0,0,0
150023,2,1,1994,0,0,0,0,9,0,0,0,0,0
150024,0,1,1994,0,0,0,0,0,0,0,0,0,0
150024,1,1,1994,0,0,0,0,0,0,0,0,0,9
150025,1,1,1994,25,25,25,25,25,25,25,25,25,25
150026,1,1,1994,29,29,29,29,29,29,29,29,29,29
150026,2,1,1994,0,0,0,0,0,0,0,0,0,0
150027,1,1,1994,9,9,9,9,9,9,9,9,9,9
150028,1,1,1994,17,17,17,17,17,17,17,17,17,17
150029,1,1,1994,13,13,13,13,13,13,13,13,13,13
150030,1,1,1994,0,0,0,0,0,0,0,0,0,0
150031,1,1,1994,21,21,21,21,21,21,21,21,21,21
150032,1,1,1994,30,30,30,30,30,30,30,30,30,30
150033,1,1,1994,23,23,23,23,23,23,23,23,23,23
150033,2,1,1994,0,0,0,0,0,0,0,0,0,0
150034,1,1,1994,0,0,0,0,0,0,0,0,0,0
150035,1,1,1994,6,6,6,6,6,6,6,6,6,6
150035,2,1,1994,4,4,4,4,4,4,4,4,4,4
150036,0,1,1994,0,0,0,0,0,0,0,0,0,0
150036,1,1,1994,0,0,0,0,0,0,0,0,0,0
150037,1,1,1994,0,0,0,0,0,0,0,0,0,0
150038,1,1,1994,11,11,11,11,11,11,11,11,11,11
150039,0,1,1994,0,0,15,0,0,0,0,0,13,23
150039,0,2,1994,0,0,0,0,0,0,0,0,0,0
150039,1,1,1994,0,0,0,0,0,8,0,0,0,0
150040,1,1,1994,16,16,16,16,16,16,16,16,16,16
150041,1,1,1994,0,0,0,0,0,0,0,0,0,0
150041,2,1,1994,11,11,11,11,11,11,11,11,11,11
150042,1,1,1994,14,14,14,14,14,14,14,14,14,14
150043,1,1,1994,0,0,0,0,0,0,0,0,0,0
150043,2,1,1994,0,0,0,0,0,0,0,0,0,0
150044,0,1,1994,0,0,0,0,0,0,0,0,0,0
150044,1,1,1994,0,0,0,0,0,0,0,0,0,0
150045,1,1,1994,14,14,14,14,14,14,14,14,14,14
150045,2,1,1994,20,20,20,20,20,20,20,20,20,20
150046,1,1,1994,13,13,13,13,13,13,13,13,13,13
150047,1,1,1994,0,0,0,0,0,0,0,0,0,0
150047,2,1,1994,0,0,0,0,0,0,0,0,0,0
150048,1,1,1994,0,0,0,0,0,0,0,0,9,0
150048,2,1,1994,0,0,0,0,0,8,0,0,0,0
150048,3,1,1994,0,0,0,0,0,0,0,0,0,0
150049,1,1,1994,0,0,0,0,0,0,0,0,0,0
150049,2,1,1994,0,0,0,0,0,0,0,0,0,0
150050,1,1,1994,0,0,0,0,0,0,0,0,0,0
150050,2,1,1994,0,0,0,0,0,0,0,0,0,0
150051,1,1,1994,0,0,0,0,0,0,0,0,0,0
150052,1,1,1994,0,14,0,0,0,25,0,0,0,0
150052,2,1,1994,4,4,4,4,4,4,4,4,4,4
150053,1,1,1994,0,0,0,0,0,0,0,0,0,0
150054,1,1,1994,21,21,21,21,21,21,21,21,21,21
150055,1,1,1994,2,2,2,2,2,2,2,2,2,2
150056,1,1,1994,23,23,23,23,23,23,23,23,23,23
150057,1,1,1994,15,15,15,15,15,15,15,15,15,15
150057,2,1,1994,0,0,0,0,0,0,0,0,0,13
150058,0,1,1994,0,0,0,0,0,0,0,0,0,0
150058,1,1,1994,0,0,0,0,0,0,0,0,17,0
150059,1,1,1994,0,0,0,0,0,0,0,0,0,0
150059,2,1,1994,0,27,0,0,20,0,0,0,0,0
150060,1,1,1994,0,0,0,0,0,0,0,0,0,0
150061,1,1,1994,10,10,10,10,10,10,10,10,10,10
150062,1,1,1994,0,0,0,0,0,0,0,0,24,0
150062,2,1,1994,0,0,0,0,0,0,0,0,0,0
150062,3,1,1994,0,0,0,0,0,0,0,0,0,0
150062,4,1,1994,0,0,0,0,0,0,0,0,0,0
150063,0,1,1994,0,0,0,0,0,0,0,0,0,0
150063,1,1,1994,0,0,0,0,0,0,0,0,0,0
150064,0,1,1994,0,0,0,0,0,0,0,0,0,0
150064,1,1,1994,0,0,0,0,0,0,0,0,0,14
150065,0,1,1994,0,0,0,0,0,0,0,0,0,0
150065,1,1,1994,0,0,0,0,0,0,0,0,0,0
150066,1,1,1994,0,0,0,0,0,0,0,0,0,0
150067,1,1,1994,16,16,16,16,16,16,16,16,16,16
150067,2,1,1994,0,0,0,0,0,3,0,0,15,0
150067,3,1,1994,19,0,0,28,0,0,0,10,11,0
150068,0,1,1994,0,0,0,0,0,0,0,0,0,0
150068,1,1,1994,0,0,0,0,0,0,0,0,0,0
150069,0,1,1994,14,14,14,14,14,14,14,14,14,14
150069,1,1,1994,0,0,0,0,0,0,0,0,0,0
150070,0,1,1994,21,21,21,21,21,21,21,21,21,21
150070,1,1,1994,0,0,0,0,0,0,0,0,0,0
150071,1,1,1994,21,21,21,21,21,21,21,21,21,21
150072,1,1,1994,0,0,0,0,0,0,0,0,0,0
150073,1,1,1994,0,0,0,0,0,0,0,0,0,0
150074,0,1,1994,0,0,0,0,0,0,0,0,0,0
150074,1,1,1994,0,0,0,0,0,0,0,0,0,0
150075,0,1,1994,0,0,0,0,0,0,0,0,0,0
150075,1,1,1994,0,0,0,0,0,0,0,0,0,0
150076,0,1,1994,0,0,0,0,0,0,0,0,0,0
150076,1,1,1994,0,0,0,0,0,0,0,0,0,0
150078,1,1,1994,0,0,0,0,0,0,0,0,0,0
150078,2,1,1994,0,0,0,0,0,0,0,0,0,0
150079,1,1,1994,0,0,0,0,0,0,0,0,0,0
150079,2,1,1994,0,0,0,0,0,0,0,0,0,0
150080,1,1,1994,0,0,0,11,0,0,0,0,0,0
150081,1,1,1994,10,10,10,10,10,10,10,10,10,10
150081,2,1,1994,0,0,0,0,3,0,0,0,0,0
150082,0,1,1994,0,0,0,0,0,0,0,0,0,0
150082,1,1,1994,0,0,0,0,0,0,0,0,8,0
150083,0,1,1994,0,0,0,0,0,0,0,0,0,0
150083,1,1,1994,0,0,0,10,0,0,0,0,0,0
150084,1,1,1994,0,0,0,0,0,0,0,0,0,0
150085,1,1,1994,0,0,0,0,0,0,0,0,0,0
150085,2,1,1994,0,0,0,0,0,0,0,0,0,0
150086,1,1,1994,0,0,0,0,0,0,0,0,0,0
150086,2,1,1994,0,0,0,0,0,0,0,0,0,0
150088,1,1,1994,0,0,0,0,0,0,0,0,0,0
150088,2,1,1994,0,0,0,0,0,0,0,0,0,0
150088,3,1,1994,0,0,0,0,0,0,0,0,0,0
150089,0,1,1994,0,0,0,0,0,0,0,0,0,0
150089,1,1,1994,0,0,0,0,0,0,0,0,0,0
150090,1,1,1994,13,13,13,13,13,13,13,13,13,13
150091,1,1,1994,11,11,11,11,11,11,11,11,11,11
150091,2,1,1994,0,0,0,0,0,0,0,0,0,0
150092,1,1,1994,0,0,0,0,0,0,0,0,0,0
150093,0,1,1994,0,0,0,0,0,0,0,0,0,0
150093,1,1,1994,0,0,0,0,0,0,0,0,0,0
150094,1,1,1994,6,6,6,6,6,6,6,6,6,6
150095,0,1,1994,0,0,0,0,0,0,0,0,0,0
150095,1,1,1994,0,0,0,0,0,0,0,0,0,0
150096,1,1,1994,0,0,0,0,0,0,0,0,0,0
150096,2,1,1994,0,0,0,0,0,0,0,0,0,0
150097,0,1,1994,19,19,19,19,19,19,19,19,19,19
150097,1,1,1994,0,0,0,0,0,0,0,0,0,0
150098,1,1,1994,31,31,31,31,31,31,31,31,31,31
150099,1,1,1994,12,12,12,12,12,12,12,12,12,12
150099,2,1,1994,13,13,16,11,9,15,0,5,14,10
150100,1,1,1994,12,12,12,12,12,12,12,12,12,12
150100,2,1,1994,0,0,0,0,0,0,25,0,0,0
150101,1,1,1994,0,0,0,0,0,0,0,0,0,0
150102,0,1,1994,0,0,0,0,0,0,0,0,0,0
150102,1,1,1994,0,0,0,0,0,0,0,0,0,0
150103,1,1,1994,0,0,0,0,0,0,0,0,0,0
150104,1,1,1994,28,28,28,28,28,28,28,28,28,28
150105,1,1,1994,0,0,0,0,0,0,0,0,0,0
150105,2,1,1994,0,0,0,0,0,0,0,0,0,0
150106,1,1,1994,22,22,22,22,22,22,22,22,22,22
150107,1,1,1994,21,21,21,21,21,21,21,21,21,21
150109,1,1,1994,0,0,0,0,0,0,0,0,7,0
150110,0,1,1994,21,21,21,21,21,21,21,21,21,21
150110,1,1,1994,0,0,0,0,0,0,0,0,0,0
150111,0,1,1994,4,4,4,4,4,4,4,4,4,4
150111,1,1,1994,0,0,5,0,0,0,0,0,0,0
150112,1,1,1994,1,1,1,1,1,1,1,1,1,1
150112,2,1,1994,0,0,0,0,0,0,0,0,0,14
150113,1,1,1994,0,0,0,0,0,0,0,0,0,0
150113,2,1,1994,0,0,0,0,0,0,0,0,0,0
160001,1,1,1994,0,0,0,0,0,0,0,0,0,0
160001,2,1,1994,0,0,0,0,13,18,0,8,0,0
160002,1,1,1994,0,0,0,0,0,0,0,0,0,0
160003,1,1,1994,0,0,0,0,0,0,0,0,0,0
160003,2,1,1994,0,0,0,0,0,0,0,0,0,0
160004,1,1,1994,23,17,28,0,0,23,19,24,22,4
160005,1,1,1994,0,0,0,0,0,0,0,0,0,0
160006,1,1,1994,11,22,37,22,29,20,16,33,11,25
160007,1,1,1994,0,0,0,0,0,0,0,0,0,0
160007,2,1,1994,0,0,0,0,0,0,0,0,0,0
160008,1,1,1994,0,0,0,0,0,0,0,17,0,0
160009,1,1,1994,10,20,17,14,26,15,19,15,11,12
160009,2,1,1994,0,0,0,0,0,0,0,0,0,0
160010,1,1,1994,0,0,0,0,0,0,0,0,0,0
160010,2,1,1994,0,0,0,0,0,0,0,0,0,0
160011,1,1,1994,0,0,0,0,0,0,0,0,0,0
160011,2,1,1994,0,0,0,0,0,0,0,0,0,0
160012,1,1,1994,33,33,33,33,33,33,33,33,33,33
160012,2,1,1994,0,0,0,0,0,0,0,0,0,0
160013,1,1,1994,1,1,1,1,1,1,1,1,1,1
160014,1,1,1994,26,26,26,26,26,26,26,26,26,26
160014,2,1,1994,0,0,0,0,0,0,0,0,0,0
160015,1,2,1994,0,0,0,0,0,0,0,0,0,0
160015,2,1,1994,0,0,0,0,0,0,0,0,0,0
160016,1,2,1994,0,0,0,0,0,0,0,0,0,0
160017,1,1,1994,29,4,0,23,10,16,0,16,15,42
160018,1,1,1994,0,24,0,0,0,0,0,0,0,0
160018,2,1,1994,17,9,13,14,0,10,2,14,0,15
160019,1,1,1994,0,0,0,0,0,0,0,0,0,0
160019,2,1,1994,0,0,0,0,0,0,0,0,0,0
160020,1,1,1994,12,0,0,0,0,0,0,0,0,0
160020,2,1,1994,0,0,0,0,0,0,0,0,0,0
160021,1,1,1994,0,0,0,0,0,0,0,0,0,0
160021,2,1,1994,0,0,0,0,0,0,0,0,0,0
160021,3,1,1994,0,0,0,0,0,0,0,0,0,0
160022,1,1,1994,14,14,11,3,21,19,21,24,15,11
160023,1,1,1994,30,8,0,15,32,0,11,38,31,0
160024,1,1,1994,0,0,0,0,0,0,0,0,0,0
160025,1,1,1994,25,25,25,25,25,25,25,25,25,25
160025,2,1,1994,20,14,11,32,26,20,13,32,11,33
160026,1,1,1994,25,25,25,25,25,25,25,25,25,25
160026,2,1,1994,0,0,0,0,0,0,0,0,0,0
160027,1,3,1994,11,0,0,0,0,0,0,8,0,0
160027,2,1,1994,0,0,0,0,0,0,7,0,0,0
160028,1,4,1994,0,0,16,0,0,0,0,0,0,0
160029,1,1,1994,0,0,0,0,0,8,0,19,3,11
160030,1,2,1994,14,17,20,13,11,31,16,14,17,22
160031,1,1,1994,0,0,5,0,0,0,0,0,16,5
160032,1,1,1994,0,0,0,0,0,0,0,0,0,0
160033,1,1,1994,0,0,0,0,0,0,0,0,0,0
160034,1,1,1994,0,0,5,0,0,0,0,0,0,12
160035,1,1,1994,0,0,0,0,0,0,0,0,0,0
160035,2,1,1994,12,0,0,0,0,0,0,5,0,0
160036,1,1,1994,0,0,0,0,0,0,0,0,0,0
160037,1,1,1994,24,24,24,24,24,24,24,24,24,24
160037,2,1,1994,0,0,0,0,0,0,0,0,0,0
160038,1,1,1994,0,0,0,0,0,0,0,0,0,0
160038,2,1,1994,0,0,0,0,0,0,0,2,22,0
160039,1,1,1994,0,0,0,0,0,0,0,0,0,0
160039,2,1,1994,0,8,0,0,0,0,0,0,0,0
160040,1,1,1994,0,0,0,0,0,0,0,0,0,0
160040,2,1,1994,0,0,0,0,0,0,0,0,0,0
160041,1,1,1994,23,23,23,23,23,23,23,23,23,23
160042,1,1,1994,10,19,7,6,7,14,2,11,5,10
160042,2,1,1994,0,0,0,0,0,0,0,0,0,0
160043,1,2,1994,16,20,16,0,0,14,0,0,32,0
160044,1,1,1994,0,0,0,0,0,0,0,0,0,0
160044,2,1,1994,0,0,0,12,0,20,20,23,0,0
160045,1,1,1994,0,0,0,0,0,0,0,0,0,0
160045,2,1,1994,0,0,0,0,0,0,0,0,0,0
160046,0,1,1994,0,0,0,0,0,0,0,0,0,0
160046,1,1,1994,0,0,0,13,0,0,0,0,0,0
160047,1,1,1994,0,0,0,0,0,0,0,0,0,13
160047,2,1,1994,0,0,0,0,16,0,0,0,16,0
160048,1,1,1994,0,0,0,0,0,0,0,0,0,10
160049,1,1,1994,12,12,12,12,12,12,12,12,12,12
160050,0,1,1994,0,0,0,0,0,0,0,0,0,0
160050,1,1,1994,0,0,0,0,0,0,0,0,0,0
160051,1,1,1994,8,8,8,8,8,8,8,8,8,8
160052,1,1,1994,13,13,13,13,13,13,13,13,13,13
160053,1,1,1994,22,22,22,22,22,22,22,22,22,22
160054,1,1,1994,0,0,0,0,0,0,0,0,0,0
160055,1,1,1994,0,0,0,14,0,0,0,0,0,0
160056,1,1,1994,4,4,4,4,4,4,4,4,4,4
160056,2,1,1994,0,0,0,0,0,0,0,0,0,0
160057,1,1,1994,0,0,0,0,0,0,0,0,0,0
160058,1,1,1994,0,0,0,0,0,0,0,0,0,0
160058,2,1,1994,0,0,0,0,0,0,8,0,0,0
160059,0,1,1994,0,0,0,0,0,0,0,0,0,0
160059,1,1,1994,0,0,0,0,0,0,0,0,0,0
160060,1,1,1994,0,0,0,0,0,0,0,0,0,0
160060,2,1,1994,0,0,0,0,0,0,15,0,0,0
160061,1,1,1994,18,23,0,0,16,14,11,12,9,27
160061,2,1,1994,0,0,0,0,0,0,0,0,0,0
160062,1,1,1994,14,14,14,14,14,14,14,14,14,14
160063,1,1,1994,0,0,0,22,0,0,0,0,8,0
160064,1,1,1994,0,0,0,0,0,0,0,0,0,0
160064,2,1,1994,0,0,0,0,0,0,0,0,0,0
160065,1,1,1994,13,13,13,13,13,13,13,13,13,13
160066,1,1,1994,7,7,7,7,7,7,7,7,7,7
160067,1,1,1994,0,0,0,0,0,0,0,0,0,0
160067,2,1,1994,0,0,0,0,0,0,0,0,0,0
160068,1,1,1994,14,14,14,14,14,14,14,14,14,14
160069,1,1,1994,15,15,15,15,15,15,15,15,15,15
160069,2,1,1994,0,0,0,0,0,4,0,0,0,0
160071,1,1,1994,0,0,0,0,0,0,0,0,0,0
160071,2,1,1994,0,0,0,0,0,0,0,0,0,0
160071,3,1,1994,0,0,0,0,0,0,0,0,0,0
160073,1,1,1994,40,0,13,0,10,0,12,0,15,9
160074,1,1,1994,0,0,0,0,0,14,0,0,0,0
160074,2,1,1994,0,0,0,0,0,0,0,0,0,5
160075,1,1,1994,0,0,0,0,0,0,0,0,0,0
160075,2,1,1994,0,0,0,0,0,0,0,0,0,0
160076,1,1,1994,21,21,21,21,21,21,21,21,21,21
160077,1,1,1994,6,0,0,0,3,0,0,0,0,0
160078,2,1,1994,0,0,0,0,0,0,0,0,0,0
160079,1,1,1994,0,0,0,0,0,0,0,0,0,0
160079,2,1,1994,0,0,0,0,0,0,0,0,0,0
160080,1,1,1994,0,0,0,0,0,0,0,0,0,0
160081,1,1,1994,0,0,0,0,0,0,0,0,0,0
160082,1,2,1994,0,0,0,0,0,0,0,0,0,0
160082,2,1,1994,0,0,0,0,0,0,0,0,0,0
160083,1,1,1994,0,0,0,0,0,0,0,0,0,0
160083,2,1,1994,0,0,0,0,0,0,0,0,0,0
160084,1,1,1994,0,0,0,23,0,33,0,23,0,0
160085,1,1,1994,22,22,22,22,22,22,22,22,22,22
160086,1,1,1994,0,0,0,0,0,0,0,0,21,0
160087,1,1,1994,0,0,0,0,0,0,0,0,0,0
160088,1,5,1994,0,30,0,0,0,0,0,0,0,0
160089,1,1,1994,0,0,0,0,0,0,0,0,0,0
160090,0,1,1994,0,0,0,0,0,0,0,0,0,0
160090,1,1,1994,0,0,12,0,0,0,0,0,0,0
160091,1,1,1994,0,0,0,0,0,0,0,0,0,0
160091,2,1,1994,0,0,0,0,0,0,0,0,0,0
160092,1,1,1994,16,16,16,16,16,16,16,16,16,16
160092,2,1,1994,0,0,0,0,0,0,0,0,0,0
160093,0,1,1994,0,0,0,0,0,0,0,0,0,0
160093,1,1,1994,0,0,0,0,0,0,0,0,7,0
160094,1,1,1994,0,0,0,0,0,16,0,0,0,0
160094,2,1,1994,0,0,0,0,0,0,0,9,0,0
160095,1,1,1994,0,0,0,0,0,0,0,0,0,0
160096,1,1,1994,13,19,12,12,19,7,14,19,27,6
160097,1,1,1994,0,0,0,0,0,0,0,0,0,0
160097,2,1,1994,0,0,0,0,0,0,0,0,0,11
160098,1,1,1994,0,0,0,0,0,0,0,0,0,0
160098,2,1,1994,0,0,0,0,0,0,0,0,0,0
160099,1,1,1994,0,0,0,0,0,0,0,0,0,0
160099,2,1,1994,0,0,0,0,0,0,0,0,0,0
160100,1,1,1994,18,23,22,20,29,23,36,28,30,12
160102,0,1,1994,0,0,0,0,0,0,0,0,0,0
160102,1,1,1994,0,3,0,0,7,0,0,0,0,0
160103,1,1,1994,33,33,33,33,33,33,33,33,33,33
160104,1,1,1994,21,21,21,21,21,21,21,21,21,21
160105,1,1,1994,0,0,0,6,0,0,0,0,0,0
160105,2,1,1994,0,0,0,0,0,0,0,9,0,0
160106,0,1,1994,0,0,0,0,0,0,0,10,0,18
160106,0,2,1994,0,0,17,0,0,0,0,0,0,0
160106,0,3,1994,0,0,0,0,0,0,0,0,0,0
160106,1,1,1994,18,18,18,18,18,18,18,18,18,18
160107,1,1,1994,17,17,17,17,17,17,17,17,17,17