ST_CASE,VEH_NO,PER_NO,YEAR,P1,P2,P3,P4,P5,P6,P7,P8,P9,P10
160108,1,1,1994,0,0,0,0,0,0,0,0,0,0
160109,1,1,1994,0,0,0,0,0,0,0,0,0,0
160109,2,2,1994,0,0,0,0,0,0,0,0,0,0
160110,1,1,1994,0,0,0,0,0,0,0,0,0,0
160110,2,1,1994,0,0,0,0,0,0,0,0,0,0
160110,3,1,1994,0,18,0,0,0,0,0,0,0,0
160111,1,1,1994,16,16,16,16,16,16,16,16,16,16
160112,1,1,1994,18,25,30,8,20,18,23,21,12,12
160113,1,1,1994,0,0,0,0,0,0,0,0,0,0
160114,1,1,1994,23,13,7,14,10,31,38,6,14,27
160114,2,1,1994,0,26,0,0,0,0,0,20,0,0
160115,0,1,1994,0,0,0,0,0,0,0,0,0,0
160115,1,1,1994,0,0,0,0,0,0,0,0,0,0
160116,1,1,1994,13,25,20,19,6,0,21,29,30,30
160117,1,1,1994,0,0,0,0,0,0,0,0,0,0
160117,2,1,1994,0,0,0,0,0,0,0,0,0,0
160118,1,1,1994,0,0,0,0,0,0,0,0,0,0
160119,1,1,1994,17,13,11,22,13,11,11,9,17,6
160120,1,1,1994,0,0,0,0,0,0,0,0,0,0
160120,2,1,1994,0,0,0,0,0,0,0,0,0,0
160121,1,1,1994,0,0,0,0,0,0,0,0,0,0
160122,1,1,1994,0,0,0,0,0,0,0,0,0,0
160123,1,1,1994,0,0,0,0,0,0,0,0,0,0
160123,2,1,1994,21,21,30,18,17,0,0,36,0,23
160124,0,1,1994,0,0,0,0,0,0,0,0,0,0
160124,1,1,1994,0,0,0,0,0,0,0,0,8,0
160125,1,1,1994,13,14,34,27,24,12,28,12,28,31
160126,1,1,1994,0,24,0,9,0,10,30,15,16,0
160126,2,1,1994,0,0,0,0,0,0,0,0,0,0
160127,1,1,1994,0,0,0,0,0,0,0,0,0,0
160128,1,1,1994,12,12,12,12,12,12,12,12,12,12
160129,1,1,1994,16,16,16,16,16,16,16,16,16,16
160130,1,1,1994,0,0,0,0,0,0,0,0,0,0
160131,1,1,1994,0,0,0,0,0,0,0,0,0,0
160131,2,1,1994,0,0,0,0,0,0,0,0,0,0
160132,1,1,1994,0,0,0,0,0,0,0,0,0,0
160133,1,1,1994,5,8,11,8,16,24,22,12,17,3
160134,1,1,1994,0,0,0,0,0,0,0,0,0,0
160135,1,1,1994,15,15,15,15,15,15,15,15,15,15
160136,1,1,1994,0,0,0,0,0,0,0,0,0,0
160136,2,1,1994,0,0,0,0,0,0,0,0,0,0
160137,1,1,1994,19,19,19,19,19,19,19,19,19,19
160138,1,1,1994,8,8,8,8,8,8,8,8,8,8
160139,1,1,1994,0,0,0,0,0,0,0,0,0,12
160140,1,1,1994,0,15,0,0,0,0,0,0,26,0
160141,1,1,1994,0,0,0,0,0,0,0,0,0,0
160141,2,1,1994,0,0,0,0,0,0,0,0,0,0
160142,1,1,1994,0,0,0,0,0,0,0,0,0,0
160143,1,1,1994,0,0,0,0,0,0,0,0,0,0
160145,1,1,1994,18,18,18,18,18,18,18,18,18,18
160146,1,1,1994,0,0,0,0,0,0,0,0,0,0
160146,2,1,1994,0,0,0,0,0,0,0,0,0,0
160147,1,1,1994,0,0,0,0,0,0,0,0,0,0
160148,1,1,1994,37,28,9,17,0,20,9,18,31,19
160150,1,1,1994,0,0,0,0,0,0,0,0,0,0
160150,2,1,1994,0,0,0,0,0,0,0,0,0,0
160151,1,1,1994,0,0,0,0,0,0,0,0,0,0
160151,2,1,1994,0,0,0,0,0,0,0,0,0,0
160152,1,1,1994,0,0,0,0,0,0,0,0,12,18
160153,1,1,1994,31,25,27,11,21,17,28,24,15,25
160154,1,1,1994,0,0,0,0,0,0,0,0,0,0
160155,1,1,1994,31,11,21,29,26,0,3,0,28,0
160156,1,1,1994,0,0,0,0,0,0,0,0,0,0
160156,2,1,1994,0,0,0,0,0,0,0,0,0,0
160157,1,1,1994,0,0,0,0,0,0,0,0,0,0
160157,2,1,1994,0,0,0,0,0,0,0,0,0,0
160158,1,1,1994,0,0,0,0,0,0,0,0,0,0
160158,2,1,1994,0,0,0,0,0,0,0,0,0,0
160159,1,1,1994,0,0,0,0,0,0,0,0,0,0
160159,2,1,1994,27,27,27,27,27,27,27,27,27,27
160161,1,1,1994,6,20,0,0,0,0,17,11,0,24
160162,1,1,1994,0,0,0,0,0,0,0,0,0,0
160162,2,1,1994,0,0,0,0,0,0,0,0,0,0
160163,1,1,1994,0,0,0,0,0,0,0,0,0,0
160164,1,1,1994,0,0,0,0,0,0,0,0,0,0
160164,2,1,1994,0,0,0,0,0,0,0,0,0,0
160165,0,1,1994,0,0,19,0,8,0,0,15,17,0
160165,1,1,1994,0,0,0,0,0,0,0,0,0,0
160167,1,1,1994,0,0,0,0,0,0,0,0,0,0
160167,2,1,1994,0,0,0,0,0,0,0,0,0,0
160168,1,1,1994,0,0,0,15,6,0,0,0,0,0
160168,2,1,1994,0,0,0,0,0,0,0,0,0,0
160169,1,1,1994,21,0,0,0,0,0,0,0,0,0
160169,2,1,1994,0,0,0,0,0,0,0,0,0,0
160170,1,1,1994,0,0,0,0,0,0,0,0,0,0
160170,2,1,1994,8,27,0,0,0,0,0,8,0,26
160170,3,1,1994,0,0,0,0,0,0,0,0,0,0
160171,1,1,1994,28,11,23,16,11,12,6,8,19,27
160172,1,1,1994,30,20,26,20,30,8,44,22,25,24
160173,1,1,1994,0,0,0,0,0,0,0,0,0,18
160173,2,1,1994,0,0,0,0,0,0,0,0,0,0
160174,1,1,1994,0,0,0,21,0,0,0,0,0,22
160175,1,1,1994,0,0,0,0,0,0,0,0,0,0
160175,2,1,1994,0,0,0,0,0,0,0,0,0,0
160176,1,1,1994,0,0,0,0,0,0,6,0,0,0
160176,2,1,1994,0,32,23,0,26,0,0,19,22,24
160177,1,1,1994,0,0,0,0,0,0,0,0,0,0
160178,1,1,1994,0,0,0,0,0,0,0,0,0,0
160179,1,1,1994,0,0,0,0,0,0,0,0,0,0
160179,2,1,1994,0,0,0,0,0,0,0,0,0,0
160180,1,1,1994,0,0,0,0,0,0,0,0,0,0
160180,2,1,1994,17,17,17,17,17,17,17,17,17,17
160181,1,1,1994,0,14,0,0,0,0,0,0,0,0
160182,1,1,1994,0,0,0,0,0,0,0,0,0,0
160182,2,1,1994,0,0,0,0,0,0,0,0,0,0
160183,1,1,1994,0,0,0,0,0,0,0,0,0,0
160184,1,1,1994,0,0,0,0,0,0,0,0,36,0
160185,1,1,1994,14,0,0,0,0,0,16,0,0,7
160186,1,1,1994,24,24,24,24,24,24,24,24,24,24
160187,1,1,1994,0,0,0,0,0,0,0,0,0,0
160188,1,1,1994,0,0,0,0,0,0,0,0,0,0
160188,2,1,1994,0,0,0,0,0,0,0,0,0,0
160189,1,1,1994,0,0,0,0,0,0,0,0,0,0
160189,2,1,1994,0,0,0,0,0,0,0,0,0,0
160191,1,1,1994,0,0,0,7,14,0,0,0,0,0
160192,1,1,1994,24,24,24,24,24,24,24,24,24,24
160193,1,1,1994,0,0,4,0,7,0,0,0,0,0
160193,2,1,1994,0,0,0,0,0,0,0,0,0,0
160194,1,1,1994,0,0,0,0,0,0,0,0,0,0
160194,2,1,1994,0,0,0,0,0,0,0,0,0,0
160195,1,1,1994,16,0,20,0,0,15,3,0,19,0
160196,1,1,1994,0,0,0,0,0,0,0,0,0,0
160197,1,1,1994,3,3,3,3,3,3,3,3,3,3
160198,1,1,1994,31,16,33,34,14,42,18,0,24,21
160199,1,1,1994,0,27,0,0,0,0,0,0,0,0
160200,1,1,1994,0,0,0,0,0,0,0,0,0,0
160200,2,1,1994,0,0,0,0,0,0,0,0,0,0
160201,1,1,1994,0,0,0,0,0,0,0,0,0,0
160202,1,1,1994,0,9,17,0,0,21,26,12,33,17
160203,1,1,1994,16,0,0,0,0,0,0,0,0,0
160203,2,1,1994,0,0,0,0,0,4,0,0,0,0
160204,1,1,1994,8,8,8,8,8,8,8,8,8,8
160204,2,1,1994,0,0,0,0,8,0,0,0,7,0
160205,1,1,1994,0,0,0,0,0,0,0,14,0,0
160206,1,1,1994,0,0,0,0,14,0,0,0,0,0
160207,1,4,1994,11,8,13,10,13,15,9,14,7,16
160208,1,1,1994,0,0,0,0,0,0,0,0,0,0
160209,1,1,1994,0,0,0,0,0,0,0,0,0,0
160209,2,1,1994,4,13,12,9,26,8,10,8,14,31
160210,1,1,1994,0,0,0,0,0,0,0,0,0,0
160211,1,1,1994,0,0,0,0,0,0,0,0,0,0
160211,2,1,1994,13,20,26,4,0,11,0,15,9,11
160212,0,1,1994,0,0,0,0,0,0,0,0,0,0
160212,1,1,1994,0,0,0,0,0,0,0,0,0,0
160213,1,1,1994,0,0,0,0,0,0,0,0,0,0
160213,2,1,1994,0,0,0,0,0,0,0,0,0,0
160214,1,1,1994,0,0,0,0,0,0,0,0,0,0
160215,1,1,1994,14,14,14,14,14,14,14,14,14,14
160216,1,1,1994,23,23,23,23,23,23,23,23,23,23
160217,1,1,1994,0,0,0,0,0,0,0,0,0,0
160217,2,1,1994,0,0,0,0,0,0,0,0,0,0
160218,1,1,1994,0,0,0,0,0,8,0,0,0,0
160219,1,1,1994,17,16,7,7,8,13,0,20,12,12
160220,1,1,1994,0,0,0,0,0,0,0,0,0,0
160220,2,1,1994,0,0,0,0,0,0,0,0,0,0
160221,1,1,1994,0,0,0,0,0,0,0,0,0,0
160221,2,1,1994,0,0,0,0,0,0,0,0,27,0
160222,0,1,1994,0,0,0,0,0,0,0,0,0,0
160222,1,1,1994,0,0,0,0,0,0,0,0,0,0
160223,1,1,1994,0,0,0,0,0,0,0,0,0,0
160223,2,1,1994,0,0,0,0,0,0,0,0,0,0
160224,0,1,1994,0,0,0,0,0,0,0,0,0,0
160224,1,1,1994,0,0,0,0,0,0,0,0,0,0
160226,1,1,1994,0,0,0,0,0,0,0,0,0,0
160226,2,1,1994,0,0,0,0,0,0,0,0,0,30
160227,1,1,1994,0,0,0,0,0,0,0,0,0,0
160227,2,1,1994,16,16,16,16,16,16,16,16,16,16
160229,1,1,1994,0,0,0,0,0,0,0,0,0,0
170001,1,1,1994,27,27,27,27,27,27,27,27,27,27
170002,1,1,1994,11,11,11,11,11,11,11,11,11,11
170003,1,1,1994,20,0,0,0,23,0,0,18,26,0
170004,1,1,1994,0,0,0,0,0,0,0,0,0,0
170004,2,1,1994,10,0,0,0,0,0,12,0,0,0
170005,1,1,1994,0,0,0,0,0,0,0,0,0,0
170005,2,1,1994,0,0,0,0,0,0,0,0,0,0
170006,1,1,1994,0,0,0,0,0,0,0,0,0,0
170006,2,1,1994,0,0,0,0,0,0,0,0,0,0
170007,1,1,1994,0,0,0,0,0,0,0,0,0,0
170007,2,1,1994,0,0,0,0,0,0,0,0,0,0
170008,1,1,1994,0,0,0,0,0,0,0,0,0,0
170009,1,1,1994,22,22,22,22,22,22,22,22,22,22
170010,1,1,1994,0,0,0,0,0,0,0,0,0,0
170010,2,1,1994,0,0,0,0,0,0,0,0,0,0
170011,0,1,1994,7,7,7,7,7,7,7,7,7,7
170011,1,1,1994,0,0,0,0,0,0,0,0,0,0
170012,0,1,1994,0,0,0,0,0,0,0,0,0,0
170012,1,1,1994,0,0,0,0,0,0,0,0,0,0
170013,1,1,1994,0,0,0,0,0,0,0,0,0,0
170013,2,1,1994,0,0,0,0,0,0,0,0,9,0
170014,1,1,1994,0,0,0,0,14,0,29,0,18,11
170015,1,1,1994,6,6,6,6,6,6,6,6,6,6
170016,0,1,1994,0,0,0,0,0,0,0,0,0,0
170016,1,1,1994,19,12,25,27,10,10,11,25,11,21
170017,1,1,1994,6,6,6,6,6,6,6,6,6,6
170018,1,1,1994,14,14,14,14,14,14,14,14,14,14
170019,1,1,1994,6,5,15,0,10,0,0,14,28,0
170019,2,1,1994,0,26,0,0,0,0,0,0,0,0
170021,1,1,1994,0,0,0,0,0,0,0,0,0,0
170021,2,1,1994,0,0,0,0,0,0,0,0,0,0
170022,1,1,1994,10,10,10,10,10,10,10,10,10,10
170023,1,1,1994,22,22,22,22,22,22,22,22,22,22
170024,1,1,1994,14,14,14,14,14,14,14,14,14,14
170025,1,1,1994,12,12,12,12,12,12,12,12,12,12
170026,0,1,1994,0,0,0,0,0,0,0,0,0,0
170026,1,1,1994,0,19,0,15,0,0,0,0,0,0
170026,2,1,1994,0,0,0,0,16,0,0,0,0,0
170026,4,1,1994,0,8,0,0,0,0,14,0,0,0
170027,1,1,1994,0,0,0,0,0,0,0,0,0,0
170027,2,1,1994,0,0,0,0,0,0,0,0,0,0
170028,1,1,1994,0,0,0,0,0,0,0,0,0,0
170028,2,1,1994,13,0,0,0,14,0,0,0,7,0
170029,0,1,1994,0,0,0,0,0,0,0,0,0,0
170029,1,1,1994,0,0,0,0,0,0,0,0,0,0
170030,1,1,1994,26,0,0,17,0,0,0,0,0,0
170030,2,1,1994,15,0,0,8,0,0,0,0,35,0
170031,1,1,1994,0,0,0,0,0,0,0,0,0,0
170031,2,1,1994,0,22,0,0,0,0,17,0,0,0
170032,1,1,1994,0,0,0,0,0,0,0,0,0,0
170032,2,1,1994,0,0,0,0,0,0,0,0,0,0
170033,1,1,1994,4,4,4,4,4,4,4,4,4,4
170034,1,1,1994,0,0,0,0,0,0,0,0,0,0
170034,2,1,1994,7,7,7,7,7,7,7,7,7,7
170035,1,1,1994,17,17,17,17,17,17,17,17,17,17
170036,1,1,1994,0,0,0,0,0,0,0,0,0,0
170037,1,1,1994,0,0,0,0,0,0,0,0,0,0
170038,1,1,1994,0,6,0,0,5,0,0,0,0,0
170038,2,1,1994,0,0,0,0,0,0,0,0,0,0
170039,0,1,1994,6,6,6,6,6,6,6,6,6,6
170039,1,1,1994,0,0,0,0,0,0,0,0,0,0
170040,1,1,1994,4,4,4,4,4,4,4,4,4,4
170040,2,1,1994,0,0,0,0,0,0,0,0,0,0
170041,1,1,1994,0,0,0,0,0,0,0,0,0,0
170041,2,1,1994,0,0,0,0,0,0,0,0,0,0
170042,1,1,1994,6,0,10,9,30,14,21,13,14,15
170042,2,1,1994,0,0,0,0,0,0,0,0,0,0
170043,1,1,1994,27,27,27,27,27,27,27,27,27,27
170044,1,1,1994,0,0,0,0,0,0,0,0,0,0
170045,0,1,1994,0,0,0,0,0,0,0,0,0,0
170045,1,1,1994,0,0,0,0,0,0,0,0,0,0
170046,1,1,1994,21,21,21,21,21,21,21,21,21,21
170046,2,1,1994,0,0,13,0,0,0,0,0,0,0
170047,1,1,1994,0,0,0,0,0,0,0,0,0,0
170047,2,1,1994,0,0,0,0,0,0,0,0,0,0
170048,1,1,1994,0,0,0,0,0,0,0,0,0,0
170048,2,1,1994,0,0,0,0,0,0,0,0,0,0
170049,1,1,1994,0,0,0,0,0,0,0,0,0,0
170049,2,1,1994,0,0,0,0,0,0,0,0,0,0
170050,1,1,1994,0,0,0,0,0,0,0,0,0,0
170050,2,1,1994,0,0,0,0,0,0,0,0,0,0
170051,1,1,1994,0,0,0,0,0,0,0,0,0,0
170052,1,1,1994,0,0,0,0,0,0,0,0,0,0
170053,1,1,1994,0,0,0,0,0,0,0,0,0,0
170054,1,1,1994,20,20,20,20,20,20,20,20,20,20
170054,2,1,1994,0,0,0,0,0,0,0,0,0,0
170055,1,1,1994,0,0,0,0,0,0,0,0,0,0
170056,1,1,1994,0,0,0,0,0,0,0,0,0,0
170057,1,1,1994,0,0,0,0,0,0,0,0,0,0
170058,1,1,1994,0,0,0,0,0,0,0,0,0,0
170058,2,1,1994,5,5,5,5,5,5,5,5,5,5
170060,1,1,1994,0,0,0,0,0,0,0,0,0,0
170060,2,1,1994,0,0,0,0,0,0,0,0,0,0
170060,3,1,1994,0,0,0,0,0,0,0,0,0,0
170061,1,1,1994,0,0,0,0,0,0,0,0,0,0
170061,2,1,1994,0,0,0,0,0,0,0,0,0,0
170062,1,1,1994,0,0,0,0,0,0,0,0,0,0
170062,2,1,1994,0,0,0,0,0,0,0,0,0,0
170063,0,1,1994,0,0,0,0,0,0,0,0,0,0
170063,1,1,1994,0,0,0,0,0,0,0,0,0,0
170064,0,1,1994,0,0,0,0,0,0,0,0,0,0
170064,1,1,1994,0,0,1,0,11,0,0,0,0,0
170065,0,1,1994,0,0,0,0,0,0,0,0,0,0
170065,1,1,1994,0,0,0,0,0,0,0,0,0,0
170066,0,1,1994,0,0,0,0,0,0,0,0,0,0
170066,1,1,1994,0,0,0,0,0,6,0,0,0,0
170067,1,1,1994,0,0,0,0,0,0,0,0,0,0
170067,2,1,1994,0,0,0,0,0,0,0,0,0,0
170068,1,1,1994,40,40,40,40,40,40,40,40,40,40
170068,2,1,1994,0,0,0,0,0,0,0,0,0,0
170069,1,1,1994,16,16,16,16,16,16,16,16,16,16
170070,1,1,1994,1,1,1,1,1,1,1,1,1,1
170070,2,1,1994,0,0,0,0,0,0,0,0,0,0
170071,1,1,1994,4,4,4,4,4,4,4,4,4,4
170071,2,1,1994,0,0,0,0,0,0,0,0,0,0
170072,1,1,1994,26,26,26,26,26,26,26,26,26,26
170073,1,1,1994,5,0,0,0,0,0,0,0,0,0
170073,2,1,1994,14,0,20,0,0,10,0,17,0,0
170074,1,1,1994,8,13,3,17,15,25,11,0,25,12
170074,2,1,1994,0,0,0,0,0,0,0,0,14,0
170075,1,1,1994,33,33,33,33,33,33,33,33,33,33
170076,1,1,1994,0,0,0,0,5,0,0,0,0,0
170077,0,1,1994,15,15,15,15,15,15,15,15,15,15
170077,1,1,1994,0,21,0,10,17,19,15,11,0,24
170078,1,1,1994,0,0,0,0,0,0,0,0,0,0
170079,1,1,1994,0,0,0,0,0,0,0,0,0,0
170080,1,1,1994,22,22,22,22,22,22,22,22,22,22
170081,0,1,1994,0,0,0,0,0,0,0,0,0,0
170081,1,1,1994,0,0,0,0,0,0,0,0,0,0
170082,1,1,1994,0,0,0,0,0,0,0,0,0,0
170083,1,1,1994,19,19,19,19,19,19,19,19,19,19
170084,1,1,1994,0,0,0,0,0,0,0,0,0,0
170084,2,1,1994,0,0,0,0,0,0,0,0,0,0
170085,1,1,1994,0,0,0,0,0,0,0,0,0,0
170086,1,1,1994,0,0,0,0,0,0,0,0,0,0
170087,1,1,1994,0,0,0,0,0,0,0,0,0,0
170087,2,1,1994,0,0,0,0,0,0,0,0,0,0
170088,1,1,1994,0,0,0,0,0,0,0,0,0,0
170088,2,1,1994,0,0,0,0,0,0,0,0,0,0
170088,3,1,1994,0,0,0,0,0,0,0,0,0,0
170089,1,1,1994,12,12,12,12,12,12,12,12,12,12
170090,1,1,1994,18,18,18,18,18,18,18,18,18,18
170090,2,1,1994,0,0,0,0,0,0,0,0,0,0
170091,1,1,1994,0,0,0,0,0,0,0,0,0,0
170091,2,1,1994,0,0,0,0,0,0,0,0,0,0
170092,1,1,1994,0,0,0,0,0,0,0,0,0,0
170093,1,1,1994,8,0,12,0,31,0,0,0,15,0
170094,1,1,1994,15,15,15,15,15,15,15,15,15,15
170095,1,1,1994,0,0,0,0,0,0,0,0,0,0
170095,2,1,1994,0,0,0,0,0,0,0,0,0,0
170096,1,1,1994,0,0,0,0,0,0,0,0,0,0
170097,1,1,1994,0,0,0,0,0,0,0,0,0,0
170097,2,1,1994,0,0,0,0,0,0,0,0,0,0
170098,1,1,1994,0,0,0,0,0,0,0,0,0,0
170098,2,1,1994,0,0,0,0,0,0,0,0,0,0
170099,1,1,1994,0,0,0,0,0,0,0,0,0,0
170099,2,1,1994,0,0,0,0,0,0,0,0,0,0
170100,0,1,1994,0,0,0,0,0,0,0,0,0,0
170100,1,1,1994,0,0,0,0,0,12,4,0,0,0
170102,1,1,1994,0,0,0,0,0,0,0,0,0,0
170103,1,1,1994,0,0,0,0,0,0,0,0,0,0
170103,2,1,1994,15,0,0,16,37,0,0,0,0,0
170104,1,1,1994,0,0,0,0,0,0,0,0,0,0
170104,2,1,1994,0,0,0,0,0,0,0,0,0,0
170105,1,1,1994,0,0,0,0,0,0,0,0,0,0
170106,1,1,1994,3,3,3,3,3,3,3,3,3,3
170107,1,1,1994,17,17,17,17,17,17,17,17,17,17
170107,2,1,1994,0,0,17,0,0,0,0,0,0,0
170108,0,1,1994,1,1,1,1,1,1,1,1,1,1
170108,1,1,1994,0,0,0,0,0,0,0,0,0,0
170109,1,1,1994,0,0,0,0,0,0,0,0,0,0
170109,2,1,1994,0,0,0,0,0,0,0,0,0,0
170110,1,1,1994,0,0,0,0,0,0,0,0,0,0
170110,2,1,1994,0,0,0,0,0,0,0,0,0,0
170111,1,1,1994,0,0,0,0,0,0,0,0,0,0
170111,2,1,1994,0,0,0,0,0,0,0,0,0,0
170112,1,1,1994,22,22,22,22,22,22,22,22,22,22
170112,2,1,1994,0,0,0,0,0,0,0,0,0,0
170112,3,1,1994,0,0,0,0,0,0,0,0,0,0
170112,4,1,1994,0,0,0,0,0,0,17,0,0,0
170113,1,1,1994,35,35,35,35,35,35,35,35,35,35
170114,1,1,1994,0,0,0,0,0,0,0,0,0,0
170114,2,1,1994,0,0,14,0,0,0,0,0,0,0
170115,1,1,1994,21,21,21,21,21,21,21,21,21,21
170117,1,1,1994,23,23,23,23,23,23,23,23,23,23
170118,1,1,1994,0,0,0,0,0,0,0,0,0,0
170118,2,1,1994,9,0,0,0,0,0,0,0,0,0
170119,1,1,1994,14,27,0,12,15,27,15,22,16,5
170120,0,1,1994,8,8,8,8,8,8,8,8,8,8
170120,0,2,1994,22,10,10,0,30,0,0,0,15,13
170120,1,1,1994,13,0,8,17,16,16,0,23,4,15
170121,1,1,1994,0,0,0,0,0,0,0,0,0,0
170121,2,1,1994,0,0,0,0,0,0,0,0,0,0
170122,0,1,1994,0,0,0,0,0,0,0,0,0,0
170122,1,1,1994,0,0,0,0,0,0,0,0,0,0
170123,1,1,1994,0,0,0,0,0,0,0,0,0,0
170124,1,1,1994,0,0,0,0,0,0,0,0,0,0
170125,0,1,1994,0,0,0,0,0,0,0,0,0,0
170125,1,1,1994,0,0,0,0,0,0,0,0,0,0
170126,1,1,1994,16,16,16,16,16,16,16,16,16,16
170127,1,1,1994,21,21,21,21,21,21,21,21,21,21
170128,1,1,1994,15,15,15,15,15,15,15,15,15,15
170128,2,1,1994,0,0,0,0,0,0,0,0,0,0
170129,1,1,1994,0,0,0,0,0,0,0,0,0,0
170129,2,1,1994,0,0,16,0,0,0,0,0,0,0
170129,3,1,1994,0,0,0,0,0,0,0,0,0,0
170130,1,1,1994,0,0,13,0,0,0,0,0,17,0
170130,2,1,1994,0,0,0,0,0,0,0,0,0,0
170131,0,1,1994,21,26,25,11,0,0,17,0,20,16
170131,0,2,1994,0,0,0,0,0,0,0,0,0,0
170131,0,3,1994,0,0,11,0,6,5,0,0,0,17
170131,0,4,1994,0,15,0,0,0,0,0,0,0,30
170131,0,5,1994,24,18,15,0,0,22,11,6,34,14
170131,0,6,1994,24,17,0,0,23,0,0,6,16,0
170131,1,1,1994,0,0,0,0,0,4,0,7,0,0
170131,2,1,1994,0,0,0,0,0,0,0,0,0,0
170132,1,1,1994,0,0,0,0,0,0,0,0,0,0
170133,1,1,1994,9,0,15,0,0,0,0,0,10,7
170134,0,1,1994,0,35,0,0,11,0,0,0,0,0
170134,1,1,1994,0,0,0,13,0,0,0,0,18,0
170135,0,1,1994,18,18,18,18,18,18,18,18,18,18
170135,1,1,1994,0,0,0,0,0,0,0,0,0,0
170136,1,1,1994,26,26,26,26,26,26,26,26,26,26
170137,1,1,1994,33,33,33,33,33,33,33,33,33,33
170137,2,1,1994,0,0,0,0,0,33,12,0,0,28
170138,1,1,1994,14,14,14,14,14,14,14,14,14,14
170138,2,1,1994,0,0,0,0,0,0,0,0,0,0
170139,1,1,1994,0,0,0,0,0,0,0,0,0,0
170140,1,1,1994,19,19,19,19,19,19,19,19,19,19
170140,2,1,1994,0,0,0,0,0,0,0,0,0,0
170141,1,1,1994,0,0,0,0,0,0,0,0,17,0
170141,2,1,1994,0,0,0,0,0,0,0,0,0,0
170142,0,1,1994,0,0,0,0,0,0,0,0,0,0
170142,1,1,1994,0,0,0,0,0,0,0,0,0,0
170143,0,1,1994,25,25,25,25,25,25,25,25,25,25
170143,1,1,1994,0,0,0,0,0,0,0,0,0,0
170143,2,1,1994,0,0,0,0,0,0,10,0,0,0
170144,1,1,1994,15,0,0,8,0,0,0,0,0,0
170144,2,1,1994,0,0,0,0,0,0,0,0,0,0
170144,3,1,1994,0,0,0,0,0,0,0,0,0,0
170145,1,1,1994,0,15,0,0,0,0,0,0,2,0
170146,0,1,1994,0,0,0,0,0,0,0,0,0,0
170146,1,1,1994,0,0,0,0,0,0,0,0,0,0
170147,1,1,1994,0,0,0,0,0,0,0,0,0,0
170148,1,1,1994,0,0,0,0,0,0,0,0,0,0
170148,2,1,1994,0,0,26,0,0,0,0,0,0,0
170149,1,1,1994,24,24,24,24,24,24,24,24,24,24
170151,1,1,1994,0,0,0,0,0,0,0,20,0,7
170151,2,1,1994,0,0,0,0,0,0,0,0,17,0
170152,1,1,1994,24,24,24,24,24,24,24,24,24,24
170153,0,1,1994,19,19,19,19,19,19,19,19,19,19
170153,1,1,1994,0,26,0,0,0,12,0,0,0,0
170154,1,1,1994,0,0,0,0,0,0,0,0,0,0
170154,2,1,1994,0,10,0,8,0,0,0,0,0,0
170154,3,1,1994,0,0,0,0,0,0,0,0,0,0
170155,0,1,1994,17,0,23,17,23,0,35,0,13,13
170155,0,2,1994,0,19,4,8,26,0,31,7,10,13
170155,1,1,1994,15,16,0,0,0,30,0,10,3,6
170155,3,1,1994,0,0,0,0,0,0,0,0,0,0
170156,1,1,1994,0,0,0,0,0,0,0,0,0,0
170157,1,1,1994,5,5,5,5,5,5,5,5,5,5
170157,2,1,1994,20,20,20,20,20,20,20,20,20,20
170158,1,1,1994,0,0,0,0,0,0,0,0,0,0
170158,2,1,1994,0,0,0,0,0,0,0,0,0,0
170158,3,1,1994,0,0,0,0,0,0,0,0,0,0
170159,1,1,1994,0,0,0,0,0,0,0,0,0,0
170159,2,1,1994,0,0,0,0,0,0,0,0,0,0
170160,1,1,1994,0,0,0,0,0,0,0,0,0,0
170160,2,1,1994,0,0,0,0,0,0,0,0,0,0
170161,1,1,1994,0,0,0,0,0,0,0,0,10,6
170161,2,1,1994,0,0,0,0,0,0,0,14,0,0
170162,1,1,1994,0,0,0,0,0,0,0,0,0,0
170162,2,1,1994,0,0,0,0,0,0,0,0,0,0
170162,3,1,1994,0,0,0,0,0,0,0,0,0,0
170163,0,1,1994,10,10,10,10,10,10,10,10,10,10
170163,1,1,1994,13,14,0,7,7,0,20,38,4,26
170164,1,1,1994,0,0,0,0,0,0,0,0,0,0
170165,1,1,1994,0,0,0,0,0,0,0,0,0,0
170166,1,1,1994,0,0,0,0,0,0,0,0,0,0
170166,2,1,1994,0,0,0,0,0,0,0,0,0,0
170167,1,1,1994,0,0,0,0,0,0,0,0,0,0
170167,2,1,1994,0,0,0,0,0,0,0,0,0,0
170167,3,1,1994,0,0,0,0,0,0,0,0,0,0
170167,4,1,1994,0,0,0,0,0,0,0,0,0,0
170168,1,1,1994,0,28,24,0,22,11,0,23,14,0
170169,1,1,1994,10,10,10,10,10,10,10,10,10,10
170169,2,1,1994,32,32,32,32,32,32,32,32,32,32
170170,1,1,1994,8,8,8,8,8,8,8,8,8,8
170171,1,1,1994,0,0,0,0,0,0,0,0,0,0
170172,1,1,1994,0,0,0,0,0,0,0,0,0,0
170172,2,1,1994,0,0,0,0,0,0,0,0,0,0
170173,1,1,1994,0,0,0,0,0,0,0,0,0,0
170173,2,1,1994,0,0,0,0,0,0,0,0,0,0
170173,3,1,1994,0,0,0,0,0,0,0,0,0,0