ST_CASE,VEH_NO,PER_NO,YEAR,P1,P2,P3,P4,P5,P6,P7,P8,P9,P10
170447,2,1,1994,0,0,16,0,0,0,0,0,0,0
170448,1,1,1994,0,0,0,0,0,0,0,0,0,0
170448,2,1,1994,0,0,0,0,0,0,0,0,0,0
170449,1,1,1994,0,0,0,0,0,0,0,0,0,0
170449,2,1,1994,0,0,0,0,0,0,0,0,0,0
170450,0,1,1994,17,17,17,17,17,17,17,17,17,17
170450,1,1,1994,0,0,0,0,0,0,0,0,0,0
170450,2,1,1994,0,0,0,0,0,22,0,14,0,0
170451,1,1,1994,0,0,0,0,0,0,0,0,0,0
170452,1,1,1994,0,0,0,0,0,0,20,0,0,0
170452,2,1,1994,0,0,0,0,0,0,0,0,0,0
170453,0,1,1994,26,0,13,0,0,0,0,0,0,0
170453,1,1,1994,11,11,11,11,11,11,11,11,11,11
170454,1,1,1994,0,0,0,0,0,0,0,0,0,0
170454,2,1,1994,0,0,0,0,0,0,0,0,0,0
170455,0,1,1994,45,45,45,45,45,45,45,45,45,45
170455,1,1,1994,17,23,31,37,25,13,6,17,11,22
170456,1,1,1994,0,0,0,0,0,0,3,0,0,0
170456,2,1,1994,0,0,0,0,4,0,0,0,11,0
170457,1,1,1994,0,0,0,0,0,0,0,0,0,0
170457,2,1,1994,0,0,0,0,0,0,0,0,0,0
170458,0,1,1994,46,46,46,46,46,46,46,46,46,46
170458,1,1,1994,0,13,23,0,0,0,6,0,0,0
170459,1,1,1994,0,0,0,0,0,0,0,0,0,0
170459,2,1,1994,0,0,0,0,0,0,0,0,0,0
170460,1,1,1994,0,0,0,0,0,0,0,0,0,0
170460,2,1,1994,0,0,0,0,0,0,0,0,0,0
170461,1,1,1994,0,0,0,0,0,0,0,0,0,0
170461,2,1,1994,0,0,0,0,0,12,0,0,0,0
170462,1,1,1994,41,41,41,41,41,41,41,41,41,41
170462,2,1,1994,0,0,0,0,0,0,0,0,14,0
170463,1,1,1994,0,0,0,0,0,0,0,0,0,0
170464,1,1,1994,0,0,0,0,0,0,0,0,0,0
170464,2,1,1994,0,0,0,0,0,0,0,0,0,0
170464,3,1,1994,0,0,0,0,0,0,0,0,0,0
170465,1,1,1994,0,0,0,0,0,0,0,0,0,0
170465,2,1,1994,0,0,0,0,0,0,0,0,0,0
170466,1,1,1994,4,4,4,4,4,4,4,4,4,4
170467,1,1,1994,0,0,15,0,0,0,0,9,0,0
170468,0,1,1994,10,10,10,10,10,10,10,10,10,10
170468,1,1,1994,5,28,13,18,20,13,8,3,28,28
170469,1,1,1994,19,19,19,19,19,19,19,19,19,19
170470,1,1,1994,13,13,13,13,13,13,13,13,13,13
170471,1,1,1994,0,0,0,0,0,0,0,0,0,0
170471,2,1,1994,0,0,0,0,0,0,0,0,0,0
170472,1,1,1994,9,0,0,0,0,0,0,0,0,0
170473,1,1,1994,35,35,35,35,35,35,35,35,35,35
170473,2,1,1994,0,0,0,4,0,0,0,0,0,0
170473,3,1,1994,0,0,0,0,0,0,0,0,0,34
170473,4,1,1994,0,0,0,0,0,0,0,0,0,0
170473,5,1,1994,0,0,0,0,0,0,0,0,0,0
170474,1,1,1994,11,11,11,11,11,11,11,11,11,11
170474,2,1,1994,0,0,0,0,0,0,0,0,0,0
170475,1,1,1994,0,19,0,0,0,0,0,0,0,0
170476,1,1,1994,20,20,20,20,20,20,20,20,20,20
170477,1,1,1994,3,3,3,3,3,3,3,3,3,3
170478,0,1,1994,0,0,0,0,0,0,0,0,0,0
170478,1,1,1994,0,0,0,0,0,0,0,0,0,0
170479,1,1,1994,0,0,0,0,0,0,0,0,0,0
170479,2,1,1994,0,0,0,0,0,0,0,0,0,0
170480,1,1,1994,0,0,0,0,0,0,0,0,0,0
170480,2,1,1994,0,0,0,0,0,0,0,0,0,0
170481,1,1,1994,0,3,0,0,0,0,0,0,0,0
170481,2,1,1994,0,0,12,0,0,0,0,0,0,0
170482,1,1,1994,0,0,0,24,0,13,10,8,0,0
170482,2,1,1994,0,0,0,0,0,0,0,0,0,0
170482,3,1,1994,0,0,0,0,0,0,0,0,0,0
170483,1,1,1994,0,0,0,0,0,0,0,0,0,14
170484,1,1,1994,0,0,0,0,0,0,0,0,0,0
170485,1,1,1994,0,0,0,0,0,23,0,0,0,0
170485,2,1,1994,10,10,10,10,10,10,10,10,10,10
170486,0,1,1994,11,11,11,11,11,11,11,11,11,11
170486,1,1,1994,0,0,0,20,0,0,0,0,10,0
170487,0,1,1994,0,11,31,0,0,0,0,0,0,0
170487,1,1,1994,0,0,0,0,0,0,0,0,0,0
170488,1,1,1994,0,0,0,0,0,0,0,0,0,0
170488,2,1,1994,0,0,0,0,0,0,0,0,0,0
170488,3,1,1994,0,0,0,0,0,0,0,0,0,0
170488,4,1,1994,0,0,0,0,0,0,0,0,0,0
170489,0,1,1994,0,0,13,0,0,0,0,0,0,0
170489,1,1,1994,0,0,0,0,0,0,0,0,0,0
170490,1,1,1994,0,0,0,0,0,0,0,0,0,0
170490,2,1,1994,0,0,0,0,0,0,0,0,0,0
170491,1,1,1994,0,0,0,0,0,0,0,0,0,0
170491,2,1,1994,10,0,0,0,0,0,0,0,0,0
170492,1,1,1994,13,28,14,18,31,6,6,0,23,28
170493,1,1,1994,0,0,0,0,0,0,0,0,9,0
170493,2,1,1994,0,0,0,0,0,0,0,0,0,0
170494,1,1,1994,0,0,0,0,0,0,0,0,0,0
170494,2,1,1994,0,0,0,0,0,0,0,0,0,0
170495,0,1,1994,0,0,0,0,0,0,0,0,0,0
170495,1,1,1994,0,0,0,0,0,0,0,0,0,10
170496,1,1,1994,0,0,0,0,0,0,0,0,0,0
170497,1,1,1994,0,0,0,0,0,0,0,0,0,0
170498,1,1,1994,0,8,18,0,0,0,0,0,0,0
170499,1,1,1994,15,15,15,15,15,15,15,15,15,15
170499,2,1,1994,2,0,0,0,0,0,0,0,0,0
170500,1,1,1994,0,0,0,0,0,0,0,0,0,0
170500,2,1,1994,0,0,0,0,0,0,0,0,0,0
170501,0,1,1994,0,0,0,0,0,0,0,0,0,0
170501,1,1,1994,0,0,0,0,0,0,0,0,0,0
170502,1,1,1994,0,0,0,0,0,0,0,0,0,0
170502,2,1,1994,0,0,0,0,0,0,0,0,0,0
170503,1,1,1994,9,9,9,9,9,9,9,9,9,9
170504,1,1,1994,0,0,0,0,0,0,0,0,0,0
170504,2,1,1994,0,0,0,0,0,0,0,0,0,0
170505,0,1,1994,0,0,0,0,0,0,0,0,0,0
170505,1,1,1994,8,0,0,0,9,0,0,0,0,0
170506,1,1,1994,0,0,0,0,0,0,0,0,0,0
170507,1,1,1994,0,0,0,0,0,0,0,0,0,0
170508,1,1,1994,12,12,12,12,12,12,12,12,12,12
170508,2,1,1994,0,25,0,0,0,0,0,0,0,0
170508,3,1,1994,0,31,0,0,0,0,0,0,0,0
170509,1,1,1994,20,20,20,20,20,20,20,20,20,20
170509,2,1,1994,0,0,0,0,0,29,0,0,0,0
170510,0,1,1994,0,0,0,0,0,0,0,0,0,0
170510,1,1,1994,0,0,0,0,0,0,0,0,0,0
170511,1,1,1994,13,13,13,13,13,13,13,13,13,13
170512,1,1,1994,26,26,26,26,26,26,26,26,26,26
170513,1,1,1994,0,0,0,0,0,0,0,0,0,0
170514,0,1,1994,21,21,21,21,21,21,21,21,21,21
170514,1,1,1994,0,13,0,0,23,0,0,0,0,23
170515,1,1,1994,0,0,0,0,0,0,0,0,0,0
170516,1,1,1994,20,20,20,20,20,20,20,20,20,20
170517,1,1,1994,22,15,18,18,8,20,19,18,13,7
170517,2,1,1994,7,7,7,7,7,7,7,7,7,7
170518,1,1,1994,10,31,24,17,9,29,11,18,14,5
170519,1,1,1994,19,19,19,19,19,19,19,19,19,19
170520,1,1,1994,29,29,29,29,29,29,29,29,29,29
170521,1,1,1994,2,2,2,2,2,2,2,2,2,2
170521,2,1,1994,0,0,0,0,0,0,0,0,0,0
170522,1,1,1994,0,4,0,10,0,0,0,0,0,0
170522,2,1,1994,0,0,0,0,0,0,0,0,0,0
170523,1,1,1994,24,10,7,9,13,9,33,3,14,12
170523,2,1,1994,0,0,0,0,0,0,0,0,0,0
170524,1,1,1994,0,0,0,0,0,0,0,0,0,0
170524,2,1,1994,0,0,0,0,0,0,0,0,0,0
170525,1,1,1994,0,0,0,0,0,0,0,0,0,0
170526,1,1,1994,0,0,0,0,0,0,0,0,0,0
170526,2,1,1994,0,0,0,0,0,0,18,0,0,0
170527,1,1,1994,29,29,29,29,29,29,29,29,29,29
170528,1,1,1994,0,0,0,0,0,0,0,0,0,0
170528,2,1,1994,0,0,0,0,0,0,0,0,0,0
170528,3,1,1994,0,0,0,5,0,0,0,0,0,0
170529,0,1,1994,0,0,0,0,24,19,0,0,10,0
170529,1,1,1994,0,0,0,0,0,0,0,0,0,0
170530,1,1,1994,25,25,25,25,25,25,25,25,25,25
170531,1,1,1994,14,14,14,14,14,14,14,14,14,14
170531,2,1,1994,0,0,0,0,0,0,0,0,0,0
170532,1,1,1994,12,0,6,0,0,0,0,0,0,0
170533,1,1,1994,0,0,0,0,0,0,0,0,0,0
170533,2,1,1994,0,0,0,0,0,7,0,0,11,13
170533,3,1,1994,0,0,4,0,0,16,0,0,0,0
170534,1,1,1994,0,0,0,0,0,0,0,0,0,0
170535,1,1,1994,11,11,11,11,11,11,11,11,11,11
170535,2,1,1994,0,0,0,0,0,0,0,0,0,0
170536,1,1,1994,0,0,0,0,0,0,0,0,0,0
170537,1,1,1994,29,17,24,14,4,12,30,17,18,29
170537,2,1,1994,0,0,0,0,0,0,0,0,0,0
170538,1,1,1994,0,0,0,0,0,0,0,0,0,0
170538,2,1,1994,0,0,0,0,0,0,0,0,0,0
170539,1,1,1994,29,29,29,29,29,29,29,29,29,29
170540,1,1,1994,18,18,18,18,18,18,18,18,18,18
170541,1,1,1994,0,0,0,0,0,0,0,0,0,0
170541,2,1,1994,0,0,0,0,0,0,0,0,0,0
170542,0,1,1994,0,0,0,0,0,0,0,0,0,0
170542,1,1,1994,0,0,0,0,0,0,0,0,0,0
170543,1,1,1994,0,0,0,0,0,0,0,0,11,0
170543,2,1,1994,0,0,0,0,0,0,0,0,0,0
170544,1,1,1994,0,0,0,0,0,0,0,0,0,0
170544,2,1,1994,0,0,0,0,0,0,0,0,0,0
170545,1,1,1994,0,0,0,0,0,0,0,0,0,0
170545,2,1,1994,0,0,0,0,0,0,0,0,0,0
170546,1,1,1994,12,12,12,12,12,12,12,12,12,12
170546,2,1,1994,0,7,0,0,0,0,0,10,0,0
170546,3,1,1994,0,0,0,0,0,0,0,0,0,0
170547,1,1,1994,0,0,0,0,0,0,0,0,0,0
170548,1,1,1994,0,0,0,0,0,0,0,0,0,0
170549,1,1,1994,0,0,0,0,0,0,0,0,0,0
170549,2,1,1994,0,0,0,0,0,0,0,0,0,0
170550,1,1,1994,0,0,0,0,0,0,0,0,0,0
170550,2,1,1994,0,0,0,0,0,0,0,0,0,0
170550,3,1,1994,0,0,0,0,0,0,0,0,0,0
170551,1,1,1994,0,0,0,0,0,0,0,0,0,0
170551,2,1,1994,0,40,0,0,0,0,0,0,0,0
170552,1,1,1994,26,26,26,26,26,26,26,26,26,26
170552,2,1,1994,0,0,0,0,0,0,0,0,0,0
170553,1,1,1994,0,0,0,0,0,0,0,0,0,0
170554,1,1,1994,26,26,26,26,26,26,26,26,26,26
170555,0,1,1994,0,0,0,0,0,0,0,0,0,0
170555,1,1,1994,0,9,0,10,24,16,6,20,19,10
170556,1,1,1994,19,19,19,19,19,19,19,19,19,19
170557,0,1,1994,0,0,0,0,0,0,0,0,0,0
170557,1,1,1994,0,0,0,0,0,0,0,0,0,0
170558,1,1,1994,10,20,2,6,11,18,8,12,14,14
170559,1,1,1994,0,0,0,0,0,0,0,0,0,0
170559,2,1,1994,0,19,0,0,0,0,0,0,0,0
170560,1,1,1994,0,11,36,12,15,11,27,17,7,25
170561,0,1,1994,0,0,0,0,0,0,0,0,0,0
170561,1,1,1994,0,33,0,0,0,0,17,0,0,0
170562,1,1,1994,0,0,0,0,0,0,0,0,0,0
170562,2,1,1994,0,0,10,0,0,6,0,0,13,13
170563,1,1,1994,0,0,0,0,0,8,0,0,0,0
170563,2,1,1994,0,0,0,0,0,0,0,0,0,0
170564,1,1,1994,0,0,14,0,9,0,0,0,0,0
170565,1,1,1994,14,14,14,14,14,14,14,14,14,14
170565,2,1,1994,0,0,0,0,0,0,0,0,0,0
170566,1,1,1994,0,0,0,0,0,0,0,0,0,0
170566,2,1,1994,0,0,0,0,0,0,0,0,0,0
170567,1,1,1994,22,35,12,19,0,34,10,0,0,13
170569,1,1,1994,0,0,0,0,0,0,0,0,0,0
170570,1,1,1994,0,0,0,0,0,0,0,0,0,0
170571,1,1,1994,0,0,0,0,0,0,0,0,0,0
170572,1,1,1994,0,0,0,0,0,0,0,0,0,0
170572,2,1,1994,0,0,0,0,0,0,0,0,0,0
170572,3,1,1994,0,0,0,0,0,0,0,0,0,0
170573,1,1,1994,0,0,0,0,0,0,0,0,0,0
170574,1,1,1994,5,5,5,5,5,5,5,5,5,5
170575,1,1,1994,0,0,0,0,4,0,0,0,0,0
170576,1,1,1994,12,12,12,12,12,12,12,12,12,12
170576,2,1,1994,0,0,0,0,0,0,0,0,0,0
170577,1,1,1994,26,26,26,26,26,26,26,26,26,26
170578,1,1,1994,24,0,10,23,0,21,24,8,21,15
170578,2,1,1994,0,0,0,0,0,0,0,0,0,0
170579,1,1,1994,17,17,17,17,17,17,17,17,17,17
170579,2,1,1994,0,0,0,0,0,0,0,0,0,0
170580,0,1,1994,0,0,0,0,0,0,0,0,0,0
170580,1,1,1994,0,11,0,0,0,0,0,15,0,0
170581,1,1,1994,0,0,0,0,0,0,0,0,0,0
170582,1,1,1994,0,0,0,0,0,0,11,0,0,0
170582,2,1,1994,0,0,0,0,0,0,0,0,0,0
170582,3,1,1994,3,0,0,0,0,3,0,0,0,0
170583,1,1,1994,28,28,28,28,28,28,28,28,28,28
170584,1,1,1994,29,29,29,29,29,29,29,29,29,29
170585,0,1,1994,20,20,20,20,20,20,20,20,20,20
170585,1,1,1994,3,5,20,19,16,35,0,9,27,0
170586,1,1,1994,16,16,16,16,16,16,16,16,16,16
170587,1,1,1994,20,20,20,20,20,20,20,20,20,20
170588,0,1,1994,39,39,39,39,39,39,39,39,39,39
170588,1,1,1994,0,0,22,0,0,0,0,0,0,10
170589,0,1,1994,31,19,8,19,21,31,49,0,37,17
170589,1,1,1994,17,10,9,6,9,20,38,30,24,19
170590,1,1,1994,16,16,16,16,16,16,16,16,16,16
170590,2,1,1994,0,0,0,0,0,0,0,0,0,0
170591,0,1,1994,24,24,24,24,24,24,24,24,24,24
170591,1,1,1994,7,7,7,7,7,7,7,7,7,7
170592,1,1,1994,15,15,15,15,15,15,15,15,15,15
170593,1,1,1994,0,0,0,0,0,0,0,0,0,0
170594,1,1,1994,22,22,22,22,22,22,22,22,22,22
170594,2,1,1994,13,12,8,15,15,4,10,19,27,13
170595,1,1,1994,0,0,0,0,14,0,0,0,0,0
170595,2,1,1994,0,0,0,0,0,0,0,0,0,0
170596,1,1,1994,15,15,15,15,15,15,15,15,15,15
170597,1,1,1994,28,28,28,28,28,28,28,28,28,28
170598,1,1,1994,0,0,0,0,0,0,0,0,0,0
170599,1,1,1994,15,15,15,15,15,15,15,15,15,15
170600,0,1,1994,0,0,0,0,0,0,0,0,0,0
170600,1,1,1994,0,9,21,27,9,0,0,19,0,18
170601,0,1,1994,0,0,0,0,0,0,0,0,0,0
170601,1,1,1994,22,0,0,0,14,0,7,15,15,0
170602,1,1,1994,0,0,0,0,0,0,0,0,0,0
170602,2,1,1994,0,0,0,0,0,0,0,0,0,0
170603,1,1,1994,31,31,31,31,31,31,31,31,31,31
170604,0,1,1994,0,0,0,0,0,0,0,0,0,0
170604,1,1,1994,0,0,28,0,0,0,0,0,0,0
170605,1,1,1994,0,0,0,0,0,0,0,0,0,0
170605,2,1,1994,0,0,0,0,0,0,0,0,0,0
170606,1,1,1994,0,0,0,0,0,0,0,0,0,0
170607,0,1,1994,0,0,0,0,0,0,0,0,0,0
170607,0,2,1994,0,0,0,0,0,0,0,0,0,0
170607,1,1,1994,0,0,0,0,0,0,0,0,0,0
170608,0,1,1994,0,0,0,0,0,0,0,0,0,0
170608,1,1,1994,0,0,0,0,0,0,15,0,0,0
170609,1,1,1994,0,0,0,0,0,0,0,0,0,0
170609,2,1,1994,0,0,0,0,0,0,0,0,0,0
170610,0,1,1994,0,0,0,0,0,0,0,0,0,0
170610,1,1,1994,20,27,23,21,13,3,24,16,11,0
170611,1,1,1994,0,0,0,0,0,0,0,0,0,0
170612,1,1,1994,22,22,22,22,22,22,22,22,22,22
170613,1,1,1994,10,22,37,5,7,11,12,13,28,0
170613,2,1,1994,0,12,0,11,0,0,0,13,24,5
170614,1,1,1994,0,0,0,0,0,0,3,0,0,0
170614,2,1,1994,0,20,0,0,13,0,0,3,0,0
170615,0,1,1994,0,0,0,0,0,0,0,0,0,0
170615,1,1,1994,0,0,0,0,0,0,0,0,0,0
170616,1,1,1994,0,0,0,0,0,0,0,0,0,0
170616,2,1,1994,0,0,0,0,0,0,0,0,0,0
170617,1,1,1994,0,0,0,0,0,0,0,0,0,0
170618,1,1,1994,0,32,0,0,0,24,0,0,0,0
170619,1,1,1994,0,0,0,0,0,0,0,0,0,0
170619,2,1,1994,0,0,18,0,0,0,0,0,0,0
170619,3,1,1994,0,0,0,0,25,0,0,0,0,0
170620,1,1,1994,0,0,0,0,0,0,0,0,0,0
170620,2,1,1994,6,0,0,0,0,0,0,0,0,0
170620,3,1,1994,0,0,0,28,0,0,0,0,0,0
170621,0,1,1994,49,49,49,49,49,49,49,49,49,49
170621,1,1,1994,0,0,0,0,0,0,0,0,0,0
170622,1,1,1994,13,13,13,13,13,13,13,13,13,13
170622,2,1,1994,14,14,14,14,14,14,14,14,14,14
170623,0,1,1994,0,0,0,0,0,0,0,0,0,0
170623,1,1,1994,0,14,0,0,0,0,0,20,0,21
170624,1,1,1994,19,19,19,19,19,19,19,19,19,19
170625,1,1,1994,20,20,20,20,20,20,20,20,20,20
170625,2,1,1994,0,0,0,0,0,0,0,0,0,0
170626,1,1,1994,23,23,23,23,23,23,23,23,23,23
170627,1,1,1994,17,17,17,17,17,17,17,17,17,17
170627,2,1,1994,22,22,22,22,22,22,22,22,22,22
170628,0,1,1994,0,0,0,0,0,0,0,0,0,0
170628,1,1,1994,24,0,0,0,0,0,0,0,0,0
170629,1,1,1994,0,0,0,0,0,0,0,0,0,0
170630,0,1,1994,0,0,0,0,0,0,0,0,0,0
170630,1,1,1994,0,0,0,0,0,0,0,0,0,0
170631,1,1,1994,33,33,33,33,33,33,33,33,33,33
170632,0,1,1994,20,20,20,20,20,20,20,20,20,20
170632,0,2,1994,0,0,13,20,0,0,0,0,0,0
170632,0,3,1994,0,0,0,0,33,0,12,26,0,0
170632,1,1,1994,22,22,22,22,22,22,22,22,22,22
170632,2,1,1994,0,0,0,0,0,0,0,0,0,0
170633,0,1,1994,25,0,0,24,14,0,15,4,0,15
170633,1,1,1994,9,9,20,0,0,0,28,15,0,13
170634,1,1,1994,0,0,2,0,0,0,0,0,0,0
170634,2,1,1994,0,0,0,0,0,0,0,4,0,0
170635,1,1,1994,0,0,0,0,8,0,0,0,0,0
170635,2,1,1994,0,0,0,0,0,0,0,0,0,0
170636,1,1,1994,13,13,13,13,13,13,13,13,13,13
170637,1,1,1994,25,25,25,25,25,25,25,25,25,25
170638,1,1,1994,0,0,0,0,0,0,0,0,0,0
170638,2,1,1994,0,0,0,0,0,0,0,0,0,0
170639,1,1,1994,0,0,0,0,0,0,0,0,0,0
170639,2,1,1994,0,0,0,0,0,0,0,0,0,0
170640,1,1,1994,0,15,0,0,0,0,0,0,0,0
170641,1,1,1994,0,0,0,0,0,0,0,0,0,0
170641,2,1,1994,0,0,0,0,0,0,0,0,0,0
170642,0,1,1994,14,14,14,14,14,14,14,14,14,14
170642,1,1,1994,0,20,18,17,0,0,0,19,19,21
170643,1,1,1994,0,0,0,0,0,0,0,0,0,0
170644,1,1,1994,0,0,0,0,0,0,0,0,0,0
170644,2,1,1994,0,0,0,0,0,0,0,0,0,0
170645,1,1,1994,16,0,0,10,3,0,11,20,21,0
170646,1,1,1994,0,15,11,0,6,5,12,11,14,0
170647,1,1,1994,24,3,17,3,16,16,17,11,16,11
170647,2,1,1994,0,0,0,0,0,0,10,0,0,0
170648,1,1,1994,2,2,2,2,2,2,2,2,2,2
170648,2,1,1994,0,0,0,0,0,0,0,0,0,0
170649,1,1,1994,0,0,0,0,0,0,0,0,0,0
170650,1,1,1994,14,14,14,14,14,14,14,14,14,14
170650,2,1,1994,0,0,0,0,0,0,0,0,0,0
170651,1,1,1994,24,20,35,25,23,19,27,29,12,26
170652,1,1,1994,0,0,0,0,0,0,0,0,0,0
170653,1,1,1994,0,0,0,0,0,0,0,0,0,0
170654,1,1,1994,0,0,0,0,0,0,0,0,0,0
170654,2,1,1994,0,0,0,0,0,0,0,0,0,0
170655,1,1,1994,0,0,0,0,0,0,0,0,0,0
170655,2,1,1994,0,0,0,0,0,0,0,0,0,0
170655,3,1,1994,0,9,8,0,0,0,0,0,0,0
170656,1,1,1994,0,0,0,0,0,0,0,0,0,0
170656,2,1,1994,0,0,0,0,0,0,0,0,0,0
170656,3,1,1994,0,0,0,0,0,0,8,0,0,0
170657,1,1,1994,24,24,24,24,24,24,24,24,24,24
170658,1,1,1994,0,0,0,0,0,0,0,0,0,0
170660,1,1,1994,0,0,0,0,0,0,3,0,0,0
170660,2,1,1994,0,0,0,0,0,0,0,0,0,0
170661,0,1,1994,14,20,0,0,26,55,21,23,15,19
170661,1,1,1994,0,0,0,0,0,0,0,0,0,0
170662,1,1,1994,19,19,19,19,19,19,19,19,19,19
170662,2,1,1994,0,0,0,26,0,0,0,0,0,0
170663,0,1,1994,0,0,0,0,0,0,0,0,0,0
170663,0,2,1994,16,0,0,0,0,0,2,0,8,3
170663,1,1,1994,20,20,20,20,20,20,20,20,20,20
170664,1,1,1994,13,11,40,14,13,22,18,12,11,13
170664,2,1,1994,0,0,0,0,0,0,0,0,0,0
170665,0,1,1994,12,12,12,12,12,12,12,12,12,12
170665,1,1,1994,0,0,0,0,0,0,0,0,0,0
170666,1,1,1994,0,0,0,0,0,0,0,0,0,0
170667,0,1,1994,0,0,0,0,0,0,0,0,0,0
170667,1,1,1994,0,0,0,0,0,0,0,0,0,0
170668,1,1,1994,0,0,0,0,0,0,0,0,0,0
170668,2,1,1994,0,0,0,0,0,0,0,0,0,0
170669,1,1,1994,17,17,17,17,17,17,17,17,17,17
170669,2,1,1994,7,0,0,9,0,0,0,0,4,0
170669,3,1,1994,0,0,0,0,0,0,20,0,0,0
170670,1,1,1994,0,0,0,0,0,0,0,0,0,0
170670,2,1,1994,0,0,0,0,0,0,0,0,0,0
170670,3,1,1994,0,0,0,0,0,0,0,0,0,0
170671,1,1,1994,0,0,0,0,0,0,0,0,0,0
170671,2,1,1994,0,0,0,0,0,26,5,0,0,0
170672,1,1,1994,0,0,0,0,0,0,0,0,0,0
170672,2,1,1994,0,0,0,0,0,0,0,0,0,0
170673,1,1,1994,0,0,0,0,0,0,0,0,0,0
170674,0,1,1994,0,0,0,0,0,0,0,0,0,0
170674,1,1,1994,0,0,0,0,0,0,0,0,0,0
170675,1,1,1994,24,24,24,24,24,24,24,24,24,24
170675,2,1,1994,0,0,0,3,0,30,10,24,0,0
170676,1,1,1994,14,14,14,14,14,14,14,14,14,14
170677,1,1,1994,0,0,0,0,0,0,0,0,0,0
170677,2,1,1994,0,0,0,0,18,0,0,0,0,15
170677,3,1,1994,0,0,0,0,0,0,0,0,0,0
170678,0,1,1994,0,0,0,0,0,0,0,0,0,0
170678,1,1,1994,0,0,0,0,0,0,0,0,0,0
170679,1,1,1994,0,0,0,0,0,0,0,0,0,0
170679,2,1,1994,0,0,0,0,0,0,0,0,0,0
170680,1,1,1994,0,0,0,0,0,0,0,0,0,0
170680,2,1,1994,0,0,0,0,0,0,0,0,0,0
170681,1,1,1994,17,17,17,17,17,17,17,17,17,17
170682,1,1,1994,0,12,0,0,0,0,0,0,0,0
170682,2,1,1994,0,0,0,0,0,0,0,0,0,0
170683,1,1,1994,0,0,0,0,0,0,0,0,0,0
170684,1,1,1994,0,0,0,0,0,0,0,0,0,0
170684,2,1,1994,0,0,0,0,0,0,0,0,0,0
170685,1,1,1994,17,17,17,17,17,17,17,17,17,17
170686,1,1,1994,0,0,0,0,0,0,0,0,0,0
170686,2,1,1994,26,14,6,25,8,10,11,12,16,14
170687,1,1,1994,0,0,0,0,0,0,0,0,0,0
170688,1,1,1994,8,0,33,0,15,0,0,27,0,22
170688,2,1,1994,0,0,0,2,0,0,0,0,0,0
170689,0,1,1994,16,16,16,16,16,16,16,16,16,16
170689,1,1,1994,20,30,0,20,16,4,27,20,16,17
170689,2,1,1994,23,14,16,22,26,17,27,7,0,27
170690,1,1,1994,0,3,0,0,0,0,18,0,0,0
170691,1,1,1994,0,0,0,0,0,0,0,0,0,0
170692,1,1,1994,0,0,0,0,0,0,0,0,0,0
170692,2,1,1994,0,0,26,0,0,0,0,0,0,0
170693,1,1,1994,22,22,22,22,22,22,22,22,22,22
170694,1,1,1994,0,0,0,0,0,0,0,0,0,0
170694,2,1,1994,0,0,0,0,0,0,0,0,0,0
170695,1,1,1994,0,0,0,0,0,0,0,0,0,0
170695,2,1,1994,0,0,0,0,0,0,0,0,0,0
170696,0,1,1994,0,0,0,0,0,0,0,0,0,0
170696,1,1,1994,17,0,0,0,25,11,0,0,0,0
170697,1,1,1994,2,2,2,2,2,2,2,2,2,2
170698,0,1,1994,0,0,0,0,0,0,0,0,0,0
170698,1,1,1994,0,0,0,0,0,0,0,0,0,0
170699,1,1,1994,6,0,0,0,30,0,21,0,16,14
170700,1,1,1994,11,6,18,16,13,20,30,17,16,0
170701,1,1,1994,0,0,0,0,0,0,0,0,2,0
170701,2,1,1994,0,0,0,0,0,0,0,0,0,0
170702,0,1,1994,26,26,26,26,26,26,26,26,26,26
170702,1,1,1994,0,0,0,0,0,0,0,0,0,0
170703,0,1,1994,0,0,0,0,0,0,0,0,0,0
170703,1,1,1994,0,0,0,0,0,0,0,0,0,0
170704,0,1,1994,0,0,0,0,0,0,0,0,0,0
170704,1,1,1994,0,0,0,0,0,0,0,0,0,0
170705,1,1,1994,0,0,0,0,0,0,0,0,0,0
170706,1,1,1994,0,0,0,0,0,0,0,0,0,0
170706,2,1,1994,22,0,0,16,0,0,0,0,0,0
170707,1,1,1994,0,0,0,0,0,0,0,0,0,0
170707,2,1,1994,0,0,26,10,0,0,0,0,0,0
170708,1,1,1994,9,9,9,9,9,9,9,9,9,9
170708,2,1,1994,0,0,0,0,0,0,0,0,0,0
170709,1,1,1994,26,26,26,26,26,26,26,26,26,26
170710,1,1,1994,0,0,0,0,0,0,0,0,0,0
170710,2,1,1994,0,0,0,0,0,0,0,0,0,0
170711,1,1,1994,23,23,23,23,23,23,23,23,23,23
170712,1,1,1994,0,0,0,0,0,0,0,0,0,0
170712,2,1,1994,0,0,0,0,0,0,0,0,0,0