ST_CASE,VEH_NO,PER_NO,YEAR,P1,P2,P3,P4,P5,P6,P7,P8,P9,P10
170713,1,1,1994,0,0,0,0,0,0,0,0,0,0
170713,2,1,1994,0,0,0,0,0,0,0,0,0,0
170714,1,1,1994,0,0,0,0,0,0,0,0,0,0
170715,1,1,1994,25,25,25,25,25,25,25,25,25,25
170716,1,1,1994,0,0,0,0,0,0,0,0,0,0
170717,0,1,1994,4,4,4,4,4,4,4,4,4,4
170717,1,1,1994,0,0,3,0,0,0,0,0,0,0
170718,1,1,1994,4,12,7,9,8,23,0,8,4,18
170718,2,1,1994,0,0,0,0,0,0,0,0,0,0
170719,1,1,1994,0,0,0,0,0,0,0,0,0,14
170719,2,1,1994,0,0,0,0,0,0,0,0,0,0
170720,1,1,1994,0,0,0,0,0,0,0,0,0,0
170721,1,1,1994,0,0,0,0,0,0,0,0,0,0
170722,1,1,1994,0,0,0,0,0,0,0,0,0,0
170722,2,1,1994,0,0,0,0,0,16,0,0,0,5
170723,1,1,1994,0,0,0,0,0,0,0,0,0,0
170723,2,1,1994,0,0,0,0,0,0,0,0,13,0
170724,1,1,1994,0,18,0,0,0,0,0,0,0,0
170724,2,1,1994,0,0,0,0,0,0,0,0,0,0
170725,1,1,1994,0,0,0,0,0,0,0,0,0,0
170725,2,1,1994,0,0,0,0,0,0,0,0,0,0
170726,1,1,1994,22,22,22,22,22,22,22,22,22,22
170727,1,1,1994,0,0,0,0,0,0,0,0,0,0
170727,2,1,1994,0,0,0,0,0,0,0,0,0,0
170728,1,1,1994,0,0,0,0,0,0,0,0,0,0
170729,1,1,1994,0,0,0,0,0,0,0,0,0,0
170730,1,1,1994,0,0,0,0,0,0,0,0,0,0
170731,1,1,1994,0,0,0,0,0,0,0,0,0,0
170731,2,1,1994,0,0,0,0,0,0,0,0,0,0
170732,1,1,1994,0,0,0,0,0,0,0,0,0,0
170732,2,1,1994,0,0,0,0,0,0,0,0,0,0
170733,1,1,1994,19,19,19,19,19,19,19,19,19,19
170734,1,1,1994,21,21,21,21,21,21,21,21,21,21
170735,0,1,1994,0,0,0,0,0,0,0,0,0,0
170735,1,1,1994,0,0,0,0,0,0,0,0,0,4
170736,0,1,1994,0,0,0,0,0,0,0,0,0,0
170736,1,1,1994,0,0,0,0,0,0,0,0,0,0
170737,1,1,1994,18,18,18,18,18,18,18,18,18,18
170738,1,1,1994,0,0,0,0,0,0,0,0,0,0
170738,2,1,1994,0,0,0,0,0,0,0,0,0,0
170739,1,1,1994,32,0,12,8,7,12,5,11,10,14
170739,2,1,1994,0,0,0,0,0,4,0,0,0,0
170740,1,1,1994,13,27,0,0,14,0,0,0,0,0
170740,2,1,1994,0,4,0,0,11,0,0,23,0,5
170740,3,1,1994,0,0,0,0,0,0,0,0,0,0
170740,4,1,1994,0,0,0,0,0,32,0,0,0,11
170741,0,1,1994,0,0,0,0,0,0,0,0,0,0
170741,2,1,1994,0,0,0,0,0,0,0,0,0,0
170742,1,1,1994,3,3,3,3,3,3,3,3,3,3
170742,2,1,1994,0,0,0,0,0,0,0,0,0,0
170742,3,1,1994,0,0,0,0,0,13,16,0,13,9
170743,1,1,1994,21,0,3,0,0,0,0,0,0,0
170743,2,1,1994,0,0,0,0,0,10,0,0,0,0
170743,3,1,1994,10,0,0,0,12,0,0,0,0,0
170744,1,1,1994,15,15,15,15,15,15,15,15,15,15
170744,2,1,1994,0,0,0,0,0,0,0,0,0,0
170745,1,1,1994,0,0,0,0,0,0,0,0,0,20
170746,1,1,1994,35,21,16,12,20,32,0,5,20,10
170747,1,1,1994,0,0,0,0,0,0,0,0,0,0
170747,2,1,1994,0,0,0,0,0,0,0,0,0,0
170748,1,1,1994,0,0,0,0,0,0,0,0,0,0
170749,1,1,1994,0,0,0,0,0,0,0,0,0,0
170749,2,1,1994,0,0,0,0,0,0,0,0,0,0
170750,0,1,1994,0,0,0,0,0,0,0,0,0,0
170750,0,2,1994,10,0,9,4,0,0,0,0,0,31
170750,0,3,1994,0,0,0,0,0,0,0,0,0,0
170750,0,4,1994,21,18,2,0,6,6,0,11,12,28
170750,0,5,1994,0,20,11,0,0,20,4,0,6,39
170750,1,1,1994,11,23,14,0,16,13,23,22,15,35
170750,2,1,1994,0,0,0,0,0,15,0,0,0,0
170751,1,1,1994,0,0,0,0,0,0,0,0,0,0
170751,2,1,1994,21,21,21,21,21,21,21,21,21,21
170752,0,1,1994,0,0,0,0,0,0,0,0,0,0
170752,1,1,1994,0,3,0,0,0,0,0,10,0,0
170752,2,1,1994,0,0,0,0,0,0,0,0,0,0
170752,3,1,1994,0,0,0,0,0,0,0,0,0,0
170752,4,1,1994,0,0,0,0,0,14,0,0,15,0
170753,1,1,1994,4,0,7,0,0,0,0,6,0,21
170753,2,1,1994,0,0,0,0,0,0,0,0,0,0
170754,1,1,1994,26,26,26,26,26,26,26,26,26,26
170754,2,1,1994,0,0,18,0,0,0,0,0,0,22
170754,3,1,1994,0,0,0,0,0,0,0,0,0,0
170754,4,1,1994,0,0,0,0,29,0,0,0,0,0
170755,1,1,1994,0,0,0,0,0,0,0,0,0,0
170755,2,1,1994,0,0,0,0,0,0,0,0,0,0
170755,3,1,1994,0,0,0,0,0,0,0,0,0,0
170756,1,1,1994,1,1,1,1,1,1,1,1,1,1
170757,1,1,1994,23,23,23,23,23,23,23,23,23,23
170757,2,1,1994,0,0,0,0,0,0,0,0,0,0
170758,0,1,1994,0,0,0,0,0,0,0,0,0,0
170758,1,1,1994,18,0,23,0,6,8,0,0,0,0
170759,1,1,1994,0,0,0,0,0,0,0,0,0,0
170759,2,1,1994,0,0,0,0,0,0,0,0,0,0
170760,1,1,1994,0,0,0,0,0,0,0,0,0,0
170761,1,1,1994,24,24,24,24,24,24,24,24,24,24
170761,2,1,1994,0,0,0,0,0,0,0,0,0,0
170762,1,1,1994,0,0,0,0,0,0,0,0,0,0
170763,0,1,1994,0,0,7,0,0,0,0,0,0,0
170763,0,2,1994,0,0,0,0,0,0,0,0,0,0
170763,1,1,1994,0,0,0,0,0,0,0,0,0,0
170765,1,1,1994,0,0,0,19,0,0,0,0,0,0
170765,2,1,1994,0,0,0,0,0,0,0,0,0,0
170766,1,1,1994,0,0,0,0,0,0,0,0,0,0
170766,2,1,1994,0,0,0,0,4,0,0,0,0,0
170767,0,1,1994,0,0,0,0,0,0,0,0,0,0
170767,1,1,1994,0,0,0,0,0,0,0,0,0,0
170768,1,1,1994,0,0,0,0,0,0,0,0,0,0
170768,2,1,1994,0,0,0,0,0,0,0,0,19,0
170769,1,1,1994,0,0,0,0,0,0,0,0,0,0
170770,1,1,1994,0,0,0,0,0,0,0,0,0,0
170770,2,1,1994,0,0,0,0,0,0,0,0,0,0
170771,1,1,1994,0,0,0,0,0,0,0,0,0,0
170772,1,1,1994,0,0,0,0,0,0,0,29,0,19
170772,2,1,1994,0,0,0,0,0,0,0,0,0,4
170773,1,1,1994,17,17,17,17,17,17,17,17,17,17
170774,1,1,1994,0,0,0,0,0,0,0,0,0,0
170774,2,1,1994,0,0,0,0,0,0,0,0,0,0
170775,1,1,1994,0,8,5,4,15,8,13,14,9,9
170775,2,1,1994,0,0,0,0,0,0,0,0,0,0
170776,1,1,1994,0,0,0,0,0,0,0,0,0,0
170777,0,1,1994,27,27,27,27,27,27,27,27,27,27
170777,1,1,1994,10,0,0,0,0,0,0,0,0,0
170778,1,1,1994,0,0,0,0,0,0,0,0,0,0
170778,2,1,1994,6,21,9,19,21,13,24,20,14,25
170779,1,1,1994,20,20,20,20,20,20,20,20,20,20
170779,2,1,1994,0,0,0,0,0,0,0,0,0,0
170780,1,1,1994,0,0,0,0,0,0,0,0,0,0
170780,2,1,1994,0,0,0,0,0,0,0,0,0,0
170780,3,1,1994,0,0,0,0,0,0,0,0,0,0
170781,0,1,1994,0,0,0,0,0,0,0,0,0,0
170781,1,1,1994,8,16,21,13,27,0,21,12,12,29
170781,2,1,1994,0,8,0,0,0,0,0,0,9,0
170781,3,1,1994,0,0,0,0,0,11,0,0,0,0
170782,1,1,1994,20,20,20,20,20,20,20,20,20,20
170783,1,1,1994,0,0,0,0,4,0,0,0,0,0
170784,1,1,1994,0,0,0,0,0,0,0,0,0,0
170784,2,1,1994,0,0,0,0,0,0,0,0,0,0
170785,1,1,1994,19,19,19,19,19,19,19,19,19,19
170786,1,1,1994,20,20,20,20,20,20,20,20,20,20
170787,1,1,1994,0,0,0,0,0,0,0,0,0,13
170787,2,1,1994,0,0,0,0,0,0,0,0,0,0
170788,1,1,1994,2,2,2,2,2,2,2,2,2,2
170789,1,1,1994,9,9,9,9,9,9,9,9,9,9
170789,2,1,1994,0,0,0,0,0,0,0,0,0,0
170790,1,1,1994,0,0,0,0,0,0,0,0,0,0
170791,1,1,1994,0,0,0,0,0,0,0,0,0,0
170791,2,1,1994,0,0,0,0,0,0,0,0,0,0
170792,0,1,1994,0,0,0,0,0,0,0,0,0,0
170792,1,1,1994,0,0,0,0,0,0,0,0,0,0
170793,0,1,1994,0,0,0,0,0,0,12,0,0,0
170793,1,1,1994,0,0,0,0,0,0,0,0,0,0
170794,1,1,1994,0,0,0,17,0,25,15,0,0,0
170794,2,1,1994,11,11,11,11,11,11,11,11,11,11
170794,3,1,1994,0,0,0,0,0,0,0,0,0,0
170795,0,1,1994,0,0,0,0,0,0,0,0,0,0
170795,1,1,1994,0,0,0,0,0,0,0,0,0,0
170796,1,1,1994,21,27,9,11,24,2,26,19,16,9
170797,1,1,1994,0,3,0,0,0,0,0,0,0,0
170797,2,1,1994,0,0,0,0,0,0,0,0,0,0
170798,0,1,1994,0,0,0,0,0,0,0,0,0,0
170798,1,1,1994,0,0,28,0,0,0,6,16,0,0
170799,1,1,1994,5,33,13,7,34,17,31,16,23,21
170799,2,1,1994,0,0,0,0,0,0,0,0,0,0
170800,1,1,1994,0,0,0,0,0,0,0,0,0,0
170800,2,1,1994,0,0,0,0,0,0,0,0,0,0
170801,1,1,1994,0,0,0,0,0,0,0,0,0,0
170802,1,1,1994,0,0,0,0,0,0,0,0,0,0
170803,1,1,1994,0,0,0,0,0,0,0,0,0,0
170803,2,1,1994,0,0,0,0,0,0,0,0,0,0
170804,1,1,1994,20,0,4,19,22,19,19,4,8,18
170804,2,1,1994,0,0,0,0,0,0,0,0,0,0
170805,0,1,1994,0,0,0,0,0,0,0,0,0,10
170805,1,1,1994,0,0,0,0,0,0,0,0,0,0
170807,1,1,1994,20,20,20,20,20,20,20,20,20,20
170808,1,1,1994,27,27,27,27,27,27,27,27,27,27
170808,2,1,1994,0,0,0,0,0,0,0,0,0,0
170809,0,1,1994,0,0,30,0,0,0,0,0,46,0
170809,1,1,1994,0,0,0,0,0,0,0,0,0,0
170810,1,1,1994,16,16,16,16,16,16,16,16,16,16
170811,1,1,1994,0,0,0,0,0,0,0,0,0,0
170811,2,1,1994,0,0,0,0,18,0,0,0,0,0
170812,1,1,1994,1,1,1,1,1,1,1,1,1,1
170813,1,1,1994,20,20,20,20,20,20,20,20,20,20
170814,0,1,1994,0,0,0,0,0,0,0,0,0,0
170814,0,2,1994,22,0,11,0,14,4,0,0,22,0
170814,1,1,1994,11,11,11,11,11,11,11,11,11,11
170815,0,1,1994,0,0,0,0,0,0,0,0,0,0
170815,1,1,1994,0,23,0,0,0,0,0,0,0,0
170816,1,1,1994,0,0,0,0,0,0,0,0,0,0
170816,2,1,1994,0,0,0,0,0,0,0,0,0,0
170816,3,1,1994,0,0,0,0,0,0,0,0,0,0
170817,1,1,1994,0,0,0,0,0,0,0,0,0,0
170817,2,1,1994,0,9,26,0,14,0,6,0,37,0
170818,1,1,1994,0,0,0,0,0,0,0,0,0,0
170819,0,1,1994,0,0,0,0,0,0,0,0,0,0
170819,1,1,1994,0,0,24,0,0,0,4,0,0,10
170820,0,1,1994,0,0,0,0,0,0,0,0,0,0
170820,1,1,1994,0,6,0,0,0,20,0,0,0,0
170821,1,1,1994,0,0,0,8,0,0,0,0,0,0
170821,2,1,1994,0,0,0,0,0,5,0,0,0,0
170822,1,1,1994,18,10,19,10,2,15,17,0,13,18
170822,2,1,1994,0,0,0,0,0,0,17,0,0,0
170822,3,1,1994,0,0,0,0,0,0,0,0,0,11
170823,0,1,1994,0,0,0,0,0,0,0,0,0,0
170823,1,1,1994,0,0,0,0,0,0,0,0,0,0
170824,1,1,1994,15,25,13,26,0,17,14,31,34,6
170825,1,1,1994,0,0,0,0,0,0,0,0,0,0
170825,2,1,1994,0,0,0,0,0,0,0,0,0,0
170825,3,1,1994,0,0,0,0,0,0,0,0,0,0
170826,1,1,1994,0,0,0,0,0,0,0,0,0,0
170826,2,1,1994,0,0,0,0,0,7,0,0,0,0
170827,1,1,1994,0,0,0,0,0,0,0,0,0,0
170827,2,1,1994,0,0,0,0,0,0,0,0,0,0
170828,1,1,1994,18,18,18,18,18,18,18,18,18,18
170828,2,1,1994,0,0,0,0,0,0,0,0,0,0
170829,0,1,1994,0,0,0,0,0,0,0,0,0,0
170829,1,1,1994,0,0,0,0,0,0,0,0,0,0
170830,1,1,1994,0,0,0,0,0,0,0,0,0,0
170830,2,1,1994,0,0,0,0,0,0,0,0,0,0
170830,3,1,1994,0,0,0,0,0,0,0,0,0,0
170830,4,1,1994,0,0,0,0,0,18,0,0,0,0
170830,5,1,1994,0,0,0,0,0,0,0,0,0,0
170830,6,1,1994,0,0,0,0,8,0,0,0,0,0
170830,7,1,1994,0,0,0,0,0,0,0,0,0,0
170831,1,1,1994,0,0,0,0,0,0,0,0,0,0
170832,1,1,1994,16,16,16,16,16,16,16,16,16,16
170833,0,1,1994,15,15,15,15,15,15,15,15,15,15
170833,1,1,1994,0,0,0,0,0,0,0,0,0,33
170834,1,1,1994,20,9,11,29,22,17,0,21,14,14
170835,0,1,1994,0,0,0,0,0,0,0,0,0,0
170835,1,1,1994,0,0,0,0,0,8,0,0,0,0
170836,1,1,1994,12,11,6,11,6,19,4,19,13,13
170837,1,1,1994,0,0,0,0,0,0,0,0,0,0
170837,2,1,1994,0,0,0,0,0,0,0,8,0,0
170838,1,1,1994,0,0,14,19,0,0,0,0,0,0
170839,1,1,1994,15,15,15,15,15,15,15,15,15,15
170839,2,1,1994,0,0,0,0,0,0,0,0,0,0
170840,0,1,1994,31,31,31,31,31,31,31,31,31,31
170840,1,1,1994,25,19,20,19,7,21,20,16,21,42
170841,1,1,1994,0,0,0,0,0,0,0,0,0,0
170841,2,1,1994,0,0,0,0,0,0,0,0,0,0
170841,3,1,1994,0,0,0,0,0,0,0,0,0,0
170841,4,1,1994,0,4,0,0,0,0,0,0,0,0
170842,1,1,1994,0,0,0,0,0,0,0,0,0,0
170843,1,1,1994,0,0,0,0,0,0,0,0,0,0
170845,1,1,1994,27,27,27,27,27,27,27,27,27,27
170846,1,1,1994,0,0,0,0,23,0,0,0,0,0
170846,2,1,1994,0,0,0,0,0,0,0,0,0,0
170847,0,1,1994,0,0,0,0,0,0,0,0,0,0
170847,1,1,1994,0,16,0,0,0,0,0,0,0,0
170848,0,1,1994,2,2,2,2,2,2,2,2,2,2
170848,1,1,1994,0,0,0,0,0,6,0,0,0,2
170848,2,1,1994,0,4,0,0,18,0,4,0,0,0
170849,1,1,1994,17,17,17,17,17,17,17,17,17,17
170850,0,1,1994,0,0,0,0,0,0,0,0,0,0
170850,1,1,1994,0,0,18,0,0,0,0,0,0,0
170851,1,1,1994,15,15,15,15,15,15,15,15,15,15
170853,1,1,1994,0,0,0,0,0,0,0,0,0,0
170853,2,1,1994,0,0,0,0,0,0,0,0,0,0
170854,1,1,1994,11,0,29,0,17,0,23,12,0,28
170855,1,1,1994,0,0,0,0,0,0,0,0,0,0
170855,2,1,1994,0,0,0,0,0,0,0,0,0,0
170856,1,1,1994,15,15,15,15,15,15,15,15,15,15
170857,1,1,1994,29,29,29,29,29,29,29,29,29,29
170858,1,1,1994,0,0,6,14,20,0,0,0,0,0
170859,1,1,1994,17,17,17,17,17,17,17,17,17,17
170859,2,1,1994,18,20,12,22,23,37,24,17,19,0
170860,1,1,1994,16,16,16,16,16,16,16,16,16,16
170861,1,1,1994,22,22,22,22,22,22,22,22,22,22
170862,1,1,1994,24,24,24,24,24,24,24,24,24,24
170862,2,1,1994,15,0,7,0,0,0,6,26,9,20
170863,1,1,1994,0,0,0,0,0,0,0,0,0,0
170863,2,1,1994,0,0,0,0,0,27,0,0,0,0
170863,3,1,1994,0,0,0,0,0,0,0,0,0,0
170864,0,1,1994,5,5,5,5,5,5,5,5,5,5
170864,1,1,1994,0,16,0,0,0,0,0,10,0,0
170865,1,1,1994,12,12,12,12,12,12,12,12,12,12
170865,2,1,1994,0,0,0,0,0,0,0,0,0,0
170866,1,1,1994,29,29,29,29,29,29,29,29,29,29
170867,1,1,1994,0,0,0,0,0,0,0,0,0,0
170867,2,1,1994,0,0,0,0,0,0,0,0,0,0
170868,0,1,1994,6,6,6,6,6,6,6,6,6,6
170868,1,1,1994,10,10,10,10,10,10,10,10,10,10
170869,1,1,1994,0,0,0,0,0,0,0,0,0,0
170869,2,1,1994,0,0,0,0,0,0,0,0,0,0
170870,1,1,1994,37,37,37,37,37,37,37,37,37,37
170871,0,1,1994,0,0,0,0,0,0,0,0,0,0
170871,1,1,1994,30,23,17,22,3,26,14,13,33,16
170872,1,1,1994,0,0,0,0,0,0,0,0,0,0
170873,1,1,1994,0,0,0,0,0,0,0,0,0,0
170873,2,1,1994,0,0,0,0,0,0,0,0,0,0
170874,1,1,1994,0,0,0,0,0,0,0,0,0,0
170875,1,1,1994,20,8,22,24,14,18,26,26,7,22
170875,2,1,1994,0,0,0,0,0,0,0,0,0,0
170875,3,1,1994,0,0,0,0,0,11,22,0,0,0
170876,1,1,1994,0,0,0,0,0,0,0,0,0,0
170876,2,1,1994,0,0,0,0,0,0,0,0,0,0
170877,1,1,1994,0,0,0,8,0,0,0,0,0,0
170877,2,1,1994,0,0,0,0,0,0,0,0,0,0
170878,1,1,1994,0,0,0,0,0,0,0,0,0,0
170878,2,1,1994,0,0,0,0,0,0,0,0,0,0
170879,1,1,1994,14,14,14,14,14,14,14,14,14,14
170880,1,1,1994,0,0,0,0,0,0,0,0,0,0
170881,1,1,1994,18,13,0,0,22,6,0,0,11,0
170881,2,1,1994,1,1,1,1,1,1,1,1,1,1
170882,1,1,1994,0,0,0,0,0,0,0,0,0,0
170882,2,1,1994,0,0,0,0,0,0,0,0,0,0
170883,1,1,1994,0,0,0,0,0,30,0,10,0,0
170883,2,1,1994,0,0,0,0,0,0,0,15,0,0
170884,1,1,1994,25,25,25,25,25,25,25,25,25,25
170885,1,1,1994,16,16,16,16,16,16,16,16,16,16
170886,1,1,1994,4,4,4,4,4,4,4,4,4,4
170887,1,1,1994,0,0,0,0,0,0,0,0,0,0
170887,2,1,1994,0,0,0,0,0,0,0,0,0,0
170888,1,1,1994,11,11,11,11,11,11,11,11,11,11
170889,1,1,1994,0,0,0,0,0,0,0,0,0,0
170890,1,1,1994,23,23,23,23,23,23,23,23,23,23
170891,1,1,1994,31,4,7,0,9,0,0,10,11,4
170892,1,1,1994,0,0,0,0,0,0,0,0,0,0
170892,2,1,1994,0,0,0,0,0,0,0,0,0,0
170893,1,1,1994,0,0,0,0,0,0,0,0,0,0
170893,2,1,1994,0,0,0,0,0,0,0,0,0,0
170894,1,1,1994,0,0,0,5,0,0,0,0,0,0
170895,1,1,1994,0,0,0,0,0,0,0,0,0,0
170895,2,1,1994,0,0,0,0,0,0,0,0,0,0
170896,1,1,1994,0,0,0,0,0,0,0,0,0,0
170896,2,1,1994,0,0,0,0,0,0,0,0,0,0
170897,1,1,1994,0,0,0,0,0,0,0,0,0,0
170897,2,1,1994,0,0,0,0,0,0,16,0,0,0
170898,1,1,1994,0,0,0,0,0,0,0,0,0,0
170898,2,1,1994,0,0,0,0,0,0,0,0,0,0
170899,1,1,1994,0,0,0,0,0,0,0,0,0,0
170900,1,1,1994,0,0,0,0,0,0,0,0,0,0
170900,2,1,1994,0,0,0,0,0,0,0,0,0,0
170901,1,1,1994,68,68,68,68,68,68,68,68,68,68
170902,1,1,1994,0,13,0,0,9,10,4,0,0,0
170903,1,1,1994,0,0,0,0,0,0,0,0,0,0
170903,2,1,1994,0,0,0,0,0,18,0,0,0,0
170904,1,1,1994,0,0,0,0,0,0,0,0,0,0
170904,2,1,1994,0,0,0,0,0,0,0,0,0,0
170905,1,1,1994,0,0,0,0,0,0,0,0,0,0
170906,1,1,1994,0,0,0,0,0,0,0,0,0,0
170907,1,1,1994,13,13,13,13,13,13,13,13,13,13
170908,1,1,1994,24,24,24,24,24,24,24,24,24,24
170909,1,1,1994,45,45,45,45,45,45,45,45,45,45
170909,2,1,1994,0,0,0,0,0,0,0,0,0,0
170910,1,1,1994,27,27,27,27,27,27,27,27,27,27
170910,2,1,1994,21,21,21,21,21,21,21,21,21,21
170911,1,1,1994,0,0,0,0,0,0,0,0,0,0
170912,1,1,1994,0,0,0,0,0,0,0,0,0,0
170913,1,1,1994,0,0,0,0,0,0,0,0,0,0
170913,2,1,1994,0,0,0,0,0,0,0,0,0,0
170914,1,1,1994,0,0,19,0,10,7,0,12,8,16
170915,1,1,1994,16,16,16,16,16,16,16,16,16,16
170916,1,1,1994,24,24,24,24,24,24,24,24,24,24
170917,1,1,1994,24,24,24,24,24,24,24,24,24,24
170918,1,1,1994,0,0,0,0,0,0,0,0,0,0
170919,1,1,1994,8,8,8,8,8,8,8,8,8,8
170920,1,1,1994,0,0,0,0,0,0,0,0,0,0
170920,2,1,1994,15,0,0,0,0,0,0,0,0,0
170921,1,1,1994,11,11,11,11,11,11,11,11,11,11
170922,0,1,1994,0,0,0,0,0,0,0,0,0,0
170922,1,1,1994,23,0,0,0,3,0,0,0,0,9
170923,1,1,1994,0,0,0,0,12,0,0,0,0,0
170923,2,1,1994,0,0,4,0,0,0,0,0,0,0
170924,0,1,1994,0,0,0,0,0,0,0,0,0,0
170924,1,1,1994,0,22,9,12,19,5,9,10,0,1
170925,1,1,1994,0,0,0,0,0,0,0,0,0,0
170926,1,1,1994,0,0,0,0,0,0,15,0,0,0
170926,2,1,1994,0,26,0,0,0,0,0,0,5,0
170927,1,1,1994,14,14,14,14,14,14,14,14,14,14
170927,2,1,1994,0,0,34,0,0,0,0,7,0,0
170928,0,1,1994,0,0,0,0,0,0,0,0,0,0
170928,1,1,1994,0,0,0,0,0,0,0,0,0,0
170929,1,1,1994,0,0,0,0,0,0,0,0,0,0
170929,2,1,1994,0,0,0,0,0,0,0,0,0,0
170929,3,1,1994,0,0,0,0,0,0,0,0,0,0
170930,1,1,1994,21,21,21,21,21,21,21,21,21,21
170931,1,1,1994,0,0,0,0,0,0,0,0,0,0
170931,2,1,1994,0,0,0,0,0,0,0,0,0,0
170932,0,1,1994,0,0,0,0,0,0,0,0,0,0
170932,1,1,1994,0,0,0,0,0,0,0,0,0,0
170933,1,1,1994,0,0,0,0,0,0,0,0,0,0
170933,2,1,1994,0,0,0,0,0,0,0,0,0,0
170934,1,1,1994,0,0,0,0,0,0,0,0,0,0
170934,2,1,1994,0,0,0,0,0,0,0,0,0,0
170934,3,1,1994,0,0,0,0,0,0,0,0,0,0
170935,1,1,1994,0,0,0,0,0,0,0,0,0,0
170936,1,1,1994,0,0,0,0,0,0,0,0,0,0
170936,2,1,1994,0,0,0,0,0,0,0,0,0,0
170936,3,1,1994,0,0,0,0,0,0,0,0,0,0
170937,1,1,1994,0,0,0,0,0,0,0,0,0,0
170937,2,1,1994,6,8,6,42,0,14,25,23,0,17
170937,3,1,1994,18,18,18,18,18,18,18,18,18,18
170938,0,1,1994,0,0,0,0,0,0,0,0,0,0
170938,1,1,1994,0,0,0,0,0,0,0,0,0,0
170939,1,1,1994,26,26,26,26,26,26,26,26,26,26
170940,1,1,1994,12,12,12,12,12,12,12,12,12,12
170941,1,1,1994,0,13,0,0,6,14,0,0,0,0
170941,2,1,1994,0,0,0,0,0,24,17,0,26,0
170942,1,1,1994,13,13,13,13,13,13,13,13,13,13
170943,1,1,1994,11,11,11,11,11,11,11,11,11,11
170944,0,1,1994,0,0,0,0,0,0,0,0,0,0
170944,1,1,1994,0,0,0,0,0,0,0,18,0,0
170945,1,1,1994,13,13,13,13,13,13,13,13,13,13
170945,2,1,1994,0,0,0,0,0,0,0,0,0,0
170946,0,1,1994,16,16,16,16,16,16,16,16,16,16
170946,1,1,1994,0,0,0,0,0,0,0,0,0,0
170947,0,1,1994,0,0,0,0,0,0,0,0,0,0
170947,1,1,1994,17,18,0,18,34,9,11,23,33,0
170948,1,1,1994,27,39,8,9,19,20,11,17,30,13
170949,1,1,1994,0,0,0,0,0,0,0,0,0,0
170949,2,1,1994,0,0,0,0,0,0,0,0,0,0
170949,3,1,1994,0,0,0,0,0,0,0,0,0,0
170950,1,1,1994,22,22,22,22,22,22,22,22,22,22
170951,0,1,1994,10,10,10,10,10,10,10,10,10,10
170951,1,1,1994,0,0,0,0,0,0,0,12,0,0
170952,1,1,1994,0,0,0,0,0,0,0,0,0,0
170953,1,1,1994,0,5,0,0,0,0,0,0,0,0
170953,2,1,1994,0,0,0,0,0,0,0,0,0,0
170954,1,1,1994,0,0,0,0,0,0,0,0,0,0
170954,2,1,1994,0,0,0,0,0,0,0,0,0,0
170955,1,1,1994,0,0,0,0,0,0,0,0,0,0
170955,2,1,1994,0,0,0,0,0,0,0,0,0,0
170956,1,1,1994,0,0,0,0,0,0,0,0,0,0
170956,2,1,1994,0,0,0,0,0,0,0,0,0,0
170957,1,1,1994,0,0,0,0,0,0,0,0,0,4
170957,2,1,1994,0,0,0,0,0,0,0,0,0,0
170958,1,1,1994,4,4,4,4,4,4,4,4,4,4
170958,2,1,1994,0,0,0,0,0,0,0,0,0,0
170959,1,1,1994,18,18,18,18,18,18,18,18,18,18
170959,2,1,1994,0,0,0,0,0,0,0,0,0,0
170960,1,1,1994,0,0,0,0,0,0,0,0,0,0
170960,2,1,1994,0,0,0,0,0,0,0,0,0,0
170960,3,1,1994,0,0,0,0,0,0,0,0,0,0
170961,1,1,1994,19,0,21,19,0,18,38,5,0,17
170962,0,1,1994,29,29,29,29,29,29,29,29,29,29
170962,1,1,1994,18,22,15,29,3,14,14,15,8,7
170963,0,1,1994,26,0,0,0,0,34,0,0,0,0
170963,1,1,1994,4,4,4,4,4,4,4,4,4,4
170964,1,1,1994,0,0,0,0,0,0,0,0,0,0
170964,2,1,1994,0,0,0,0,0,0,0,0,0,0
170965,1,1,1994,0,0,0,0,0,0,0,0,0,0
170966,1,1,1994,0,0,0,0,0,0,0,0,0,0
170967,1,1,1994,14,0,0,0,16,0,0,0,0,0
170967,2,1,1994,0,0,0,0,0,0,0,0,0,0
170968,1,1,1994,27,27,27,27,27,27,27,27,27,27
170969,1,1,1994,18,18,18,18,18,18,18,18,18,18
170970,1,1,1994,21,21,21,21,21,21,21,21,21,21
170971,1,1,1994,17,0,0,0,0,0,0,0,11,0
170972,1,1,1994,0,0,0,0,0,0,0,0,0,0
170973,0,1,1994,0,0,0,0,0,0,0,0,0,0
170973,1,1,1994,0,0,0,0,0,0,0,0,0,0
170974,0,1,1994,10,10,10,10,10,10,10,10,10,10
170974,1,1,1994,10,0,0,0,18,0,0,7,0,0
170975,1,1,1994,0,0,0,0,0,0,0,0,0,0
170976,0,1,1994,11,11,11,11,11,11,11,11,11,11
170976,1,1,1994,26,31,6,11,12,10,9,19,5,12
170977,0,1,1994,0,0,0,0,0,0,0,0,0,0