ST_CASE,VEH_NO,PER_NO,YEAR,P1,P2,P3,P4,P5,P6,P7,P8,P9,P10
170977,1,1,1994,0,0,0,0,0,0,0,0,0,0
170978,0,1,1994,11,17,28,23,4,12,10,0,26,19
170978,1,1,1994,0,0,0,0,0,0,0,0,0,0
170978,2,1,1994,0,0,9,0,5,0,0,0,0,0
170978,3,1,1994,0,0,0,0,0,0,0,0,0,0
170979,1,1,1994,0,0,0,0,0,0,0,0,0,0
170979,2,1,1994,12,12,12,12,12,12,12,12,12,12
170980,1,1,1994,0,0,0,0,0,0,0,0,0,0
170981,1,1,1994,10,10,10,10,10,10,10,10,10,10
170981,2,1,1994,0,0,0,9,3,0,5,8,0,0
170982,1,1,1994,16,16,16,16,16,16,16,16,16,16
170983,1,1,1994,0,0,0,0,0,0,0,0,0,0
170983,2,1,1994,0,0,0,0,0,0,0,0,0,0
170983,3,1,1994,0,0,0,0,0,0,0,0,0,0
170984,1,1,1994,0,0,0,0,0,0,0,0,0,0
170986,1,1,1994,29,25,45,0,0,0,11,11,19,0
170987,0,1,1994,0,0,0,0,0,0,0,0,0,0
170987,1,1,1994,0,0,20,0,0,0,0,20,0,0
170988,1,1,1994,0,0,0,0,0,16,0,0,0,0
170989,0,1,1994,0,0,0,0,0,0,0,0,0,0
170989,1,1,1994,0,0,0,0,0,0,0,0,0,0
170990,1,1,1994,0,0,0,0,0,0,0,0,0,0
170991,1,1,1994,0,0,0,0,0,0,0,0,0,0
170991,2,1,1994,0,9,0,0,0,0,11,0,0,0
170992,0,1,1994,0,0,0,0,0,0,0,0,0,0
170992,1,1,1994,0,0,0,0,9,0,0,0,0,0
170993,1,1,1994,20,20,20,20,20,20,20,20,20,20
170994,0,1,1994,0,0,0,0,0,0,0,0,0,0
170994,1,1,1994,0,0,0,8,0,0,0,0,0,0
170995,1,1,1994,0,0,0,0,0,0,0,0,0,0
170995,2,1,1994,0,0,0,0,0,0,0,0,0,0
170996,0,1,1994,0,0,0,0,0,0,18,0,20,0
170996,1,1,1994,0,0,0,0,0,0,0,0,0,0
170997,1,1,1994,17,17,17,17,17,17,17,17,17,17
170997,2,1,1994,0,0,0,0,0,0,0,0,0,0
170998,1,1,1994,12,12,12,12,12,12,12,12,12,12
170999,1,1,1994,11,11,11,11,11,11,11,11,11,11
171000,1,1,1994,0,0,0,0,0,0,0,0,0,0
171001,0,1,1994,25,25,25,25,25,25,25,25,25,25
171001,1,1,1994,0,0,0,0,0,0,0,0,0,0
171002,1,1,1994,30,30,30,30,30,30,30,30,30,30
171003,0,1,1994,0,0,0,0,0,0,0,0,0,0
171003,1,1,1994,0,19,19,29,0,0,7,0,0,0
171004,1,1,1994,36,36,36,36,36,36,36,36,36,36
171005,1,1,1994,0,0,0,0,0,0,0,0,0,0
171005,2,1,1994,0,0,0,0,0,0,0,0,0,0
171006,0,1,1994,5,5,5,5,5,5,5,5,5,5
171006,1,1,1994,11,9,14,0,36,2,18,0,13,23
171007,1,1,1994,9,9,9,9,9,9,9,9,9,9
171008,1,1,1994,0,0,0,0,0,0,0,0,0,0
171008,2,1,1994,0,0,0,0,0,0,0,0,0,0
171009,1,1,1994,0,0,0,0,0,0,0,0,0,0
171009,2,1,1994,0,0,0,0,0,0,0,0,0,0
171009,3,1,1994,0,0,0,0,0,0,0,0,0,0
171010,1,1,1994,16,16,16,16,16,16,16,16,16,16
171011,1,1,1994,0,0,0,0,0,0,0,0,0,0
171011,2,1,1994,0,0,0,0,0,0,0,0,0,0
171012,0,1,1994,37,37,37,37,37,37,37,37,37,37
171012,0,2,1994,8,8,8,8,8,8,8,8,8,8
171012,1,1,1994,14,24,24,4,13,11,16,22,17,25
171013,1,1,1994,0,0,0,0,0,0,0,0,0,0
171013,2,1,1994,0,0,0,0,0,0,0,0,0,0
171013,3,1,1994,0,0,0,0,0,0,0,0,0,0
171014,1,1,1994,0,0,0,0,0,0,0,0,0,0
171014,2,1,1994,0,0,0,0,0,0,0,0,0,0
171015,0,1,1994,42,42,42,42,42,42,42,42,42,42
171015,1,1,1994,0,0,0,0,0,0,0,0,0,0
171016,1,1,1994,18,18,18,18,18,18,18,18,18,18
171017,0,1,1994,4,4,4,4,4,4,4,4,4,4
171017,1,1,1994,0,0,0,0,0,0,0,0,0,0
171018,1,1,1994,0,0,7,30,18,16,0,15,0,12
171018,2,1,1994,0,0,0,0,0,0,0,0,0,0
171019,1,1,1994,19,19,19,19,19,19,19,19,19,19
171019,2,1,1994,0,0,0,0,0,0,7,0,0,0
171019,3,1,1994,0,0,0,0,0,0,0,0,0,0
171019,4,1,1994,0,0,0,0,0,0,0,40,0,0
171021,1,1,1994,0,0,0,0,0,0,0,0,0,0
171021,2,1,1994,0,0,0,0,0,0,0,0,0,0
171022,1,1,1994,21,21,21,21,21,21,21,21,21,21
171023,1,1,1994,12,12,12,12,12,12,12,12,12,12
171024,1,1,1994,10,3,0,0,17,17,14,0,21,0
171025,1,1,1994,0,0,0,0,0,0,0,0,0,0
171026,0,1,1994,0,0,0,0,0,0,0,0,0,0
171026,1,1,1994,0,0,0,0,0,0,0,0,0,0
171027,1,1,1994,0,0,0,0,0,0,0,0,0,0
171028,1,1,1994,18,18,18,18,18,18,18,18,18,18
171029,1,1,1994,29,29,29,29,29,29,29,29,29,29
171029,2,1,1994,0,0,0,0,0,0,0,0,0,0
171030,1,1,1994,15,15,15,15,15,15,15,15,15,15
171031,1,1,1994,30,30,30,30,30,30,30,30,30,30
171032,1,1,1994,24,24,24,24,24,24,24,24,24,24
171032,2,1,1994,0,0,0,0,0,0,0,0,0,0
171033,0,1,1994,1,1,1,1,1,1,1,1,1,1
171033,1,1,1994,0,6,25,0,36,0,0,14,31,16
171034,1,1,1994,0,0,0,0,0,0,0,0,19,0
171034,2,1,1994,0,0,0,0,0,0,0,0,0,0
171035,1,1,1994,0,0,0,0,0,0,0,4,0,0
171035,2,1,1994,0,0,0,0,0,0,0,0,0,0
171036,1,1,1994,25,25,25,25,25,25,25,25,25,25
171036,2,1,1994,0,0,0,0,0,0,8,0,0,0
171036,3,1,1994,0,0,0,0,16,0,32,0,0,0
171037,1,1,1994,0,0,0,0,0,0,0,0,0,0
171037,2,1,1994,0,0,0,0,0,0,0,0,0,0
171038,1,1,1994,0,0,0,0,0,0,0,0,0,0
171039,1,1,1994,0,10,5,0,0,0,0,0,12,0
171039,2,1,1994,0,0,6,0,0,11,0,0,0,0
171040,0,1,1994,16,16,16,16,16,16,16,16,16,16
171040,1,1,1994,28,12,25,13,35,26,19,23,25,18
171041,1,1,1994,27,27,27,27,27,27,27,27,27,27
171041,2,1,1994,7,7,7,7,7,7,7,7,7,7
171042,1,1,1994,0,0,0,0,0,0,0,0,0,0
171042,2,1,1994,0,0,0,0,0,0,0,0,0,0
171043,0,1,1994,0,0,0,0,0,0,0,0,0,0
171043,1,1,1994,0,0,0,0,0,0,0,0,0,0
171044,1,1,1994,0,0,0,0,0,0,0,0,0,0
171044,2,1,1994,0,0,0,0,0,0,0,0,0,0
171045,0,1,1994,0,0,0,0,0,0,0,0,0,0
171045,1,1,1994,0,0,0,0,0,0,0,0,0,0
171046,1,1,1994,27,27,27,27,27,27,27,27,27,27
171047,1,1,1994,0,0,0,0,0,0,0,0,0,0
171048,1,1,1994,0,0,0,0,0,0,0,0,0,0
171049,1,1,1994,0,0,0,0,0,0,0,0,0,0
171049,2,1,1994,0,0,0,0,0,0,0,0,0,0
171050,1,1,1994,0,0,9,0,0,0,0,0,0,0
171050,2,1,1994,0,0,0,0,0,0,0,0,0,0
171050,3,1,1994,0,0,0,0,0,0,0,0,0,18
171051,0,1,1994,0,0,0,0,0,0,0,0,0,0
171051,1,1,1994,0,0,0,0,0,0,0,0,0,0
171052,1,1,1994,22,12,13,16,12,22,23,15,19,18
171052,2,1,1994,7,7,7,7,7,7,7,7,7,7
171053,0,1,1994,0,0,0,0,0,0,0,0,0,0
171053,1,1,1994,0,0,0,0,0,0,0,0,0,0
171054,0,1,1994,24,24,24,24,24,24,24,24,24,24
171054,0,2,1994,19,24,0,32,11,15,21,17,6,12
171054,1,1,1994,0,0,0,0,0,0,0,0,0,0
171054,2,1,1994,0,0,0,0,0,0,0,0,0,0
171055,1,1,1994,8,8,8,8,8,8,8,8,8,8
171056,1,1,1994,13,13,13,13,13,13,13,13,13,13
171057,1,1,1994,0,26,0,0,0,0,0,0,0,0
171058,1,1,1994,0,0,0,9,0,0,0,0,0,0
171058,2,1,1994,0,0,0,0,0,0,0,0,0,0
171059,0,1,1994,0,0,0,0,0,0,0,0,0,0
171059,1,1,1994,0,0,0,0,0,0,0,0,0,0
171060,0,1,1994,0,0,0,0,0,0,0,0,0,0
171060,1,1,1994,0,0,0,0,0,0,0,0,0,0
171061,1,1,1994,20,20,20,20,20,20,20,20,20,20
171062,1,1,1994,0,0,7,7,14,15,6,14,17,6
171062,2,1,1994,14,14,14,14,14,14,14,14,14,14
171063,1,1,1994,33,33,33,33,33,33,33,33,33,33
171064,0,1,1994,0,21,0,12,7,9,6,14,0,0
171064,0,2,1994,0,0,0,0,0,0,0,0,0,0
171064,0,3,1994,0,0,0,0,0,0,0,0,0,0
171064,0,4,1994,16,0,13,9,5,13,0,13,0,7
171064,0,5,1994,0,0,0,0,0,0,0,0,0,0
171064,0,6,1994,0,0,0,0,0,0,0,0,0,0
171064,1,1,1994,0,0,0,0,0,3,0,0,0,0
171065,1,1,1994,0,0,0,0,0,0,0,0,0,0
171065,2,1,1994,0,0,0,0,0,0,0,0,0,0
171065,3,1,1994,16,0,0,0,0,22,0,0,0,0
171066,1,1,1994,23,23,23,23,23,23,23,23,23,23
171067,1,1,1994,18,18,18,18,18,18,18,18,18,18
171068,1,1,1994,0,37,0,0,37,0,0,0,0,0
171068,2,1,1994,0,0,0,0,13,0,0,0,0,0
171068,3,1,1994,0,22,9,0,0,0,0,0,0,0
171070,1,1,1994,0,0,0,0,0,0,0,0,0,0
171071,0,1,1994,29,29,29,29,29,29,29,29,29,29
171071,1,1,1994,0,23,0,0,31,0,17,0,0,0
171072,1,1,1994,0,0,0,0,0,0,0,0,0,0
171072,2,1,1994,0,0,0,0,0,0,0,0,0,0
171072,3,1,1994,0,0,0,0,0,0,0,0,0,0
171073,1,1,1994,19,19,19,19,19,19,19,19,19,19
171073,2,1,1994,0,0,0,0,0,0,0,0,0,0
171074,1,1,1994,25,25,25,25,25,25,25,25,25,25
171074,2,1,1994,0,0,0,0,7,0,0,0,0,0
171075,1,1,1994,22,22,22,22,22,22,22,22,22,22
171075,2,1,1994,0,0,0,0,0,0,0,0,0,0
171076,1,1,1994,14,14,14,14,14,14,14,14,14,14
171077,1,1,1994,0,0,0,0,0,0,0,0,0,0
171077,2,1,1994,0,0,0,0,0,0,0,0,0,0
171078,0,1,1994,0,0,0,0,0,0,0,0,0,0
171078,1,1,1994,0,12,24,18,0,0,0,0,19,0
171078,2,1,1994,0,0,0,0,0,0,0,0,0,0
171079,1,1,1994,0,0,0,0,0,0,0,0,0,0
171079,2,1,1994,0,0,0,0,0,0,0,0,0,0
171080,1,1,1994,0,0,0,0,0,0,0,0,0,0
171080,2,1,1994,0,0,0,0,0,0,0,0,0,0
171081,1,1,1994,3,3,3,3,3,3,3,3,3,3
171082,1,1,1994,0,0,0,0,0,0,0,0,0,0
171082,2,1,1994,0,0,0,0,0,0,0,0,0,0
171083,1,1,1994,17,17,17,17,17,17,17,17,17,17
171084,1,1,1994,0,0,0,0,0,0,0,0,0,0
171084,2,1,1994,0,0,0,0,0,0,0,0,0,0
171084,3,1,1994,0,0,0,0,0,0,0,0,0,0
171084,4,1,1994,0,0,0,0,0,0,0,0,0,0
171085,1,1,1994,0,0,0,0,0,0,0,0,0,0
171085,2,1,1994,0,0,0,0,0,0,0,0,0,0
171086,1,1,1994,0,0,0,0,0,0,0,0,0,0
171087,1,1,1994,0,0,0,0,0,0,0,0,0,0
171087,2,1,1994,0,0,0,0,0,0,0,0,0,0
171088,1,1,1994,0,0,0,0,0,0,0,0,0,0
171088,2,1,1994,0,0,0,0,0,0,0,0,0,0
171089,1,1,1994,0,0,0,0,0,0,0,0,0,0
171089,2,1,1994,0,0,0,0,0,0,0,0,0,0
171089,3,1,1994,0,0,0,0,0,0,0,0,0,0
171090,1,1,1994,0,0,0,0,0,0,0,0,0,0
171091,0,1,1994,0,0,0,0,0,0,0,0,0,0
171091,1,1,1994,0,0,0,0,0,0,0,0,0,0
171092,1,1,1994,0,0,0,0,0,0,0,0,0,0
171092,2,1,1994,0,0,0,0,0,0,0,0,0,0
171093,0,1,1994,0,0,0,0,0,0,0,0,0,0
171093,1,1,1994,0,0,0,0,0,0,11,0,0,7
171095,1,1,1994,0,0,0,0,0,0,0,0,0,0
171096,1,1,1994,0,0,0,0,0,0,0,0,0,0
171097,1,1,1994,11,11,11,11,11,11,11,11,11,11
171097,2,1,1994,0,0,0,0,0,0,0,0,0,0
171098,1,1,1994,38,8,28,32,22,2,14,23,43,18
171099,1,1,1994,22,22,22,22,22,22,22,22,22,22
171100,1,1,1994,0,0,0,0,0,0,0,0,0,0
171101,1,1,1994,0,0,0,0,0,0,0,0,0,0
171102,1,1,1994,0,0,0,0,0,0,0,0,0,0
171103,1,1,1994,31,26,12,19,27,13,28,21,11,7
171104,1,1,1994,0,0,0,0,0,18,0,0,0,0
171104,2,1,1994,0,0,0,0,0,0,0,0,0,0
171104,3,1,1994,0,0,0,0,0,0,0,0,0,0
171105,1,1,1994,0,0,0,0,0,0,0,0,0,0
171108,1,1,1994,0,0,0,0,0,0,0,0,0,0
171109,1,1,1994,0,0,0,0,0,0,0,0,0,0
171109,2,1,1994,0,0,0,0,0,0,0,17,0,0
171110,1,1,1994,0,0,0,0,0,0,0,0,0,0
171111,1,1,1994,0,0,0,0,0,0,0,0,7,0
171111,2,1,1994,0,0,0,0,0,0,0,0,0,0
171112,1,1,1994,9,4,25,12,0,0,18,11,15,8
171112,2,1,1994,0,0,0,0,0,0,0,0,0,0
171113,1,1,1994,28,28,28,28,28,28,28,28,28,28
171114,1,1,1994,0,0,0,0,0,0,0,0,0,0
171114,2,1,1994,0,0,0,0,0,0,0,0,0,0
171115,1,1,1994,0,0,0,0,0,0,0,0,0,0
171115,2,1,1994,0,0,0,0,0,0,0,0,0,22
171116,1,1,1994,0,0,0,0,0,0,0,0,0,0
171116,2,1,1994,0,0,0,0,0,0,0,0,0,0
171117,1,1,1994,0,0,0,0,0,0,0,0,0,0
171118,1,1,1994,0,0,0,0,0,0,0,0,24,0
171118,2,1,1994,0,0,0,0,0,0,0,0,0,0
171119,1,1,1994,26,26,26,26,26,26,26,26,26,26
171120,1,1,1994,1,1,1,1,1,1,1,1,1,1
171120,2,1,1994,0,0,0,0,0,0,0,0,0,0
171120,3,1,1994,0,0,0,0,0,0,0,0,0,0
171121,1,1,1994,16,35,13,6,26,22,20,0,10,13
171121,2,1,1994,1,1,1,1,1,1,1,1,1,1
171122,0,1,1994,0,0,0,0,0,0,0,0,0,0
171122,1,1,1994,0,0,0,0,0,0,0,0,0,0
171123,1,1,1994,15,15,15,15,15,15,15,15,15,15
171124,1,1,1994,0,0,0,0,0,0,0,0,0,0
171124,2,1,1994,0,0,0,0,0,0,0,0,0,0
171125,1,1,1994,0,0,0,0,0,0,0,0,0,0
171125,2,1,1994,0,0,0,0,0,0,0,0,0,0
171126,1,1,1994,7,7,7,7,7,7,7,7,7,7
171127,1,1,1994,0,0,0,0,0,0,0,0,0,0
171127,2,1,1994,0,0,0,0,0,0,0,0,0,0
171128,1,1,1994,0,0,0,0,0,0,0,0,0,0
171128,2,1,1994,0,0,0,0,0,0,0,0,0,0
171129,1,1,1994,0,0,0,0,0,0,0,0,0,0
171129,2,1,1994,0,0,0,0,0,0,0,0,0,0
171130,1,1,1994,0,0,0,16,0,0,0,0,0,0
171131,1,1,1994,19,19,27,0,10,11,0,0,24,18
171131,2,1,1994,0,0,38,7,0,0,0,0,0,0
171132,0,1,1994,23,23,23,23,23,23,23,23,23,23
171132,1,1,1994,0,0,0,0,0,0,0,0,0,0
171133,1,1,1994,25,25,25,25,25,25,25,25,25,25
171134,1,1,1994,0,0,0,0,0,0,0,0,0,0
171135,1,1,1994,23,23,23,23,23,23,23,23,23,23
171136,0,1,1994,15,15,15,15,15,15,15,15,15,15
171136,1,1,1994,0,8,0,0,22,0,21,16,11,21
171136,2,1,1994,13,10,15,22,19,31,11,0,13,19
171137,1,1,1994,10,10,10,10,10,10,10,10,10,10
171138,0,1,1994,0,0,0,0,0,0,0,0,0,0
171138,1,1,1994,0,0,0,24,9,0,0,0,0,0
171139,1,1,1994,0,0,0,0,0,11,0,0,14,0
171139,2,1,1994,0,0,0,0,0,0,0,0,0,0
171139,3,1,1994,0,0,0,0,0,0,0,0,0,0
171140,1,1,1994,0,0,0,0,0,0,0,0,0,0
171140,2,1,1994,0,0,0,9,0,0,0,0,0,0
171141,1,1,1994,0,0,0,0,0,0,0,0,0,0
171141,2,1,1994,0,0,0,0,0,0,0,0,0,0
171142,1,1,1994,0,0,0,0,0,0,0,0,0,0
171142,2,1,1994,0,0,0,0,0,0,0,0,0,0
171143,1,1,1994,0,0,0,0,0,0,0,0,0,0
171143,2,1,1994,0,0,0,0,0,0,0,0,0,0
171144,0,1,1994,0,0,0,0,0,0,0,0,0,0
171144,1,1,1994,0,0,0,0,0,0,0,0,0,0
171145,1,1,1994,13,13,13,13,13,13,13,13,13,13
171146,1,1,1994,0,0,0,0,0,0,0,0,0,0
171146,2,1,1994,11,0,0,5,0,22,0,0,0,0
171147,0,1,1994,0,0,0,0,0,0,0,0,0,0
171147,1,1,1994,0,21,0,0,0,0,0,0,0,0
171148,1,1,1994,0,0,0,0,0,0,0,0,0,0
171148,2,1,1994,0,0,0,0,0,0,0,0,0,0
171149,1,1,1994,0,0,0,0,0,0,0,0,0,0
171149,2,1,1994,0,0,0,0,0,0,0,0,0,0
171150,1,1,1994,0,0,0,0,0,0,0,0,0,15
171150,2,1,1994,0,0,0,0,0,0,0,0,0,0
171151,1,1,1994,0,0,0,0,16,0,0,0,0,0
171151,2,1,1994,0,0,0,0,0,0,0,0,0,0
171152,1,1,1994,0,0,0,0,0,0,0,0,0,0
171153,1,1,1994,8,8,8,8,8,8,8,8,8,8
171154,1,1,1994,0,11,0,26,0,0,0,12,0,8
171154,2,1,1994,0,0,0,0,0,0,0,0,0,0
171154,3,1,1994,0,0,0,0,24,0,0,0,0,0
171155,1,1,1994,3,3,3,3,3,3,3,3,3,3
171156,0,1,1994,26,26,26,26,26,26,26,26,26,26
171156,1,1,1994,0,0,0,0,0,0,32,0,0,0
171157,1,1,1994,22,22,22,22,22,22,22,22,22,22
171157,2,1,1994,12,8,12,26,14,8,8,12,16,23
171158,0,1,1994,0,0,0,0,0,0,0,0,0,0
171158,1,1,1994,0,0,0,0,0,0,0,0,0,0
171159,1,1,1994,20,20,20,20,20,20,20,20,20,20
171160,1,1,1994,0,0,0,0,0,0,12,0,0,11
171160,2,1,1994,11,16,15,33,0,5,15,0,0,13
171161,1,1,1994,5,5,5,5,5,5,5,5,5,5
171162,1,1,1994,8,8,8,8,8,8,8,8,8,8
171163,1,1,1994,17,17,17,17,17,17,17,17,17,17
171163,2,1,1994,16,0,15,0,21,0,0,0,0,0
171163,3,1,1994,0,0,0,0,0,0,0,3,0,0
171164,1,1,1994,0,0,0,0,0,0,0,0,0,0
171165,1,1,1994,0,0,0,0,0,0,0,0,0,0
171166,0,1,1994,0,0,0,0,0,0,0,0,0,0
171166,0,2,1994,0,0,0,0,0,0,0,0,0,0
171166,1,1,1994,0,0,0,0,0,0,0,0,0,0
171168,1,1,1994,0,0,0,0,0,0,0,0,0,0
171169,1,1,1994,0,0,0,0,0,0,0,23,0,0
171169,2,1,1994,0,0,0,0,0,0,0,0,0,0
171169,3,1,1994,0,0,0,0,0,0,0,0,0,0
171170,1,1,1994,27,27,27,27,27,27,27,27,27,27
171170,2,1,1994,0,0,0,0,0,0,7,0,0,0
171171,1,1,1994,0,0,0,0,0,0,0,0,0,0
171172,0,1,1994,0,0,0,0,0,0,0,0,0,0
171172,1,1,1994,19,0,24,0,0,0,0,0,0,0
171172,2,1,1994,0,0,0,0,0,0,0,0,0,0
171173,1,1,1994,0,0,0,0,0,0,0,0,0,0
171173,2,1,1994,0,0,0,0,0,0,0,0,0,0
171174,1,1,1994,0,0,0,0,0,0,0,0,0,0
171174,2,1,1994,0,0,0,0,0,0,0,0,0,0
171175,1,1,1994,10,10,10,10,10,10,10,10,10,10
171176,1,1,1994,16,25,43,37,0,0,0,0,0,0
171177,1,1,1994,0,0,0,0,0,0,0,0,0,0
171177,2,1,1994,0,0,0,0,0,0,0,0,0,0
171178,1,1,1994,0,0,0,0,0,0,0,0,0,0
171178,2,1,1994,0,0,0,0,0,0,0,0,0,0
171179,1,1,1994,28,28,28,28,28,28,28,28,28,28
171180,1,1,1994,21,21,21,21,21,21,21,21,21,21
171180,2,1,1994,15,0,0,0,0,0,0,0,0,0
171180,3,1,1994,0,0,0,0,0,0,0,0,0,13
171181,1,1,1994,0,0,0,0,0,0,0,0,0,0
171181,2,1,1994,0,0,6,0,0,0,0,0,0,18
171182,1,1,1994,8,8,8,8,8,8,8,8,8,8
171183,1,1,1994,25,25,25,25,25,25,25,25,25,25
171184,1,1,1994,0,0,0,0,0,0,0,0,0,0
171185,0,1,1994,0,0,0,0,0,0,0,0,0,0
171185,1,1,1994,26,0,31,0,0,0,0,0,0,0
171186,1,1,1994,9,9,9,9,9,9,9,9,9,9
171187,1,1,1994,21,18,9,20,16,27,7,10,14,17
171188,1,1,1994,0,0,0,0,0,0,0,0,0,0
171188,2,1,1994,0,0,0,0,0,0,0,0,0,0
171189,1,1,1994,0,0,9,0,0,0,0,0,0,0
171189,2,1,1994,0,0,0,0,0,0,0,0,0,0
171190,1,1,1994,14,16,16,28,50,8,16,18,17,11
171190,2,1,1994,0,0,0,0,0,0,0,0,0,0
171191,1,1,1994,0,0,0,0,0,0,0,0,0,0
171192,1,1,1994,0,0,0,0,0,0,0,0,0,0
171193,1,1,1994,0,0,0,0,0,0,0,0,0,0
171194,0,1,1994,0,0,0,0,0,0,0,0,0,0
171194,1,1,1994,0,0,0,0,0,0,0,0,0,0
171194,2,1,1994,0,0,0,0,0,4,0,0,0,0
171195,1,1,1994,0,0,0,0,0,0,0,0,0,0
171195,2,1,1994,0,0,0,0,0,0,0,0,0,0
171196,1,1,1994,37,37,37,37,37,37,37,37,37,37
171196,2,1,1994,0,0,0,0,0,0,0,0,0,0
171197,1,1,1994,0,0,0,0,0,0,0,0,0,0
171197,2,1,1994,0,0,0,0,0,0,0,0,0,0
171198,1,1,1994,0,0,0,0,3,0,0,0,0,12
171199,1,1,1994,0,0,0,0,0,0,0,0,0,0
171200,1,1,1994,0,0,0,0,0,0,0,0,0,0
171200,2,1,1994,0,0,0,0,0,0,0,0,3,0
171201,0,1,1994,0,0,0,0,0,0,0,0,0,0
171201,1,1,1994,0,0,0,0,0,0,0,0,0,0
171202,1,1,1994,14,16,11,25,22,12,43,21,21,24
171203,1,1,1994,41,41,41,41,41,41,41,41,41,41
171203,2,1,1994,0,0,0,0,0,0,0,0,0,0
171204,1,1,1994,25,0,33,0,0,0,0,0,16,0
171204,2,1,1994,0,0,0,0,0,0,0,0,0,0
171205,1,1,1994,20,20,20,20,20,20,20,20,20,20
171206,0,1,1994,0,0,0,0,0,0,0,0,0,0
171206,1,1,1994,0,0,0,0,0,0,0,0,0,0
171207,0,1,1994,0,27,0,0,0,0,0,0,24,0
171207,1,1,1994,0,0,0,0,0,0,0,0,0,0
171208,1,1,1994,0,0,0,0,0,0,0,0,0,0
171210,1,1,1994,0,0,0,0,0,0,0,0,0,0
171210,2,1,1994,0,0,0,0,0,0,0,0,0,0
171211,1,1,1994,0,0,0,0,0,0,0,0,0,6
171211,2,1,1994,0,0,0,0,0,0,0,0,0,0
171212,1,1,1994,0,0,0,0,0,0,0,0,0,0
171212,2,1,1994,0,0,0,0,0,0,0,0,0,0
171213,1,1,1994,0,0,0,9,0,0,0,0,0,0
171213,2,1,1994,0,0,0,0,0,0,0,0,0,0
171214,1,1,1994,0,0,0,0,0,0,0,0,0,0
171215,1,1,1994,27,27,27,27,27,27,27,27,27,27
171216,0,1,1994,0,0,0,0,0,0,0,0,0,0
171216,1,1,1994,0,0,0,0,0,0,4,0,0,0
171217,0,1,1994,17,17,17,17,17,17,17,17,17,17
171217,1,1,1994,21,20,22,0,0,0,0,22,0,18
171218,1,1,1994,0,0,0,0,0,16,0,0,5,0
171218,2,1,1994,0,0,0,0,0,0,0,0,0,0
171219,1,1,1994,0,0,0,0,0,0,0,0,0,0
171219,2,1,1994,0,0,0,0,0,0,0,0,0,0
171220,1,1,1994,0,0,0,0,0,0,0,0,0,0
171221,1,1,1994,0,0,0,0,0,0,0,0,0,0
171221,2,1,1994,0,0,0,0,0,0,0,0,0,0
171222,0,1,1994,0,0,0,0,0,0,0,0,0,0
171222,1,1,1994,0,0,0,0,0,14,0,0,0,0
171223,0,1,1994,0,0,0,0,0,0,0,0,0,0
171223,1,1,1994,0,0,0,0,0,0,0,0,0,0
171224,1,1,1994,13,13,13,13,13,13,13,13,13,13
171224,2,1,1994,0,0,0,0,0,0,0,0,0,0
171224,3,1,1994,0,0,0,0,0,0,0,0,0,0
171225,1,1,1994,3,3,3,3,3,3,3,3,3,3
171226,1,1,1994,30,30,30,30,30,30,30,30,30,30
171226,2,1,1994,0,0,0,0,0,0,0,0,0,18
171227,1,1,1994,22,22,22,22,22,22,22,22,22,22
171228,0,1,1994,0,0,0,0,0,0,0,0,0,0
171228,1,1,1994,0,20,0,0,0,0,0,0,0,17
171229,1,1,1994,12,12,12,12,12,12,12,12,12,12
171230,1,1,1994,0,0,0,0,0,0,0,0,0,0
171231,1,1,1994,4,4,4,4,4,4,4,4,4,4
171232,1,1,1994,14,14,14,14,14,14,14,14,14,14
171233,0,1,1994,0,0,0,0,0,0,0,0,0,0
171233,1,1,1994,0,0,0,0,0,0,0,0,0,0
171234,1,1,1994,29,29,29,29,29,29,29,29,29,29
171234,2,1,1994,0,0,0,0,0,0,0,0,0,0
171234,3,1,1994,0,0,0,0,0,0,0,0,0,0
171235,1,1,1994,18,18,18,18,18,18,18,18,18,18
171236,0,1,1994,0,0,0,0,0,0,0,0,0,0
171236,1,1,1994,0,0,0,0,0,0,0,0,0,0
171236,2,1,1994,0,0,0,0,0,0,0,0,10,0
171237,0,1,1994,26,26,26,26,26,26,26,26,26,26
171237,1,1,1994,0,0,0,0,0,0,0,0,0,0
171237,2,1,1994,0,0,0,0,0,0,0,0,0,0
171237,3,1,1994,0,0,0,0,0,0,0,0,0,0
171238,1,1,1994,0,0,0,0,0,0,0,0,0,0
171238,2,1,1994,0,0,26,0,0,0,0,0,0,0
171239,1,1,1994,0,0,0,0,0,0,0,0,0,0
171239,2,1,1994,0,0,0,0,0,0,0,0,0,0
171240,1,1,1994,0,0,0,0,0,0,0,0,0,0
171241,1,1,1994,0,0,0,0,0,0,0,0,0,0
171241,2,1,1994,0,0,0,0,0,0,0,0,0,0
171241,3,1,1994,0,0,0,0,0,0,0,0,0,0
171242,1,1,1994,0,0,0,0,0,0,0,0,0,0
171242,2,1,1994,0,0,0,0,0,0,0,0,0,0
171242,3,1,1994,0,0,0,0,0,0,0,0,0,0
171243,1,1,1994,0,0,0,0,0,0,0,0,0,0
171244,1,1,1994,21,21,21,21,21,21,21,21,21,21