ST_CASE,VEH_NO,PER_NO,YEAR,P1,P2,P3,P4,P5,P6,P7,P8,P9,P10
180403,1,1,1994,0,0,0,0,0,0,0,0,0,0
180403,2,1,1994,0,0,0,0,0,0,0,0,0,0
180404,1,1,1994,3,3,3,3,3,3,3,3,3,3
180404,2,1,1994,0,0,0,0,0,0,0,24,17,0
180405,1,1,1994,0,0,0,0,0,0,0,0,0,0
180405,2,1,1994,0,0,6,0,0,0,0,0,0,0
180406,1,1,1994,7,7,7,7,7,7,7,7,7,7
180407,1,1,1994,0,0,0,0,0,0,0,0,0,0
180407,2,1,1994,0,0,0,0,0,0,0,0,0,0
180407,3,1,1994,0,0,0,0,0,0,0,0,0,0
180408,1,1,1994,18,18,18,18,18,18,18,18,18,18
180408,2,1,1994,0,0,0,0,0,0,0,0,0,0
180408,3,1,1994,0,0,0,0,0,0,0,0,0,0
180408,4,1,1994,0,0,0,0,0,0,0,0,0,0
180409,0,1,1994,0,0,0,0,0,0,0,0,0,0
180409,1,1,1994,0,0,0,0,11,0,0,0,0,0
180410,1,1,1994,0,0,0,0,0,0,0,0,0,0
180410,2,1,1994,0,0,0,0,0,0,0,0,0,0
180411,1,1,1994,0,0,0,0,0,0,0,0,0,0
180412,1,1,1994,0,0,0,0,0,0,0,0,0,0
180412,2,1,1994,7,7,7,7,7,7,7,7,7,7
180413,1,1,1994,0,0,0,0,0,0,0,0,0,0
180413,2,1,1994,0,0,0,0,0,0,0,0,0,0
180414,1,1,1994,0,0,0,0,0,0,0,0,0,0
180415,1,1,1994,11,11,11,11,11,11,11,11,11,11
180416,1,1,1994,2,2,2,2,2,2,2,2,2,2
180417,1,1,1994,0,0,0,0,0,0,0,0,0,0
180418,1,1,1994,26,26,26,26,26,26,26,26,26,26
180419,1,1,1994,0,0,0,0,0,0,0,0,0,0
180419,2,1,1994,0,0,0,0,0,0,0,0,0,0
180420,1,1,1994,0,0,0,0,0,0,0,0,0,0
180421,1,1,1994,16,16,16,16,16,16,16,16,16,16
180422,1,1,1994,1,1,1,1,1,1,1,1,1,1
180422,2,1,1994,0,0,0,0,0,0,0,0,0,0
180423,1,1,1994,0,0,0,0,0,0,0,0,0,0
180423,2,1,1994,0,0,0,0,0,0,0,0,0,0
180424,1,1,1994,22,18,18,24,18,14,12,0,29,21
180424,2,1,1994,8,8,8,8,8,8,8,8,8,8
180425,1,1,1994,0,0,0,14,0,0,0,0,0,0
180425,2,1,1994,0,0,0,0,0,0,0,0,0,0
180426,1,1,1994,0,0,0,0,0,0,0,0,0,0
180426,2,1,1994,0,0,0,0,0,0,0,0,0,0
180428,1,1,1994,0,0,0,0,0,0,0,0,0,0
180428,2,1,1994,0,0,0,0,0,0,0,0,0,0
180429,1,1,1994,0,0,0,0,0,0,0,0,0,0
180429,2,1,1994,10,10,10,10,10,10,10,10,10,10
180430,1,1,1994,12,12,12,12,12,12,12,12,12,12
180431,0,1,1994,30,30,30,30,30,30,30,30,30,30
180431,1,1,1994,7,0,10,10,12,20,14,33,6,14
180432,0,1,1994,0,0,23,0,0,0,0,0,0,0
180432,1,1,1994,0,0,0,0,0,0,0,0,0,0
180433,1,1,1994,22,22,22,22,22,22,22,22,22,22
180433,2,1,1994,0,0,0,0,0,0,0,0,0,0
180434,0,1,1994,22,22,22,22,22,22,22,22,22,22
180434,1,1,1994,0,0,0,0,0,0,0,0,0,0
180435,1,1,1994,34,34,34,34,34,34,34,34,34,34
180436,1,1,1994,17,17,17,17,17,17,17,17,17,17
180437,1,1,1994,11,11,11,11,11,11,11,11,11,11
180438,1,1,1994,0,22,0,6,0,17,0,0,17,13
180439,1,1,1994,0,0,0,0,0,0,0,0,0,0
180439,2,1,1994,0,0,0,0,0,0,0,0,0,0
180440,1,1,1994,0,0,0,0,0,0,0,0,0,0
180440,2,1,1994,0,0,0,0,0,0,0,0,0,0
180441,1,1,1994,0,0,0,0,0,0,15,0,0,0
180442,1,1,1994,0,0,0,0,0,0,0,0,0,0
180443,1,1,1994,0,0,0,0,0,0,0,0,0,0
180443,2,1,1994,0,0,0,0,0,0,0,0,0,0
180445,1,1,1994,0,0,0,0,0,0,0,0,0,0
180445,2,1,1994,0,0,0,0,0,0,0,0,0,0
180446,1,1,1994,0,0,0,0,0,0,0,0,0,0
180447,1,1,1994,0,0,0,0,0,0,0,0,0,0
180448,1,1,1994,0,15,0,0,0,0,0,0,0,0
180449,1,1,1994,0,0,0,0,0,0,0,0,0,0
180450,1,1,1994,28,28,28,28,28,28,28,28,28,28
180450,2,1,1994,0,0,0,0,0,0,0,0,0,0
180451,1,1,1994,0,0,0,0,0,0,0,0,0,0
180451,2,1,1994,0,0,0,0,0,0,0,0,0,0
180452,1,1,1994,0,0,0,0,0,0,0,0,0,0
180452,2,1,1994,0,0,0,0,0,0,0,0,0,0
180452,3,1,1994,0,0,0,0,0,0,0,0,0,0
180453,0,1,1994,0,0,20,0,0,0,0,0,11,0
180453,1,1,1994,13,0,0,0,0,0,0,8,0,0
180454,1,1,1994,0,0,0,0,0,0,0,0,0,0
180454,2,1,1994,0,0,0,0,0,0,0,0,0,0
180455,1,1,1994,13,13,13,13,13,13,13,13,13,13
180456,1,1,1994,20,20,20,20,20,20,20,20,20,20
180457,1,1,1994,0,0,0,0,0,0,0,0,0,0
180458,1,1,1994,0,0,0,0,0,0,0,0,0,0
180459,1,1,1994,0,0,0,0,0,0,0,0,0,0
180459,2,1,1994,0,0,0,0,10,0,0,0,0,0
180460,1,1,1994,0,0,0,0,0,0,0,0,0,0
180460,2,1,1994,0,10,0,0,0,0,0,0,0,0
180461,1,1,1994,0,0,0,0,0,0,0,0,0,0
180461,2,1,1994,0,0,0,0,0,0,0,0,0,0
180461,3,1,1994,0,0,0,0,0,0,0,0,0,0
180462,1,1,1994,0,0,0,0,0,0,0,0,0,0
180463,0,1,1994,17,17,17,17,17,17,17,17,17,17
180463,1,1,1994,0,0,0,0,0,0,0,0,0,0
180464,1,1,1994,0,0,0,0,0,0,0,0,0,0
180464,2,1,1994,0,0,0,0,0,0,0,0,0,0
180465,1,1,1994,0,0,0,0,0,0,0,0,0,0
180465,2,1,1994,0,0,0,0,0,0,0,0,0,0
180466,1,1,1994,30,30,30,30,30,30,30,30,30,30
180466,2,1,1994,0,0,0,0,0,0,0,0,0,0
180467,1,1,1994,0,0,0,0,0,0,0,0,0,0
180467,2,1,1994,0,0,0,0,0,0,0,0,0,0
180468,1,1,1994,0,0,0,0,0,0,0,0,0,0
180468,2,1,1994,0,0,0,0,0,0,0,0,0,0
180469,1,1,1994,0,0,0,0,0,0,0,0,0,0
180469,2,1,1994,0,0,0,0,0,0,0,0,0,0
180471,1,1,1994,23,23,23,23,23,23,23,23,23,23
180472,1,1,1994,12,12,12,12,12,12,12,12,12,12
180473,1,1,1994,0,0,0,0,0,0,0,0,0,0
180473,2,1,1994,0,0,0,0,0,0,0,0,0,0
180474,1,1,1994,0,0,0,0,0,0,0,0,0,0
180474,2,1,1994,0,0,0,0,0,0,0,0,0,0
180475,1,1,1994,25,25,25,25,25,25,25,25,25,25
180475,2,1,1994,9,9,9,9,9,9,9,9,9,9
180476,1,1,1994,21,21,21,21,21,21,21,21,21,21
180477,1,1,1994,14,14,14,14,14,14,14,14,14,14
180478,1,1,1994,0,0,0,0,0,0,0,0,0,0
180479,1,1,1994,0,0,0,0,0,0,0,0,0,0
180479,2,1,1994,0,0,0,0,0,0,0,0,0,0
180480,1,1,1994,0,0,0,0,0,8,0,0,0,0
180480,2,1,1994,0,0,0,0,0,0,0,0,0,0
180481,1,1,1994,0,0,0,0,0,0,0,0,0,0
180481,2,1,1994,0,0,0,0,0,0,0,15,0,0
180482,1,1,1994,0,0,0,0,0,0,0,0,0,0
180482,2,1,1994,0,0,0,0,0,0,0,0,0,0
180483,1,1,1994,0,0,0,0,0,0,0,0,0,0
180483,2,1,1994,0,0,0,0,0,0,0,0,0,0
180484,1,1,1994,0,0,0,0,0,0,0,0,0,0
180485,1,1,1994,0,0,0,0,0,0,0,0,0,0
180485,2,1,1994,0,0,0,0,0,0,0,0,0,0
180486,1,1,1994,0,0,0,0,0,0,0,0,0,0
180487,1,1,1994,0,0,0,0,0,0,0,0,0,0
180487,2,1,1994,0,0,0,0,0,0,0,0,0,0
180488,1,1,1994,0,0,0,0,0,0,0,0,0,0
180488,2,1,1994,0,0,0,0,0,0,0,0,0,0
180489,1,1,1994,0,0,0,0,0,0,0,0,0,0
180490,1,1,1994,0,0,0,0,0,0,0,0,0,0
180490,2,1,1994,0,0,0,0,0,0,0,0,0,0
180491,1,1,1994,14,14,14,14,14,14,14,14,14,14
180492,1,1,1994,0,0,0,0,0,0,0,0,0,0
180493,1,1,1994,0,0,0,0,0,0,0,0,0,0
180494,1,1,1994,0,0,0,0,0,0,0,0,0,0
180495,1,1,1994,0,0,0,0,0,0,0,0,0,0
180495,2,1,1994,0,0,0,0,0,0,0,0,0,0
180496,1,1,1994,0,0,0,0,11,0,0,0,0,0
180497,1,1,1994,18,18,18,18,18,18,18,18,18,18
180498,1,1,1994,0,0,0,0,0,0,0,0,0,0
180499,0,1,1994,18,18,8,0,0,42,0,14,30,0
180499,1,1,1994,0,6,0,7,12,0,6,0,0,0
180500,1,1,1994,22,22,22,22,22,22,22,22,22,22
180501,1,1,1994,0,0,0,0,0,0,0,0,0,0
180501,2,1,1994,0,0,0,0,0,0,0,0,0,0
180502,1,1,1994,0,0,0,0,0,0,0,0,0,0
180502,2,1,1994,22,22,22,22,22,22,22,22,22,22
180503,1,1,1994,0,0,0,0,0,0,0,0,0,0
180503,2,1,1994,0,0,0,0,0,0,0,0,0,0
180504,1,1,1994,0,0,0,0,0,0,0,0,0,0
180504,2,1,1994,0,0,0,0,0,0,0,0,0,0
180504,3,1,1994,0,0,0,0,0,0,0,0,0,0
180505,1,1,1994,0,0,0,0,0,0,0,0,0,0
180506,1,1,1994,21,21,21,21,21,21,21,21,21,21
180507,1,1,1994,0,0,0,0,0,0,0,0,0,0
180507,2,1,1994,0,0,0,0,0,0,0,0,0,0
180508,1,1,1994,2,2,2,2,2,2,2,2,2,2
180508,2,1,1994,0,0,0,0,0,0,0,0,0,0
180509,1,1,1994,0,0,0,0,0,0,0,0,0,0
180510,1,1,1994,5,5,5,5,5,5,5,5,5,5
180511,1,1,1994,0,0,0,0,0,0,0,0,0,0
180511,2,1,1994,0,0,0,0,0,0,0,0,0,0
180512,1,1,1994,0,0,0,0,0,0,0,0,0,0
180512,2,1,1994,0,0,0,0,0,0,0,0,0,0
180513,1,1,1994,0,0,0,0,0,0,0,0,0,0
180513,2,1,1994,0,0,17,0,0,0,0,0,0,0
180514,1,1,1994,14,15,40,15,0,20,0,0,29,0
180515,1,1,1994,0,0,0,0,0,0,0,0,0,0
180515,2,1,1994,0,0,0,0,0,0,0,0,7,0
180516,1,1,1994,0,0,0,0,0,0,0,0,0,0
180516,2,1,1994,0,0,0,0,0,0,0,0,0,0
180517,1,1,1994,0,0,0,0,0,0,0,0,0,0
180517,2,1,1994,0,0,0,0,0,0,0,0,0,0
180518,1,1,1994,0,0,0,0,0,0,0,0,0,0
180519,1,1,1994,0,0,0,45,0,0,0,0,11,0
180520,1,1,1994,25,25,25,25,25,25,25,25,25,25
180521,1,1,1994,0,0,0,0,0,0,0,0,0,0
180521,2,1,1994,28,28,28,28,28,28,28,28,28,28
180522,1,1,1994,0,0,0,0,0,0,0,0,0,0
180522,2,1,1994,0,0,0,0,0,0,0,0,0,0
180523,1,1,1994,0,0,0,0,0,0,0,0,0,0
180524,1,1,1994,0,0,0,0,0,0,0,0,0,0
180524,2,1,1994,0,0,0,0,0,0,0,0,0,0
180524,3,1,1994,0,0,0,0,0,0,0,0,0,0
180525,0,1,1994,33,33,33,33,33,33,33,33,33,33
180525,1,1,1994,0,16,21,0,0,12,0,0,9,0
180526,1,1,1994,25,25,25,25,25,25,25,25,25,25
180527,1,1,1994,0,0,0,0,0,0,0,0,0,0
180528,1,1,1994,21,21,21,21,21,21,21,21,21,21
180528,2,1,1994,0,0,0,0,0,0,0,0,0,0
180529,1,1,1994,0,0,0,0,0,0,0,0,0,0
180529,2,1,1994,18,18,18,18,18,18,18,18,18,18
180530,1,1,1994,0,0,0,16,0,0,0,0,0,0
180531,1,1,1994,0,18,5,22,0,0,0,0,0,0
180531,2,1,1994,0,0,0,0,0,0,0,0,0,0
180532,0,1,1994,0,0,0,0,0,0,0,0,0,0
180532,1,1,1994,0,0,0,0,0,0,0,0,0,0
180534,1,1,1994,0,0,0,0,0,0,0,0,0,0
180534,2,1,1994,0,0,0,0,0,0,0,0,0,7
180535,1,1,1994,0,0,0,0,0,0,0,0,0,0
180535,2,1,1994,0,0,0,0,0,0,0,0,0,0
180536,0,1,1994,0,0,0,0,0,0,0,0,0,0
180536,0,2,1994,2,2,2,2,2,2,2,2,2,2
180536,1,1,1994,0,0,0,0,0,0,0,0,0,0
180536,2,1,1994,0,0,0,0,0,0,0,0,0,0
180537,1,1,1994,0,0,0,0,0,0,0,0,0,0
180537,2,1,1994,0,0,0,0,0,0,0,0,0,0
180538,0,1,1994,0,0,0,17,0,0,0,0,0,16
180538,0,2,1994,12,0,0,0,0,0,0,0,0,0
180538,1,1,1994,0,0,0,0,0,0,0,0,0,0
180539,0,1,1994,0,0,0,0,0,0,0,0,0,0
180539,1,1,1994,14,0,0,0,0,29,0,0,0,0
180540,1,1,1994,0,0,0,0,0,0,0,0,0,0
180540,2,1,1994,0,0,0,0,0,0,0,0,0,0
180540,3,1,1994,0,0,0,0,0,0,0,0,0,0
180541,1,1,1994,0,0,0,0,0,0,0,0,0,0
180541,2,1,1994,0,0,0,0,0,0,0,0,0,0
180542,0,1,1994,24,24,24,24,24,24,24,24,24,24
180542,1,1,1994,19,0,0,0,0,0,0,0,0,21
180543,1,1,1994,0,0,0,0,0,0,0,0,0,0
180543,2,1,1994,0,0,0,0,0,0,0,0,0,0
180545,1,1,1994,0,0,0,0,0,0,0,0,0,0
180545,2,1,1994,0,0,0,0,0,0,0,0,0,0
180546,1,1,1994,0,0,0,0,0,0,0,0,0,0
180547,1,1,1994,0,0,0,0,0,0,0,0,0,0
180547,2,1,1994,0,0,0,0,0,0,0,0,0,0
180549,1,1,1994,0,0,5,0,0,0,0,0,0,0
180550,1,1,1994,5,5,5,5,5,5,5,5,5,5
180550,2,1,1994,0,0,0,0,0,0,0,0,0,0
180551,1,1,1994,0,0,10,0,0,0,0,0,3,0
180552,1,1,1994,21,21,21,21,21,21,21,21,21,21
180553,1,1,1994,0,0,0,0,0,0,0,0,0,0
180553,2,1,1994,0,0,0,0,0,0,0,0,0,0
180554,1,1,1994,36,36,36,36,36,36,36,36,36,36
180555,1,1,1994,13,13,13,13,13,13,13,13,13,13
180556,1,1,1994,0,0,0,0,27,0,0,0,0,0
180557,1,1,1994,0,0,20,0,0,0,0,0,0,0
180558,1,1,1994,0,0,0,0,0,0,0,0,0,0
180559,1,1,1994,9,0,0,0,38,31,22,0,0,0
180560,1,1,1994,0,0,0,0,0,0,0,0,0,0
180560,2,1,1994,11,11,11,11,11,11,11,11,11,11
180561,1,1,1994,0,0,0,0,0,0,0,0,0,0
180561,2,1,1994,0,0,0,0,0,0,0,0,0,0
180562,1,1,1994,0,0,0,0,0,0,0,0,0,0
180562,2,1,1994,0,0,0,0,0,0,0,0,0,0
180563,1,1,1994,0,0,0,0,0,0,0,0,0,0
180563,2,1,1994,0,0,0,0,0,0,0,0,0,0
180564,1,1,1994,27,27,27,27,27,27,27,27,27,27
180565,1,1,1994,0,0,0,0,0,0,0,0,0,0
180565,2,1,1994,6,0,0,0,0,0,0,0,0,0
180566,1,1,1994,6,6,6,6,6,6,6,6,6,6
180567,1,1,1994,0,0,0,0,0,0,0,0,0,0
180568,1,1,1994,22,22,22,22,22,22,22,22,22,22
180568,2,1,1994,0,0,0,0,0,0,0,0,0,0
180569,1,1,1994,0,0,0,0,0,0,0,0,0,0
180569,2,1,1994,0,0,0,0,0,0,0,0,0,0
180570,1,1,1994,0,0,0,0,0,0,0,0,0,0
180571,1,1,1994,23,23,23,23,23,23,23,23,23,23
180572,1,1,1994,0,0,0,0,0,0,0,0,0,0
180572,2,1,1994,29,29,29,29,29,29,29,29,29,29
180573,0,1,1994,0,0,0,0,0,0,0,0,0,0
180573,1,1,1994,0,0,0,0,0,0,0,0,0,0
180574,1,1,1994,0,0,0,0,0,0,0,0,0,0
180574,2,1,1994,0,0,0,0,0,0,0,0,0,0
180575,0,1,1994,0,0,0,0,0,0,0,0,0,0
180575,1,1,1994,0,0,0,0,0,0,0,0,0,0
180576,1,1,1994,0,0,0,0,0,0,0,0,0,0
180576,2,1,1994,0,0,0,0,0,0,0,0,0,0
180577,1,1,1994,0,0,0,0,0,0,0,0,0,0
180577,2,1,1994,0,0,0,0,0,0,0,0,0,0
180578,1,1,1994,0,0,0,0,0,0,0,0,0,0
180578,2,1,1994,0,0,0,0,0,0,0,0,0,0
180579,1,1,1994,0,0,0,0,0,0,0,0,0,0
180580,1,1,1994,0,0,0,0,0,0,0,0,0,0
180580,2,1,1994,0,0,0,0,0,0,0,0,0,0
180580,3,1,1994,0,0,0,0,0,0,0,0,0,0
180581,1,1,1994,20,20,20,20,20,20,20,20,20,20
180582,1,1,1994,0,0,0,0,0,0,6,0,0,0
180582,2,1,1994,0,0,0,0,0,0,0,0,0,0
180583,1,1,1994,0,0,21,0,0,0,0,0,0,0
180584,1,1,1994,8,24,4,8,19,22,18,9,17,28
180585,1,1,1994,0,0,0,0,0,0,0,0,0,20
180585,2,1,1994,0,0,0,0,0,0,0,0,0,0
180586,1,1,1994,14,12,29,7,15,20,19,17,34,26
180587,1,1,1994,30,30,30,30,30,30,30,30,30,30
180588,1,1,1994,0,0,0,0,0,9,0,0,0,0
180588,2,1,1994,0,0,0,0,0,0,0,0,0,0
180589,1,1,1994,0,0,0,0,0,0,0,0,0,0
180590,1,1,1994,0,0,0,0,0,0,0,0,0,0
180590,2,1,1994,0,0,0,0,0,0,0,0,0,0
180591,1,1,1994,34,29,47,26,21,22,22,34,12,20
180593,1,1,1994,0,0,0,0,0,0,0,0,0,0
180594,1,1,1994,17,23,0,0,6,9,25,11,17,0
180595,1,1,1994,18,18,18,18,18,18,18,18,18,18
180595,2,1,1994,0,0,0,0,0,0,0,0,0,0
180595,3,1,1994,0,0,0,0,0,0,0,0,0,0
180596,1,1,1994,0,0,0,0,0,0,0,0,0,0
180597,1,1,1994,24,24,24,24,24,24,24,24,24,24
180598,1,1,1994,0,0,0,0,0,0,0,0,0,0
180598,2,1,1994,0,0,0,0,0,0,0,0,0,0
180600,1,1,1994,15,15,15,15,15,15,15,15,15,15
180601,1,1,1994,0,0,0,0,0,0,0,0,0,0
180601,2,1,1994,0,0,0,0,0,0,0,0,0,0
180603,1,1,1994,27,27,27,27,27,27,27,27,27,27
180604,1,1,1994,0,0,0,0,0,0,0,0,0,0
180604,2,1,1994,0,0,0,0,0,0,0,0,0,0
180604,3,1,1994,0,0,0,0,0,0,0,0,0,0
180605,1,1,1994,8,8,8,8,8,8,8,8,8,8
180605,2,1,1994,0,0,0,0,0,0,0,0,0,0
180606,1,1,1994,3,3,3,3,3,3,3,3,3,3
180606,2,1,1994,0,0,0,0,0,0,0,0,0,0
180607,1,1,1994,0,0,0,0,0,0,0,0,0,0
180608,1,1,1994,0,0,0,0,0,0,0,0,0,0
180608,2,1,1994,10,10,10,10,10,10,10,10,10,10
180609,1,1,1994,9,9,9,9,9,9,9,9,9,9
180609,2,1,1994,0,0,0,0,0,0,0,0,0,0
180610,1,1,1994,0,0,0,0,0,0,0,0,0,0
180611,1,1,1994,9,9,9,9,9,9,9,9,9,9
180611,2,1,1994,0,0,0,0,0,0,0,0,0,0
180612,1,1,1994,0,0,0,0,0,0,0,0,0,0
180613,1,1,1994,15,15,15,15,15,15,15,15,15,15
180614,1,1,1994,0,0,0,0,0,0,0,0,0,0
180615,1,1,1994,21,21,21,21,21,21,21,21,21,21
180616,1,1,1994,9,9,9,9,9,9,9,9,9,9
180617,1,1,1994,0,0,0,0,0,0,0,0,0,0
180617,2,1,1994,0,0,0,0,0,0,0,0,0,0
180618,1,1,1994,0,0,0,0,0,0,0,0,0,0
180619,1,1,1994,23,23,23,23,23,23,23,23,23,23
180621,1,1,1994,0,0,0,0,0,0,0,0,0,0
180621,2,1,1994,0,0,0,0,0,0,0,0,0,0
180622,1,1,1994,0,0,0,0,0,11,0,24,0,0
180622,2,1,1994,0,0,0,0,0,0,0,0,0,0
180623,1,1,1994,0,0,0,0,0,0,0,0,0,0
180623,2,1,1994,0,0,0,0,0,0,0,0,0,0
180624,1,1,1994,16,16,16,16,16,16,16,16,16,16
180625,1,1,1994,0,0,0,0,0,0,0,0,0,0
180625,2,1,1994,0,0,0,0,0,0,0,0,0,0
180626,1,1,1994,13,9,6,0,0,0,4,0,0,0
180627,0,1,1994,30,30,30,30,30,30,30,30,30,30
180627,1,1,1994,0,0,0,0,0,0,0,0,0,0
180627,2,1,1994,0,0,0,0,0,0,0,0,0,0
180628,1,1,1994,1,0,0,0,0,0,0,0,0,0
180628,2,1,1994,0,0,0,0,0,0,0,0,0,0
180629,1,1,1994,0,0,0,0,0,8,0,0,0,0
180630,1,1,1994,5,5,5,5,5,5,5,5,5,5
180630,2,1,1994,0,0,0,0,0,0,0,0,0,0
180630,3,1,1994,0,0,0,9,0,29,0,0,18,18
180630,4,1,1994,0,0,0,0,0,0,0,0,0,0
180631,1,1,1994,18,18,18,18,18,18,18,18,18,18
180631,2,1,1994,0,0,0,0,0,0,0,0,0,0
180631,3,1,1994,0,0,0,0,0,0,0,0,0,0
180632,1,1,1994,0,0,0,0,0,0,0,0,0,0
180632,2,1,1994,0,0,0,0,0,0,0,0,0,0
180633,1,1,1994,0,0,0,0,0,0,0,0,0,0
180633,2,1,1994,12,12,12,12,12,12,12,12,12,12
180633,3,1,1994,0,0,0,0,0,0,0,0,0,0
180634,1,1,1994,36,36,36,36,36,36,36,36,36,36
180635,1,1,1994,0,0,0,0,0,0,0,0,0,0
180635,2,1,1994,0,0,0,0,0,0,0,0,0,0
180636,1,1,1994,0,0,0,0,0,0,0,0,0,0
180637,1,1,1994,10,10,10,10,10,10,10,10,10,10
180638,1,1,1994,13,13,13,13,13,13,13,13,13,13
180639,1,1,1994,15,15,15,15,15,15,15,15,15,15
180640,1,1,1994,22,22,22,22,22,22,22,22,22,22
180640,2,1,1994,4,4,4,4,4,4,4,4,4,4
180641,1,1,1994,0,0,0,0,0,0,0,0,0,0
180641,2,1,1994,0,0,0,0,0,0,0,0,0,0
180641,3,1,1994,0,0,0,0,0,0,0,0,0,13
180642,1,1,1994,0,0,0,0,0,0,0,0,0,0
180642,2,1,1994,0,0,0,0,0,0,0,0,0,0
180643,1,1,1994,0,0,0,0,0,0,0,11,0,0
180643,2,1,1994,0,0,0,0,0,0,0,0,0,0
180644,1,1,1994,19,19,19,19,19,19,19,19,19,19
180644,2,1,1994,0,0,0,0,0,0,0,0,0,0
180645,1,1,1994,34,34,34,34,34,34,34,34,34,34
180646,1,1,1994,21,21,21,21,21,21,21,21,21,21
180647,1,1,1994,0,0,0,0,0,0,0,0,0,0
180647,2,1,1994,0,0,0,0,0,0,11,0,0,0
180648,1,1,1994,0,0,0,0,0,0,0,0,0,0
180649,1,1,1994,8,8,8,8,8,8,8,8,8,8
180650,1,1,1994,10,6,6,0,10,12,13,0,10,0
180651,0,1,1994,0,0,0,0,0,0,0,0,0,0
180651,1,1,1994,0,0,0,0,0,0,0,0,0,0
180652,1,1,1994,0,0,0,0,0,0,0,0,0,0
180652,2,1,1994,34,0,0,0,0,0,0,0,0,0
180653,1,1,1994,16,16,16,16,16,16,16,16,16,16
180654,1,1,1994,0,0,0,0,0,0,0,0,0,0
180654,2,1,1994,0,0,0,0,0,0,0,0,0,0
180656,1,1,1994,17,17,17,17,17,17,17,17,17,17
180657,1,1,1994,0,0,0,0,0,0,0,0,0,0
180657,2,1,1994,0,0,0,0,0,0,0,0,0,0
180658,1,1,1994,27,27,27,27,27,27,27,27,27,27
180659,1,1,1994,0,0,0,0,0,0,0,0,0,0
180659,2,1,1994,0,0,0,0,0,0,0,0,0,0
180660,1,1,1994,0,0,0,0,0,0,0,0,0,0
180660,2,1,1994,0,0,0,0,2,0,0,0,0,0
180661,1,1,1994,0,0,0,0,0,0,0,0,0,0
180661,2,1,1994,0,0,0,11,0,0,0,0,0,6
180661,3,1,1994,0,0,0,0,0,0,0,0,0,0
180661,4,1,1994,0,0,0,0,0,0,0,0,0,0
180661,5,1,1994,0,0,0,0,0,0,0,0,0,0
180661,6,1,1994,14,0,0,0,0,0,0,0,0,0
180661,7,1,1994,0,0,0,0,0,0,0,0,0,0
180662,1,1,1994,0,0,0,0,0,0,0,0,0,0
180662,2,1,1994,0,0,0,0,0,0,0,0,0,0
180663,1,1,1994,0,0,0,0,0,0,0,0,0,0
180663,2,1,1994,0,0,0,0,0,0,0,0,0,0
180664,0,1,1994,0,0,0,0,0,0,0,0,0,0
180664,1,1,1994,1,1,1,1,1,1,1,1,1,1
180665,1,1,1994,21,21,21,21,21,21,21,21,21,21
180666,1,1,1994,1,1,1,1,1,1,1,1,1,1
180667,1,1,1994,13,13,13,13,13,13,13,13,13,13
180669,1,1,1994,0,0,0,0,0,26,0,0,0,0
180670,1,1,1994,0,0,0,0,0,0,0,0,0,0
180671,1,1,1994,0,0,0,0,0,0,0,0,0,0
180672,1,1,1994,0,0,0,0,0,0,0,0,0,0
180673,1,1,1994,0,0,0,0,0,0,0,0,0,0
180674,0,1,1994,0,0,0,0,0,0,0,0,0,0
180674,1,1,1994,0,0,0,0,0,0,0,0,0,0
180675,1,1,1994,0,0,0,0,0,0,0,0,0,0
180675,2,1,1994,0,0,0,0,0,0,0,0,0,0
180676,0,1,1994,0,0,0,0,0,0,0,0,0,0
180676,1,1,1994,19,0,0,0,0,0,0,0,0,0
180678,0,1,1994,0,0,0,0,18,0,0,0,19,0
180678,1,1,1994,0,0,0,0,0,0,0,0,0,0
180680,1,1,1994,36,36,36,36,36,36,36,36,36,36
180681,1,1,1994,0,0,0,0,0,0,0,0,0,0
180681,2,1,1994,0,0,0,0,0,0,0,0,11,0
180683,1,1,1994,0,0,0,0,0,0,0,0,0,0
180683,2,1,1994,0,0,0,0,0,0,0,0,0,0
180684,1,1,1994,0,0,0,0,0,0,0,0,0,0
180685,1,1,1994,0,0,0,0,0,0,0,0,0,0
180685,2,1,1994,0,0,0,0,0,0,0,0,0,0
180686,1,1,1994,0,0,0,0,0,0,0,0,0,0
180686,2,1,1994,0,0,0,0,0,0,0,0,0,0
180686,3,1,1994,0,0,0,0,0,0,0,0,0,0
180688,1,1,1994,0,0,0,0,0,0,0,0,0,0
180688,2,1,1994,0,0,0,0,0,0,0,0,0,0
180689,1,1,1994,0,4,0,0,0,0,0,0,0,0
180690,1,1,1994,14,12,15,6,31,26,21,13,15,15
180691,1,1,1994,11,31,38,12,0,0,13,19,0,0
180692,1,1,1994,0,0,0,0,0,0,0,0,0,0
180693,1,1,1994,0,0,0,0,0,0,0,0,0,0
180693,2,1,1994,0,0,0,0,0,0,0,0,0,0
180693,3,1,1994,0,0,0,0,0,0,0,0,0,0
180694,1,1,1994,33,33,33,33,33,33,33,33,33,33
180695,1,1,1994,0,0,0,0,0,0,0,0,0,0
180695,2,1,1994,0,0,0,0,0,0,0,0,0,0
180695,3,1,1994,0,0,0,0,0,0,0,0,0,0
180696,1,1,1994,0,0,0,0,0,0,0,0,0,0
180696,2,1,1994,0,0,0,14,0,12,0,0,0,0
180697,1,1,1994,12,12,12,12,12,12,12,12,12,12