ST_CASE,VEH_NO,PER_NO,YEAR,P1,P2,P3,P4,P5,P6,P7,P8,P9,P10
180697,2,1,1994,0,0,0,0,0,0,0,0,0,0
180698,1,1,1994,30,30,30,30,30,30,30,30,30,30
180699,1,1,1994,0,0,0,0,0,0,0,0,0,0
180699,2,1,1994,0,0,0,0,0,0,0,0,0,0
180700,1,1,1994,0,0,0,0,0,0,0,0,0,0
180700,2,1,1994,0,0,0,0,0,0,0,0,0,0
180701,1,1,1994,19,19,19,19,19,19,19,19,19,19
180701,2,1,1994,4,0,0,17,14,10,27,5,0,25
180702,1,1,1994,0,0,0,0,0,0,0,0,0,0
180703,0,1,1994,13,13,13,13,13,13,13,13,13,13
180703,1,1,1994,16,27,18,23,17,13,13,15,10,16
180704,1,1,1994,17,17,17,17,17,17,17,17,17,17
180705,1,1,1994,20,20,20,20,20,20,20,20,20,20
180706,1,1,1994,0,6,0,0,0,0,0,8,0,0
180707,1,1,1994,17,17,17,17,17,17,17,17,17,17
180708,1,1,1994,0,0,0,0,0,0,0,0,0,0
180708,2,1,1994,0,0,0,0,0,0,0,0,0,0
180709,1,1,1994,0,0,0,0,0,0,0,0,0,0
180709,2,1,1994,0,0,0,0,0,0,0,0,0,0
180710,1,1,1994,0,0,0,0,0,0,0,0,0,0
180710,2,1,1994,0,0,0,0,0,0,0,0,0,0
180711,1,1,1994,0,0,0,0,0,0,0,0,0,0
180711,2,1,1994,0,0,0,0,0,0,0,0,0,0
180712,0,1,1994,0,0,0,0,0,0,0,0,0,0
180712,1,1,1994,0,0,0,0,0,0,0,0,0,0
180713,1,1,1994,6,6,6,6,6,6,6,6,6,6
180714,1,1,1994,0,0,0,0,0,0,0,0,0,0
180715,1,1,1994,0,0,0,0,0,0,0,0,0,0
180716,1,1,1994,22,22,22,22,22,22,22,22,22,22
180716,2,1,1994,0,0,0,0,0,0,0,0,0,0
180716,3,1,1994,0,0,0,0,0,0,0,0,0,0
180717,1,1,1994,0,0,0,0,0,0,0,0,0,0
180718,1,1,1994,13,13,13,13,13,13,13,13,13,13
180720,1,1,1994,0,0,0,0,0,0,0,0,0,0
180720,2,1,1994,0,0,0,0,0,0,11,0,0,0
180721,1,1,1994,0,0,0,0,0,0,0,0,0,0
180721,2,1,1994,0,0,0,0,0,0,0,0,0,0
180722,1,1,1994,20,20,20,20,20,20,20,20,20,20
180723,1,1,1994,35,35,35,35,35,35,35,35,35,35
180724,1,1,1994,17,17,17,17,17,17,17,17,17,17
180725,1,1,1994,22,22,22,22,22,22,22,22,22,22
180725,2,1,1994,0,0,0,0,0,0,0,0,0,0
180726,1,1,1994,0,0,0,0,0,0,0,0,13,0
180726,2,1,1994,0,0,0,0,0,0,0,0,0,0
180727,1,1,1994,0,0,0,0,0,0,0,0,0,0
180727,2,1,1994,0,0,2,0,0,0,0,0,0,0
180728,1,1,1994,0,0,0,0,0,0,0,0,0,0
180728,2,1,1994,0,0,0,0,0,0,0,0,0,0
180729,1,1,1994,0,0,0,0,0,0,0,0,0,0
180730,1,1,1994,18,18,18,18,18,18,18,18,18,18
180730,2,1,1994,25,25,25,25,25,25,25,25,25,25
180731,1,1,1994,27,22,20,12,0,0,18,0,13,8
180732,1,1,1994,0,0,0,0,0,0,0,0,0,0
180732,2,1,1994,0,0,0,0,0,0,0,6,0,0
180732,3,1,1994,12,0,0,0,0,14,0,0,0,0
180733,1,1,1994,0,0,0,0,0,0,0,0,0,8
180733,2,1,1994,0,0,0,0,0,0,0,0,0,0
180733,3,1,1994,0,0,0,15,0,0,0,0,0,0
180733,4,1,1994,0,0,0,0,0,0,0,0,0,0
180733,5,1,1994,0,5,0,0,0,0,0,0,0,0
180734,1,1,1994,0,0,0,0,0,0,0,0,0,0
180734,2,1,1994,0,0,0,0,0,0,0,0,0,0
180735,1,1,1994,4,4,4,4,4,4,4,4,4,4
180735,2,1,1994,2,2,2,2,2,2,2,2,2,2
180736,1,1,1994,0,0,0,0,0,0,0,0,0,0
180736,2,1,1994,0,0,0,0,0,0,0,0,0,0
180736,3,1,1994,0,0,0,0,0,0,0,0,0,0
180737,0,1,1994,0,0,0,0,0,0,0,0,0,0
180737,1,1,1994,0,0,0,0,0,0,0,0,0,0
180738,1,1,1994,0,0,0,0,0,0,0,0,0,0
180739,0,1,1994,0,0,0,11,0,0,0,0,0,0
180739,1,1,1994,0,0,0,0,0,0,0,0,0,0
180740,1,1,1994,20,20,20,20,20,20,20,20,20,20
180741,1,1,1994,0,0,0,0,0,0,0,0,0,0
180742,0,1,1994,0,0,0,0,0,0,0,0,0,0
180742,1,1,1994,0,0,0,0,0,0,0,0,0,0
180743,1,1,1994,0,0,14,0,0,0,0,0,0,0
180744,1,1,1994,0,0,0,0,0,0,0,0,0,0
180744,2,1,1994,0,0,0,0,0,0,0,0,0,0
180745,1,1,1994,0,0,0,0,0,0,0,0,0,0
180745,2,1,1994,0,0,0,0,0,0,0,0,0,0
180746,1,1,1994,0,0,0,0,0,0,0,0,0,0
180746,2,1,1994,0,0,0,0,7,0,0,0,0,0
180747,1,1,1994,27,27,27,27,27,27,27,27,27,27
180748,1,1,1994,0,0,0,0,0,0,0,0,0,0
180748,2,1,1994,0,0,0,0,0,0,0,0,0,0
180749,0,1,1994,12,21,35,32,28,18,21,11,26,29
180749,1,1,1994,11,11,11,11,11,11,11,11,11,11
180750,0,1,1994,0,0,0,0,0,0,0,0,0,0
180750,1,1,1994,0,0,0,0,0,0,0,0,0,0
180750,2,1,1994,0,0,0,0,0,0,0,0,0,0
180751,1,1,1994,29,29,29,29,29,29,29,29,29,29
180752,1,1,1994,0,0,0,0,0,0,0,0,0,0
180753,1,1,1994,0,0,0,0,0,0,0,0,0,0
180754,1,1,1994,0,0,0,0,0,0,0,0,0,0
180754,2,1,1994,0,0,0,0,0,0,0,0,0,0
180755,1,1,1994,0,0,0,0,0,0,0,0,0,0
180756,0,1,1994,0,0,0,0,0,0,0,0,0,0
180756,1,1,1994,0,0,0,0,0,0,0,0,0,0
180757,1,1,1994,0,0,0,0,0,0,0,0,0,0
180757,2,1,1994,0,0,0,0,0,0,0,0,0,0
180758,1,1,1994,0,0,0,0,0,0,0,0,0,0
180758,2,1,1994,0,0,0,0,0,0,0,0,0,0
180758,3,1,1994,0,0,0,0,0,0,0,0,0,0
180759,1,1,1994,0,0,0,0,0,0,0,0,0,0
180759,2,1,1994,0,0,0,0,0,0,0,0,0,0
180760,1,1,1994,0,0,0,0,0,0,0,0,0,0
180760,2,1,1994,0,0,0,0,0,0,0,0,0,0
180761,1,1,1994,0,0,0,0,0,0,0,0,0,0
180761,2,1,1994,0,0,0,0,0,0,0,0,0,0
180761,3,1,1994,0,0,0,0,0,2,0,0,0,0
180762,1,1,1994,0,0,0,0,0,0,0,0,0,13
180763,1,1,1994,0,0,0,0,0,0,0,0,0,0
180763,2,1,1994,0,0,0,0,0,0,0,0,0,0
180764,1,1,1994,0,0,0,0,0,0,0,0,0,0
180764,2,1,1994,1,1,1,1,1,1,1,1,1,1
180765,1,1,1994,33,33,33,33,33,33,33,33,33,33
180765,2,1,1994,0,0,0,0,0,0,0,0,0,0
180766,0,1,1994,8,0,0,0,20,0,17,0,0,17
180766,2,1,1994,0,0,0,0,0,0,0,0,0,0
180767,1,1,1994,0,0,0,0,0,0,0,0,0,0
180768,1,1,1994,33,33,33,33,33,33,33,33,33,33
180769,0,1,1994,30,25,0,0,0,0,0,0,0,9
180769,1,1,1994,13,0,0,7,0,16,11,0,0,0
180770,0,1,1994,0,0,0,0,0,0,0,0,0,0
180770,1,1,1994,0,0,0,0,0,0,0,0,0,0
180771,1,1,1994,0,0,0,0,0,0,0,0,0,0
180772,1,1,1994,17,17,17,17,17,17,17,17,17,17
180772,2,1,1994,0,0,0,0,0,0,0,0,0,0
180773,1,1,1994,21,21,21,21,21,21,21,21,21,21
180774,0,1,1994,0,0,0,0,0,0,0,0,0,0
180774,1,1,1994,0,0,0,0,0,0,0,0,0,0
180774,2,1,1994,0,0,0,0,0,0,0,0,0,0
180775,0,1,1994,0,0,0,0,0,0,0,0,0,0
180775,1,1,1994,0,0,0,0,0,0,0,0,0,0
180776,0,1,1994,0,0,0,0,0,0,0,0,0,0
180776,1,1,1994,0,0,0,0,0,0,0,0,0,0
180777,1,1,1994,5,5,5,5,5,5,5,5,5,5
180778,0,1,1994,0,0,0,0,0,0,0,0,0,0
180778,1,1,1994,4,0,0,0,0,0,0,0,0,0
180779,1,1,1994,18,18,18,18,18,18,18,18,18,18
180780,1,1,1994,0,0,0,0,0,0,0,0,0,0
180781,1,1,1994,0,0,4,0,0,0,0,0,0,0
180781,2,1,1994,0,0,0,0,0,0,0,0,0,0
180782,1,1,1994,0,0,0,0,0,0,0,0,0,0
180782,2,1,1994,0,0,0,0,0,0,0,0,0,0
180783,0,1,1994,0,0,0,0,0,0,0,0,0,0
180784,1,1,1994,0,0,0,0,0,0,0,0,0,0
180784,2,1,1994,0,0,0,0,0,0,0,0,0,0
180785,1,1,1994,0,0,0,0,0,0,0,0,0,0
180786,1,1,1994,0,0,0,0,0,0,0,0,0,0
180787,0,1,1994,0,0,0,0,0,0,0,0,0,0
180787,0,2,1994,0,0,0,0,0,0,0,0,0,0
180787,1,1,1994,0,0,0,0,0,0,0,0,0,0
180788,1,1,1994,0,0,0,0,0,0,0,0,6,0
180789,1,1,1994,0,0,0,0,0,0,0,0,0,0
180790,1,1,1994,0,0,0,0,0,0,0,0,0,0
180790,2,1,1994,0,0,0,0,0,0,0,0,0,0
180791,0,1,1994,0,0,0,0,0,0,0,0,0,0
180791,1,1,1994,0,0,0,0,0,0,0,0,0,0
180792,1,1,1994,0,0,0,0,12,0,0,0,0,0
180792,2,1,1994,0,0,0,0,0,0,0,0,0,0
180793,1,1,1994,26,27,14,25,15,15,9,17,16,11
180794,0,1,1994,0,0,0,0,0,0,0,0,0,0
180794,1,1,1994,0,0,17,0,0,20,0,0,31,0
180795,1,1,1994,0,0,0,0,0,0,0,0,0,0
180795,2,1,1994,0,0,0,0,0,0,0,0,0,0
180796,1,1,1994,16,16,16,16,16,16,16,16,16,16
180797,1,1,1994,24,24,24,24,24,24,24,24,24,24
180798,1,1,1994,18,18,18,18,18,18,18,18,18,18
180799,1,1,1994,5,5,5,5,5,5,5,5,5,5
180800,0,1,1994,17,17,17,17,17,17,17,17,17,17
180800,1,1,1994,0,0,0,0,0,0,0,0,0,0
180801,0,1,1994,0,0,0,25,0,0,12,0,0,0
180801,1,1,1994,0,0,0,0,0,0,0,0,0,0
180802,1,1,1994,0,0,0,0,0,0,0,0,0,0
180802,2,1,1994,14,0,0,0,0,0,0,0,0,0
180802,3,1,1994,0,0,0,0,0,0,0,0,0,0
180803,1,1,1994,0,0,0,0,0,0,0,0,0,0
180803,2,1,1994,0,0,0,0,0,0,0,0,0,0
180804,1,1,1994,0,0,0,0,0,0,0,0,0,0
180804,2,1,1994,0,0,0,0,0,0,0,0,0,0
180805,1,1,1994,19,19,19,19,19,19,19,19,19,19
180806,0,1,1994,13,13,13,13,13,13,13,13,13,13
180806,1,1,1994,0,0,0,0,0,0,0,0,0,0
180807,1,1,1994,0,0,0,0,0,0,0,0,0,0
180808,1,1,1994,0,0,0,0,0,0,0,0,0,0
180809,1,1,1994,0,0,0,0,0,0,0,0,0,0
180810,1,1,1994,23,23,23,23,23,23,23,23,23,23
180811,1,1,1994,9,9,9,9,9,9,9,9,9,9
180811,2,1,1994,0,0,0,0,0,0,0,0,0,0
180812,1,1,1994,16,16,16,16,16,16,16,16,16,16
180813,1,1,1994,21,21,21,21,21,21,21,21,21,21
180814,1,1,1994,24,25,19,8,16,9,21,20,13,16
180815,1,1,1994,0,0,0,0,0,0,0,0,0,0
180815,2,1,1994,0,0,0,0,0,0,0,0,0,0
180816,0,1,1994,0,0,0,0,0,0,0,0,0,0
180816,1,1,1994,0,0,0,0,0,0,0,0,0,0
180817,0,1,1994,0,0,0,0,0,0,0,0,0,0
180817,1,1,1994,0,0,0,0,0,0,0,0,0,0
180818,1,1,1994,0,0,0,0,0,0,0,0,0,0
180819,0,1,1994,0,0,0,0,0,0,0,0,0,0
180819,1,1,1994,0,0,0,0,0,0,0,0,0,0
180820,1,1,1994,26,26,26,26,26,26,26,26,26,26
180821,1,1,1994,0,15,0,18,12,27,16,47,18,9
180822,0,1,1994,20,20,20,20,20,20,20,20,20,20
180822,1,1,1994,0,0,0,0,0,0,0,0,0,0
180823,1,1,1994,0,0,0,0,0,0,0,0,0,0
180823,2,1,1994,0,0,0,0,0,0,0,0,0,0
180824,1,1,1994,0,0,0,0,0,0,0,0,0,0
180824,2,1,1994,0,0,0,0,0,0,0,0,0,0
180825,1,1,1994,0,0,0,0,0,0,0,0,0,0
180825,2,1,1994,0,0,0,0,0,0,0,0,0,0
180826,1,1,1994,0,0,0,0,0,0,0,0,15,0
180826,2,1,1994,0,0,0,0,0,0,0,0,0,0
180827,1,1,1994,0,0,0,0,0,0,0,0,0,0
180827,2,1,1994,0,0,0,0,0,0,0,0,0,0
180828,1,1,1994,10,10,10,10,10,10,10,10,10,10
180829,1,1,1994,0,0,0,0,0,0,0,0,0,0
180829,2,1,1994,0,0,0,0,0,0,0,0,0,0
180830,1,1,1994,0,0,0,0,0,0,0,0,0,0
180830,2,1,1994,0,0,0,0,0,0,0,0,0,0
180831,1,1,1994,0,0,0,0,0,0,0,0,0,0
180831,2,1,1994,0,0,0,0,0,0,0,0,0,0
180832,1,1,1994,0,0,0,0,0,0,0,0,0,0
180832,2,1,1994,0,0,0,0,0,0,0,0,0,0
180832,3,1,1994,0,0,0,0,0,0,0,0,0,0
180833,1,1,1994,0,0,0,0,0,0,0,0,0,0
180833,2,1,1994,0,0,0,0,0,0,0,0,0,0
180834,1,1,1994,21,21,21,21,21,21,21,21,21,21
180835,1,1,1994,0,0,0,0,0,0,0,0,0,0
180835,2,1,1994,0,0,0,0,0,0,0,0,0,0
180836,1,1,1994,0,0,0,0,0,0,0,0,0,0
180836,2,1,1994,0,0,0,0,0,0,8,0,0,0
180837,0,1,1994,0,0,0,0,0,0,0,0,0,0
180837,1,1,1994,0,0,0,0,0,0,0,0,0,0
180838,1,1,1994,0,0,0,19,0,27,0,9,0,0
180839,1,1,1994,0,0,0,16,7,0,0,0,0,0
180839,2,1,1994,0,0,0,0,0,0,0,0,0,0
180840,1,1,1994,22,22,22,22,22,22,22,22,22,22
180842,1,1,1994,0,0,0,0,0,0,0,0,0,0
180842,2,1,1994,0,0,0,0,0,7,0,0,0,0
180843,1,1,1994,19,19,19,19,19,19,19,19,19,19
180844,1,1,1994,0,0,0,0,0,0,0,0,0,0
180845,1,1,1994,25,25,25,25,25,25,25,25,25,25
180846,1,1,1994,22,22,22,22,22,22,22,22,22,22
180847,1,1,1994,0,0,0,0,0,0,0,0,0,0
180847,2,1,1994,0,0,0,0,0,0,0,0,0,0
180848,1,1,1994,15,15,15,15,15,15,15,15,15,15
180848,2,1,1994,0,0,0,0,0,0,0,0,0,0
180849,0,1,1994,33,34,0,15,0,5,0,0,17,0
180849,1,1,1994,0,0,0,0,0,0,0,0,0,0
180850,0,1,1994,0,0,12,7,23,0,16,0,0,11
180850,1,1,1994,0,18,38,0,0,11,16,19,0,16
180851,1,1,1994,17,0,0,15,0,0,0,0,0,0
180851,2,1,1994,0,0,13,0,0,0,0,0,0,0
180853,1,1,1994,0,0,0,0,0,0,0,0,0,0
180853,2,1,1994,0,0,0,0,0,0,0,0,0,0
180854,1,1,1994,26,26,26,26,26,26,26,26,26,26
180854,2,1,1994,0,0,0,0,0,0,0,0,0,0
180855,0,1,1994,0,0,0,0,0,0,0,0,0,0
180855,1,1,1994,0,0,0,0,0,0,0,0,0,0
180856,1,1,1994,0,0,0,0,0,0,0,0,0,0
180856,2,1,1994,0,11,0,0,0,0,0,0,0,0
180857,1,1,1994,25,25,25,25,25,25,25,25,25,25
180858,1,1,1994,0,0,0,0,0,0,0,0,0,0
180858,2,1,1994,0,11,0,0,0,0,0,0,0,0
180859,1,1,1994,0,0,0,0,0,0,0,0,0,0
180859,2,1,1994,0,0,0,0,0,0,0,0,0,0
180860,1,1,1994,0,0,0,0,0,0,0,0,0,0
180860,2,1,1994,0,0,0,0,0,0,0,0,0,0
180861,1,1,1994,0,0,0,0,0,0,0,0,0,0
180861,2,1,1994,0,0,0,0,0,0,0,0,0,0
180862,1,1,1994,0,0,0,19,0,0,0,0,0,0
180863,1,1,1994,0,0,0,0,0,0,0,0,0,0
180863,2,1,1994,0,0,0,0,0,0,0,0,0,0
180863,3,1,1994,0,0,0,15,10,0,0,0,0,0
180864,1,1,1994,0,0,0,0,0,0,0,0,0,0
180865,1,1,1994,0,0,0,0,0,0,33,0,0,0
180865,2,1,1994,0,0,0,0,0,0,0,0,0,0
180866,0,1,1994,0,0,0,0,0,0,0,0,0,0
180866,1,1,1994,0,0,0,0,0,0,0,0,0,0
180867,1,1,1994,0,0,0,0,0,0,0,0,0,0
180867,2,1,1994,0,0,0,0,0,0,0,0,0,0
180868,1,1,1994,0,0,0,0,0,0,0,0,0,0
180868,2,1,1994,0,0,0,0,0,0,0,0,0,0
180869,1,1,1994,0,0,0,0,0,0,0,0,0,0
180869,2,1,1994,0,0,0,0,0,0,0,0,0,0
180870,1,1,1994,0,0,0,0,0,0,0,0,0,0
180870,2,1,1994,0,0,0,0,0,0,0,0,0,0
180871,1,1,1994,0,0,0,0,0,0,0,0,0,0
180872,1,1,1994,0,0,0,0,0,0,0,0,0,0
180872,2,1,1994,0,0,0,0,0,0,0,0,0,0
180873,1,1,1994,18,18,18,18,18,18,18,18,18,18
180874,1,1,1994,8,9,12,8,7,12,6,13,12,6
180875,1,1,1994,0,17,0,0,0,0,0,0,0,0
180875,2,1,1994,0,0,0,0,0,0,0,0,0,0
180876,1,1,1994,0,0,0,0,0,0,0,0,0,0
180877,1,1,1994,0,0,0,0,0,0,0,0,0,0
180877,2,1,1994,0,0,0,0,0,0,0,0,0,0
180877,3,1,1994,0,0,0,0,0,0,0,0,0,0
180878,1,2,1994,18,18,0,0,4,26,23,0,9,13
180879,2,1,1994,0,0,0,0,0,0,0,0,0,0
180880,1,1,1994,0,0,0,0,0,0,0,0,0,0
180880,2,1,1994,0,0,0,0,0,0,0,0,0,0
180881,1,1,1994,21,21,21,21,21,21,21,21,21,21
180882,0,1,1994,0,0,0,0,0,0,0,0,0,0
180882,1,1,1994,0,0,16,0,13,0,0,0,0,0
180883,1,1,1994,0,0,0,0,0,0,0,0,0,0
180883,2,1,1994,0,0,0,0,0,0,0,0,0,0
180884,1,1,1994,18,18,18,18,18,18,18,18,18,18
180885,1,1,1994,0,0,0,0,0,0,0,0,0,0
180885,2,1,1994,19,19,19,19,19,19,19,19,19,19
180886,1,1,1994,14,14,14,14,14,14,14,14,14,14
180886,2,1,1994,16,11,11,32,10,0,15,22,22,17
180887,1,1,1994,8,8,8,8,8,8,8,8,8,8
180888,1,1,1994,10,10,10,10,10,10,10,10,10,10
180888,2,1,1994,0,0,0,0,0,0,0,0,0,0
180889,1,1,1994,0,0,0,0,0,0,0,0,0,0
180890,1,1,1994,0,0,0,0,0,0,0,0,0,0
180890,2,1,1994,0,0,0,0,0,0,0,0,0,0
180890,3,1,1994,0,0,0,0,0,0,0,0,14,0
180891,1,1,1994,0,0,0,0,0,0,0,0,0,0
180891,2,1,1994,0,0,0,0,0,0,0,0,0,0
180892,1,1,1994,0,25,0,0,0,20,15,0,0,0
180893,1,1,1994,0,0,0,0,0,0,0,0,0,0
180893,2,1,1994,0,0,0,0,22,0,0,0,0,0
180894,1,1,1994,8,7,5,19,18,27,0,21,18,24
180895,0,1,1994,0,0,0,0,0,0,0,0,0,0
180895,1,1,1994,0,0,0,0,0,0,0,0,0,0
180896,0,1,1994,0,0,0,0,0,0,0,0,0,0
180896,1,1,1994,0,0,0,0,0,0,0,0,0,0
180897,0,1,1994,0,0,0,0,0,0,0,0,0,0
180897,1,1,1994,0,0,0,0,0,0,0,0,0,0
180898,1,1,1994,0,0,0,0,19,16,0,11,22,0
180898,2,1,1994,0,24,0,0,0,0,0,0,10,0
180899,0,1,1994,37,37,37,37,37,37,37,37,37,37
180899,1,1,1994,0,0,0,0,0,0,0,13,15,5
180899,2,1,1994,0,0,0,0,0,0,0,0,0,0
180903,1,1,1994,0,0,0,0,0,0,0,0,0,0
180903,2,1,1994,0,0,0,0,0,0,0,0,0,0
180904,1,1,1994,0,0,0,0,0,0,0,0,0,0
190001,1,1,1994,0,0,0,0,0,0,0,0,0,0
190001,2,1,1994,0,0,0,0,0,0,0,0,0,0
190002,1,1,1994,0,6,8,0,0,0,0,0,8,0
190003,1,1,1994,0,0,0,9,0,0,0,0,0,0
190004,1,1,1994,0,0,0,0,0,0,0,0,0,0
190004,2,1,1994,0,0,0,0,0,0,0,0,10,0
190004,3,1,1994,0,0,0,0,0,0,0,0,0,0
190005,1,1,1994,0,0,0,0,0,0,0,0,0,15
190005,2,1,1994,0,0,14,0,23,0,0,16,0,0
190005,3,1,1994,0,0,0,0,0,0,0,0,0,0
190005,4,1,1994,0,0,0,9,0,0,9,0,0,0
190006,0,1,1994,0,27,0,15,21,0,0,32,22,0
190006,1,1,1994,27,3,0,0,0,25,11,22,0,0
190006,3,1,1994,9,0,0,0,0,0,0,0,25,0
190007,1,1,1994,0,0,0,0,0,0,0,0,0,0
190008,1,1,1994,26,26,26,26,26,26,26,26,26,26
190009,1,1,1994,20,20,20,20,20,20,20,20,20,20
190009,2,1,1994,0,0,0,0,7,21,0,0,0,0
190009,3,1,1994,0,0,0,0,0,0,0,0,0,0
190010,1,1,1994,13,13,13,13,13,13,13,13,13,13
190011,1,1,1994,18,18,18,18,18,18,18,18,18,18
190012,1,1,1994,0,0,0,0,0,0,0,0,0,0
190012,2,1,1994,0,0,0,0,0,0,0,0,0,0
190013,1,1,1994,0,0,0,0,0,0,0,0,0,0
190013,2,1,1994,0,0,0,0,0,0,0,0,0,0
190014,0,1,1994,0,22,27,17,36,32,0,9,23,26
190014,1,1,1994,18,18,18,18,18,18,18,18,18,18
190015,1,1,1994,17,17,17,17,17,17,17,17,17,17
190016,1,1,1994,33,33,33,33,33,33,33,33,33,33
190017,1,1,1994,0,0,0,0,0,0,25,0,0,0
190018,1,1,1994,0,0,0,0,0,0,0,0,0,0
190019,1,1,1994,22,22,22,22,22,22,22,22,22,22
190020,1,1,1994,0,0,0,0,0,0,0,0,0,0
190020,2,1,1994,0,0,29,0,0,10,0,0,0,0
190020,3,1,1994,0,0,0,8,0,0,0,0,0,4
190021,1,1,1994,0,0,0,0,0,0,0,0,0,0
190021,2,1,1994,0,0,0,0,0,0,4,0,0,7
190022,1,1,1994,15,15,15,15,15,15,15,15,15,15
190023,1,1,1994,0,0,0,0,0,0,0,0,0,0
190023,2,1,1994,13,0,0,0,20,15,0,0,0,0
190024,1,1,1994,0,0,0,0,0,0,0,0,0,0
190024,2,1,1994,34,2,0,13,14,7,13,10,0,0
190025,1,1,1994,0,0,0,0,0,0,0,0,0,0
190025,2,1,1994,0,0,0,0,0,0,0,0,0,0
190026,1,1,1994,0,0,0,0,0,0,0,14,0,0
190026,2,1,1994,0,0,0,0,0,0,0,0,0,0
190027,1,1,1994,0,0,0,0,0,0,0,0,0,10
190027,2,1,1994,0,0,22,0,0,0,22,17,0,0
190028,1,1,1994,0,0,0,0,0,0,0,0,0,0
190029,1,1,1994,19,19,19,19,19,19,19,19,19,19
190029,2,1,1994,1,1,1,1,1,1,1,1,1,1
190030,1,1,1994,22,22,22,22,22,22,22,22,22,22
190030,2,1,1994,0,0,0,0,0,0,0,0,0,0
190031,1,1,1994,0,0,0,0,0,0,0,0,0,0
190032,1,1,1994,0,0,22,14,0,0,0,0,10,0
190033,1,1,1994,0,0,0,0,0,0,0,0,0,0
190033,2,1,1994,0,0,0,0,0,0,0,0,0,0
190034,1,1,1994,21,21,21,21,21,21,21,21,21,21
190034,2,1,1994,0,0,0,0,0,0,0,0,0,0
190035,1,1,1994,0,0,0,0,0,0,0,0,0,0
190035,2,1,1994,0,0,0,0,0,0,0,0,0,11
190036,1,1,1994,0,24,23,25,11,0,15,13,0,19
190037,1,1,1994,0,17,29,0,0,0,0,0,0,26
190038,1,1,1994,0,0,5,0,0,0,0,0,0,0
190038,2,1,1994,4,0,0,0,0,0,0,0,0,0
190039,1,1,1994,18,20,13,18,16,25,22,16,35,12
190040,1,1,1994,11,11,11,11,11,11,11,11,11,11
190041,1,1,1994,9,0,15,0,0,0,23,0,6,16
190042,0,1,1994,19,0,24,0,10,0,0,0,0,0
190042,1,1,1994,21,21,21,21,21,21,21,21,21,21
190043,1,1,1994,0,0,0,0,0,0,0,0,0,0
190043,2,1,1994,0,0,0,0,0,0,0,0,0,0
190044,1,1,1994,1,1,1,1,1,1,1,1,1,1
190045,1,1,1994,0,0,0,0,0,0,0,0,0,0
190045,2,1,1994,0,0,0,0,0,0,0,0,0,0
190046,0,1,1994,0,32,0,0,0,0,8,0,0,10
190046,0,2,1994,21,0,0,0,0,30,7,0,0,8
190047,1,1,1994,0,0,25,0,0,0,0,0,0,0
190047,2,1,1994,0,0,0,0,0,0,0,0,0,0
190047,3,1,1994,0,0,0,0,0,0,0,0,0,0
190048,1,1,1994,0,0,0,0,0,0,0,0,0,0
190048,2,1,1994,0,0,0,0,0,0,0,0,0,0
190049,1,1,1994,0,0,0,0,0,0,0,0,0,0
190049,2,1,1994,0,0,0,0,0,0,0,0,0,0
190050,1,1,1994,0,0,0,0,0,0,0,0,0,0
190051,1,1,1994,15,15,15,15,15,15,15,15,15,15
190052,1,1,1994,0,0,0,7,5,0,0,0,0,0
190052,2,1,1994,0,0,0,0,0,35,0,0,0,0
190053,1,1,1994,0,0,0,0,0,17,0,0,0,0
190053,2,1,1994,0,0,0,0,0,0,0,0,0,0
190054,1,1,1994,13,13,13,13,13,13,13,13,13,13
190054,2,1,1994,0,0,0,0,0,0,0,0,0,0
190055,1,1,1994,23,23,23,23,23,23,23,23,23,23
190056,1,1,1994,0,0,0,0,0,0,23,17,17,0
190056,2,1,1994,3,3,3,3,3,3,3,3,3,3
190057,1,1,1994,13,13,13,13,13,13,13,13,13,13
190058,1,1,1994,13,13,13,13,13,13,13,13,13,13
190059,1,1,1994,0,0,0,0,0,0,0,0,0,0
190059,2,1,1994,0,0,0,0,0,0,0,0,0,0
190060,1,1,1994,0,0,0,0,0,0,0,0,0,0
190060,2,1,1994,0,0,0,0,0,0,0,0,0,0
190061,1,1,1994,23,0,0,17,0,0,5,13,0,18
190061,2,1,1994,0,0,14,0,0,21,0,0,0,0
190061,3,1,1994,0,0,0,0,18,11,10,0,11,10
190062,1,1,1994,0,0,0,0,0,0,0,0,0,0
190062,2,1,1994,0,0,0,0,0,0,12,0,0,0
190063,1,1,1994,0,0,0,0,0,0,0,0,0,0
190063,2,1,1994,0,0,0,0,11,0,0,0,0,0
190064,1,1,1994,22,22,22,22,22,22,22,22,22,22
190065,1,1,1994,11,0,0,16,0,0,0,0,0,0
190065,2,1,1994,0,0,0,6,0,0,0,0,0,17
190066,1,1,1994,9,9,9,9,9,9,9,9,9,9
190067,1,1,1994,0,0,0,0,0,0,0,0,0,0
190067,2,1,1994,0,0,0,0,0,0,0,0,0,0
190068,0,1,1994,0,0,50,0,13,0,26,0,14,0
190068,1,1,1994,27,27,27,27,27,27,27,27,27,27
190069,1,1,1994,0,0,0,0,0,0,0,0,0,0
190069,2,1,1994,0,0,0,0,0,0,0,0,0,0
190069,3,1,1994,12,0,0,0,0,0,0,0,0,0