ST_CASE,VEH_NO,PER_NO,YEAR,P1,P2,P3,P4,P5,P6,P7,P8,P9,P10
190349,1,1,1994,8,8,8,8,8,8,8,8,8,8
190350,1,1,1994,6,6,6,6,6,6,6,6,6,6
190351,1,1,1994,0,0,0,0,0,0,0,0,0,0
190352,1,1,1994,0,0,0,7,0,0,0,15,18,0
190353,1,1,1994,0,0,0,13,0,0,0,0,0,0
190353,2,1,1994,17,0,0,13,12,16,0,26,0,11
190354,1,1,1994,17,17,17,17,17,17,17,17,17,17
190355,1,1,1994,31,0,0,0,0,0,0,0,0,0
190355,2,1,1994,0,0,0,0,0,0,0,0,0,0
190356,1,1,1994,0,0,17,31,0,0,0,0,0,0
190357,1,1,1994,19,0,20,0,19,0,49,21,0,10
190358,1,1,1994,0,0,0,0,0,0,0,0,0,0
190358,2,1,1994,0,0,0,0,0,0,0,0,0,0
190359,1,1,1994,0,0,0,0,0,0,0,0,0,0
190359,2,1,1994,0,0,0,0,0,0,0,0,0,0
190361,1,1,1994,0,11,0,33,0,21,0,0,0,0
190361,2,1,1994,0,0,0,0,0,0,0,0,0,0
190362,1,1,1994,0,0,0,0,0,0,0,0,0,0
190362,2,1,1994,0,0,0,0,0,0,0,0,0,0
190363,0,1,1994,0,0,0,0,0,0,0,0,0,0
190363,1,1,1994,0,0,0,0,0,0,0,0,0,0
190364,1,1,1994,0,0,0,0,0,0,0,0,0,0
190364,2,1,1994,0,0,0,0,0,0,0,0,0,0
190365,1,1,1994,13,13,13,13,13,13,13,13,13,13
190366,1,1,1994,26,26,26,26,26,26,26,26,26,26
190367,1,1,1994,0,0,0,0,0,0,0,0,0,0
190367,2,1,1994,0,0,0,0,0,0,0,0,0,0
190367,3,1,1994,0,0,0,0,0,0,0,0,0,0
190368,1,1,1994,15,15,15,15,15,15,15,15,15,15
190369,1,1,1994,20,20,20,20,20,20,20,20,20,20
190370,1,1,1994,0,0,0,0,0,0,0,0,0,21
190371,1,1,1994,0,0,0,0,0,0,0,0,0,0
190371,2,1,1994,0,0,0,0,0,0,0,0,0,0
190372,1,1,1994,0,0,0,0,0,0,0,0,0,0
190372,2,1,1994,0,0,0,0,0,0,0,0,0,0
190373,1,1,1994,22,13,33,18,13,28,20,11,7,15
190374,1,1,1994,8,8,8,8,8,8,8,8,8,8
190375,1,1,1994,23,24,21,10,0,32,23,11,22,6
190376,1,1,1994,0,0,0,0,18,0,0,0,0,0
190376,2,1,1994,0,0,0,0,0,0,0,0,0,0
190377,1,1,1994,0,0,0,0,0,0,0,0,0,0
190377,2,1,1994,0,0,0,0,0,0,0,0,0,0
190378,1,1,1994,26,26,26,26,26,26,26,26,26,26
190378,2,1,1994,0,0,0,0,0,0,0,0,0,0
190379,1,1,1994,0,0,0,0,0,0,0,0,0,0
190379,2,1,1994,0,0,0,0,0,0,0,0,0,0
190379,3,1,1994,0,14,0,0,0,0,0,0,0,0
190379,4,1,1994,0,0,0,0,0,0,0,0,0,0
190380,1,1,1994,20,20,20,20,20,20,20,20,20,20
190381,1,1,1994,0,0,0,0,0,0,0,0,0,0
190381,2,1,1994,0,0,0,0,0,0,0,0,0,0
190382,1,1,1994,18,17,0,0,0,0,0,0,16,0
190383,1,1,1994,0,0,0,0,0,0,0,0,19,0
190383,2,1,1994,0,0,0,0,8,0,0,0,0,0
190384,1,1,1994,0,0,0,0,0,0,0,0,0,0
190384,2,1,1994,0,0,0,0,0,0,0,0,0,0
190385,1,1,1994,17,17,17,17,17,17,17,17,17,17
190385,2,1,1994,0,0,0,0,0,0,0,0,0,0
190386,1,1,1994,0,0,0,0,0,0,0,0,0,0
190387,1,1,1994,0,21,10,0,0,15,30,0,20,12
190387,2,1,1994,0,0,0,0,0,0,0,0,0,0
190388,1,1,1994,0,0,0,0,0,0,0,0,0,0
190388,2,1,1994,0,0,0,0,0,0,0,0,0,0
190389,1,1,1994,15,31,0,22,0,18,23,21,5,0
190389,2,1,1994,0,0,0,0,0,0,0,0,0,0
190389,3,1,1994,0,0,0,0,0,0,0,0,0,0
190390,1,1,1994,20,20,20,20,20,20,20,20,20,20
190391,1,1,1994,29,29,29,29,29,29,29,29,29,29
190392,1,1,1994,25,25,25,25,25,25,25,25,25,25
190392,2,1,1994,0,0,0,0,0,0,0,0,0,0
190393,1,1,1994,19,19,19,19,19,19,19,19,19,19
190393,2,1,1994,0,0,0,0,0,0,0,0,0,0
190393,3,1,1994,0,0,0,0,0,16,0,19,0,0
190394,1,1,1994,0,0,0,13,9,7,0,0,0,0
190395,1,1,1994,27,8,10,0,4,16,0,0,14,0
190396,1,1,1994,0,0,0,0,0,0,0,0,0,0
190396,2,1,1994,0,0,0,0,0,0,0,0,0,0
190397,1,1,1994,0,0,0,0,0,0,0,0,0,0
190397,2,1,1994,0,0,22,0,0,16,0,14,0,0
190399,1,1,1994,23,0,24,0,0,15,30,10,0,0
190400,1,1,1994,24,24,24,24,24,24,24,24,24,24
190400,2,1,1994,0,14,0,0,0,0,0,0,0,0
190401,1,1,1994,0,0,0,0,0,0,0,0,0,0
190402,1,1,1994,25,25,25,25,25,25,25,25,25,25
190403,1,1,1994,0,0,0,0,0,0,0,0,0,0
190404,1,1,1994,0,0,0,0,0,30,0,0,0,0
190405,1,1,1994,0,0,0,0,0,0,0,0,0,0
190405,2,1,1994,0,0,0,0,0,0,0,0,0,0
190407,1,1,1994,0,0,0,0,0,0,0,0,0,0
190407,2,1,1994,0,0,0,0,0,0,0,0,8,0
190408,1,1,1994,3,15,0,13,18,0,4,0,5,28
190409,1,1,1994,0,0,0,0,0,0,16,0,10,0
190409,2,1,1994,0,0,0,0,0,0,0,0,0,0
190410,1,1,1994,24,24,24,24,24,24,24,24,24,24
190411,1,1,1994,0,0,0,0,0,0,0,0,0,0
190411,2,1,1994,0,0,0,0,0,0,0,0,0,0
190412,1,1,1994,0,0,0,0,0,0,0,0,0,0
190412,2,1,1994,0,0,0,0,0,0,0,9,0,0
190413,1,1,1994,0,0,0,0,0,0,0,0,18,25
190414,1,1,1994,16,16,16,16,16,16,16,16,16,16
190415,1,1,1994,0,0,0,0,0,0,0,0,0,0
190415,2,1,1994,7,0,0,0,0,0,0,0,0,0
190416,1,1,1994,0,0,0,0,0,0,0,0,0,0
190416,2,1,1994,0,0,0,0,0,0,0,0,0,0
190417,1,1,1994,0,0,0,0,0,0,0,0,0,0
190417,2,1,1994,0,0,0,0,0,0,0,0,0,0
190418,1,1,1994,0,0,0,16,15,16,17,15,27,7
190419,1,2,1994,0,0,18,18,14,13,15,30,0,0
190420,1,1,1994,0,0,0,0,12,0,0,0,0,0
190420,2,1,1994,0,0,17,39,0,6,0,0,0,11
190421,1,1,1994,0,0,0,0,0,0,0,0,0,0
190421,2,1,1994,0,0,0,0,0,0,0,0,0,0
190422,1,1,1994,20,20,20,20,20,20,20,20,20,20
190423,1,1,1994,0,0,0,0,0,0,0,0,0,0
190423,2,1,1994,16,16,16,16,16,16,16,16,16,16
190424,1,1,1994,0,0,0,0,0,0,0,0,0,0
190424,2,1,1994,0,0,0,0,0,0,0,0,0,0
190425,1,1,1994,0,0,0,0,0,0,0,0,0,0
190425,2,1,1994,0,0,0,13,0,29,0,0,0,0
190426,0,1,1994,0,0,0,0,0,48,12,0,0,0
190426,1,1,1994,0,0,0,11,10,5,0,0,0,8
190428,1,1,1994,0,0,15,0,11,0,0,0,7,0
200001,1,1,1994,24,24,24,24,24,24,24,24,24,24
200001,2,1,1994,0,0,0,0,0,0,0,0,0,0
200002,1,1,1994,11,8,25,0,0,0,0,0,0,17
200003,1,1,1994,0,0,0,0,0,0,0,0,0,0
200003,2,1,1994,0,0,0,0,0,0,0,0,0,0
200004,1,1,1994,0,0,0,0,0,0,0,0,0,0
200004,2,1,1994,0,0,0,0,0,0,0,0,0,0
200006,1,1,1994,15,15,15,15,15,15,15,15,15,15
200007,1,1,1994,0,0,0,0,0,0,0,0,0,0
200008,1,1,1994,0,0,0,0,0,0,0,0,0,0
200009,1,1,1994,17,17,17,17,17,17,17,17,17,17
200010,1,1,1994,0,0,0,0,0,0,0,0,0,0
200010,2,1,1994,0,0,0,0,0,0,0,0,5,0
200011,1,1,1994,0,0,0,0,0,0,0,0,0,0
200012,1,1,1994,0,0,0,0,0,0,0,0,0,0
200013,1,1,1994,0,0,0,0,0,0,0,0,0,0
200014,1,1,1994,0,0,0,0,0,0,0,0,0,0
200015,1,1,1994,0,0,0,0,0,0,0,0,0,0
200016,1,1,1994,0,0,0,0,0,0,0,0,0,0
200016,2,1,1994,0,0,0,0,0,0,0,0,0,25
200017,1,1,1994,8,8,8,8,8,8,8,8,8,8
200018,0,1,1994,15,20,14,21,4,0,16,25,0,42
200018,0,2,1994,22,22,22,22,22,22,22,22,22,22
200018,1,1,1994,0,0,0,0,0,0,0,12,0,0
200018,2,1,1994,22,22,22,22,22,22,22,22,22,22
200019,1,1,1994,0,0,0,0,0,0,0,0,0,0
200019,2,1,1994,0,7,0,0,0,0,0,0,0,0
200020,1,1,1994,0,0,0,0,0,3,0,0,0,0
200021,1,1,1994,25,25,25,25,25,25,25,25,25,25
200022,1,1,1994,0,0,0,0,0,22,0,0,14,0
200023,1,1,1994,14,14,14,14,14,14,14,14,14,14
200024,1,1,1994,0,0,0,0,0,0,0,0,0,0
200024,2,1,1994,0,0,0,0,0,0,0,0,0,0
200025,1,1,1994,0,0,0,0,0,0,0,0,0,0
200026,1,1,1994,0,0,0,0,0,0,0,0,0,9
200027,1,1,1994,0,0,0,0,0,0,0,0,0,0
200027,2,1,1994,0,0,0,0,0,0,0,0,0,0
200027,3,1,1994,0,0,0,0,16,0,0,13,0,0
200028,1,1,1994,0,0,0,0,0,0,0,0,0,0
200029,1,1,1994,26,26,26,26,26,26,26,26,26,26
200029,2,1,1994,0,0,0,0,0,0,0,0,0,0
200030,1,1,1994,0,0,0,0,0,0,0,0,0,0
200030,2,1,1994,0,0,0,0,0,0,0,0,0,0
200031,1,1,1994,17,17,17,17,17,17,17,17,17,17
200032,0,1,1994,22,22,22,22,22,22,22,22,22,22
200032,1,1,1994,0,0,0,0,0,0,0,0,0,0
200033,1,1,1994,11,11,11,11,11,11,11,11,11,11
200034,1,1,1994,0,0,0,0,0,0,0,0,0,0
200035,1,1,1994,19,19,19,19,19,19,19,19,19,19
200036,1,1,1994,17,17,17,17,17,17,17,17,17,17
200036,2,1,1994,0,0,0,8,0,0,0,0,0,0
200037,1,1,1994,0,0,0,0,0,0,0,0,0,0
200038,1,1,1994,0,0,0,0,0,0,0,0,0,0
200038,2,1,1994,0,0,0,0,0,0,0,0,0,0
200038,3,1,1994,0,0,0,0,0,0,0,0,0,0
200038,4,1,1994,0,0,0,0,0,0,0,0,0,0
200038,5,1,1994,0,0,0,0,0,0,0,0,0,0
200039,0,1,1994,0,0,0,0,0,0,0,0,0,0
200040,1,1,1994,3,3,3,3,3,3,3,3,3,3
200041,1,1,1994,0,0,0,0,0,0,0,10,0,0
200041,2,1,1994,0,0,0,0,0,0,0,0,0,0
200042,1,1,1994,22,22,22,22,22,22,22,22,22,22
200042,2,1,1994,20,20,20,20,20,20,20,20,20,20
200043,1,1,1994,0,0,0,0,0,0,0,0,0,0
200044,1,1,1994,11,5,6,13,7,17,3,8,8,16
200045,1,1,1994,0,0,0,0,0,0,0,0,0,0
200045,2,1,1994,0,0,0,0,0,0,0,0,0,0
200045,3,1,1994,0,0,0,0,0,0,0,0,0,0
200046,1,1,1994,0,0,0,0,0,0,0,0,0,0
200047,0,1,1994,20,20,20,20,20,20,20,20,20,20
200047,1,1,1994,0,0,0,0,0,0,0,0,0,0
200048,1,1,1994,18,18,18,18,18,18,18,18,18,18
200049,1,1,1994,0,0,0,0,0,0,0,0,7,0
200049,2,1,1994,0,0,0,0,0,0,0,0,0,0
200050,1,1,1994,17,17,17,17,17,17,17,17,17,17
200051,1,1,1994,0,0,0,0,0,0,0,0,0,0
200051,2,1,1994,0,0,0,0,0,0,0,0,0,0
200052,1,1,1994,13,13,13,13,13,13,13,13,13,13
200053,1,1,1994,14,0,0,0,0,0,18,0,0,0
200053,2,1,1994,0,0,0,0,0,0,0,0,0,0
200054,1,1,1994,0,2,0,0,0,0,0,0,0,0
200055,1,1,1994,0,0,0,0,0,0,0,0,0,0
200056,1,1,1994,27,27,27,27,27,27,27,27,27,27
200057,1,1,1994,0,0,0,0,0,0,0,0,0,0
200058,1,1,1994,0,15,0,0,0,0,12,0,0,0
200059,1,1,1994,12,12,12,12,12,12,12,12,12,12
200060,1,1,1994,18,39,16,28,29,20,6,19,12,18
200061,1,1,1994,0,0,0,0,0,0,0,0,0,0
200062,1,1,1994,10,10,10,10,10,10,10,10,10,10
200063,1,1,1994,0,0,0,15,0,0,17,0,0,0
200064,0,1,1994,0,0,0,0,0,0,0,0,0,0
200064,1,1,1994,0,0,0,0,0,0,0,0,0,0
200065,1,1,1994,0,0,0,0,0,0,0,0,0,0
200065,2,1,1994,0,0,0,0,0,0,0,0,0,0
200066,1,1,1994,0,0,0,0,0,0,8,0,0,0
200067,1,1,1994,23,23,23,23,23,23,23,23,23,23
200068,1,1,1994,16,16,16,16,16,16,16,16,16,16
200070,1,1,1994,13,13,13,13,13,13,13,13,13,13
200071,1,1,1994,0,0,0,0,0,0,0,0,0,0
200072,0,1,1994,0,0,0,0,0,0,0,0,0,0
200072,1,1,1994,0,0,0,0,0,0,0,0,0,0
200073,1,1,1994,13,13,13,13,13,13,13,13,13,13
200074,0,1,1994,0,0,0,0,0,0,0,4,0,0
200074,0,2,1994,26,0,0,0,20,0,0,0,38,13
200074,0,3,1994,0,0,0,0,0,0,0,0,0,0
200074,0,4,1994,22,0,0,6,0,0,0,0,0,0
200074,0,5,1994,0,0,0,0,0,0,0,0,0,0
200074,1,1,1994,0,0,0,20,0,0,0,0,0,12
200074,2,1,1994,14,14,14,14,14,14,14,14,14,14
200075,1,1,1994,35,25,26,30,11,9,22,11,11,31
200076,1,1,1994,0,0,0,0,0,0,0,0,0,0
200077,1,1,1994,19,22,0,13,17,0,8,0,21,13
200078,1,1,1994,0,0,0,0,0,0,0,0,0,0
200079,1,1,1994,0,0,22,0,26,0,27,24,0,0
200080,1,1,1994,0,0,0,0,0,0,0,0,0,0
200081,1,1,1994,0,0,0,0,0,0,0,0,0,0
200082,1,1,1994,21,21,21,21,21,21,21,21,21,21
200083,1,1,1994,21,21,21,21,21,21,21,21,21,21
200083,2,1,1994,11,11,11,11,11,11,11,11,11,11
200084,1,1,1994,0,0,0,5,0,0,0,0,0,0
200084,2,1,1994,0,0,0,0,0,0,0,0,0,0
200085,1,1,1994,0,0,0,0,0,0,0,0,0,0
200086,0,1,1994,0,0,26,0,0,0,0,15,0,0
200086,1,1,1994,0,0,0,0,0,0,0,0,0,0
200087,1,1,1994,0,0,0,0,0,0,0,0,0,0
200087,2,1,1994,0,0,0,0,0,0,0,0,0,0
200088,1,1,1994,0,0,0,0,0,0,0,0,0,0
200089,1,1,1994,20,20,20,20,20,20,20,20,20,20
200090,1,1,1994,20,20,20,20,20,20,20,20,20,20
200091,0,1,1994,0,17,11,0,0,14,0,0,0,0
200091,1,1,1994,0,0,0,0,0,0,0,0,0,0
200091,2,1,1994,0,0,0,0,0,0,0,0,0,0
200091,3,1,1994,0,0,0,0,0,0,0,0,0,0
200091,4,1,1994,0,0,0,0,0,0,0,0,0,0
200092,1,1,1994,22,22,22,22,22,22,22,22,22,22
200093,1,1,1994,0,0,0,0,0,0,0,0,0,0
200093,2,1,1994,0,0,0,0,0,0,0,0,0,0
200094,0,1,1994,0,0,0,0,0,0,0,0,0,0
200094,0,2,1994,0,0,0,0,0,0,0,0,0,18
200094,1,1,1994,0,0,0,0,0,0,0,0,0,0
200095,1,1,1994,94,94,94,94,94,94,94,94,94,94
200096,1,1,1994,0,0,0,0,0,0,0,17,38,0
200097,1,1,1994,0,0,0,0,0,0,0,0,0,0
200098,1,1,1994,19,19,19,19,19,19,19,19,19,19
200100,1,1,1994,18,18,18,18,18,18,18,18,18,18
200101,1,1,1994,0,0,0,0,0,0,0,0,0,0
200101,2,1,1994,0,0,0,0,0,0,0,0,0,0
200102,1,1,1994,0,0,0,0,0,0,0,0,0,0
200102,2,1,1994,0,0,0,0,0,0,0,0,0,0
200103,1,1,1994,0,0,0,0,0,0,0,0,0,0
200104,1,1,1994,0,0,0,0,0,0,0,0,0,0
200104,2,1,1994,0,0,0,0,0,0,0,2,0,0
200104,3,1,1994,0,0,0,0,0,0,0,0,0,0
200105,1,1,1994,17,0,13,0,0,15,19,0,0,0
200106,1,1,1994,0,0,0,0,0,0,0,0,0,0
200106,2,1,1994,14,14,14,14,14,14,14,14,14,14
200107,1,1,1994,0,0,0,0,0,0,0,0,0,0
200107,2,1,1994,0,21,0,7,0,0,6,12,0,0
200108,1,1,1994,10,10,10,10,10,10,10,10,10,10
200109,1,1,1994,0,0,0,0,0,0,0,0,0,0
200109,2,1,1994,0,0,0,0,0,0,0,0,0,0
200110,1,1,1994,16,16,16,16,16,16,16,16,16,16
200111,1,1,1994,0,39,0,0,0,0,10,0,0,0
200111,2,1,1994,0,0,0,0,0,0,0,0,0,0
200112,0,1,1994,0,6,0,0,0,0,0,0,0,0
200113,1,1,1994,0,0,14,0,0,0,0,0,0,0
200113,2,1,1994,0,0,0,0,0,0,0,0,0,0
200114,1,1,1994,0,0,0,0,0,0,0,6,0,0
200115,1,1,1994,0,0,0,0,0,0,0,0,0,0
200116,1,1,1994,0,0,0,0,0,0,0,0,0,0
200116,2,1,1994,0,0,0,0,13,0,0,0,0,0
200116,3,1,1994,0,0,0,0,0,0,0,0,0,0
200117,0,1,1994,0,10,11,23,26,18,40,18,26,13
200118,1,1,1994,0,0,0,0,0,8,0,0,0,0
200120,1,1,1994,0,0,0,0,0,0,0,0,0,0
200121,1,1,1994,0,0,0,0,0,0,0,0,0,0
200121,2,1,1994,0,0,0,0,0,0,0,0,0,0
200121,3,1,1994,0,0,0,0,0,0,0,0,0,0
200122,1,1,1994,0,0,0,0,0,0,0,0,0,0
200122,2,1,1994,0,0,0,0,0,0,0,0,0,0
200123,1,1,1994,0,0,0,0,0,0,0,0,0,0
200123,2,1,1994,0,0,0,0,0,0,0,0,0,0
200124,1,1,1994,0,0,0,0,0,0,0,0,0,0
200124,2,1,1994,0,0,0,0,0,0,0,0,0,0
200125,0,1,1994,0,0,0,0,0,0,0,0,0,0
200125,1,1,1994,0,0,0,0,0,0,0,0,0,0
200126,1,1,1994,0,21,18,0,0,0,0,0,0,0
200127,1,1,1994,0,0,0,0,0,0,0,0,0,0
200128,1,1,1994,0,0,0,0,0,10,6,0,0,0
200128,2,1,1994,0,0,0,0,0,0,0,0,0,0
200129,1,1,1994,17,17,17,17,17,17,17,17,17,17
200131,1,1,1994,14,14,14,14,14,14,14,14,14,14
200132,1,1,1994,0,0,0,0,0,0,0,0,0,0
200133,1,1,1994,15,15,15,15,15,15,15,15,15,15
200134,1,1,1994,28,28,28,28,28,28,28,28,28,28
200134,2,1,1994,0,0,0,0,0,0,0,0,0,0
200135,1,1,1994,5,5,5,5,5,5,5,5,5,5
200136,1,1,1994,18,24,24,15,16,26,22,33,11,0
200137,1,1,1994,0,19,0,0,0,0,0,0,0,0
200138,1,1,1994,94,94,94,94,94,94,94,94,94,94
200139,1,1,1994,0,9,0,23,0,0,0,9,0,13
200139,2,1,1994,0,0,0,0,0,0,0,0,0,0
200140,1,1,1994,10,10,10,10,10,10,10,10,10,10
200141,1,1,1994,15,15,15,15,15,15,15,15,15,15
200142,0,1,1994,0,12,0,0,0,0,0,0,0,0
200142,1,1,1994,0,0,0,0,0,0,0,0,0,0
200143,1,1,1994,17,17,17,17,17,17,17,17,17,17
200143,2,1,1994,0,0,0,0,0,0,0,0,0,0
200144,1,1,1994,0,17,0,0,11,29,0,27,0,0
200145,1,1,1994,0,0,0,0,0,0,0,0,0,0
200145,2,1,1994,11,11,11,11,11,11,11,11,11,11
200146,1,1,1994,0,0,0,0,0,0,0,0,0,0
200147,1,1,1994,0,0,0,0,0,0,0,0,0,0
200147,2,1,1994,18,18,18,18,18,18,18,18,18,18
200148,1,1,1994,0,0,0,0,0,0,0,0,0,0
200149,1,1,1994,0,0,0,0,0,0,0,0,0,0
200150,1,1,1994,0,0,0,0,0,0,0,0,0,0
200151,1,1,1994,1,1,1,1,1,1,1,1,1,1
200152,1,1,1994,0,0,0,0,0,0,0,0,0,0
200152,2,1,1994,0,0,0,0,0,0,0,0,0,0
200154,1,1,1994,0,0,0,0,0,0,0,0,0,0
200154,2,1,1994,0,0,0,0,0,0,0,0,0,0
200155,1,1,1994,0,0,0,0,0,0,0,0,0,0
200155,2,1,1994,0,0,0,0,0,0,0,0,17,0
200156,1,1,1994,0,0,0,0,0,0,0,0,0,0
200157,1,1,1994,6,6,6,6,6,6,6,6,6,6
200158,1,1,1994,4,4,4,4,4,4,4,4,4,4
200159,1,1,1994,16,16,11,6,20,10,6,6,4,20
200161,1,1,1994,0,0,0,0,0,0,0,0,0,0
200162,1,1,1994,0,0,0,0,0,0,0,0,0,0
200162,2,1,1994,0,0,0,0,0,0,0,0,0,10
200163,1,1,1994,0,0,0,0,0,0,0,0,0,0
200164,1,1,1994,0,13,0,0,19,0,23,10,0,0
200164,2,1,1994,0,0,0,0,0,0,0,0,0,0
200165,1,1,1994,0,0,0,0,0,0,0,0,0,0
200166,1,1,1994,0,0,0,0,0,9,0,0,0,0
200166,2,1,1994,0,0,0,0,0,0,0,0,0,0
200167,1,1,1994,7,7,7,7,7,7,7,7,7,7
200168,1,1,1994,0,0,0,0,0,0,0,0,0,0
200169,1,1,1994,22,22,22,22,22,22,22,22,22,22
200169,2,1,1994,0,0,0,0,14,0,0,0,0,0
200169,3,1,1994,5,0,0,0,0,0,0,0,0,0
200170,1,1,1994,0,0,0,30,0,0,0,0,7,0
200171,1,1,1994,0,22,21,0,0,0,11,0,0,14
200172,1,1,1994,0,0,0,0,0,0,0,0,0,0
200172,2,1,1994,13,13,13,13,13,13,13,13,13,13
200173,1,1,1994,0,0,0,0,0,0,0,0,0,0
200174,1,1,1994,0,0,0,0,0,0,0,0,0,0
200174,2,1,1994,0,0,0,0,0,0,0,0,0,0
200175,1,1,1994,0,0,0,0,0,0,0,0,0,0
200176,1,1,1994,0,0,0,0,0,0,0,0,0,0
200177,1,1,1994,29,29,6,17,18,17,30,5,7,17
200178,1,1,1994,0,0,0,0,0,0,0,0,4,20
200178,2,1,1994,0,0,0,0,0,0,0,0,0,0
200179,1,1,1994,0,0,0,0,0,0,0,0,0,0
200180,1,1,1994,14,14,14,14,14,14,14,14,14,14
200181,1,1,1994,0,0,0,0,0,0,0,0,0,0
200182,1,1,1994,0,0,0,0,0,0,0,0,0,0
200182,2,1,1994,0,0,0,0,0,0,0,0,0,0
200183,1,1,1994,0,0,0,19,0,7,0,0,0,0
200183,2,1,1994,8,8,8,8,8,8,8,8,8,8
200184,1,1,1994,6,6,6,6,6,6,6,6,6,6
200185,1,1,1994,0,0,0,0,0,0,14,0,0,0
200185,2,1,1994,0,0,0,0,0,0,0,0,0,0
200185,3,1,1994,0,0,0,0,0,0,0,0,0,0
200185,4,1,1994,0,0,0,0,0,0,0,0,0,0
200186,0,1,1994,25,0,0,0,6,0,19,0,9,0
200186,1,1,1994,0,0,0,0,0,0,0,0,0,0
200186,2,1,1994,0,0,0,0,0,0,0,0,0,0
200187,1,1,1994,0,0,0,0,0,0,0,0,0,0
200188,1,1,1994,6,6,6,6,6,6,6,6,6,6
200189,1,1,1994,0,0,0,0,13,0,0,0,0,0
200190,0,1,1994,0,0,0,0,0,0,0,0,0,0
200190,1,1,1994,0,0,0,0,0,0,0,0,0,0
200191,1,1,1994,0,0,0,0,0,0,0,0,0,0
200192,1,1,1994,0,0,0,0,0,0,18,6,0,0
200192,2,1,1994,0,0,18,0,0,0,0,0,0,0
200193,1,1,1994,0,0,0,13,0,0,0,0,0,0
200193,2,1,1994,0,0,0,0,0,0,0,0,0,0
200194,1,1,1994,0,15,0,0,0,0,0,16,0,0
200195,1,1,1994,0,0,0,0,0,0,0,0,0,0
200196,1,1,1994,0,0,0,0,0,0,0,0,0,0
200196,2,1,1994,0,0,0,0,0,14,0,0,0,0
200197,1,1,1994,0,0,0,0,0,0,0,0,0,0
200197,2,1,1994,0,0,0,0,0,0,0,0,0,0
200198,1,1,1994,0,0,0,0,0,0,0,0,0,0
200199,1,1,1994,13,13,13,13,13,13,13,13,13,13
200200,1,1,1994,0,0,0,0,0,0,0,0,0,0
200200,2,1,1994,0,0,0,0,0,0,0,0,0,0
200201,1,1,1994,0,0,0,0,0,0,0,0,0,0
200201,2,1,1994,0,0,0,0,0,0,0,0,0,0
200202,1,1,1994,0,0,0,0,0,0,42,0,0,0
200203,1,1,1994,0,0,0,0,0,0,0,0,0,0
200204,1,1,1994,0,0,0,0,0,0,0,0,0,0
200204,2,1,1994,0,0,0,0,0,0,0,0,0,0
200205,1,1,1994,0,0,0,0,0,0,0,0,0,0
200206,1,1,1994,25,0,0,7,0,0,0,8,0,0
200206,2,1,1994,12,0,0,0,0,13,0,0,0,0
200207,1,1,1994,0,0,0,0,0,0,0,0,0,0
200207,2,1,1994,0,0,0,0,0,0,0,0,0,0
200208,1,1,1994,0,0,0,0,0,0,0,0,0,0
200208,2,1,1994,0,0,16,0,0,0,0,0,0,0
200209,1,1,1994,0,0,16,11,0,12,26,0,4,0
200210,1,1,1994,0,0,0,0,0,0,0,0,0,0
200210,2,1,1994,0,0,0,0,0,0,0,0,0,0
200211,1,1,1994,0,0,0,0,0,0,0,0,0,0
200212,1,1,1994,20,20,20,20,20,20,20,20,20,20
200213,1,1,1994,10,0,0,0,0,0,0,0,0,0
200213,2,1,1994,0,0,0,0,0,0,0,0,0,0
200213,3,1,1994,0,0,0,0,0,0,0,0,0,0
200214,1,1,1994,10,16,43,13,23,18,10,17,30,20
200215,1,1,1994,0,0,0,0,0,0,0,0,0,0
200217,1,1,1994,0,0,0,0,0,0,0,0,0,0
200217,2,1,1994,18,0,0,0,0,0,0,0,0,0
200218,1,1,1994,0,0,0,0,0,0,0,0,0,0
200218,2,1,1994,0,0,0,0,0,0,0,0,0,0
200219,1,1,1994,7,10,17,16,12,27,14,17,28,7
200220,1,1,1994,0,0,0,0,0,0,0,0,0,15
200220,2,1,1994,0,0,16,0,0,0,0,0,0,0
200221,1,1,1994,0,0,0,0,0,0,0,0,0,0
200222,1,1,1994,0,0,0,0,0,0,0,0,0,0
200222,2,1,1994,0,0,0,0,0,0,0,0,0,0
200223,1,1,1994,0,0,0,0,0,0,0,0,0,0
200223,2,1,1994,0,0,0,0,0,7,0,0,0,0
200224,1,1,1994,11,11,11,11,11,11,11,11,11,11
200225,1,1,1994,0,13,0,0,0,0,0,0,0,0
200226,1,1,1994,0,0,0,0,0,0,0,0,0,0
200226,2,1,1994,0,0,0,0,0,0,0,0,0,21
200227,1,1,1994,0,0,0,0,0,0,0,0,0,0
200227,2,1,1994,16,0,23,0,22,0,0,0,0,0
200228,1,1,1994,18,18,18,18,18,18,18,18,18,18
200229,1,1,1994,24,24,24,24,24,24,24,24,24,24
200230,1,1,1994,0,0,0,0,0,0,0,0,0,0
200230,2,1,1994,0,0,3,0,0,0,0,0,0,11
200232,1,1,1994,5,0,0,6,0,0,0,5,0,16
200233,1,1,1994,0,0,0,0,0,0,0,0,0,0