ST_CASE,VEH_NO,PER_NO,YEAR,P1,P2,P3,P4,P5,P6,P7,P8,P9,P10
210118,1,1,1994,26,26,26,26,26,26,26,26,26,26
210118,2,1,1994,0,0,0,0,0,0,0,0,0,0
210119,1,1,1994,0,0,0,11,0,0,0,0,0,0
210119,2,1,1994,0,0,0,0,0,0,0,0,0,0
210120,1,1,1994,0,0,0,0,0,0,0,0,0,0
210120,2,1,1994,0,0,0,0,0,0,0,0,0,0
210121,1,1,1994,0,0,0,0,0,0,0,0,0,0
210122,1,1,1994,0,0,0,0,0,0,0,0,0,0
210122,2,1,1994,0,0,0,0,0,0,0,0,0,0
210122,3,1,1994,0,0,0,0,0,0,0,0,0,0
210123,1,1,1994,0,0,0,0,0,0,0,0,0,0
210123,2,1,1994,0,0,0,0,0,0,0,0,0,0
210124,1,1,1994,3,3,3,3,3,3,3,3,3,3
210124,2,1,1994,0,0,0,0,0,0,0,0,0,0
210125,1,1,1994,0,0,0,0,0,0,0,0,0,0
210125,2,1,1994,0,0,0,0,0,0,0,0,0,0
210125,3,1,1994,0,0,0,0,0,0,0,0,0,0
210126,1,1,1994,0,0,0,0,0,0,0,0,0,0
210126,2,1,1994,0,0,0,0,0,0,0,0,0,0
210127,1,1,1994,0,0,0,0,0,0,0,0,0,0
210127,2,1,1994,0,0,0,0,0,0,0,0,0,0
210127,3,1,1994,0,0,0,0,0,0,0,0,0,0
210127,4,1,1994,0,0,0,0,0,0,0,0,0,0
210128,1,1,1994,2,2,2,2,2,2,2,2,2,2
210128,2,1,1994,2,2,2,2,2,2,2,2,2,2
210129,1,1,1994,0,0,0,0,0,0,0,0,0,0
210129,2,1,1994,0,0,0,0,0,0,0,0,0,0
210130,1,1,1994,0,0,0,0,0,0,0,0,17,0
210130,2,1,1994,0,0,4,0,0,0,0,0,6,0
210131,1,1,1994,0,0,0,0,0,0,0,0,0,0
210131,2,1,1994,0,0,0,0,0,0,0,0,0,0
210132,1,1,1994,30,30,30,30,30,30,30,30,30,30
210132,2,1,1994,0,0,0,0,0,0,0,0,0,0
210133,1,1,1994,0,0,0,0,0,0,0,0,0,0
210134,1,1,1994,0,0,0,0,0,0,0,0,0,0
210135,1,1,1994,28,28,28,28,28,28,28,28,28,28
210136,1,1,1994,13,13,13,13,13,13,13,13,13,13
210137,0,1,1994,0,0,0,0,0,0,11,0,0,0
210137,1,1,1994,0,0,19,0,20,0,0,10,0,0
210138,1,1,1994,11,28,49,10,17,30,21,32,24,12
210139,1,1,1994,18,18,18,18,18,18,18,18,18,18
210140,1,1,1994,35,35,35,35,35,35,35,35,35,35
210141,1,1,1994,0,0,0,0,0,0,0,0,0,22
210142,1,1,1994,0,0,0,0,0,0,0,0,0,0
210142,2,1,1994,0,0,0,0,0,0,0,0,0,0
210143,1,1,1994,0,0,0,0,0,0,0,0,0,0
210143,2,1,1994,0,0,0,0,0,0,0,0,0,0
210144,1,1,1994,0,0,0,0,0,0,0,0,0,0
210144,2,1,1994,0,0,0,0,0,0,0,0,0,0
210145,1,1,1994,0,0,0,0,0,0,0,0,0,0
210145,2,1,1994,0,0,0,0,0,0,0,0,0,0
210146,1,1,1994,0,0,0,0,0,0,0,0,0,0
210146,2,1,1994,0,0,0,0,0,0,0,0,0,0
210147,1,1,1994,0,0,0,0,0,0,0,0,0,0
210148,1,1,1994,0,0,0,0,0,0,0,0,0,0
210149,1,1,1994,0,0,0,0,0,0,0,0,0,0
210150,1,1,1994,10,10,10,10,10,10,10,10,10,10
210151,1,1,1994,0,0,0,0,0,0,0,0,0,0
210151,2,1,1994,0,0,0,0,0,15,0,0,0,0
210152,1,1,1994,0,0,0,0,0,0,0,0,0,0
210152,2,1,1994,0,0,0,0,0,0,0,0,0,0
210153,1,1,1994,0,0,0,0,0,0,0,0,0,0
210153,2,1,1994,0,0,0,0,0,0,7,0,0,0
210154,1,1,1994,0,0,0,0,0,0,0,0,0,0
210154,2,1,1994,0,0,0,0,0,0,0,0,0,0
210155,1,1,1994,0,0,0,0,0,0,0,0,0,0
210156,1,1,1994,0,0,0,0,0,0,0,0,0,0
210156,2,1,1994,5,20,13,6,4,5,12,14,13,26
210157,1,1,1994,11,11,11,11,11,11,11,11,11,11
210157,2,1,1994,1,1,1,1,1,1,1,1,1,1
210158,1,1,1994,0,0,0,0,0,0,0,0,0,0
210158,2,1,1994,0,0,0,0,0,0,0,0,0,0
210158,3,1,1994,0,0,0,0,0,0,0,0,0,0
210159,1,1,1994,0,0,0,0,0,0,0,0,0,0
210159,2,1,1994,0,0,0,0,0,0,0,0,0,0
210160,1,1,1994,0,0,0,0,0,0,0,0,0,0
210161,1,1,1994,0,0,0,0,0,0,24,0,0,18
210162,1,1,1994,18,18,18,18,18,18,18,18,18,18
210163,1,1,1994,23,23,23,23,23,23,23,23,23,23
210164,1,1,1994,15,15,15,15,15,15,15,15,15,15
210165,1,1,1994,0,0,0,0,0,0,0,14,0,0
210165,2,1,1994,0,0,0,0,0,0,0,0,0,0
210166,1,1,1994,0,0,0,0,0,0,0,0,0,0
210166,2,1,1994,0,0,0,0,0,1,9,0,21,2
210167,1,1,1994,0,0,0,0,0,0,0,0,0,0
210167,2,1,1994,0,0,0,0,0,0,0,0,0,0
210168,1,1,1994,7,7,7,7,7,7,7,7,7,7
210169,1,1,1994,0,0,0,0,0,0,0,0,0,0
210170,1,1,1994,0,0,0,0,0,0,0,0,0,0
210171,1,1,1994,30,17,15,16,29,0,0,24,26,0
210172,1,1,1994,0,0,0,0,0,0,0,0,0,0
210173,1,1,1994,11,11,11,11,11,11,11,11,11,11
210174,0,1,1994,0,0,0,0,0,0,0,0,0,0
210174,1,1,1994,0,0,0,0,0,0,0,0,0,0
210175,0,1,1994,0,0,0,0,0,0,0,0,0,0
210175,1,1,1994,3,3,3,3,3,3,3,3,3,3
210176,0,1,1994,0,0,0,0,0,0,0,0,0,0
210176,1,1,1994,0,0,0,0,0,0,0,0,0,0
210177,1,1,1994,0,0,15,0,0,0,0,12,0,0
210178,1,1,1994,0,0,0,0,0,0,0,0,0,0
210178,2,1,1994,0,0,0,0,0,0,0,0,0,0
210178,3,1,1994,0,0,0,0,18,0,0,0,0,0
210179,1,1,1994,0,0,0,0,0,0,0,0,0,0
210179,2,1,1994,0,0,0,0,0,0,0,0,0,0
210180,1,1,1994,0,0,0,0,0,0,0,0,0,0
210180,2,1,1994,0,0,0,0,0,0,0,0,0,0
210181,1,1,1994,0,0,0,0,0,0,0,0,0,0
210182,1,1,1994,5,5,5,5,5,5,5,5,5,5
210183,1,1,1994,5,5,5,5,5,5,5,5,5,5
210183,2,1,1994,0,0,0,0,0,0,0,0,0,0
210184,1,1,1994,0,0,0,0,0,0,0,0,0,0
210184,2,1,1994,0,0,0,0,0,0,0,0,0,0
210185,1,1,1994,4,4,4,4,4,4,4,4,4,4
210185,2,1,1994,0,0,0,0,0,0,0,0,0,0
210187,1,1,1994,0,0,0,0,0,0,0,0,0,0
210187,2,1,1994,0,0,0,0,0,0,0,0,0,0
210187,3,1,1994,0,0,0,0,0,0,0,0,0,0
210188,1,1,1994,14,14,14,14,14,14,14,14,14,14
210189,0,1,1994,0,0,0,0,0,0,0,0,0,0
210189,0,2,1994,0,0,0,0,0,0,0,0,0,0
210189,1,1,1994,9,9,9,9,9,9,9,9,9,9
210190,1,1,1994,0,0,0,0,0,0,0,0,0,0
210190,2,1,1994,0,0,0,0,0,0,0,0,0,0
210191,1,1,1994,0,0,0,0,0,0,0,0,0,0
210191,2,1,1994,0,20,0,0,0,0,0,0,0,0
210191,3,1,1994,0,0,0,0,0,0,0,0,0,0
210192,1,1,1994,0,0,0,9,0,0,0,0,0,13
210193,1,1,1994,11,0,12,9,19,14,28,36,0,18
210193,2,1,1994,0,30,0,0,0,0,0,0,5,0
210194,1,1,1994,16,16,16,16,16,16,16,16,16,16
210195,1,1,1994,0,0,0,0,0,0,0,0,0,0
210196,1,1,1994,24,0,0,14,5,0,0,0,20,0
210197,1,1,1994,0,0,0,0,0,0,0,0,0,0
210197,2,1,1994,0,0,0,0,0,0,0,0,0,0
210198,1,1,1994,12,12,12,12,12,12,12,12,12,12
210199,1,1,1994,0,0,0,0,0,0,0,0,0,0
210200,1,1,1994,25,25,25,25,25,25,25,25,25,25
210201,1,1,1994,0,0,0,0,0,0,0,0,0,0
210201,2,1,1994,0,0,0,0,0,0,0,0,0,0
210202,1,1,1994,0,0,0,0,0,0,0,0,0,0
210203,1,1,1994,0,0,0,0,0,0,0,0,0,0
210203,2,1,1994,0,0,0,0,0,0,0,0,0,0
210204,1,1,1994,0,0,0,0,0,0,0,0,0,0
210204,2,1,1994,0,0,0,0,0,0,0,0,0,0
210205,1,1,1994,0,0,0,0,0,0,0,0,0,0
210206,1,1,1994,16,16,16,16,16,16,16,16,16,16
210207,1,1,1994,0,0,0,0,0,0,0,0,0,0
210207,2,1,1994,0,0,0,0,0,0,0,0,0,0
210208,1,1,1994,25,25,25,25,25,25,25,25,25,25
210208,2,1,1994,0,0,0,0,0,0,0,0,0,0
210209,1,1,1994,0,0,0,0,0,0,0,0,0,0
210209,2,1,1994,0,0,0,0,0,0,0,0,0,0
210210,1,1,1994,5,5,5,5,5,5,5,5,5,5
210210,2,1,1994,0,0,0,0,0,0,0,0,0,0
210211,1,1,1994,0,0,0,0,0,0,0,0,0,0
210211,2,1,1994,0,0,0,0,0,0,0,0,0,0
210212,1,1,1994,0,0,0,0,0,0,0,0,0,0
210212,2,1,1994,0,0,0,0,0,0,15,0,13,26
210213,1,1,1994,0,0,0,0,0,0,0,0,0,0
210213,2,1,1994,0,0,0,0,0,0,0,0,0,19
210214,1,1,1994,16,16,16,16,16,16,16,16,16,16
210214,2,1,1994,0,0,0,0,0,0,0,0,0,0
210215,1,1,1994,3,3,3,3,3,3,3,3,3,3
210215,2,1,1994,19,0,0,0,0,0,0,0,0,0
210216,1,1,1994,0,0,0,0,0,0,0,0,0,0
210216,2,1,1994,0,0,0,0,0,0,0,0,0,0
210217,1,1,1994,0,0,0,0,0,0,0,0,0,0
210217,2,1,1994,0,0,0,0,0,0,0,0,0,0
210217,3,1,1994,0,0,0,0,0,0,0,0,0,0
210218,1,1,1994,24,24,24,24,24,24,24,24,24,24
210218,2,1,1994,0,0,0,0,0,0,0,0,0,0
210219,0,1,1994,0,0,0,0,0,0,0,0,0,0
210219,1,1,1994,0,0,4,0,0,0,0,0,0,0
210220,1,1,1994,9,4,0,8,0,10,0,7,3,18
210220,2,1,1994,0,0,0,0,0,14,0,0,19,0
210221,1,1,1994,0,0,0,0,0,0,0,0,0,0
210221,2,1,1994,0,0,0,0,0,0,0,0,0,0
210222,1,1,1994,0,0,0,0,0,0,0,0,0,0
210222,2,1,1994,0,0,0,0,0,0,0,0,0,0
210223,1,1,1994,0,0,0,0,0,0,0,0,0,0
210223,2,1,1994,25,25,25,25,25,25,25,25,25,25
210224,1,1,1994,0,0,0,0,0,0,0,0,0,0
210224,2,1,1994,0,0,0,0,0,0,0,0,0,0
210225,1,1,1994,0,0,0,0,0,0,0,0,0,0
210225,2,1,1994,0,0,0,0,0,0,0,0,0,0
210226,1,1,1994,0,0,0,0,0,0,0,0,0,0
210226,2,1,1994,0,0,0,0,0,0,0,0,14,0
210227,0,1,1994,0,0,0,0,0,0,0,0,0,0
210227,1,1,1994,0,0,12,0,15,0,0,0,0,0
210228,1,1,1994,0,0,0,0,0,0,0,0,0,0
210228,2,1,1994,0,0,0,0,0,0,0,0,0,0
210228,3,1,1994,0,0,0,0,0,0,0,0,0,0
210229,1,1,1994,4,4,4,4,4,4,4,4,4,4
210230,1,1,1994,0,0,0,0,0,0,0,0,0,0
210231,1,1,1994,17,17,17,17,17,17,17,17,17,17
210232,0,1,1994,16,16,16,16,16,16,16,16,16,16
210232,1,1,1994,0,31,0,0,0,22,0,19,0,0
210233,1,1,1994,0,15,15,23,9,8,28,24,16,9
210234,1,1,1994,0,0,0,0,0,0,0,0,0,0
210234,2,1,1994,0,0,0,0,0,0,0,0,0,0
210235,1,1,1994,0,0,0,0,0,0,0,0,0,0
210236,1,1,1994,0,0,0,0,0,0,0,0,0,0
210237,1,1,1994,0,0,0,0,0,0,0,0,0,0
210237,2,1,1994,0,0,0,0,0,0,0,0,0,0
210237,3,1,1994,0,0,0,0,0,0,0,0,0,0
210238,1,1,1994,0,0,0,0,0,0,0,0,0,0
210238,2,1,1994,0,0,0,0,0,0,0,0,0,0
210239,1,1,1994,11,3,12,28,0,0,16,20,0,0
210239,2,1,1994,0,0,0,0,0,0,0,0,0,0
210240,1,1,1994,3,3,3,3,3,3,3,3,3,3
210240,2,1,1994,0,0,9,0,0,0,0,0,0,0
210241,1,1,1994,0,0,0,0,0,0,0,0,0,0
210242,1,1,1994,0,0,0,0,0,0,0,0,0,0
210242,2,1,1994,0,0,0,0,0,0,0,0,0,0
210242,3,1,1994,0,0,0,0,0,0,0,0,0,0
210243,1,1,1994,24,24,24,24,24,24,24,24,24,24
210244,1,1,1994,23,17,16,9,27,5,23,26,37,20
210245,1,1,1994,0,0,0,0,0,0,0,0,0,0
210246,1,1,1994,0,0,0,0,14,0,0,0,0,0
210246,2,1,1994,0,0,0,0,0,0,0,0,0,0
210247,1,1,1994,0,0,6,0,0,0,0,0,0,0
210247,2,1,1994,0,0,0,0,0,0,0,0,0,0
210248,1,1,1994,27,25,45,24,0,11,20,7,10,27
210249,1,1,1994,2,2,2,2,2,2,2,2,2,2
210249,2,1,1994,0,0,0,0,0,0,0,0,0,0
210250,1,1,1994,0,0,0,0,0,0,0,12,0,0
210251,1,1,1994,0,0,0,0,0,0,0,0,0,0
210252,1,1,1994,0,0,0,0,0,0,0,0,0,0
210253,1,1,1994,1,1,1,1,1,1,1,1,1,1
210253,2,1,1994,0,0,0,0,0,0,0,0,0,0
210254,1,1,1994,0,0,0,0,0,0,0,0,0,14
210255,1,1,1994,0,0,0,0,0,0,0,0,0,0
210256,1,1,1994,0,0,0,0,0,0,0,0,0,0
210257,1,1,1994,0,0,0,0,0,0,0,0,0,0
210258,0,1,1994,0,0,0,0,0,0,0,0,0,0
210258,1,1,1994,0,0,0,0,0,0,0,3,0,0
210259,1,1,1994,21,7,13,14,24,20,13,10,13,6
210260,1,1,1994,33,29,17,16,22,17,23,12,0,28
210261,1,1,1994,8,8,8,8,8,8,8,8,8,8
210261,2,1,1994,0,0,0,0,0,0,0,0,0,0
210262,1,1,1994,0,0,0,0,0,0,0,0,0,0
210263,1,1,1994,0,0,0,0,0,0,0,0,0,0
210264,1,1,1994,0,0,0,0,0,0,0,0,0,0
210265,1,1,1994,8,8,8,8,8,8,8,8,8,8
210266,1,1,1994,0,0,0,0,0,0,0,0,0,0
210267,1,1,1994,13,13,13,13,13,13,13,13,13,13
210267,2,1,1994,0,0,0,0,0,0,0,0,0,0
210268,1,1,1994,0,0,0,0,0,0,0,0,0,0
210270,1,1,1994,0,0,0,0,0,0,17,3,7,0
210271,1,1,1994,3,3,3,3,3,3,3,3,3,3
210272,1,1,1994,23,23,23,23,23,23,23,23,23,23
210273,1,1,1994,14,14,14,14,14,14,14,14,14,14
210274,1,1,1994,0,15,0,0,0,0,0,28,0,0
210275,1,1,1994,0,0,0,0,0,0,0,0,0,0
210276,1,1,1994,0,0,0,0,0,0,0,0,0,0
210276,2,1,1994,0,0,0,0,0,0,0,0,0,0
210277,0,1,1994,0,0,0,0,0,27,0,0,0,0
210277,0,2,1994,0,0,4,0,0,6,0,0,11,0
210277,1,1,1994,0,0,0,0,0,0,0,0,0,0
210278,1,1,1994,0,0,0,0,0,0,0,0,0,0
210279,0,1,1994,0,0,0,0,0,0,0,0,0,0
210279,1,1,1994,0,0,0,0,0,0,0,0,0,0
210280,1,1,1994,0,0,0,0,0,0,0,0,0,0
210280,2,1,1994,0,0,0,0,0,0,0,0,0,0
210282,1,1,1994,0,0,0,0,0,0,0,0,0,0
210283,1,1,1994,0,0,0,0,0,0,0,0,0,0
210283,2,1,1994,0,0,0,0,0,0,0,0,0,0
210284,1,1,1994,0,0,0,0,0,0,0,0,0,0
210285,1,1,1994,0,0,0,0,45,0,0,0,0,0
210285,2,1,1994,9,0,0,0,0,0,0,0,0,0
210287,1,1,1994,18,18,18,18,18,18,18,18,18,18
210287,2,1,1994,0,0,0,0,0,0,0,0,0,18
210288,1,1,1994,0,0,0,0,0,0,0,0,0,0
210288,2,1,1994,0,0,0,0,7,0,0,0,0,0
210289,1,1,1994,0,0,0,0,0,0,0,0,0,0
210289,2,1,1994,0,0,0,0,0,0,0,0,0,0
210290,0,1,1994,0,0,0,0,0,0,0,0,0,0
210290,1,1,1994,0,0,0,0,0,0,0,0,0,0
210291,1,1,1994,0,0,0,0,0,0,0,0,0,0
210292,0,1,1994,0,0,0,0,25,0,0,0,0,0
210292,1,1,1994,0,20,6,0,0,0,0,0,0,0
210293,1,1,1994,0,0,0,0,0,25,0,0,0,0
210294,1,1,1994,0,0,0,0,0,0,0,0,0,0
210294,2,1,1994,0,0,0,0,0,0,0,9,0,0
210295,1,1,1994,21,0,0,0,10,0,0,0,9,24
210296,1,1,1994,30,30,30,30,30,30,30,30,30,30
210296,2,1,1994,0,0,0,0,0,0,0,0,0,0
210296,3,1,1994,0,0,0,0,0,0,0,0,0,0
210297,1,1,1994,0,0,0,0,0,0,0,0,0,0
210298,1,1,1994,0,0,0,9,0,5,0,0,5,0
210299,1,1,1994,11,7,15,0,8,0,29,17,0,14
210299,2,1,1994,0,0,0,0,0,0,0,0,8,0
210300,1,1,1994,0,0,0,0,0,0,0,0,0,0
210300,2,1,1994,0,0,0,0,0,0,0,0,0,0
210302,1,1,1994,0,0,0,0,0,0,24,0,0,0
210302,2,1,1994,0,0,0,0,0,0,0,0,0,0
210303,1,1,1994,0,0,0,0,0,0,0,0,0,0
210303,2,1,1994,0,0,0,0,0,0,0,0,0,0
210304,1,1,1994,27,27,27,27,27,27,27,27,27,27
210304,2,1,1994,0,0,0,0,0,0,0,0,0,0
210305,1,1,1994,17,0,0,0,0,0,0,0,0,0
210306,1,1,1994,10,0,0,7,0,0,20,0,15,11
210307,0,1,1994,0,0,0,0,0,0,0,0,0,12
210307,1,1,1994,0,0,0,0,0,0,0,0,0,0
210308,1,1,1994,0,0,0,0,0,0,0,0,0,0
210308,2,1,1994,0,0,0,0,0,6,0,0,0,0
210309,1,1,1994,0,0,0,0,0,0,0,0,0,0
210309,2,1,1994,0,0,0,0,0,0,0,0,0,0
210310,1,1,1994,8,8,8,8,8,8,8,8,8,8
210311,1,1,1994,0,0,0,0,0,0,0,0,0,0
210312,1,1,1994,21,21,21,21,21,21,21,21,21,21
210313,1,1,1994,12,12,12,12,12,12,12,12,12,12
210314,1,1,1994,0,0,0,0,0,0,0,0,0,0
210315,0,1,1994,6,6,6,6,6,6,6,6,6,6
210315,1,1,1994,6,6,6,6,6,6,6,6,6,6
210316,1,1,1994,21,21,0,17,28,15,0,13,7,0
210317,1,1,1994,0,0,0,0,0,0,0,0,0,0
210318,1,1,1994,15,15,15,15,15,15,15,15,15,15
210319,1,1,1994,0,0,0,0,0,0,0,0,0,0
210320,1,1,1994,16,16,16,16,16,16,16,16,16,16
210320,2,1,1994,0,0,0,0,0,0,0,0,0,0
210321,1,1,1994,0,0,0,0,0,0,0,0,0,0
210321,2,1,1994,0,0,0,0,0,0,0,0,0,0
210322,1,1,1994,0,0,0,0,0,0,0,0,11,0
210322,2,1,1994,0,0,0,0,0,0,0,0,0,0
210323,1,1,1994,10,10,10,10,10,10,10,10,10,10
210323,2,1,1994,12,0,0,0,0,0,0,0,0,10
210324,1,1,1994,9,9,9,9,9,9,9,9,9,9
210325,1,1,1994,0,0,0,0,0,0,0,0,0,0
210325,2,1,1994,0,0,0,0,0,0,0,0,0,0
210326,1,1,1994,20,20,20,20,20,20,20,20,20,20
210327,0,1,1994,0,0,0,0,0,0,0,0,0,0
210327,1,1,1994,0,0,0,0,0,0,0,0,0,0
210328,1,1,1994,0,0,4,0,0,7,0,0,0,0
210328,2,1,1994,0,0,0,0,0,0,0,0,0,0
210329,1,1,1994,0,0,0,0,0,0,0,0,0,0
210329,2,1,1994,0,0,0,0,0,0,0,0,0,0
210330,1,1,1994,0,0,0,0,0,0,0,0,0,0
210331,1,1,1994,0,0,0,0,0,0,0,0,0,0
210332,1,1,1994,15,15,15,15,15,15,15,15,15,15
210333,1,1,1994,11,11,11,11,11,11,11,11,11,11
210334,1,1,1994,2,2,2,2,2,2,2,2,2,2
210334,2,1,1994,0,0,0,0,0,0,0,0,0,0
210335,1,1,1994,0,22,0,0,0,0,0,0,0,21
210336,1,1,1994,8,8,8,8,8,8,8,8,8,8
210337,1,1,1994,22,22,22,22,22,22,22,22,22,22
210338,1,1,1994,24,31,17,15,5,21,4,19,6,25
210339,1,1,1994,1,1,1,1,1,1,1,1,1,1
210339,2,1,1994,0,0,0,20,0,0,0,0,0,0
210340,1,1,1994,32,32,32,32,32,32,32,32,32,32
210341,1,1,1994,0,0,0,0,0,0,0,0,0,0
210341,2,1,1994,0,0,0,0,0,0,0,0,0,0
210342,1,1,1994,0,0,0,0,0,0,0,0,0,0
210342,2,1,1994,0,0,0,0,0,0,0,0,0,0
210343,1,1,1994,0,0,0,0,0,0,0,0,0,0
210343,2,1,1994,0,0,0,0,0,14,0,0,0,13
210344,1,1,1994,0,0,0,0,0,0,0,0,0,0
210344,2,1,1994,0,0,0,0,0,0,0,0,0,0
210345,1,1,1994,28,28,28,28,28,28,28,28,28,28
210346,1,1,1994,0,0,0,0,0,0,0,0,0,0
210347,1,1,1994,0,0,0,0,0,0,0,0,0,0
210347,2,1,1994,0,0,0,0,0,0,0,3,0,0
210348,1,1,1994,22,22,22,22,22,22,22,22,22,22
210349,0,1,1994,23,0,0,0,0,0,0,0,0,0
210349,1,1,1994,0,0,0,0,0,0,0,0,0,0
210350,1,1,1994,32,32,32,32,32,32,32,32,32,32
210350,2,1,1994,0,0,0,0,0,0,0,0,0,0
210351,1,1,1994,0,0,0,0,0,0,0,0,0,0
210352,1,1,1994,10,0,15,14,8,13,23,8,14,0
210353,1,1,1994,0,0,0,0,0,0,0,0,0,0
210354,1,1,1994,0,0,0,0,0,0,0,0,0,0
210355,1,1,1994,0,0,0,0,0,0,0,0,0,0
210356,1,1,1994,0,0,0,0,0,0,0,0,0,0
210357,1,1,1994,0,0,13,0,0,0,0,0,0,0
210358,1,1,1994,0,0,0,0,0,0,0,0,0,0
210358,2,1,1994,0,0,0,0,0,0,0,0,0,0
210359,1,1,1994,29,29,29,29,29,29,29,29,29,29
210360,1,1,1994,0,14,0,0,0,0,0,0,0,0
210361,1,1,1994,18,20,20,13,14,10,3,13,9,11
210362,0,1,1994,0,0,0,0,0,0,0,0,0,0
210362,1,1,1994,0,0,0,0,0,0,0,0,0,0
210363,1,1,1994,16,16,16,16,16,16,16,16,16,16
210364,1,1,1994,0,0,0,0,0,0,0,0,0,0
210364,2,1,1994,0,0,0,0,0,0,0,0,0,0
210365,1,1,1994,0,0,0,0,0,0,0,0,0,7
210365,2,1,1994,0,0,0,0,0,0,0,0,0,0
210366,1,1,1994,7,7,7,7,7,7,7,7,7,7
210366,2,1,1994,10,27,16,24,18,27,14,14,16,11
210367,1,1,1994,9,9,9,9,9,9,9,9,9,9
210367,2,1,1994,0,0,10,0,0,0,0,0,0,0
210368,1,1,1994,3,3,3,3,3,3,3,3,3,3
210369,0,1,1994,33,33,33,33,33,33,33,33,33,33
210369,1,1,1994,0,0,0,0,0,14,0,0,0,0
210370,1,1,1994,24,24,24,24,24,24,24,24,24,24
210371,1,1,1994,0,0,0,0,0,0,0,0,0,0
210372,1,1,1994,5,5,5,5,5,5,5,5,5,5
210372,2,1,1994,0,0,0,0,0,0,0,0,0,0
210373,1,1,1994,0,0,0,0,0,0,0,0,0,0
210373,2,1,1994,0,0,0,0,0,0,0,0,0,0
210374,1,1,1994,19,9,20,6,10,25,19,7,15,18
210375,1,1,1994,0,5,0,0,0,0,0,0,0,0
210376,1,1,1994,0,0,0,0,0,0,14,0,0,19
210377,1,1,1994,0,0,0,0,15,0,0,0,0,0
210378,1,1,1994,0,0,0,0,0,0,0,0,0,0
210379,1,1,1994,26,26,26,26,26,26,26,26,26,26
210380,1,1,1994,16,16,16,16,16,16,16,16,16,16
210381,1,1,1994,0,0,0,0,0,0,0,0,0,0
210382,1,1,1994,12,12,12,12,12,12,12,12,12,12
210384,1,1,1994,32,32,32,32,32,32,32,32,32,32
210385,0,1,1994,28,0,0,17,0,0,22,13,0,25
210385,1,1,1994,12,19,16,5,18,23,27,32,0,13
210386,1,1,1994,26,26,26,26,26,26,26,26,26,26
210387,1,1,1994,0,0,0,0,0,0,0,0,0,0
210388,1,1,1994,0,0,0,0,0,0,0,0,0,0
210388,2,1,1994,19,19,19,19,19,19,19,19,19,19
210389,1,1,1994,0,0,0,0,0,0,0,0,0,0
210389,2,1,1994,0,0,0,0,0,0,0,0,0,0
210390,1,1,1994,0,0,0,0,0,0,0,0,0,0
210390,2,1,1994,0,0,0,0,0,0,0,0,0,0
210391,1,1,1994,0,0,0,0,0,0,0,0,0,0
210391,2,1,1994,0,0,0,0,0,0,0,0,0,0
210392,1,1,1994,0,0,0,0,0,0,0,0,0,0
210392,2,1,1994,0,0,0,0,0,0,0,0,0,0
210392,3,1,1994,0,0,0,0,0,0,0,0,0,0
210393,0,1,1994,17,17,17,17,17,17,17,17,17,17
210393,1,1,1994,0,0,0,0,0,0,0,0,0,0
210394,1,1,1994,0,0,0,0,0,0,0,0,0,0
210394,2,1,1994,0,0,0,0,0,0,0,0,0,0
210395,1,1,1994,0,0,0,0,0,0,0,0,0,0
210395,2,1,1994,0,0,0,0,0,0,0,0,0,0
210395,3,1,1994,0,0,0,0,0,0,0,0,0,0
210397,1,1,1994,16,16,16,16,16,16,16,16,16,16
210397,2,1,1994,0,0,0,0,0,0,0,0,0,0
210398,1,1,1994,0,0,0,0,0,0,0,0,0,0
210398,2,1,1994,0,0,0,0,0,0,0,0,0,0
210399,1,1,1994,0,0,0,0,0,0,0,0,0,0
210399,2,1,1994,0,0,0,0,0,0,0,0,0,0
210400,1,1,1994,0,0,0,0,0,0,0,0,0,0
210400,2,1,1994,0,0,0,0,0,0,0,0,0,0
210401,1,1,1994,19,16,11,0,0,19,10,6,7,6
210401,2,1,1994,0,0,0,0,0,0,0,0,0,0
210402,0,1,1994,0,0,0,0,0,0,0,0,0,0
210402,1,1,1994,0,0,0,0,0,0,0,0,0,0
210403,1,1,1994,0,0,0,0,0,0,0,0,0,0
210404,1,1,1994,0,0,0,0,0,0,0,0,0,0
210404,2,1,1994,0,0,0,0,0,0,0,0,0,0
210405,1,1,1994,4,20,20,17,22,23,28,12,25,24
210406,1,1,1994,0,0,0,0,0,0,0,0,0,0
210406,2,1,1994,0,0,0,0,0,0,0,0,0,0
210407,1,1,1994,15,15,15,15,15,15,15,15,15,15
210408,1,1,1994,5,0,0,0,0,0,5,0,14,0
210409,1,1,1994,14,14,14,14,14,14,14,14,14,14
210410,1,1,1994,16,16,16,16,16,16,16,16,16,16
210411,1,1,1994,9,15,8,0,15,19,5,23,0,36
210412,1,1,1994,3,3,3,3,3,3,3,3,3,3
210413,1,1,1994,0,0,0,0,0,0,13,0,0,0
210414,1,1,1994,9,9,9,9,9,9,9,9,9,9
210415,1,1,1994,0,0,0,0,0,0,0,0,0,0
210416,0,1,1994,0,0,19,16,0,18,0,4,0,0
210416,1,1,1994,0,0,0,23,0,51,0,20,0,0
210417,1,1,1994,0,0,0,0,0,0,0,0,0,0
210417,2,1,1994,0,0,0,0,0,0,0,0,0,0
210418,1,1,1994,8,16,19,16,14,13,13,12,19,7
210419,1,1,1994,0,0,0,0,0,0,0,0,0,0
210419,2,1,1994,0,0,0,0,0,0,0,0,0,0