ST_CASE,VEH_NO,PER_NO,YEAR,P1,P2,P3,P4,P5,P6,P7,P8,P9,P10
210420,1,1,1994,15,15,15,15,15,15,15,15,15,15
210421,1,1,1994,0,0,0,0,0,0,0,0,0,0
210422,1,1,1994,26,14,22,0,14,0,17,23,12,16
210423,1,1,1994,0,0,0,0,0,0,0,0,0,0
210424,1,1,1994,7,7,7,7,7,7,7,7,7,7
210425,1,1,1994,24,19,42,5,30,23,4,15,15,19
210426,0,1,1994,0,0,0,0,0,0,0,0,0,0
210426,1,1,1994,0,0,0,0,0,0,0,0,0,0
210427,1,1,1994,0,0,0,0,0,0,0,0,0,0
210427,2,1,1994,0,0,0,0,0,0,0,0,0,0
210428,1,1,1994,11,11,11,11,11,11,11,11,11,11
210429,1,1,1994,23,23,23,23,23,23,23,23,23,23
210430,1,1,1994,0,0,0,0,0,0,0,0,0,0
210431,1,1,1994,0,0,0,0,0,0,0,0,0,0
210433,1,1,1994,0,0,0,0,0,0,0,0,0,0
210433,2,1,1994,0,0,0,0,0,0,0,0,0,0
210434,1,1,1994,0,0,0,0,0,0,0,0,0,9
210435,1,1,1994,0,0,0,0,0,0,0,0,0,0
210435,2,1,1994,0,0,0,0,0,0,0,0,0,0
210436,1,1,1994,0,0,0,0,0,0,6,0,0,0
210436,2,1,1994,0,0,0,0,0,0,0,0,0,0
210437,1,1,1994,0,0,0,0,0,0,0,0,0,0
210437,2,1,1994,0,0,0,0,0,0,0,0,0,0
210437,3,1,1994,0,0,0,0,0,0,0,0,0,0
210438,1,1,1994,0,0,0,0,0,0,0,0,0,0
210438,2,1,1994,0,0,0,0,0,0,0,0,0,0
210439,1,1,1994,8,8,8,8,8,8,8,8,8,8
210439,2,1,1994,0,0,0,0,0,0,0,0,0,0
210440,1,1,1994,0,0,0,0,0,0,13,0,0,0
210440,2,1,1994,0,0,0,0,0,0,0,0,0,0
210441,1,1,1994,0,0,0,0,0,0,0,0,0,0
210441,2,1,1994,0,0,0,0,0,0,0,0,0,0
210442,1,1,1994,0,0,0,0,0,0,0,0,0,0
210442,2,1,1994,0,0,0,0,0,0,11,0,0,0
210443,1,1,1994,0,0,0,0,0,3,0,0,0,0
210443,2,1,1994,0,0,0,0,0,12,0,0,0,0
210444,0,1,1994,0,0,0,0,0,0,0,0,0,0
210444,1,1,1994,0,0,0,0,0,0,7,0,0,0
210445,1,1,1994,16,16,16,16,16,16,16,16,16,16
210445,2,1,1994,0,0,0,0,0,0,0,0,3,0
210445,3,1,1994,15,6,14,17,4,3,13,22,14,17
210446,1,1,1994,0,0,0,0,0,0,0,0,0,0
210446,2,1,1994,0,0,0,0,0,0,0,0,0,0
210447,1,1,1994,0,0,0,0,0,0,0,0,16,0
210447,2,1,1994,0,0,0,0,0,0,0,0,0,0
210448,1,1,1994,0,0,0,0,0,0,0,0,0,0
210448,2,1,1994,0,0,0,0,0,0,0,0,0,0
210448,3,1,1994,0,0,0,0,0,0,24,0,5,0
210449,0,1,1994,0,0,0,0,0,0,0,0,0,0
210449,0,2,1994,0,0,0,0,0,0,0,0,0,0
210449,0,3,1994,0,0,0,0,0,0,0,0,0,0
210449,1,1,1994,0,0,0,0,0,0,0,0,0,0
210450,1,1,1994,17,17,17,17,17,17,17,17,17,17
210450,2,1,1994,0,0,0,0,0,0,0,0,0,0
210451,1,1,1994,0,0,0,0,0,0,0,0,0,0
210451,2,1,1994,0,0,0,0,0,0,0,0,0,0
210452,1,1,1994,0,0,0,0,0,0,0,0,0,0
210452,2,1,1994,0,0,0,0,0,0,0,0,0,0
210453,1,1,1994,3,3,3,3,3,3,3,3,3,3
210453,2,1,1994,0,0,0,0,0,0,0,0,0,0
210454,1,1,1994,0,0,0,0,0,0,0,0,0,0
210454,2,1,1994,0,0,0,0,0,0,0,0,0,0
210456,1,1,1994,0,0,0,0,0,0,0,0,0,0
210456,2,1,1994,0,0,0,18,0,20,0,0,0,0
210457,0,1,1994,0,0,0,0,0,0,0,0,0,0
210457,1,1,1994,0,0,0,0,0,0,0,0,0,0
210458,1,1,1994,18,18,18,18,18,18,18,18,18,18
210459,1,1,1994,25,25,25,25,25,25,25,25,25,25
210460,1,1,1994,4,4,4,4,4,4,4,4,4,4
210461,1,1,1994,12,0,32,16,12,0,15,13,17,0
210462,1,1,1994,24,24,24,24,24,24,24,24,24,24
210463,1,1,1994,0,0,0,0,0,0,0,0,0,0
210463,2,1,1994,0,0,0,0,0,0,0,0,0,0
210464,1,1,1994,22,22,22,22,22,22,22,22,22,22
210464,2,1,1994,0,0,0,0,0,0,0,0,0,0
210465,1,1,1994,0,0,0,0,0,0,0,0,0,0
210465,2,1,1994,0,0,0,0,0,0,0,0,0,0
210466,0,1,1994,17,0,0,0,0,21,23,0,0,14
210466,1,1,1994,24,0,21,6,13,18,16,0,24,10
210467,1,1,1994,0,0,0,0,0,0,0,0,0,0
210467,2,1,1994,0,0,0,0,0,0,0,0,0,0
210468,1,1,1994,4,4,4,4,4,4,4,4,4,4
210469,1,1,1994,0,0,0,0,0,0,0,0,0,0
210470,1,1,1994,22,22,22,22,22,22,22,22,22,22
210471,1,1,1994,0,0,24,0,0,0,0,0,0,0
210472,1,1,1994,0,0,16,0,0,19,17,6,0,0
210472,2,1,1994,0,0,0,0,12,0,0,0,0,0
210473,1,1,1994,4,4,4,4,4,4,4,4,4,4
210473,2,1,1994,0,0,0,0,0,0,0,0,0,0
210474,1,1,1994,6,6,6,6,6,6,6,6,6,6
210475,1,1,1994,0,0,0,0,0,0,0,0,0,0
210475,2,1,1994,0,0,0,0,0,0,0,0,0,0
210476,0,1,1994,13,0,0,0,0,10,0,0,0,0
210476,1,1,1994,0,0,0,0,0,0,0,0,0,0
210477,1,1,1994,0,13,0,0,0,0,0,0,0,0
210478,1,1,1994,26,26,26,26,26,26,26,26,26,26
210479,1,1,1994,0,6,0,0,0,0,0,0,0,0
210479,2,1,1994,0,0,0,0,0,0,0,0,0,0
210480,0,1,1994,0,0,0,0,0,0,0,0,0,0
210480,1,1,1994,0,0,0,0,0,0,0,0,0,0
210481,1,1,1994,0,0,0,16,0,20,0,9,17,18
210481,2,1,1994,2,2,2,2,2,2,2,2,2,2
210481,3,1,1994,0,0,0,0,0,0,0,0,9,0
210482,1,1,1994,1,1,1,1,1,1,1,1,1,1
210483,1,1,1994,0,0,0,0,0,0,0,0,0,0
210483,2,1,1994,0,0,0,0,0,0,0,0,0,0
210484,1,1,1994,0,0,0,0,0,0,0,0,0,0
210485,1,1,1994,0,0,0,0,0,0,0,0,0,0
210485,2,1,1994,0,0,0,0,0,0,0,0,0,0
210486,1,1,1994,20,20,20,20,20,20,20,20,20,20
210487,1,1,1994,10,10,10,10,10,10,10,10,10,10
210488,1,1,1994,26,17,29,12,15,21,33,36,22,25
210489,1,1,1994,0,0,0,0,0,0,0,0,0,0
210489,2,1,1994,0,0,0,0,0,0,0,0,0,0
210490,1,1,1994,19,15,12,23,15,25,17,29,12,9
210491,1,1,1994,0,0,0,0,0,0,0,0,0,0
210491,2,1,1994,0,0,0,0,0,0,0,0,0,0
210492,1,1,1994,0,0,0,0,0,0,0,0,0,0
210492,2,1,1994,12,0,0,0,0,0,0,0,0,0
210493,1,1,1994,0,0,0,0,0,0,0,0,0,0
210494,1,1,1994,0,0,0,0,0,0,0,0,0,0
210495,0,1,1994,0,0,0,0,0,0,0,0,0,0
210495,1,1,1994,20,20,20,20,20,20,20,20,20,20
210496,1,1,1994,0,0,0,0,0,0,0,0,0,0
210496,2,1,1994,0,2,23,0,16,25,0,20,14,12
210497,1,1,1994,0,0,0,0,0,0,0,0,0,0
210497,2,1,1994,0,0,0,0,0,0,0,0,0,0
210498,0,1,1994,0,0,0,0,0,0,0,0,0,0
210498,1,1,1994,0,0,0,0,0,0,0,0,0,0
210499,1,1,1994,0,0,0,0,0,0,0,0,0,0
210499,2,1,1994,0,0,0,0,0,0,0,0,0,0
210500,1,1,1994,0,0,0,0,0,0,0,0,0,0
210501,0,1,1994,0,0,0,0,0,0,0,0,25,0
210501,1,1,1994,0,0,0,0,0,0,0,0,0,0
210502,1,1,1994,20,20,20,20,20,20,20,20,20,20
210502,2,1,1994,0,0,0,0,0,0,0,0,0,0
210503,1,1,1994,12,12,12,12,12,12,12,12,12,12
210504,1,1,1994,0,0,0,0,0,0,0,0,0,0
210505,1,1,1994,0,0,0,0,0,0,0,0,0,0
210506,1,1,1994,0,0,0,0,0,0,0,0,0,0
210507,1,1,1994,0,0,0,0,0,0,0,0,0,0
210508,1,1,1994,0,12,18,10,0,0,0,0,0,0
210509,1,1,1994,3,3,3,3,3,3,3,3,3,3
210510,1,1,1994,0,0,0,0,0,0,0,0,0,0
210511,1,1,1994,0,0,0,0,0,0,0,0,0,0
210512,1,1,1994,0,0,0,14,0,0,0,0,0,0
210514,1,1,1994,0,0,0,0,0,0,0,0,0,0
210515,1,1,1994,0,0,0,0,0,0,3,0,0,0
210515,2,1,1994,0,0,0,0,0,0,0,0,0,0
210516,1,1,1994,23,23,23,23,23,23,23,23,23,23
210516,2,1,1994,13,13,13,13,13,13,13,13,13,13
210517,1,1,1994,0,0,0,12,0,0,14,0,9,0
210518,1,1,1994,0,0,0,0,0,0,0,0,0,0
210518,2,1,1994,0,0,0,0,0,0,0,0,0,0
210519,1,1,1994,0,0,0,0,0,0,0,0,0,0
210519,2,1,1994,0,0,0,0,0,0,0,0,0,0
210520,1,1,1994,12,12,12,12,12,12,12,12,12,12
210520,2,1,1994,0,0,0,0,15,0,0,33,11,0
210521,1,1,1994,0,0,0,0,0,0,0,0,0,0
210522,1,1,1994,0,0,0,0,0,0,0,0,0,0
210522,2,1,1994,0,0,0,0,0,0,0,0,0,0
210522,3,1,1994,0,0,0,0,0,0,0,0,0,0
210523,1,1,1994,0,0,0,0,0,0,0,0,0,0
210523,2,1,1994,0,24,0,0,5,0,5,0,11,0
210524,1,1,1994,10,10,10,10,10,10,10,10,10,10
210525,1,1,1994,0,0,0,0,0,0,0,0,0,0
210525,2,1,1994,0,0,0,0,6,0,0,0,0,0
210525,3,1,1994,0,0,0,0,0,0,0,0,0,0
210526,1,1,1994,0,0,0,0,0,0,0,0,0,0
210526,2,1,1994,0,0,0,0,0,0,0,0,0,0
210527,1,1,1994,0,0,0,0,0,0,0,0,0,0
210527,2,1,1994,0,0,0,0,0,0,0,0,0,0
210527,3,1,1994,0,0,0,0,0,0,0,0,0,0
210527,4,1,1994,0,0,0,0,0,0,0,0,0,0
210528,1,1,1994,0,0,0,0,0,0,0,0,0,0
210528,2,1,1994,0,0,0,0,0,0,0,0,0,0
210529,1,1,1994,0,0,0,0,0,0,0,0,0,0
210529,2,1,1994,0,0,0,0,0,0,0,0,0,0
210530,1,1,1994,0,0,0,0,0,0,0,0,0,0
210530,2,1,1994,0,0,0,0,0,0,0,0,0,0
210531,1,1,1994,0,0,0,0,0,0,0,0,0,0
210531,2,1,1994,0,12,0,0,0,0,0,0,0,0
210532,1,1,1994,0,0,0,0,0,29,0,0,0,0
210532,2,1,1994,0,0,0,0,0,0,0,0,0,0
210533,1,1,1994,0,0,0,0,0,0,0,0,0,0
210534,1,1,1994,31,31,31,31,31,31,31,31,31,31
210535,1,1,1994,22,22,22,22,22,22,22,22,22,22
210536,1,1,1994,0,0,0,0,0,0,0,0,0,0
210536,2,1,1994,0,0,0,0,0,0,0,0,0,0
210537,1,1,1994,0,0,0,0,0,0,0,0,0,0
210538,1,1,1994,21,21,21,21,21,21,21,21,21,21
210538,2,1,1994,0,0,0,0,0,0,0,0,21,0
210539,1,1,1994,0,0,0,0,0,0,0,0,0,0
210540,0,1,1994,8,0,18,0,0,0,0,0,0,0
210540,1,1,1994,12,12,12,12,12,12,12,12,12,12
210541,1,1,1994,25,25,25,25,25,25,25,25,25,25
210542,1,1,1994,28,28,28,28,28,28,28,28,28,28
210542,2,1,1994,0,0,0,0,0,0,0,0,0,0
210543,1,1,1994,26,26,26,26,26,26,26,26,26,26
210543,2,1,1994,0,0,0,0,0,0,0,0,0,0
210544,1,1,1994,0,0,0,0,0,0,0,0,0,0
210544,2,1,1994,5,5,5,5,5,5,5,5,5,5
210545,1,1,1994,0,8,0,0,0,0,0,0,0,0
210545,2,1,1994,0,0,0,0,0,0,0,0,0,0
210546,1,1,1994,0,0,0,0,0,0,0,0,0,0
210547,1,1,1994,28,28,28,28,28,28,28,28,28,28
210547,2,1,1994,0,0,0,0,0,0,0,0,0,0
210548,1,1,1994,25,25,25,25,25,25,25,25,25,25
210549,1,1,1994,36,36,36,36,36,36,36,36,36,36
210549,2,1,1994,0,0,0,0,0,0,0,0,0,0
210550,1,1,1994,14,14,14,14,14,14,14,14,14,14
210551,1,1,1994,4,4,4,4,4,4,4,4,4,4
210552,1,1,1994,26,26,26,26,26,26,26,26,26,26
210553,1,1,1994,0,0,0,0,0,0,0,0,0,0
210554,1,1,1994,0,14,0,0,0,0,0,0,0,0
210555,1,1,1994,0,0,0,0,0,0,0,0,0,0
210555,2,1,1994,0,0,0,0,0,0,0,0,0,0
210556,1,1,1994,0,0,0,0,0,0,0,0,0,0
210556,2,1,1994,0,0,0,0,0,0,0,0,0,0
210557,1,1,1994,0,0,0,0,30,0,0,0,0,0
210557,2,1,1994,0,0,0,0,0,0,0,0,0,0
210558,1,1,1994,0,0,0,0,0,0,0,0,0,0
210558,2,1,1994,0,0,0,0,9,0,0,0,0,0
210559,1,1,1994,17,17,17,17,17,17,17,17,17,17
210560,1,1,1994,22,0,0,0,0,0,0,0,0,0
210560,2,1,1994,0,0,14,0,0,0,0,0,0,0
210561,1,1,1994,0,0,0,0,0,0,0,0,0,0
210562,1,1,1994,0,0,0,0,0,0,0,0,0,0
210562,2,1,1994,39,14,18,18,8,15,24,17,5,6
210563,1,1,1994,0,0,0,0,0,0,0,0,0,0
210563,2,1,1994,0,0,0,0,0,0,0,0,0,0
210563,3,1,1994,0,0,0,0,0,0,0,0,0,0
210564,1,1,1994,14,14,14,14,14,14,14,14,14,14
210565,1,1,1994,1,1,1,1,1,1,1,1,1,1
210566,0,1,1994,0,0,0,0,0,0,0,0,0,0
210566,1,1,1994,0,0,0,0,0,0,0,0,0,0
210567,1,1,1994,0,0,0,0,0,0,0,0,0,0
210567,2,1,1994,14,0,0,0,0,20,0,0,0,0
210568,1,1,1994,0,0,0,0,21,0,0,0,27,0
210569,1,1,1994,3,3,3,3,3,3,3,3,3,3
210570,1,1,1994,0,0,0,0,0,0,0,0,0,0
210571,1,1,1994,0,0,0,0,0,0,0,0,0,14
210572,0,1,1994,0,0,32,0,0,0,28,0,0,0
210572,1,1,1994,0,0,0,0,0,0,0,0,0,10
210573,1,1,1994,0,0,0,0,0,0,0,0,0,0
210573,2,1,1994,0,12,0,0,0,0,0,0,14,0
210574,1,1,1994,20,20,20,20,20,20,20,20,20,20
210575,1,1,1994,35,35,35,35,35,35,35,35,35,35
210576,1,1,1994,0,0,0,0,0,0,0,0,0,0
210576,2,1,1994,0,0,0,0,0,0,0,0,0,0
210577,1,1,1994,16,16,16,16,16,16,16,16,16,16
210578,1,1,1994,39,12,37,15,18,22,25,18,10,25
210579,1,1,1994,0,0,0,0,0,0,0,0,0,0
210580,1,1,1994,0,0,4,0,0,0,0,0,0,0
210580,2,1,1994,0,0,0,0,0,0,0,0,0,0
210581,1,1,1994,0,0,0,0,7,8,18,0,0,26
210582,1,1,1994,31,0,0,0,0,0,0,0,0,0
210583,1,1,1994,25,0,13,0,0,29,14,0,25,0
210584,1,1,1994,0,0,0,0,0,0,17,0,16,13
210584,2,1,1994,0,0,0,19,0,18,0,0,0,0
210585,1,1,1994,0,0,0,0,0,0,0,0,0,7
210585,2,1,1994,0,0,0,0,0,0,0,0,0,0
210586,1,1,1994,0,0,0,0,0,0,0,0,0,0
210586,2,1,1994,0,0,0,0,0,0,0,0,0,0
210586,3,1,1994,0,0,0,0,0,0,0,0,0,16
210587,1,1,1994,19,19,19,19,19,19,19,19,19,19
210588,1,1,1994,19,19,19,19,19,19,19,19,19,19
210589,1,1,1994,0,0,0,0,8,0,0,0,0,0
210590,1,1,1994,21,21,21,21,21,21,21,21,21,21
210591,1,1,1994,0,0,0,0,0,0,0,0,0,0
210592,1,1,1994,0,0,0,0,0,0,0,0,0,0
210593,1,1,1994,21,21,21,21,21,21,21,21,21,21
210594,1,1,1994,0,0,0,0,0,0,0,0,0,0
210595,1,1,1994,8,17,13,10,15,26,34,30,11,22
210596,1,1,1994,27,27,27,27,27,27,27,27,27,27
210597,1,1,1994,25,25,25,25,25,25,25,25,25,25
210598,1,1,1994,0,0,0,0,0,0,0,0,0,0
210599,1,1,1994,0,0,0,0,0,0,0,0,0,0
210600,1,1,1994,0,0,0,0,0,12,0,26,12,0
210601,1,1,1994,0,4,0,0,0,0,0,0,0,0
210602,1,1,1994,0,0,0,0,0,0,0,0,5,0
210602,2,1,1994,0,0,0,0,0,0,0,0,0,0
210603,1,1,1994,25,25,25,25,25,25,25,25,25,25
210604,1,1,1994,0,29,0,26,0,30,0,23,10,23
210605,1,1,1994,0,0,0,0,0,0,0,0,0,0
210605,2,1,1994,0,0,0,0,0,0,2,0,0,0
210605,3,1,1994,0,0,0,0,0,0,0,9,0,0
210606,1,1,1994,23,23,23,23,23,23,23,23,23,23
210607,1,1,1994,0,0,0,0,0,0,0,0,0,0
210607,2,1,1994,0,0,0,0,0,0,0,0,0,0
210608,1,1,1994,27,27,27,27,27,27,27,27,27,27
210608,2,1,1994,0,0,0,0,0,0,0,0,0,0
210609,1,1,1994,0,0,0,0,0,0,0,0,0,0
210610,1,1,1994,0,0,0,0,0,0,0,0,0,0
210610,2,1,1994,0,0,11,0,0,0,0,0,0,10
210611,1,1,1994,0,0,0,0,0,0,0,0,0,0
210611,2,1,1994,0,0,0,0,0,0,0,0,0,0
210611,3,1,1994,0,0,0,0,0,0,0,0,0,0
210612,1,1,1994,0,0,0,0,0,0,0,0,0,0
210612,2,1,1994,0,0,0,0,0,0,0,0,0,0
210613,1,1,1994,0,0,0,0,0,0,0,0,0,0
210614,1,1,1994,20,20,20,20,20,20,20,20,20,20
210614,2,1,1994,0,0,0,0,0,0,0,0,0,0
210615,1,1,1994,0,0,0,0,0,0,0,0,0,0
210615,2,1,1994,0,0,0,0,0,0,0,0,0,0
210615,3,1,1994,0,0,0,0,6,0,0,0,0,0
210615,4,1,1994,0,0,0,0,0,0,0,10,0,0
210616,1,1,1994,0,0,0,0,0,0,0,0,0,0
210616,2,1,1994,0,0,0,0,0,0,0,0,0,0
210617,1,1,1994,0,0,0,0,0,7,0,0,0,0
210617,2,1,1994,0,0,0,0,0,0,0,0,0,0
210618,1,1,1994,0,0,0,0,14,0,0,0,0,0
210618,2,1,1994,0,0,0,0,0,0,0,0,0,0
210619,1,1,1994,0,0,0,0,0,0,0,0,0,0
210620,0,1,1994,16,16,16,16,16,16,16,16,16,16
210620,1,1,1994,0,0,0,0,0,0,0,0,0,0
210621,1,1,1994,0,0,0,0,0,0,0,0,0,0
210621,2,1,1994,0,0,0,0,0,0,0,0,0,0
210622,1,1,1994,0,0,0,0,0,0,0,0,0,0
210623,1,1,1994,0,0,0,0,0,0,0,0,0,0
210623,2,1,1994,0,0,0,0,0,0,0,0,0,0
210624,1,1,1994,5,5,5,5,5,5,5,5,5,5
210624,2,1,1994,0,0,0,0,0,0,0,0,0,0
210624,3,1,1994,0,0,0,0,0,0,0,0,0,0
210624,4,1,1994,0,0,0,0,0,0,0,0,0,0
210624,5,1,1994,0,0,0,0,0,0,12,0,0,0
210624,6,1,1994,0,0,0,0,0,0,0,0,0,0
210624,7,1,1994,0,0,0,0,5,0,0,0,0,0
210624,8,1,1994,0,0,0,0,0,0,0,0,0,0
210624,9,1,1994,16,0,0,0,0,0,0,0,0,0
210625,1,1,1994,0,0,0,0,0,0,0,0,0,0
210625,2,1,1994,0,0,0,0,0,0,0,0,0,0
210626,1,1,1994,0,0,0,7,0,0,14,0,0,0
210627,0,1,1994,4,0,24,19,52,22,0,26,11,21
210627,1,1,1994,0,0,0,0,0,0,0,0,0,0
210628,1,1,1994,26,26,26,26,26,26,26,26,26,26
210629,1,1,1994,0,0,0,0,0,0,0,0,0,0
210629,2,1,1994,6,6,6,6,6,6,6,6,6,6
210629,3,1,1994,0,0,0,0,0,0,0,0,0,0
210630,1,1,1994,0,0,0,0,0,0,0,0,0,0
210630,2,1,1994,0,0,0,0,0,0,0,9,0,6
210631,1,1,1994,0,0,0,0,0,0,0,0,0,0
210631,2,1,1994,0,0,0,0,0,0,0,0,0,0
210632,1,1,1994,1,1,1,1,1,1,1,1,1,1
210632,2,1,1994,0,0,0,0,0,0,0,0,0,0
210633,1,1,1994,0,0,0,0,0,0,0,8,0,0
210634,1,1,1994,0,0,0,0,0,0,0,0,0,0
210635,1,1,1994,0,0,0,0,0,0,0,0,0,0
210635,2,1,1994,0,0,0,0,0,0,0,0,0,0
210636,1,1,1994,4,29,20,24,23,28,12,21,8,10
210637,1,1,1994,0,0,0,0,0,0,0,0,0,0
210637,2,1,1994,0,0,0,0,0,0,0,0,0,0
210638,1,1,1994,0,0,0,0,0,0,0,0,0,0
210638,2,1,1994,0,0,0,0,0,0,0,0,0,0
210639,0,1,1994,0,0,0,0,0,0,0,0,0,0
210639,1,1,1994,0,0,0,0,0,0,0,0,0,0
210640,1,1,1994,0,0,0,0,0,0,0,0,0,0
210640,2,1,1994,0,0,0,0,0,0,33,0,0,0
210641,1,1,1994,13,13,24,13,9,8,20,34,19,22
210642,1,1,1994,0,0,0,0,0,0,0,0,0,0
210643,1,1,1994,0,0,0,33,0,0,0,0,0,0
210644,1,1,1994,0,12,0,18,0,0,0,0,1,0
210645,1,1,1994,0,0,0,0,0,0,0,0,0,0
210646,1,1,1994,0,0,0,0,0,0,0,0,0,0
210647,0,1,1994,0,0,0,11,0,0,0,35,0,0
210647,1,1,1994,0,0,0,0,0,0,0,0,0,0
210648,1,1,1994,8,13,12,25,22,14,26,0,12,11
210649,1,1,1994,14,14,14,14,14,14,14,14,14,14
210650,1,1,1994,0,0,0,0,0,0,0,0,0,0
210650,2,1,1994,0,0,0,0,0,0,0,0,0,0
210650,3,1,1994,0,24,0,30,0,0,0,0,0,0
210650,4,1,1994,0,0,0,0,0,0,0,0,0,0
210651,1,1,1994,6,6,6,6,6,6,6,6,6,6
210651,2,1,1994,0,0,0,0,0,0,0,0,0,0
210652,1,1,1994,13,9,20,16,21,24,15,11,12,11
210652,2,1,1994,0,0,0,0,17,5,0,0,0,0
210653,1,1,1994,0,0,0,0,0,0,29,18,0,0
210654,1,1,1994,0,0,0,0,0,0,0,0,0,0
210654,2,1,1994,0,5,0,0,0,0,0,0,0,0
210655,1,1,1994,0,0,0,0,0,0,0,0,0,0
210655,2,1,1994,0,0,0,0,0,0,0,0,0,0
210656,1,1,1994,0,0,0,0,0,0,0,0,0,0
210656,2,1,1994,0,0,0,0,0,0,0,0,0,0
210657,1,1,1994,0,0,0,0,0,0,0,0,0,37
210657,2,1,1994,0,0,0,0,0,0,0,0,0,0
210658,1,1,1994,4,4,4,4,4,4,4,4,4,4
210658,2,1,1994,0,0,0,0,0,0,0,0,0,0
210659,1,1,1994,0,0,0,0,0,0,0,0,0,0
210659,2,1,1994,0,0,0,0,0,0,0,0,0,0
210661,1,1,1994,10,10,10,10,10,10,10,10,10,10
210662,1,1,1994,7,15,9,16,8,7,33,11,10,23
210663,1,1,1994,0,0,0,0,0,0,0,0,0,0
210664,1,1,1994,22,19,9,0,34,21,11,23,32,17
210665,1,1,1994,0,0,0,0,0,0,0,0,0,0
210665,2,1,1994,0,0,0,13,0,0,0,0,0,0
210666,1,1,1994,0,0,10,0,0,0,0,0,0,0
210667,1,1,1994,10,0,11,0,0,0,0,0,0,0
210667,2,1,1994,24,24,24,24,24,24,24,24,24,24
210668,1,1,1994,0,0,0,0,0,0,0,0,0,0
210668,2,1,1994,0,0,0,0,0,0,0,0,0,0
210669,1,1,1994,0,0,0,2,0,0,16,0,0,0
210670,0,1,1994,0,0,0,0,0,0,0,0,0,0
210670,1,1,1994,0,0,0,0,0,20,5,0,0,0
210671,1,1,1994,0,0,0,0,0,0,0,0,0,0
210671,2,1,1994,0,0,0,0,0,0,0,0,0,0
210672,1,1,1994,0,0,0,0,0,0,0,0,0,0
210672,2,1,1994,0,0,0,0,0,0,0,0,0,0
210673,1,1,1994,14,14,14,14,14,14,14,14,14,14
210674,0,1,1994,0,0,0,0,0,0,0,0,0,0
210674,1,1,1994,0,0,0,0,0,0,0,0,0,0
210675,1,1,1994,0,0,0,0,0,0,0,0,0,0
210675,2,1,1994,0,0,0,0,0,0,0,0,0,0
210675,3,1,1994,0,0,0,0,0,0,0,0,0,0
210676,1,1,1994,15,15,15,15,15,15,15,15,15,15
210677,1,1,1994,19,19,19,19,19,19,19,19,19,19
210678,1,1,1994,7,12,7,11,16,19,7,9,18,20
210679,1,1,1994,0,0,0,0,0,0,0,14,6,16
210680,1,1,1994,20,20,20,20,20,20,20,20,20,20
210681,1,1,1994,8,0,13,0,7,0,25,30,22,0
210682,1,1,1994,0,0,0,0,0,0,0,0,0,0
210683,1,1,1994,0,0,0,0,0,10,0,0,0,0
210684,1,1,1994,0,0,0,0,0,0,0,0,0,0
210684,2,1,1994,0,0,0,0,0,0,0,0,0,0
210685,1,1,1994,13,13,13,13,13,13,13,13,13,13
210686,1,1,1994,0,0,0,0,0,0,0,0,0,0
210686,2,1,1994,12,0,0,0,7,0,0,0,0,0
210687,1,1,1994,0,0,0,0,0,0,0,0,0,0
210688,1,1,1994,14,3,17,12,14,7,0,0,0,0
210688,2,1,1994,0,0,0,0,0,0,0,0,0,0
210689,1,1,1994,0,0,0,18,0,0,0,0,0,0
210690,1,1,1994,26,18,18,29,0,27,13,31,21,0
210691,1,1,1994,0,0,0,0,0,0,0,0,0,0
210691,2,1,1994,0,0,0,0,0,0,0,0,0,0
210692,1,1,1994,0,0,0,0,0,0,0,0,0,0
210692,2,1,1994,0,21,0,0,0,0,0,0,6,0
210693,1,1,1994,0,0,0,0,0,0,0,0,0,0
210693,2,1,1994,0,0,0,0,0,0,0,0,0,0
210694,1,1,1994,0,0,0,0,0,0,0,20,0,0
210694,2,1,1994,0,0,0,5,0,0,0,0,0,0
210695,0,1,1994,0,0,0,0,0,0,0,0,0,0
210695,1,1,1994,0,0,0,0,0,0,0,0,0,5
210696,1,1,1994,0,0,0,0,0,28,0,0,0,0
210697,1,1,1994,0,0,15,0,0,4,0,0,20,0
210698,1,1,1994,16,44,14,0,0,13,21,32,25,18
210699,1,1,1994,10,0,0,21,0,0,0,0,0,0
210701,1,1,1994,0,0,0,0,0,0,0,0,0,0
210702,1,1,1994,20,0,0,0,0,0,0,0,0,0
210703,1,1,1994,9,9,9,9,9,9,9,9,9,9
210703,2,1,1994,6,6,6,6,6,6,6,6,6,6
210704,1,1,1994,0,0,0,0,0,0,0,0,0,0
210704,2,1,1994,25,0,0,0,0,0,0,0,0,0
210704,3,1,1994,0,0,0,0,0,0,0,0,0,0
210705,0,1,1994,0,0,0,0,0,0,0,0,0,0
210705,0,2,1994,0,0,0,0,0,0,0,0,0,0
210705,1,1,1994,0,0,0,0,0,0,0,0,0,0
210706,1,1,1994,6,6,6,6,6,6,6,6,6,6
220001,1,1,1994,0,0,0,0,0,0,0,0,0,0
220002,1,1,1994,0,0,0,0,0,0,0,0,0,0
220002,2,1,1994,0,0,0,0,0,0,0,0,0,0
220003,1,1,1994,34,34,34,34,34,34,34,34,34,34
220004,0,1,1994,0,0,0,0,0,0,0,0,0,0
220004,1,1,1994,0,0,0,0,0,0,0,0,0,0
220005,1,1,1994,0,0,0,0,0,0,0,0,0,0