ST_CASE,VEH_NO,PER_NO,YEAR,P1,P2,P3,P4,P5,P6,P7,P8,P9,P10
220562,1,1,1994,0,17,0,0,0,0,17,7,0,12
220563,1,1,1994,0,0,0,0,0,0,0,0,0,0
220564,1,1,1994,12,12,12,12,12,12,12,12,12,12
220564,2,1,1994,0,0,0,0,0,0,0,0,0,0
220565,1,1,1994,0,0,0,0,0,0,0,0,0,0
220565,2,1,1994,0,0,0,0,0,0,0,0,0,0
220566,1,1,1994,29,29,29,29,29,29,29,29,29,29
220566,2,1,1994,35,18,4,11,18,14,8,14,11,28
220567,1,1,1994,0,0,0,0,0,0,0,0,0,0
220567,2,1,1994,0,0,0,0,0,0,0,0,0,0
220567,3,1,1994,0,0,0,11,0,0,0,0,0,0
220567,4,1,1994,0,0,0,0,0,0,0,0,0,0
220568,1,1,1994,14,14,14,14,14,14,14,14,14,14
220569,1,1,1994,5,5,5,5,5,5,5,5,5,5
220570,1,1,1994,0,0,0,0,0,0,0,0,0,0
220570,2,1,1994,0,0,0,0,0,0,0,0,0,0
220571,1,1,1994,0,0,0,0,0,0,0,0,0,0
220572,1,1,1994,6,6,6,6,6,6,6,6,6,6
220572,2,1,1994,0,0,0,0,0,0,0,0,0,0
220573,1,1,1994,0,0,0,0,0,0,0,0,0,0
220574,1,1,1994,34,18,11,0,8,18,17,21,17,17
220575,1,1,1994,22,22,22,22,22,22,22,22,22,22
220575,2,1,1994,0,0,0,0,0,0,0,0,0,0
220576,1,1,1994,0,0,0,0,0,0,0,0,0,0
220576,2,1,1994,0,0,0,0,0,0,0,0,0,0
220576,3,1,1994,0,0,0,0,0,0,0,0,0,0
220577,1,1,1994,0,0,0,0,0,0,0,0,0,0
220577,2,1,1994,0,0,0,0,0,0,0,0,0,0
220577,3,1,1994,0,0,0,0,0,0,0,0,0,0
220578,1,1,1994,0,0,0,0,0,0,0,0,0,0
220579,0,1,1994,12,12,12,12,12,12,12,12,12,12
220579,1,1,1994,0,0,0,0,0,0,0,0,0,0
220580,1,1,1994,25,12,43,27,25,27,8,7,24,12
220581,1,1,1994,0,0,0,0,0,0,0,0,0,0
220581,2,1,1994,0,0,0,0,0,0,0,0,0,0
220582,1,1,1994,0,0,0,0,0,0,0,0,0,0
220582,2,1,1994,0,0,0,0,0,0,0,0,0,0
220583,1,1,1994,9,9,9,9,9,9,9,9,9,9
220584,1,1,1994,18,18,18,18,18,18,18,18,18,18
220585,1,1,1994,0,0,0,0,0,0,0,0,0,0
220585,2,1,1994,0,0,0,0,0,0,0,0,0,0
220586,1,1,1994,13,13,13,13,13,13,13,13,13,13
220587,1,1,1994,0,0,0,0,0,0,0,0,0,0
220587,2,1,1994,0,0,0,0,0,0,0,0,0,0
220587,3,1,1994,0,0,0,0,0,0,0,0,0,0
220588,1,1,1994,18,18,18,18,18,18,18,18,18,18
220589,1,1,1994,27,27,27,27,27,27,27,27,27,27
220590,1,1,1994,7,7,7,7,7,7,7,7,7,7
220592,1,1,1994,0,0,11,0,0,0,0,0,0,0
220593,0,1,1994,35,35,35,35,35,35,35,35,35,35
220593,1,1,1994,0,0,0,0,0,0,0,0,0,0
220594,0,1,1994,0,0,0,0,0,0,0,0,0,0
220594,1,1,1994,0,0,0,0,0,0,0,0,0,0
220595,1,1,1994,8,8,8,8,8,8,8,8,8,8
220597,1,1,1994,0,0,0,0,0,0,0,0,0,0
220597,2,1,1994,0,0,0,0,0,0,0,0,0,0
220598,1,1,1994,0,0,0,0,0,0,0,0,0,0
220598,2,1,1994,0,0,0,0,0,0,0,0,0,0
220599,1,1,1994,0,0,0,0,0,0,0,0,0,0
220599,2,1,1994,0,0,0,0,0,0,0,0,0,0
220600,1,1,1994,23,23,23,23,23,23,23,23,23,23
220600,2,1,1994,0,0,0,0,0,0,0,0,0,0
220601,0,1,1994,42,42,42,42,42,42,42,42,42,42
220601,1,1,1994,0,0,0,0,0,0,0,0,0,0
220602,1,1,1994,12,12,12,12,12,12,12,12,12,12
220603,1,1,1994,0,0,0,0,0,0,0,0,0,0
220603,2,1,1994,0,0,0,0,0,0,0,0,0,0
220604,1,1,1994,23,23,23,23,23,23,23,23,23,23
220605,1,1,1994,11,11,11,11,11,11,11,11,11,11
220606,1,1,1994,0,0,0,0,0,0,0,0,0,0
220606,2,1,1994,0,0,0,0,0,0,0,0,0,0
220607,1,1,1994,18,18,18,18,18,18,18,18,18,18
220608,1,1,1994,13,13,13,13,13,13,13,13,13,13
220609,1,1,1994,0,0,0,0,0,0,0,0,0,0
220609,2,1,1994,0,0,0,0,0,0,0,0,0,0
220610,1,1,1994,0,0,0,0,0,0,0,0,0,0
220610,2,1,1994,0,0,0,0,0,0,0,0,0,0
220611,1,1,1994,0,0,0,14,0,0,0,0,16,3
220611,2,1,1994,0,12,0,0,0,0,0,0,0,0
220612,1,1,1994,0,0,0,0,0,0,0,0,0,0
220612,2,1,1994,0,0,0,0,0,0,0,0,0,0
220613,1,1,1994,7,7,7,7,7,7,7,7,7,7
220614,1,1,1994,21,21,21,21,21,21,21,21,21,21
220615,1,1,1994,0,0,0,0,0,0,0,0,0,0
220615,2,1,1994,0,0,0,0,0,0,0,0,0,0
220616,0,1,1994,0,0,0,0,0,0,0,0,0,0
220616,1,1,1994,0,27,0,14,19,23,10,21,16,16
220617,1,1,1994,20,16,0,0,6,21,13,33,0,11
220618,0,1,1994,0,0,0,0,0,0,0,0,0,0
220618,1,1,1994,0,0,0,0,0,0,0,0,0,0
220620,0,1,1994,30,30,30,30,30,30,30,30,30,30
220620,1,1,1994,9,9,9,9,9,9,9,9,9,9
220621,1,1,1994,0,0,0,0,0,0,0,0,0,0
220621,2,1,1994,0,0,0,0,0,0,0,0,0,0
220623,1,1,1994,0,0,0,0,0,0,0,0,0,0
220624,0,1,1994,25,20,30,31,11,0,14,18,15,29
220624,1,1,1994,3,3,3,3,3,3,3,3,3,3
220625,1,2,1994,21,43,0,34,22,4,16,22,0,18
220626,1,1,1994,35,13,0,21,9,16,0,0,0,7
220627,1,1,1994,0,0,0,0,0,0,0,0,0,0
220628,1,1,1994,0,0,0,0,0,0,0,0,0,0
220628,2,1,1994,16,16,16,16,16,16,16,16,16,16
220629,1,1,1994,11,11,11,11,11,11,11,11,11,11
220629,2,1,1994,0,0,0,0,0,0,0,0,0,0
220629,3,1,1994,0,0,0,0,0,0,0,0,0,0
220630,1,1,1994,0,0,0,0,0,0,0,0,0,0
220630,2,1,1994,0,0,0,0,0,0,0,0,0,0
220631,1,1,1994,17,17,17,17,17,17,17,17,17,17
220631,2,1,1994,0,0,0,0,0,0,0,0,0,0
220632,1,1,1994,0,0,0,0,0,0,0,0,0,0
220632,2,1,1994,0,0,0,0,0,0,0,0,0,0
220633,0,1,1994,0,0,0,0,0,0,0,0,0,0
220633,1,1,1994,0,0,0,0,0,0,0,0,0,0
220634,1,1,1994,0,10,0,0,9,0,0,0,0,0
220635,1,1,1994,27,27,27,27,27,27,27,27,27,27
220635,2,1,1994,0,0,0,0,0,0,0,0,0,0
220635,3,1,1994,0,0,0,0,0,0,0,0,0,0
220636,1,1,1994,0,0,0,0,0,0,0,0,0,0
220636,2,1,1994,0,0,0,0,0,0,0,0,0,0
220637,1,1,1994,0,0,0,0,0,0,0,0,0,0
220637,2,1,1994,22,22,22,22,22,22,22,22,22,22
220638,1,1,1994,0,0,0,0,0,0,0,0,0,0
220638,2,1,1994,0,0,0,0,0,0,0,0,0,0
220639,1,1,1994,15,9,0,47,0,12,22,0,23,18
220640,0,1,1994,0,0,0,0,0,0,0,0,9,0
220640,1,1,1994,7,7,7,7,7,7,7,7,7,7
220641,1,1,1994,0,0,0,0,0,0,0,0,0,0
220641,2,1,1994,0,0,0,0,0,0,0,0,0,0
220642,1,1,1994,0,0,0,0,0,0,0,0,0,0
220642,2,1,1994,0,0,0,0,0,0,0,0,0,0
220643,1,1,1994,0,0,0,0,0,0,0,0,0,0
220643,2,1,1994,0,0,0,0,0,0,0,0,0,0
220644,1,1,1994,0,0,0,0,0,0,0,0,0,0
220644,2,1,1994,0,0,0,0,0,0,0,0,0,0
220645,0,1,1994,2,2,2,2,2,2,2,2,2,2
220645,1,1,1994,16,16,16,16,16,16,16,16,16,16
220646,0,1,1994,28,28,28,28,28,28,28,28,28,28
220646,1,1,1994,0,0,0,0,0,0,0,22,0,12
220647,1,1,1994,0,0,0,0,0,0,0,0,0,0
220648,1,1,1994,21,21,21,21,21,21,21,21,21,21
220648,2,1,1994,0,0,0,0,0,0,0,0,0,0
220649,1,1,1994,0,0,0,0,0,0,0,0,0,0
220649,2,1,1994,0,0,0,0,0,0,0,0,0,0
220650,1,1,1994,14,14,14,14,14,14,14,14,14,14
220651,1,1,1994,9,9,9,9,9,9,9,9,9,9
220652,1,1,1994,0,0,0,0,0,0,0,0,0,12
220652,2,1,1994,0,0,0,0,0,0,0,0,0,0
220652,3,1,1994,0,0,0,0,0,0,0,0,0,0
220654,0,1,1994,24,24,24,24,24,24,24,24,24,24
220654,1,1,1994,25,17,10,0,19,17,21,19,0,15
220655,1,1,1994,0,0,0,0,0,0,0,0,0,0
220656,1,1,1994,15,15,15,15,15,15,15,15,15,15
220656,2,1,1994,3,3,3,3,3,3,3,3,3,3
220657,1,1,1994,15,21,3,7,15,29,19,17,0,12
220658,0,1,1994,3,3,3,3,3,3,3,3,3,3
220658,1,1,1994,0,0,0,0,0,0,0,0,0,0
220659,1,1,1994,0,0,0,0,0,0,0,0,0,0
220659,2,1,1994,0,0,0,0,0,0,0,0,0,0
220660,0,1,1994,0,0,0,0,0,0,0,0,0,0
220660,1,1,1994,0,0,0,0,0,0,0,0,0,0
220661,0,1,1994,0,0,0,20,0,0,0,10,10,0
220661,1,1,1994,0,0,0,0,0,0,0,0,0,0
220661,2,1,1994,0,0,0,0,0,0,0,0,0,0
220662,1,1,1994,0,0,0,0,0,0,0,0,0,0
220663,1,1,1994,17,0,18,0,0,26,20,33,22,10
220664,1,1,1994,0,0,0,0,0,0,0,0,0,0
220664,2,1,1994,0,0,0,0,0,0,0,0,0,0
220665,1,1,1994,0,19,0,0,0,0,9,0,0,0
220667,0,1,1994,13,13,13,13,13,13,13,13,13,13
220667,1,1,1994,23,23,23,23,23,23,23,23,23,23
220668,1,1,1994,0,0,0,0,0,0,0,0,0,0
220668,2,1,1994,0,0,0,0,0,0,0,0,0,0
220668,3,1,1994,0,0,0,0,0,0,0,0,0,0
220669,1,1,1994,26,26,26,26,26,26,26,26,26,26
220670,1,1,1994,0,0,0,0,0,0,0,0,0,0
220671,1,1,1994,18,0,0,30,0,0,20,0,0,16
220672,1,1,1994,0,0,0,0,0,0,0,0,0,0
220672,2,1,1994,0,0,0,0,0,0,0,0,0,0
220673,1,1,1994,0,12,0,0,0,0,0,0,0,0
220673,2,1,1994,0,0,0,23,0,0,0,0,0,0
220674,1,1,1994,0,0,0,0,0,0,0,0,0,0
220674,2,1,1994,24,0,12,0,17,0,0,0,0,15
220674,3,1,1994,0,0,0,0,0,0,0,0,0,0
220675,1,1,1994,38,0,0,27,0,0,0,0,0,0
220676,1,1,1994,23,44,0,31,28,0,0,0,27,0
220677,1,1,1994,24,24,24,24,24,24,24,24,24,24
220678,1,1,1994,17,0,0,0,0,0,0,0,0,5
220678,2,1,1994,0,0,0,13,0,0,0,0,0,0
220679,0,1,1994,0,0,0,0,0,0,0,0,0,0
220679,1,1,1994,0,0,0,0,0,0,0,0,0,0
220680,1,1,1994,13,13,13,13,13,13,13,13,13,13
220681,1,1,1994,0,0,0,0,0,0,0,0,0,0
220681,2,1,1994,0,0,0,0,0,0,0,0,0,0
220682,1,1,1994,0,0,0,0,0,0,0,0,0,0
220682,2,1,1994,0,0,0,0,0,0,0,0,0,0
220683,1,1,1994,0,0,0,0,0,0,0,0,0,0
220683,2,1,1994,0,0,0,0,0,0,0,0,0,0
220683,3,1,1994,0,0,0,0,0,0,0,0,0,0
220684,1,1,1994,0,0,25,0,0,18,0,2,21,0
220685,1,1,1994,0,0,0,0,0,0,0,0,0,0
220686,1,1,1994,0,0,0,0,0,0,0,0,0,0
220686,2,1,1994,0,0,0,0,0,0,7,0,0,0
220687,0,1,1994,15,0,0,13,17,0,18,17,14,10
220687,1,1,1994,0,0,0,0,13,0,0,0,0,0
220688,1,1,1994,0,0,0,0,0,0,0,0,0,0
220689,1,1,1994,0,0,0,0,0,0,0,0,0,0
220689,2,1,1994,0,0,0,0,0,0,0,0,0,0
220690,0,1,1994,23,23,23,23,23,23,23,23,23,23
220690,1,1,1994,0,0,0,0,0,0,0,0,0,0
220691,1,1,1994,0,0,0,0,0,0,0,0,0,0
220692,1,1,1994,17,17,17,17,17,17,17,17,17,17
220693,1,1,1994,0,0,0,0,0,0,0,0,0,0
220693,2,1,1994,0,0,0,0,0,0,0,0,0,0
220693,3,1,1994,0,0,0,0,0,0,0,0,0,0
220694,1,1,1994,0,0,0,0,0,0,0,0,0,0
220695,0,1,1994,0,0,0,0,0,0,0,0,27,0
220695,1,1,1994,0,0,0,0,0,0,0,0,0,0
220696,1,1,1994,0,0,0,0,0,0,0,0,0,0
220696,2,1,1994,0,0,0,0,0,0,0,0,0,0
220697,1,1,1994,29,29,29,29,29,29,29,29,29,29
220698,1,1,1994,13,13,13,13,13,13,13,13,13,13
220698,2,1,1994,0,0,0,0,0,0,0,0,0,0
220699,1,1,1994,0,0,0,0,0,0,0,0,0,0
220699,2,1,1994,20,20,20,20,20,20,20,20,20,20
220701,0,1,1994,0,0,0,0,0,0,0,0,0,0
220701,1,1,1994,0,0,0,0,0,0,0,0,0,0
220702,1,1,1994,0,0,0,9,0,0,0,0,0,3
220703,1,1,1994,35,35,35,35,35,35,35,35,35,35
220704,1,1,1994,0,0,0,0,0,0,0,0,22,0
220704,2,1,1994,0,0,0,0,0,0,0,0,0,0
220705,0,1,1994,0,0,0,0,0,0,0,0,0,0
220705,1,1,1994,0,0,0,0,0,0,0,0,0,0
220706,1,1,1994,0,0,0,0,0,0,0,0,0,20
220707,1,1,1994,0,0,0,0,0,0,0,0,0,0
220708,1,1,1994,0,0,0,0,10,0,0,0,0,0
220708,2,1,1994,0,0,0,0,0,0,0,0,0,0
220709,1,1,1994,0,0,0,7,0,0,0,0,0,0
220709,2,1,1994,6,0,0,0,9,0,0,12,0,0
220710,0,1,1994,0,0,0,0,0,0,0,0,0,0
220710,1,1,1994,0,0,0,0,0,0,0,0,0,0
220711,1,1,1994,0,0,0,0,0,0,0,0,0,0
220711,2,1,1994,0,0,0,0,0,0,0,0,0,0
220712,1,1,1994,0,0,0,0,0,0,0,0,0,0
220712,2,1,1994,0,0,0,0,0,0,0,0,0,0
220713,1,1,1994,20,20,20,20,20,20,20,20,20,20
220714,1,1,1994,0,0,0,0,0,0,0,0,0,0
220715,1,1,1994,0,27,23,11,16,0,0,0,21,0
220716,1,1,1994,0,0,0,0,0,0,0,0,0,0
220716,2,1,1994,0,0,0,0,0,0,0,0,0,0
220717,1,1,1994,18,23,0,0,0,0,0,0,0,13
220718,1,1,1994,22,22,22,22,22,22,22,22,22,22
220719,1,1,1994,7,19,19,25,17,11,20,11,15,11
220720,1,1,1994,0,0,0,0,0,0,4,0,12,0
220721,1,1,1994,22,22,22,22,22,22,22,22,22,22
220722,1,1,1994,0,0,0,0,0,0,0,0,0,0
220723,1,1,1994,0,0,0,0,0,0,0,0,0,0
220723,2,1,1994,0,0,0,0,0,0,0,0,0,0
220724,1,1,1994,0,0,0,0,0,0,0,0,0,0
220724,2,1,1994,0,0,0,0,0,0,0,0,0,0
220725,0,1,1994,0,19,16,0,10,0,0,32,27,13
220725,1,1,1994,27,18,7,0,0,0,17,0,0,10
220726,1,1,1994,0,0,0,0,0,0,0,0,0,0
220726,2,1,1994,0,0,0,0,0,0,0,0,0,0
220727,1,1,1994,0,0,0,0,0,0,0,0,0,0
220727,2,1,1994,0,0,0,0,0,0,0,0,0,0
220728,1,1,1994,20,14,0,24,24,0,23,23,14,0
220729,1,1,1994,0,0,0,0,0,0,0,0,0,0
220729,2,1,1994,19,19,19,19,19,19,19,19,19,19
220730,1,1,1994,20,20,20,20,20,20,20,20,20,20
220731,1,1,1994,0,0,0,0,0,0,0,0,0,0
220731,2,1,1994,0,0,15,0,0,0,0,0,0,0
220731,3,1,1994,0,0,0,0,0,0,0,0,0,0
220732,1,1,1994,0,0,0,0,0,0,0,0,13,0
220733,1,1,1994,0,0,0,5,0,0,0,0,0,17
220733,2,1,1994,14,0,0,0,8,0,0,17,33,9
220734,0,1,1994,0,0,0,0,0,0,0,0,0,0
220734,1,1,1994,0,0,0,0,0,0,0,5,0,19
220735,0,1,1994,0,24,0,52,38,0,0,0,0,0
220735,0,2,1994,0,8,13,14,10,7,15,33,17,0
220735,1,1,1994,0,0,8,0,0,0,0,0,9,0
220736,1,1,1994,0,0,0,0,0,0,0,0,0,0
220737,1,1,1994,26,26,26,26,26,26,26,26,26,26
220738,1,1,1994,0,0,0,0,15,13,0,11,0,29
220738,2,1,1994,0,0,0,0,0,0,0,0,0,0
220739,1,1,1994,27,27,27,27,27,27,27,27,27,27
220741,1,1,1994,11,11,11,11,11,11,11,11,11,11
220741,2,1,1994,0,0,0,0,0,0,0,0,0,0
220742,1,1,1994,19,19,19,19,19,19,19,19,19,19
220743,1,1,1994,0,0,0,0,0,0,0,0,0,0
220743,2,1,1994,0,0,0,0,0,0,0,0,0,0
220744,1,1,1994,0,0,0,0,13,15,0,0,28,28
220744,2,1,1994,0,0,0,0,0,0,0,0,0,0
220745,1,1,1994,17,11,0,22,23,20,0,24,25,0
220745,2,1,1994,0,0,0,0,0,0,0,0,0,0
220746,1,1,1994,0,0,0,0,0,0,0,0,0,0
220747,1,1,1994,13,27,5,19,4,12,9,0,30,0
220748,1,1,1994,17,17,17,17,17,17,17,17,17,17
220749,1,1,1994,13,6,25,9,14,16,9,26,9,14
220750,0,1,1994,0,0,0,0,0,0,0,0,0,0
220750,1,1,1994,0,0,0,0,0,0,0,0,0,0
220751,0,1,1994,0,0,0,0,0,41,0,22,0,18
220751,1,1,1994,0,0,0,0,0,0,0,0,0,0
220752,0,1,1994,22,22,22,22,22,22,22,22,22,22
220752,1,1,1994,0,0,0,0,0,0,0,0,0,0
220753,1,1,1994,13,0,0,0,0,18,0,0,0,13
220754,1,1,1994,12,12,12,12,12,12,12,12,12,12
220755,0,1,1994,13,13,13,13,13,13,13,13,13,13
220755,1,1,1994,0,0,0,0,0,0,0,0,0,0
220756,1,1,1994,0,0,0,0,0,0,0,0,0,0
220757,1,1,1994,16,16,16,16,16,16,16,16,16,16
220758,1,1,1994,0,0,0,9,0,0,0,0,0,0
220759,1,1,1994,0,0,0,0,0,0,0,0,0,0
220759,2,1,1994,0,0,0,0,0,0,0,0,0,0
220760,1,1,1994,28,0,24,0,29,22,0,0,0,31
220761,1,1,1994,0,0,0,0,0,0,0,0,0,0
220762,0,1,1994,0,0,0,0,0,0,0,0,0,0
220762,1,1,1994,0,0,0,0,0,0,0,0,0,0
220763,1,1,1994,0,0,0,0,0,0,0,0,0,0
220764,1,1,1994,0,0,21,0,0,13,0,11,0,0
220764,2,1,1994,0,0,0,0,0,0,0,0,0,0
220764,3,1,1994,0,0,0,0,0,0,0,0,0,0
220765,1,1,1994,16,16,16,16,16,16,16,16,16,16
220766,1,1,1994,6,6,6,6,6,6,6,6,6,6
220766,2,1,1994,0,0,0,0,0,0,0,0,0,0
230001,1,1,1994,0,0,0,0,0,0,0,0,0,0
230001,2,1,1994,0,0,0,0,0,0,0,0,0,0
230002,1,1,1994,19,19,19,19,19,19,19,19,19,19
230003,1,1,1994,0,0,0,0,0,0,0,0,0,0
230003,2,1,1994,0,0,0,0,0,0,0,0,0,0
230004,0,1,1994,0,0,0,0,0,0,0,0,0,0
230004,1,1,1994,0,0,0,0,0,0,0,0,0,0
230005,0,1,1994,0,0,0,0,0,0,0,0,0,0
230005,1,1,1994,0,0,0,0,0,0,0,0,0,0
230006,1,1,1994,0,0,0,0,0,0,0,0,0,0
230006,2,1,1994,0,0,0,0,0,0,0,0,0,0
230007,1,1,1994,0,0,0,0,0,0,0,0,0,0
230007,2,1,1994,0,0,0,0,0,0,0,0,0,0
230008,1,1,1994,0,0,0,0,0,0,0,0,0,0
230008,2,1,1994,0,0,0,0,0,0,0,0,0,0
230009,1,1,1994,0,0,0,0,0,0,0,0,0,0
230009,2,1,1994,25,0,0,0,0,0,0,11,0,0
230010,1,1,1994,0,0,0,0,0,0,0,0,0,0
230010,2,1,1994,17,0,0,0,0,0,0,0,0,0
230011,1,1,1994,0,0,0,0,0,0,0,0,0,0
230011,2,1,1994,0,0,0,0,0,0,0,0,0,0
230012,0,1,1994,0,0,0,0,0,0,0,0,0,0
230012,0,2,1994,16,25,21,0,12,0,0,0,14,12
230012,1,1,1994,0,0,0,0,0,0,0,0,0,0
230013,1,1,1994,0,0,0,0,0,0,0,0,0,0
230014,0,1,1994,0,0,0,0,0,0,0,0,0,0
230014,1,1,1994,0,0,0,0,0,0,0,0,0,0
230015,1,1,1994,16,16,16,16,16,16,16,16,16,16
230016,0,1,1994,19,19,19,19,19,19,19,19,19,19
230016,1,1,1994,0,0,0,0,0,0,0,0,0,0
230017,1,1,1994,11,11,11,11,11,11,11,11,11,11
230018,0,1,1994,0,0,0,0,0,0,0,0,0,0
230018,1,1,1994,24,0,0,19,0,0,14,13,14,0
230019,1,1,1994,0,0,0,0,0,0,0,0,0,0
230019,2,1,1994,0,0,0,0,0,0,0,0,0,0
230020,0,1,1994,0,0,0,0,22,0,0,0,0,0
230020,1,1,1994,0,0,0,0,0,0,0,0,0,0
230021,1,1,1994,0,0,0,0,0,0,0,0,0,0
230021,2,1,1994,0,0,0,0,0,0,0,0,0,0
230022,1,1,1994,13,13,13,13,13,13,13,13,13,13
230022,2,1,1994,0,0,0,0,0,0,0,0,0,0
230023,1,1,1994,0,0,0,0,0,0,0,0,0,0
230023,2,1,1994,0,0,0,0,0,0,0,0,0,0
230024,0,1,1994,0,0,0,0,0,0,0,0,0,0
230024,1,1,1994,0,0,0,0,0,0,0,0,0,0
230025,1,1,1994,12,12,12,12,12,12,12,12,12,12
230026,0,1,1994,23,23,23,23,23,23,23,23,23,23
230026,1,1,1994,0,0,0,0,0,0,0,0,0,0
230027,1,1,1994,1,1,1,1,1,1,1,1,1,1
230027,2,1,1994,0,0,0,0,0,0,0,0,0,0
230028,1,1,1994,0,0,0,0,0,0,0,0,18,0
230028,2,1,1994,0,0,0,0,0,0,0,0,0,0
230028,3,1,1994,0,0,0,0,0,0,0,0,0,0
230028,4,1,1994,0,0,0,0,0,0,0,0,0,0
230028,5,1,1994,0,0,0,0,0,0,0,0,0,3
230028,6,1,1994,0,0,0,0,0,0,0,0,0,0
230029,1,1,1994,26,26,26,26,26,26,26,26,26,26
230030,1,1,1994,0,0,0,0,0,0,0,0,0,0
230031,1,1,1994,0,0,0,0,0,0,0,0,0,0
230032,1,1,1994,13,13,13,13,13,13,13,13,13,13
230033,1,1,1994,0,0,0,0,0,0,0,0,0,0
230035,1,1,1994,0,0,0,0,0,0,0,0,0,0
230035,2,1,1994,0,0,0,0,0,0,0,0,0,0
230036,1,1,1994,0,0,0,0,0,0,0,0,0,0
230037,1,1,1994,0,0,0,0,0,0,0,0,0,0
230037,2,1,1994,5,5,5,5,5,5,5,5,5,5
230038,0,1,1994,0,0,0,0,0,0,0,0,0,0
230038,1,1,1994,0,0,0,0,0,0,0,0,0,0
230039,1,1,1994,0,0,0,0,0,0,0,0,0,0
230040,1,1,1994,20,0,5,13,7,21,5,3,14,11
230041,1,1,1994,18,18,18,18,18,18,18,18,18,18
230042,1,1,1994,7,7,7,7,7,7,7,7,7,7
230043,1,1,1994,10,10,10,10,10,10,10,10,10,10
230044,1,1,1994,0,0,0,0,0,0,0,0,0,0
230045,1,1,1994,0,0,0,0,0,0,0,0,0,0
230046,0,1,1994,0,0,0,0,0,0,0,0,0,0
230046,1,1,1994,0,0,0,0,0,0,0,0,0,0
230047,1,1,1994,0,0,0,0,0,0,0,0,0,0
230047,2,1,1994,0,0,0,0,0,0,0,0,0,0
230048,1,1,1994,0,0,0,0,0,0,0,0,0,0
230049,0,1,1994,33,33,33,33,33,33,33,33,33,33
230049,1,1,1994,0,0,0,0,0,0,0,0,0,0
230050,1,1,1994,0,0,0,0,0,0,0,0,0,0
230051,1,1,1994,25,25,25,25,25,25,25,25,25,25
230052,1,1,1994,8,8,8,8,8,8,8,8,8,8
230053,1,1,1994,0,0,0,0,0,0,0,0,0,0
230053,2,1,1994,0,0,0,0,0,0,0,0,0,0
230054,0,1,1994,0,0,0,0,0,0,0,0,0,0
230054,1,1,1994,0,0,0,0,0,0,0,0,0,0
230055,1,1,1994,14,14,14,14,14,14,14,14,14,14
230055,2,1,1994,0,0,0,0,0,0,0,0,0,0
230056,1,1,1994,0,0,0,0,0,0,0,0,0,0
230056,2,1,1994,0,0,0,0,0,0,0,0,0,0
230056,3,1,1994,0,0,0,0,0,0,0,0,0,0
230057,1,1,1994,0,0,0,0,0,0,0,0,0,0
230057,2,1,1994,0,0,0,0,0,0,0,0,0,0
230057,3,1,1994,0,0,0,0,0,0,0,0,0,0
230058,1,1,1994,12,12,12,12,12,12,12,12,12,12
230059,1,1,1994,0,0,0,0,0,0,0,0,0,0
230059,2,1,1994,0,0,0,0,0,0,0,0,0,0
230060,0,1,1994,28,28,28,28,28,28,28,28,28,28
230060,1,1,1994,23,0,42,29,14,0,18,0,0,0
230061,1,1,1994,0,0,0,0,0,0,0,0,0,0
230061,2,1,1994,0,0,11,0,0,0,0,0,0,0
230061,3,1,1994,0,0,0,0,0,0,0,0,0,0
230062,1,1,1994,0,0,0,0,0,0,0,0,0,0
230063,1,1,1994,26,26,26,26,26,26,26,26,26,26
230064,1,1,1994,0,0,0,0,0,0,0,0,0,0
230064,2,1,1994,0,0,0,0,0,0,0,0,0,0
230064,3,1,1994,29,29,29,29,29,29,29,29,29,29
230065,0,1,1994,12,12,12,12,12,12,12,12,12,12
230065,1,1,1994,0,0,0,0,0,0,0,0,0,0
230066,1,1,1994,7,7,7,7,7,7,7,7,7,7
230067,1,1,1994,0,0,0,0,0,0,0,0,0,0
230067,2,1,1994,0,0,0,0,0,0,0,0,0,0
230068,1,1,1994,0,0,0,0,0,0,0,0,0,0
230068,2,1,1994,0,0,0,0,0,0,0,0,0,0
230069,1,1,1994,0,0,0,0,0,0,0,0,0,0
230070,1,1,1994,0,0,0,0,0,0,0,0,0,0
230070,2,1,1994,8,8,8,8,8,8,8,8,8,8
230071,1,1,1994,0,0,0,0,0,0,0,0,0,0
230072,1,1,1994,25,25,25,25,25,25,25,25,25,25
230073,1,1,1994,0,0,0,0,0,0,0,0,0,0
230073,2,1,1994,0,0,0,0,0,0,0,0,0,0
230074,1,1,1994,0,0,0,0,0,0,0,0,0,0
230074,2,1,1994,0,0,0,0,0,0,0,0,0,0
230075,1,1,1994,0,0,0,0,0,0,0,0,0,0
230075,2,1,1994,0,0,0,0,0,0,0,0,0,0
230076,1,1,1994,26,26,26,26,26,26,26,26,26,26
230077,1,1,1994,0,0,33,0,0,0,21,0,0,0
230078,1,1,1994,0,0,0,0,0,0,0,0,0,0
230079,1,1,1994,23,0,0,0,0,0,0,0,0,0
230079,2,1,1994,0,0,0,0,0,0,0,0,0,0
230080,1,1,1994,0,0,0,0,0,0,0,0,0,0
230081,0,1,1994,0,0,0,0,0,0,0,0,0,0