ST_CASE,VEH_NO,PER_NO,YEAR,P1,P2,P3,P4,P5,P6,P7,P8,P9,P10
230081,1,1,1994,0,0,0,0,0,0,0,0,0,0
230082,1,1,1994,0,0,0,0,0,0,0,0,0,0
230083,1,1,1994,20,20,20,20,20,20,20,20,20,20
230084,1,1,1994,0,0,0,0,0,0,0,0,0,0
230084,2,1,1994,0,0,0,0,0,0,0,0,0,0
230085,1,1,1994,0,0,0,0,0,0,0,0,0,0
230085,2,1,1994,0,0,0,0,0,0,0,0,0,0
230086,1,1,1994,0,0,0,0,0,0,0,0,0,0
230087,1,1,1994,21,21,21,21,21,21,21,21,21,21
230087,2,1,1994,0,0,0,0,0,0,0,6,0,0
230088,1,1,1994,0,0,0,0,0,0,0,0,0,0
230088,2,1,1994,0,0,0,0,0,0,0,0,0,0
230089,1,1,1994,5,0,0,0,0,0,0,0,0,0
230089,2,1,1994,0,0,0,0,0,0,0,0,0,0
230090,1,1,1994,0,0,0,0,0,0,0,0,0,0
230090,2,1,1994,0,0,0,0,0,0,0,0,0,0
230090,3,1,1994,0,0,0,0,0,0,0,0,0,0
230091,1,1,1994,0,0,0,0,0,0,0,0,0,0
230092,1,1,1994,0,0,0,0,0,0,0,0,0,0
230092,2,1,1994,0,0,0,0,0,0,0,0,0,0
230093,1,1,1994,0,17,0,0,0,3,0,0,0,0
230093,2,1,1994,0,0,0,0,0,15,0,0,0,0
230094,1,1,1994,0,0,0,0,0,0,0,0,0,0
230095,1,1,1994,0,0,18,0,0,0,0,0,0,0
230096,1,1,1994,0,0,0,0,0,0,0,0,0,0
230097,1,1,1994,0,0,0,0,0,0,0,0,0,0
230097,2,1,1994,0,0,0,0,0,0,0,0,0,0
230098,1,1,1994,0,0,0,0,0,0,0,0,0,0
230099,1,1,1994,0,0,0,0,0,0,0,0,0,0
230100,1,1,1994,0,0,0,0,0,0,0,0,0,0
230101,1,1,1994,9,24,18,24,20,15,25,11,30,12
230102,1,1,1994,9,9,9,9,9,9,9,9,9,9
230103,1,1,1994,20,20,20,20,20,20,20,20,20,20
230104,1,1,1994,0,0,0,0,0,0,0,0,0,0
230104,2,1,1994,0,0,0,0,0,0,0,0,0,0
230105,1,1,1994,10,10,10,10,10,10,10,10,10,10
230106,1,1,1994,0,0,0,0,0,0,0,0,0,0
230107,1,1,1994,0,0,0,0,0,0,0,0,0,0
230107,2,1,1994,0,0,0,0,0,0,0,0,0,0
230108,1,1,1994,0,0,0,0,0,0,0,0,0,0
230108,2,1,1994,0,0,0,0,0,0,0,0,0,0
230109,1,1,1994,0,0,0,0,0,0,0,0,0,0
230110,1,1,1994,0,0,0,0,0,0,0,0,0,0
230111,1,1,1994,14,14,14,14,14,14,14,14,14,14
230112,1,1,1994,5,5,5,5,5,5,5,5,5,5
230112,2,1,1994,0,0,0,0,0,0,0,0,10,0
230113,1,1,1994,0,0,0,0,0,0,0,0,0,0
230113,2,1,1994,0,0,0,0,0,0,0,0,0,0
230113,3,1,1994,0,0,0,0,0,0,0,0,0,0
230114,1,1,1994,0,0,0,0,0,0,0,0,0,0
230115,1,1,1994,19,19,19,19,19,19,19,19,19,19
230116,1,1,1994,0,0,0,0,0,0,0,0,0,0
230117,1,1,1994,21,21,21,21,21,21,21,21,21,21
230119,1,1,1994,14,14,14,14,14,14,14,14,14,14
230120,0,1,1994,0,0,0,0,0,0,0,0,0,0
230120,1,1,1994,18,25,20,0,0,45,14,0,0,11
230121,1,1,1994,12,12,12,12,12,12,12,12,12,12
230122,1,1,1994,0,0,0,0,0,0,0,0,0,0
230122,2,1,1994,0,0,0,0,0,0,0,0,0,0
230123,1,1,1994,0,0,0,0,0,0,0,0,0,0
230123,2,1,1994,0,0,0,0,0,0,0,0,0,0
230123,3,1,1994,0,0,0,0,0,0,0,0,0,0
230124,1,1,1994,0,0,0,0,0,0,0,0,0,0
230124,2,1,1994,0,0,0,0,0,0,0,0,0,0
230125,1,1,1994,0,0,0,0,0,0,0,0,0,0
230125,2,1,1994,0,0,0,0,0,0,0,0,0,0
230126,1,1,1994,4,4,4,4,4,4,4,4,4,4
230127,0,1,1994,0,0,0,0,0,0,0,0,0,0
230127,1,1,1994,0,0,0,0,0,0,0,0,0,0
230128,1,1,1994,17,17,17,17,17,17,17,17,17,17
230129,1,1,1994,25,25,25,25,25,25,25,25,25,25
230130,1,1,1994,0,0,0,0,0,0,0,0,0,0
230131,1,1,1994,0,0,0,0,0,0,0,0,0,0
230131,2,1,1994,0,0,0,0,0,0,0,0,0,0
230132,1,1,1994,14,14,14,14,14,14,14,14,14,14
230132,2,1,1994,0,0,0,0,0,0,0,0,0,0
230133,0,1,1994,0,0,0,0,0,0,0,0,0,0
230133,1,1,1994,0,0,0,0,0,0,0,0,0,0
230134,1,1,1994,0,0,0,0,0,0,0,0,0,0
230134,2,1,1994,0,0,0,0,0,0,0,0,0,0
230135,1,1,1994,0,0,0,0,0,0,0,0,0,0
230136,1,1,1994,0,0,0,0,0,0,0,0,0,0
230136,2,1,1994,0,0,0,0,0,0,0,0,0,0
230137,1,1,1994,0,0,0,0,0,0,0,0,0,0
230137,2,1,1994,0,0,0,0,17,0,0,0,0,0
230137,3,1,1994,0,0,0,0,0,0,0,0,0,0
230138,1,1,1994,0,0,0,0,0,0,0,0,0,0
230138,2,1,1994,0,0,0,0,0,0,0,0,0,0
230139,1,1,1994,0,0,0,0,0,0,0,0,0,0
230139,2,1,1994,0,0,0,0,0,0,0,0,0,0
230140,0,1,1994,0,0,0,0,0,0,0,0,0,0
230140,1,1,1994,0,0,0,0,34,0,0,0,0,0
230141,0,1,1994,19,19,19,19,19,19,19,19,19,19
230141,1,1,1994,0,0,0,7,0,10,0,0,26,0
230142,0,1,1994,0,0,0,0,0,0,0,0,0,0
230142,0,2,1994,0,0,0,0,0,0,0,0,0,0
230142,1,1,1994,0,0,0,0,0,0,0,0,0,0
230143,1,1,1994,0,0,0,0,0,0,0,0,0,0
230143,2,1,1994,0,0,0,0,0,0,0,0,0,0
230144,1,1,1994,0,0,0,0,0,0,0,0,0,0
230145,1,1,1994,22,22,22,22,22,22,22,22,22,22
230146,1,1,1994,0,0,0,0,0,0,0,0,0,0
230147,1,1,1994,0,0,0,0,0,0,0,0,0,0
230147,2,1,1994,0,0,0,0,0,0,0,0,0,0
230148,1,1,1994,14,14,14,14,14,14,14,14,14,14
230148,2,1,1994,0,0,0,0,0,0,0,0,0,0
230149,1,1,1994,2,2,2,2,2,2,2,2,2,2
230150,1,1,1994,0,0,0,0,0,0,0,0,0,0
230151,0,1,1994,0,0,0,0,0,0,0,0,0,0
230151,0,2,1994,0,0,0,0,0,25,0,0,0,0
230151,1,1,1994,0,0,0,0,0,0,0,0,0,0
230152,1,1,1994,10,10,10,10,10,10,10,10,10,10
230152,2,1,1994,0,0,0,0,0,0,0,0,0,0
230153,1,1,1994,0,0,0,0,0,0,0,0,0,0
230154,0,1,1994,15,15,15,15,15,15,15,15,15,15
230154,1,1,1994,0,0,0,0,0,0,0,0,0,0
230155,0,1,1994,0,0,0,0,0,0,0,0,0,0
230155,1,1,1994,0,0,0,0,0,0,0,0,0,0
230156,1,1,1994,9,9,9,9,9,9,9,9,9,9
230156,2,1,1994,0,0,0,0,0,0,0,0,0,0
230157,1,1,1994,6,6,6,6,6,6,6,6,6,6
230157,2,1,1994,0,0,0,0,0,0,0,0,0,0
230158,1,1,1994,0,0,0,0,0,0,0,0,0,0
230159,1,1,1994,0,0,0,0,0,0,0,0,0,0
230160,1,1,1994,16,16,16,16,16,16,16,16,16,16
230160,2,1,1994,0,0,0,0,0,0,0,0,0,0
230161,1,1,1994,0,0,0,0,0,0,0,0,0,0
230161,2,1,1994,0,0,0,0,0,0,0,0,0,0
230161,3,1,1994,0,0,0,0,0,0,0,0,0,0
230162,0,1,1994,16,16,16,16,16,16,16,16,16,16
230162,1,1,1994,0,0,0,0,0,0,0,0,0,0
230164,1,1,1994,16,16,16,16,16,16,16,16,16,16
230164,2,1,1994,0,0,0,0,0,0,0,0,0,0
230165,1,1,1994,2,2,2,2,2,2,2,2,2,2
230165,2,1,1994,0,0,0,0,0,0,0,0,0,0
230166,1,1,1994,0,0,0,0,0,0,0,0,0,0
230167,1,1,1994,8,8,8,8,8,8,8,8,8,8
230168,1,1,1994,5,5,5,5,5,5,5,5,5,5
230169,1,1,1994,0,0,0,0,0,0,0,0,0,0
230169,2,1,1994,0,0,0,0,0,0,0,0,0,0
240003,1,1,1994,0,0,0,0,0,0,0,0,0,0
240004,1,1,1994,0,0,0,0,0,0,0,0,0,0
240005,1,1,1994,0,0,0,0,0,0,0,0,0,0
240005,2,1,1994,0,0,0,0,0,0,0,0,0,0
240006,0,1,1994,26,26,26,26,26,26,26,26,26,26
240006,1,1,1994,0,0,0,0,0,0,0,0,0,0
240007,0,1,1994,24,24,24,24,24,24,24,24,24,24
240007,1,1,1994,0,33,0,0,26,0,0,0,0,0
240008,1,1,1994,4,4,4,4,4,4,4,4,4,4
240009,1,1,1994,0,0,0,0,0,0,0,0,0,0
240010,1,1,1994,0,0,0,0,0,0,0,0,0,0
240010,2,1,1994,0,0,0,0,0,0,0,0,0,0
240011,1,1,1994,16,16,16,16,16,16,16,16,16,16
240013,1,1,1994,0,0,0,0,0,0,0,0,0,0
240014,1,1,1994,0,0,0,0,0,0,0,0,0,0
240014,2,1,1994,0,0,0,0,20,0,0,0,0,0
240015,1,1,1994,0,0,0,0,0,0,0,0,0,0
240015,2,1,1994,7,0,0,0,0,0,0,0,0,0
240016,1,1,1994,0,0,10,14,0,0,0,0,0,0
240016,2,1,1994,0,0,0,0,0,0,0,0,0,0
240017,1,1,1994,0,0,0,0,0,0,0,0,0,0
240017,2,1,1994,0,0,0,0,0,0,0,0,13,0
240017,3,1,1994,0,0,0,0,0,5,0,0,0,0
240017,4,1,1994,0,0,0,0,0,0,0,0,0,0
240018,1,1,1994,0,0,0,0,0,0,0,0,0,0
240019,1,1,1994,0,0,0,0,0,0,0,0,0,0
240019,2,1,1994,0,0,0,0,0,0,0,0,0,0
240020,1,1,1994,0,0,0,0,0,0,0,0,0,0
240020,2,1,1994,16,0,0,0,0,0,0,0,0,0
240021,0,1,1994,0,0,0,0,0,0,0,0,0,0
240021,1,1,1994,0,0,0,0,0,0,0,0,11,0
240022,1,1,1994,0,0,0,0,0,0,0,0,0,0
240022,2,1,1994,0,0,0,0,0,0,0,0,0,0
240023,0,1,1994,17,17,17,17,17,17,17,17,17,17
240023,1,1,1994,0,0,0,0,0,0,0,0,12,0
240024,1,1,1994,0,0,0,0,0,0,0,0,0,0
240024,2,1,1994,8,0,0,0,0,17,0,0,0,0
240025,1,1,1994,23,23,23,23,23,23,23,23,23,23
240025,2,1,1994,0,25,0,0,0,0,0,14,0,0
240026,1,1,1994,0,15,0,0,0,13,0,0,0,0
240026,2,1,1994,0,0,0,0,0,0,0,0,0,0
240026,3,1,1994,0,0,0,0,0,0,0,0,0,0
240027,0,1,1994,0,0,0,0,0,0,0,0,0,0
240027,1,1,1994,8,8,0,7,0,0,0,0,0,10
240028,1,1,1994,0,0,0,0,0,0,0,0,0,0
240028,2,1,1994,0,17,19,3,0,21,13,0,18,0
240028,3,1,1994,0,0,6,11,0,24,0,0,13,0
240028,4,1,1994,8,0,0,0,0,0,0,0,0,0
240028,5,1,1994,0,0,0,0,0,0,0,0,0,0
240028,6,1,1994,0,0,0,0,0,0,0,0,0,0
240028,7,1,1994,0,0,0,0,0,0,0,0,0,0
240028,8,1,1994,0,0,0,0,0,0,0,0,0,0
240029,0,1,1994,0,0,0,0,0,0,0,0,0,0
240029,1,1,1994,14,0,0,0,0,0,0,0,0,0
240030,1,1,1994,18,18,18,18,18,18,18,18,18,18
240031,1,1,1994,16,16,16,16,16,16,16,16,16,16
240032,1,1,1994,19,19,19,19,19,19,19,19,19,19
240033,1,1,1994,16,16,16,16,16,16,16,16,16,16
240033,2,1,1994,0,0,0,0,0,0,0,0,0,0
240034,0,1,1994,9,27,0,0,23,12,0,0,0,21
240034,1,1,1994,0,6,0,36,0,7,0,18,16,0
240035,1,1,1994,10,9,0,0,12,0,0,0,16,17
240036,1,2,1994,0,0,0,0,0,0,0,0,0,0
240037,1,1,1994,0,0,0,0,0,0,0,0,0,0
240037,2,1,1994,0,0,0,0,0,0,0,0,0,0
240038,1,1,1994,0,0,0,0,0,0,0,0,0,0
240038,2,1,1994,0,0,0,0,0,0,0,0,0,0
240039,1,1,1994,0,0,0,0,0,0,0,0,0,0
240040,1,1,1994,0,0,0,0,0,0,0,0,0,0
240041,0,1,1994,11,11,11,11,11,11,11,11,11,11
240041,1,1,1994,0,0,0,0,0,0,0,0,0,0
240042,0,1,1994,1,1,1,1,1,1,1,1,1,1
240042,1,1,1994,0,0,0,0,0,0,0,0,17,25
240043,0,1,1994,0,0,0,0,0,0,0,0,0,0
240043,1,1,1994,13,0,0,0,16,0,0,0,21,0
240044,1,2,1994,26,0,0,0,0,0,0,0,0,14
240044,2,1,1994,0,0,13,0,0,0,30,0,0,0
240045,1,1,1994,0,0,0,0,0,0,0,0,0,0
240045,2,1,1994,5,0,0,0,0,0,0,0,30,0
240046,1,1,1994,9,9,9,9,9,9,9,9,9,9
240047,1,1,1994,0,0,0,0,0,0,0,0,0,0
240047,2,1,1994,0,0,0,0,0,0,0,0,0,0
240049,1,1,1994,0,0,0,0,0,0,0,0,0,0
240049,2,1,1994,0,0,0,0,0,0,0,0,0,0
240050,1,1,1994,0,0,0,0,0,0,0,0,0,0
240050,2,1,1994,0,0,0,0,0,0,0,0,0,0
240051,1,1,1994,8,8,8,8,8,8,8,8,8,8
240052,1,1,1994,0,0,0,0,0,0,0,0,0,0
240053,1,1,1994,0,0,0,0,0,0,0,0,0,0
240053,2,1,1994,0,0,0,0,23,0,0,0,0,0
240054,1,1,1994,0,0,0,0,0,0,0,0,12,0
240054,2,1,1994,14,14,14,14,14,14,14,14,14,14
240055,1,1,1994,0,0,0,0,0,0,0,0,0,0
240055,2,1,1994,0,0,0,0,0,0,0,0,0,0
240056,0,1,1994,27,27,27,27,27,27,27,27,27,27
240056,1,1,1994,0,0,0,0,6,16,0,16,12,0
240057,1,1,1994,15,0,0,26,10,18,10,0,24,17
240058,1,1,1994,0,0,0,0,0,0,0,0,0,0
240058,2,1,1994,0,0,9,0,0,0,0,0,0,0
240059,1,1,1994,4,4,4,4,4,4,4,4,4,4
240060,0,1,1994,13,13,13,13,13,13,13,13,13,13
240060,1,1,1994,0,0,0,0,0,0,0,0,0,0
240061,1,1,1994,0,0,0,0,0,0,0,0,0,0
240061,2,1,1994,0,0,0,0,0,0,0,0,0,0
240062,0,1,1994,0,0,0,0,0,0,0,0,0,0
240062,1,1,1994,0,0,0,0,0,0,0,0,0,0
240063,1,1,1994,0,0,0,0,0,0,0,0,0,0
240064,1,1,1994,13,13,13,13,13,13,13,13,13,13
240064,2,1,1994,0,0,19,0,0,0,0,0,0,0
240064,3,1,1994,13,13,13,13,13,13,13,13,13,13
240065,1,1,1994,0,0,0,0,0,0,0,0,0,0
240065,2,1,1994,0,0,0,0,0,0,0,0,0,0
240066,1,1,1994,0,0,0,0,0,0,0,0,0,0
240066,2,1,1994,0,0,0,0,0,0,0,0,0,0
240067,1,1,1994,15,15,15,15,15,15,15,15,15,15
240068,1,1,1994,0,0,0,0,0,0,0,0,0,0
240068,2,1,1994,0,0,0,0,0,0,0,0,0,0
240069,1,1,1994,0,0,0,0,0,0,0,0,0,0
240069,2,1,1994,0,0,0,0,0,0,0,0,0,0
240070,1,1,1994,20,20,20,20,20,20,20,20,20,20
240071,0,1,1994,24,24,24,24,24,24,24,24,24,24
240071,1,1,1994,5,16,12,14,0,19,10,19,8,13
240072,1,1,1994,0,0,0,0,0,0,0,0,0,0
240072,2,1,1994,0,0,0,0,0,11,0,0,0,0
240073,1,1,1994,0,0,0,0,0,0,0,0,0,0
240073,2,1,1994,0,0,0,0,0,0,0,0,0,0
240074,1,1,1994,18,18,18,18,18,18,18,18,18,18
240075,1,1,1994,19,19,19,19,19,19,19,19,19,19
240075,2,1,1994,0,0,0,0,0,10,0,0,0,0
240075,3,1,1994,12,0,0,0,0,0,0,0,21,0
240076,1,1,1994,0,0,0,0,0,0,0,0,0,0
240076,2,1,1994,0,0,0,0,13,0,0,0,0,0
240077,1,1,1994,0,0,0,0,0,0,0,0,0,0
240077,2,1,1994,0,0,0,0,0,0,0,0,0,5
240078,1,1,1994,0,0,0,0,0,0,0,0,0,0
240079,1,1,1994,1,1,1,1,1,1,1,1,1,1
240080,1,1,1994,21,21,21,21,21,21,21,21,21,21
240081,0,1,1994,0,0,0,0,0,0,0,0,0,0
240081,1,1,1994,0,0,0,0,0,0,0,0,0,0
240082,1,1,1994,0,0,0,0,0,0,0,0,0,0
240082,2,1,1994,0,0,0,0,0,0,0,0,0,0
240083,2,1,1994,0,0,0,0,0,0,0,0,0,0
240084,1,1,1994,0,0,0,0,0,11,0,0,15,0
240084,2,1,1994,0,0,0,0,0,0,0,0,0,0
240085,1,1,1994,0,0,0,17,0,0,0,0,0,0
240086,1,1,1994,0,0,0,0,0,0,0,0,0,0
240086,2,1,1994,0,0,0,0,0,0,0,0,0,0
240087,1,1,1994,0,0,0,0,0,0,0,0,0,0
240088,1,1,1994,0,0,0,0,0,0,0,0,0,0
240088,2,1,1994,0,0,0,0,0,0,0,0,0,0
240089,1,1,1994,6,6,6,6,6,6,6,6,6,6
240090,0,1,1994,5,5,5,5,5,5,5,5,5,5
240090,1,1,1994,0,0,0,0,0,0,0,0,0,0
240091,1,1,1994,0,0,0,0,0,0,0,0,20,0
240091,2,1,1994,0,0,0,0,0,0,0,0,0,0
240092,1,1,1994,0,0,0,0,0,0,0,0,0,0
240092,2,1,1994,0,10,0,0,0,0,0,17,3,6
240093,0,1,1994,0,0,0,0,0,0,0,0,0,0
240093,1,1,1994,0,0,0,0,8,0,0,0,0,0
240094,0,1,1994,0,0,0,0,0,0,26,23,0,0
240094,1,1,1994,0,19,17,0,0,0,19,0,0,9
240095,1,1,1994,0,0,0,0,0,0,5,0,0,0
240096,0,1,1994,0,0,0,0,0,0,0,0,0,0
240096,1,1,1994,9,9,9,9,9,9,9,9,9,9
240097,1,1,1994,0,0,0,0,0,0,0,0,0,0
240098,1,1,1994,13,13,13,13,13,13,13,13,13,13
240099,1,1,1994,21,21,21,21,21,21,21,21,21,21
240100,1,1,1994,0,0,0,0,0,0,0,0,0,0
240101,0,1,1994,23,23,23,23,23,23,23,23,23,23
240101,1,1,1994,3,8,13,9,0,8,18,0,28,0
240102,1,1,1994,0,0,0,0,0,0,0,0,0,0
240103,0,1,1994,0,0,0,0,0,0,0,33,20,0
240103,1,1,1994,0,0,0,0,0,0,0,0,0,0
240104,1,1,1994,6,6,6,6,6,6,6,6,6,6
240105,1,1,1994,0,0,0,0,0,0,0,0,0,0
240105,2,1,1994,0,0,0,0,0,0,0,0,0,0
240106,1,1,1994,0,0,0,0,0,0,0,0,0,0
240106,2,1,1994,0,0,0,0,0,0,0,0,0,0
240107,1,1,1994,0,0,0,0,0,0,0,0,0,0
240107,2,1,1994,0,0,0,0,0,0,0,0,0,0
240108,1,1,1994,0,0,0,0,0,0,0,0,0,0
240109,1,1,1994,0,0,0,0,0,0,0,0,0,0
240110,1,1,1994,0,0,0,0,0,0,0,0,0,3
240110,2,1,1994,0,0,0,0,0,0,0,0,0,0
240111,1,1,1994,21,21,21,21,21,21,21,21,21,21
240112,1,1,1994,18,0,0,4,0,0,0,0,0,0
240112,2,1,1994,0,0,0,0,0,0,0,0,0,0
240112,3,1,1994,0,35,8,0,0,26,0,0,0,15
240113,0,1,1994,0,0,0,0,0,0,0,0,0,0
240113,1,1,1994,0,0,8,0,0,0,0,0,0,0
240114,1,1,1994,0,0,0,0,0,0,0,0,0,0
240114,2,1,1994,0,0,0,0,0,0,0,0,0,0
240115,0,1,1994,0,0,0,0,0,0,0,0,0,0
240115,1,1,1994,0,0,0,0,0,0,0,0,0,0
240115,2,1,1994,4,4,4,4,4,4,4,4,4,4
240116,1,1,1994,0,0,0,0,0,0,0,0,0,0
240116,2,1,1994,0,0,0,0,0,14,0,16,0,0
240117,1,1,1994,0,0,0,0,0,0,0,0,0,0
240118,1,1,1994,18,18,18,18,18,18,18,18,18,18
240119,0,1,1994,26,26,26,26,26,26,26,26,26,26
240119,1,1,1994,0,0,0,0,24,0,0,0,0,0
240120,1,1,1994,0,0,0,0,0,0,0,0,0,0
240120,2,1,1994,0,0,0,0,0,0,0,0,0,0
240121,1,1,1994,0,0,0,0,0,0,0,0,0,0
240122,1,1,1994,0,0,0,0,0,0,0,0,0,0
240122,2,1,1994,0,0,0,0,0,0,0,0,0,0
240123,0,1,1994,34,34,34,34,34,34,34,34,34,34
240123,1,1,1994,15,15,15,15,15,15,15,15,15,15
240124,1,1,1994,13,17,17,32,4,32,37,21,22,25
240125,0,1,1994,14,14,14,14,14,14,14,14,14,14
240125,1,1,1994,0,0,0,0,0,0,0,0,0,0
240126,0,1,1994,0,0,0,0,0,0,0,0,0,0
240126,1,1,1994,0,0,0,0,3,0,0,0,0,0
240127,1,1,1994,8,8,8,8,8,8,8,8,8,8
240127,2,1,1994,0,0,0,0,0,0,0,0,0,0
240128,1,1,1994,0,0,0,0,0,0,0,0,0,0
240128,2,1,1994,0,0,0,0,0,0,0,0,0,0
240129,1,1,1994,0,0,0,0,0,26,0,7,0,0
240130,0,1,1994,0,0,17,0,35,0,0,31,0,0
240130,1,1,1994,0,0,0,0,0,25,0,0,0,0
240131,1,1,1994,0,0,0,0,0,0,0,0,0,0
240132,1,1,1994,0,0,0,0,0,0,0,0,0,0
240132,2,1,1994,0,0,0,0,0,0,0,0,0,0
240133,1,1,1994,0,0,0,0,0,0,0,0,0,0
240134,1,1,1994,0,0,0,0,0,0,0,0,0,0
240134,2,1,1994,0,0,13,0,17,0,0,0,0,0
240135,1,1,1994,0,0,0,0,0,0,0,0,0,0
240136,1,1,1994,14,14,14,14,14,14,14,14,14,14
240137,1,1,1994,0,0,0,0,0,0,0,0,0,0
240138,0,1,1994,0,0,0,0,0,0,0,0,0,0
240138,1,1,1994,0,0,0,0,0,0,0,0,0,0
240139,0,1,1994,21,21,21,21,21,21,21,21,21,21
240139,1,1,1994,0,0,0,0,18,0,0,0,0,0
240140,1,1,1994,0,0,0,0,0,0,0,0,0,0
240140,2,1,1994,0,0,0,0,0,0,0,0,0,0
240141,1,1,1994,0,0,0,0,0,0,0,0,0,0
240142,1,1,1994,8,0,0,0,0,12,0,16,0,0
240143,1,1,1994,14,14,14,14,14,14,14,14,14,14
240144,1,1,1994,0,0,0,0,0,0,0,0,0,0
240145,0,1,1994,0,0,0,0,0,0,0,0,0,0
240145,1,1,1994,0,0,0,0,0,0,0,0,0,0
240146,1,1,1994,0,0,0,0,0,0,0,0,0,0
240146,2,1,1994,0,0,0,0,0,0,0,0,0,0
240146,3,1,1994,0,0,0,0,0,0,0,0,0,0
240146,4,1,1994,0,0,0,0,0,0,0,0,0,0
240146,5,1,1994,0,0,0,0,0,0,12,11,0,0
240147,1,1,1994,0,0,0,0,0,0,0,30,0,0
240147,2,1,1994,0,0,27,0,0,0,7,0,10,0
240148,0,1,1994,4,4,4,4,4,4,4,4,4,4
240148,1,1,1994,0,9,0,0,0,0,0,0,0,0
240149,1,1,1994,0,0,0,0,0,0,0,0,0,0
240149,2,1,1994,0,0,0,0,0,0,0,0,0,0
240150,0,1,1994,0,0,0,0,0,0,0,0,0,0
240150,1,1,1994,0,0,0,0,0,0,0,0,0,0
240151,1,1,1994,0,0,0,0,0,0,0,0,0,0
240152,0,1,1994,12,0,0,0,0,0,0,0,0,0
240152,1,1,1994,0,0,0,0,0,0,0,0,0,0
240153,1,1,1994,0,0,0,0,0,0,0,0,0,0
240153,2,1,1994,0,0,0,0,0,0,0,0,0,0
240154,0,1,1994,0,0,0,0,0,0,18,0,0,0
240154,1,1,1994,21,0,0,15,17,0,0,23,10,25
240155,1,1,1994,31,31,31,31,31,31,31,31,31,31
240156,1,1,1994,0,0,0,0,0,0,0,0,0,0
240156,2,1,1994,0,0,0,0,0,0,0,0,0,0
240157,1,1,1994,0,0,0,0,0,0,0,0,0,0
240157,2,1,1994,0,0,0,0,0,0,0,0,0,0
240158,1,1,1994,0,0,0,0,0,0,14,0,0,0
240158,2,1,1994,0,0,0,0,0,0,0,0,0,0
240159,0,1,1994,2,2,2,2,2,2,2,2,2,2
240159,1,1,1994,0,0,20,0,0,0,0,8,0,0
240160,1,1,1994,0,0,0,0,0,0,0,0,0,0
240160,2,1,1994,0,0,0,0,0,0,0,0,0,0
240161,1,1,1994,0,0,0,0,0,0,0,0,0,13
240162,0,1,1994,17,17,17,17,17,17,17,17,17,17
240162,1,1,1994,17,9,0,0,18,0,0,0,0,0
240163,1,1,1994,25,25,25,25,25,25,25,25,25,25
240163,2,1,1994,17,0,0,0,0,0,0,11,0,0
240164,0,1,1994,0,0,0,0,0,0,0,0,0,0
240164,1,1,1994,0,0,0,0,0,0,0,0,0,0
240165,1,1,1994,0,0,0,0,0,0,0,0,0,0
240165,2,1,1994,0,0,0,18,0,0,0,0,0,0
240166,1,1,1994,19,19,19,19,19,19,19,19,19,19
240167,0,1,1994,0,0,0,0,0,0,0,0,0,0
240167,1,1,1994,0,0,0,0,4,0,0,0,12,0
240168,1,1,1994,0,0,0,0,0,0,0,0,0,0
240168,2,1,1994,0,0,0,0,0,0,0,0,0,0
240169,1,1,1994,0,0,0,0,0,0,0,0,0,0
240169,2,1,1994,0,0,0,0,0,0,0,0,0,0
240170,0,1,1994,0,10,0,0,0,0,0,0,0,0
240170,1,1,1994,0,0,0,0,0,0,0,0,0,0
240171,1,1,1994,0,0,0,0,19,0,0,0,0,0
240171,2,1,1994,0,0,0,0,0,0,0,0,0,0
240172,1,1,1994,0,0,0,0,0,0,0,0,0,0
240172,2,1,1994,0,0,0,0,0,0,0,0,0,0
240173,0,1,1994,0,0,0,0,0,0,0,0,0,0
240173,1,1,1994,7,7,7,7,7,7,7,7,7,7
240174,0,1,1994,32,32,32,32,32,32,32,32,32,32
240174,1,1,1994,0,16,0,0,28,24,0,16,19,20
240175,1,1,1994,0,0,0,0,0,0,0,0,0,0
240175,2,1,1994,9,0,25,0,0,0,0,30,0,0
240176,1,1,1994,16,0,0,0,12,27,12,0,16,0
240177,1,1,1994,0,0,0,0,0,0,0,0,0,0
240177,2,1,1994,0,0,0,0,0,0,0,0,0,0
240178,1,1,1994,0,15,0,0,0,0,0,0,0,8
240179,0,1,1994,0,0,0,0,17,0,15,0,0,0
240179,1,1,1994,0,0,0,30,0,0,0,0,0,0
240180,0,1,1994,0,0,0,0,0,0,0,0,0,0
240180,1,1,1994,0,0,0,0,0,14,0,0,0,0
240181,1,1,1994,0,0,0,0,0,0,0,0,0,0
240181,2,1,1994,0,0,0,0,0,0,0,0,0,0
240181,3,1,1994,0,0,0,0,0,0,0,0,0,0
240182,1,1,1994,0,0,0,0,0,0,0,0,0,0
240183,0,1,1994,19,19,19,19,19,19,19,19,19,19
240183,1,1,1994,0,0,0,0,0,0,0,0,0,0
240184,1,1,1994,0,0,0,0,0,0,0,0,0,0
240184,2,1,1994,0,0,0,0,25,0,0,0,14,0
240185,1,1,1994,15,15,15,15,15,15,15,15,15,15
240185,2,1,1994,0,0,0,0,0,0,0,0,0,0
240186,1,1,1994,0,0,0,0,0,0,4,0,9,0
240187,1,1,1994,15,0,0,0,0,0,0,0,6,0
240188,1,1,1994,0,0,0,0,0,0,0,0,0,0
240189,1,1,1994,15,15,15,15,15,15,15,15,15,15
240189,2,1,1994,0,0,0,0,0,0,0,0,0,0
240190,0,1,1994,0,0,12,0,0,0,14,18,0,0
240190,1,1,1994,0,0,0,0,0,0,0,0,20,0