ST_CASE,VEH_NO,PER_NO,YEAR,P1,P2,P3,P4,P5,P6,P7,P8,P9,P10
240191,1,1,1994,0,0,0,0,0,0,0,0,0,0
240191,2,1,1994,13,0,0,0,0,0,0,0,0,0
240192,1,1,1994,26,30,24,2,27,36,13,25,15,27
240194,1,1,1994,0,0,0,0,0,0,0,0,0,0
240194,2,1,1994,0,0,0,0,0,0,0,0,0,0
240195,1,1,1994,0,0,0,0,0,0,0,0,0,0
240196,1,1,1994,0,0,0,0,0,0,0,0,0,0
240196,2,1,1994,0,0,0,0,0,0,13,0,0,0
240197,1,1,1994,0,0,0,11,2,0,17,0,20,0
240197,2,1,1994,17,17,17,17,17,17,17,17,17,17
240198,1,1,1994,0,0,0,0,0,0,0,0,0,0
240199,1,1,1994,17,17,17,17,17,17,17,17,17,17
240200,0,1,1994,25,25,25,25,25,25,25,25,25,25
240200,1,1,1994,18,18,18,18,18,18,18,18,18,18
240201,1,1,1994,0,0,0,0,0,0,0,0,0,0
240202,1,1,1994,0,0,0,0,0,0,0,0,0,0
240202,2,1,1994,0,0,0,0,0,0,0,0,0,0
240203,1,1,1994,0,0,0,0,0,0,0,0,0,0
240203,2,1,1994,0,0,0,0,0,0,0,0,0,0
240203,3,1,1994,0,0,0,0,0,0,0,0,0,6
240204,1,1,1994,0,0,0,0,0,0,0,0,0,0
240204,2,1,1994,0,0,0,0,0,0,0,0,0,0
240205,1,1,1994,0,0,0,0,0,0,0,0,0,0
240206,1,1,1994,0,0,0,0,0,0,0,0,0,0
240207,0,1,1994,20,20,20,20,20,20,20,20,20,20
240207,1,1,1994,0,0,0,0,0,0,0,0,0,0
240208,0,1,1994,0,0,0,0,0,0,0,0,0,0
240208,1,1,1994,15,0,0,0,0,0,0,0,0,0
240209,1,1,1994,0,0,0,0,0,0,0,0,0,0
240210,1,1,1994,13,13,13,13,13,13,13,13,13,13
240210,2,1,1994,0,0,0,0,0,0,0,0,0,0
240211,1,1,1994,0,0,0,0,0,9,0,0,0,0
240212,1,1,1994,0,0,26,0,0,0,0,0,0,0
240212,2,1,1994,0,0,0,0,0,0,0,0,0,0
240213,1,1,1994,0,0,0,0,14,0,0,0,8,17
240214,1,1,1994,0,0,0,0,0,0,0,0,0,0
240214,2,1,1994,0,0,20,0,0,0,17,0,0,0
240215,1,1,1994,11,26,13,15,33,21,23,9,10,18
240216,1,1,1994,31,31,31,31,31,31,31,31,31,31
240217,1,1,1994,20,20,20,20,20,20,20,20,20,20
240218,1,1,1994,0,0,0,0,0,0,0,0,0,0
240218,2,1,1994,0,0,0,0,0,0,0,0,0,0
240219,1,1,1994,17,17,17,17,17,17,17,17,17,17
240220,1,1,1994,27,27,27,27,27,27,27,27,27,27
240220,2,1,1994,0,0,0,0,0,0,0,0,0,0
240221,1,1,1994,0,0,0,0,0,0,0,0,0,0
240221,2,1,1994,0,0,0,0,0,0,0,0,0,0
240222,1,1,1994,0,0,0,0,0,0,0,0,0,0
240222,2,1,1994,0,0,0,8,15,0,0,0,0,0
240223,1,1,1994,0,0,0,0,0,0,0,0,27,0
240224,1,1,1994,0,13,0,0,0,0,23,0,0,28
240225,1,1,1994,0,0,0,0,0,0,0,0,0,0
240225,2,1,1994,0,0,0,0,0,0,0,0,0,0
240226,0,1,1994,12,7,10,10,27,16,35,21,27,14
240226,1,1,1994,0,16,31,0,19,0,25,0,0,0
240227,1,1,1994,17,17,17,17,17,17,17,17,17,17
240228,0,1,1994,0,0,0,0,0,0,0,0,0,0
240228,1,1,1994,0,0,0,0,0,0,0,7,0,0
240229,1,1,1994,10,0,0,0,0,31,0,0,0,0
240230,1,1,1994,0,0,0,0,0,0,0,0,0,0
240231,1,1,1994,0,0,0,0,0,0,0,0,0,0
240232,1,1,1994,0,0,0,0,0,0,0,0,0,0
240233,1,1,1994,3,3,3,3,3,3,3,3,3,3
240234,1,1,1994,12,21,0,22,0,23,0,0,14,17
240235,1,1,1994,0,0,0,0,0,0,0,0,0,0
240235,2,1,1994,0,0,0,0,0,0,0,0,0,0
240236,1,1,1994,0,18,0,0,0,0,0,0,0,0
240236,2,1,1994,0,0,0,0,0,0,0,0,16,0
240237,0,1,1994,35,35,35,35,35,35,35,35,35,35
240237,1,1,1994,0,0,0,0,0,0,0,0,0,0
240238,1,1,1994,0,0,0,0,0,0,0,0,0,0
240238,2,1,1994,0,0,0,0,0,0,0,0,0,0
240238,3,1,1994,0,0,0,0,0,0,0,0,0,0
240238,4,1,1994,0,0,0,0,0,0,0,0,0,0
240239,1,1,1994,0,0,0,24,0,0,0,0,0,0
240239,2,1,1994,0,0,0,0,0,0,0,0,0,0
240240,0,1,1994,0,0,0,0,0,0,0,0,0,0
240240,1,1,1994,0,0,0,0,0,0,0,0,0,0
240241,1,1,1994,9,9,9,9,9,9,9,9,9,9
240241,2,1,1994,0,0,0,0,0,0,0,0,0,0
240242,1,1,1994,0,0,0,0,0,0,0,0,0,0
240242,2,1,1994,0,0,0,0,0,0,0,0,0,0
240243,1,1,1994,0,0,0,0,0,0,0,0,0,0
240243,2,1,1994,0,0,0,0,24,0,0,0,0,0
240244,1,1,1994,0,0,0,0,0,0,0,0,0,0
240245,1,1,1994,18,18,18,18,18,18,18,18,18,18
240245,2,1,1994,16,0,0,0,0,0,0,0,0,0
240246,1,1,1994,0,0,0,0,0,0,0,0,0,0
240246,2,1,1994,0,0,0,0,0,0,0,0,0,0
240247,1,1,1994,0,0,0,0,0,0,0,0,0,0
240247,2,1,1994,0,0,14,0,0,0,10,0,0,0
240248,1,1,1994,0,0,0,0,14,0,0,0,0,0
240248,2,1,1994,0,0,0,0,0,0,0,15,0,0
240248,3,1,1994,0,0,0,0,0,0,0,0,0,0
240249,1,1,1994,18,18,18,18,18,18,18,18,18,18
240250,1,1,1994,0,23,0,0,0,0,22,0,0,0
240250,2,1,1994,0,0,0,0,0,0,0,0,0,0
240251,1,1,1994,24,24,24,24,24,24,24,24,24,24
240252,1,1,1994,0,0,0,0,0,0,0,0,0,0
240252,2,1,1994,0,0,0,0,0,0,0,0,0,0
240253,0,1,1994,5,0,0,0,12,0,33,0,0,0
240253,1,1,1994,0,12,0,0,0,0,9,0,0,0
240254,1,1,1994,0,0,0,0,0,0,0,0,0,0
240254,2,1,1994,0,0,0,0,0,0,0,0,0,0
240254,3,1,1994,0,0,0,0,0,0,0,0,0,0
240254,4,1,1994,0,0,0,0,0,0,5,0,0,0
240255,1,1,1994,0,0,0,0,0,0,0,0,0,6
240255,2,1,1994,0,0,0,0,0,0,0,0,0,0
240256,1,1,1994,0,0,0,0,0,0,0,0,0,0
240256,2,1,1994,0,0,0,0,0,0,0,0,0,0
240257,1,1,1994,0,0,0,0,0,0,0,0,0,0
240257,2,1,1994,0,0,0,0,0,0,0,0,0,0
240258,1,1,1994,0,0,0,0,0,0,0,0,0,20
240259,1,1,1994,0,0,24,0,0,0,0,0,13,0
240259,2,1,1994,0,0,0,0,0,0,0,0,0,0
240260,1,1,1994,0,0,9,0,0,0,0,0,0,0
240260,2,1,1994,0,0,0,0,0,0,0,0,0,0
240261,1,1,1994,0,24,0,0,0,0,0,0,0,0
240261,2,1,1994,0,0,0,0,0,0,0,0,0,0
240262,1,1,1994,0,0,0,0,0,0,0,0,0,0
240262,2,1,1994,9,9,9,9,9,9,9,9,9,9
240262,3,1,1994,0,0,0,0,0,0,0,0,0,0
240263,1,1,1994,14,14,14,14,14,14,14,14,14,14
240263,2,1,1994,0,0,0,0,0,0,0,0,0,0
240264,1,1,1994,14,14,14,14,14,14,14,14,14,14
240265,1,1,1994,26,26,26,26,26,26,26,26,26,26
240266,1,1,1994,0,0,0,0,0,0,0,0,0,0
240266,2,1,1994,0,0,0,0,0,0,24,0,0,0
240267,1,1,1994,24,0,4,5,18,0,5,12,6,15
240267,2,1,1994,0,0,0,0,0,0,0,0,0,0
240267,3,1,1994,0,0,0,0,0,0,0,0,0,0
240267,4,1,1994,0,0,0,0,9,13,0,0,0,0
240268,0,1,1994,0,0,0,0,0,0,0,0,0,0
240268,1,1,1994,18,0,0,0,0,0,0,0,0,0
240269,1,1,1994,0,0,0,0,0,0,0,0,0,0
240269,2,1,1994,0,0,0,0,0,0,0,0,0,0
240270,1,1,1994,11,11,11,11,11,11,11,11,11,11
240270,2,1,1994,11,16,14,22,15,31,24,16,0,21
240271,0,1,1994,0,0,0,0,0,0,0,0,0,0
240271,0,2,1994,0,0,0,0,0,0,0,0,0,0
240271,0,3,1994,0,0,0,0,0,0,0,0,0,0
240271,1,1,1994,0,0,0,0,0,0,0,0,0,0
240272,1,1,1994,19,19,19,19,19,19,19,19,19,19
240273,1,1,1994,29,0,19,23,21,21,12,26,30,15
240274,1,1,1994,0,0,0,0,0,10,0,0,0,0
240275,1,1,1994,7,24,15,9,26,18,11,10,19,9
240276,1,1,1994,4,4,4,4,4,4,4,4,4,4
240277,1,1,1994,19,30,9,26,20,33,0,28,14,11
240277,2,1,1994,0,0,0,0,0,0,0,0,0,0
240278,1,1,1994,13,23,5,14,15,15,22,23,19,16
240279,1,1,1994,0,0,0,0,0,0,0,0,0,0
240279,2,1,1994,9,0,0,6,0,0,0,0,0,0
240279,3,1,1994,0,0,0,0,0,0,0,0,0,0
240279,4,1,1994,0,0,0,16,0,24,6,0,0,0
240280,1,1,1994,0,0,0,0,0,0,0,0,0,0
240280,2,1,1994,0,0,0,0,0,0,0,0,0,0
240280,3,1,1994,0,0,0,0,0,0,0,0,0,0
240281,1,1,1994,0,0,0,0,0,0,0,0,0,0
240282,0,1,1994,21,21,21,21,21,21,21,21,21,21
240282,1,1,1994,14,21,23,9,15,21,0,26,0,0
240283,1,1,1994,0,0,0,0,0,0,0,0,0,0
240283,2,1,1994,0,0,0,0,0,0,0,0,0,0
240284,1,1,1994,0,0,0,0,0,0,0,0,0,11
240284,2,1,1994,0,0,0,0,0,0,0,0,0,0
240285,1,1,1994,0,30,0,0,0,0,0,0,0,0
240285,2,1,1994,0,0,0,0,0,0,0,0,0,0
240285,3,1,1994,0,0,15,0,0,0,0,0,0,0
240286,1,1,1994,26,26,26,26,26,26,26,26,26,26
240287,1,1,1994,0,0,0,0,0,0,0,0,0,0
240287,2,1,1994,0,0,0,0,26,0,0,0,0,0
240288,0,1,1994,0,0,0,0,0,0,0,0,0,0
240288,1,1,1994,13,17,16,20,14,13,13,18,28,33
240288,2,1,1994,0,0,0,0,0,0,2,0,0,11
240289,1,1,1994,0,0,0,0,0,0,0,0,0,0
240289,2,1,1994,0,0,0,0,0,0,0,0,0,0
240289,3,1,1994,0,0,0,0,0,0,0,0,0,0
240289,4,1,1994,0,0,0,0,0,0,0,0,0,0
240289,5,1,1994,0,0,0,0,0,5,0,0,0,0
240289,6,1,1994,0,0,0,0,0,0,0,0,0,0
240289,7,1,1994,0,8,0,0,0,0,0,0,0,0
240289,8,1,1994,0,0,0,0,0,0,0,0,0,0
240290,1,1,1994,0,0,0,0,0,0,0,0,0,0
240290,2,1,1994,0,0,0,0,0,0,0,0,0,0
240290,3,1,1994,0,0,0,0,0,0,0,0,0,0
240291,1,1,1994,0,13,24,16,20,0,0,0,0,0
240292,1,1,1994,0,0,0,0,0,0,0,0,0,0
240292,2,1,1994,0,0,0,0,0,0,0,0,0,0
240293,1,1,1994,0,9,9,0,0,0,0,3,0,0
240293,2,1,1994,0,0,0,0,0,0,0,0,0,0
240294,1,1,1994,0,0,0,0,0,0,0,0,0,25
240295,1,1,1994,0,0,0,0,0,0,0,0,0,0
240295,2,1,1994,0,10,0,0,0,0,0,0,0,0
240296,1,1,1994,5,5,5,5,5,5,5,5,5,5
240296,2,1,1994,0,0,0,0,0,0,0,0,0,0
240297,1,1,1994,0,0,0,0,0,0,0,0,0,0
240298,1,1,1994,0,0,22,0,0,0,0,0,0,0
240299,1,1,1994,0,0,0,0,0,0,0,0,0,0
240299,2,1,1994,0,0,0,0,0,0,0,0,0,0
240300,1,1,1994,0,0,0,0,0,0,0,0,0,0
240300,2,1,1994,0,0,0,0,0,0,0,0,0,0
240301,0,1,1994,0,0,0,0,0,0,0,0,0,0
240301,1,1,1994,0,0,0,0,0,0,0,0,0,0
240302,0,1,1994,0,0,0,0,0,0,0,0,0,0
240302,1,1,1994,0,18,0,0,0,0,0,0,16,0
240303,1,1,1994,0,0,0,0,0,15,7,0,0,11
240304,1,1,1994,0,0,0,0,0,0,0,0,0,0
240305,0,1,1994,26,26,26,26,26,26,26,26,26,26
240305,1,1,1994,0,35,0,0,0,0,16,0,0,0
240306,0,1,1994,0,0,0,0,0,0,0,0,0,0
240306,1,1,1994,0,0,0,0,0,0,0,0,0,24
240308,1,1,1994,0,0,0,0,0,0,0,0,0,0
240308,2,1,1994,18,18,18,18,18,18,18,18,18,18
240309,1,1,1994,5,5,5,5,5,5,5,5,5,5
240309,2,1,1994,0,0,14,0,0,0,0,0,0,0
240309,3,1,1994,0,0,0,0,0,0,0,0,0,0
240310,1,1,1994,0,0,0,0,0,0,0,0,0,0
240310,2,1,1994,0,0,0,0,0,0,0,0,0,0
240311,1,1,1994,0,33,0,0,0,0,0,0,0,0
240313,1,1,1994,0,0,0,0,0,0,0,0,0,0
240313,2,1,1994,0,0,7,0,0,0,0,0,0,0
240314,1,1,1994,0,0,0,0,0,0,0,0,0,0
240314,2,1,1994,0,0,0,0,0,0,0,0,0,0
240315,1,1,1994,0,0,0,0,0,0,0,0,0,0
240315,2,1,1994,0,0,0,0,0,0,0,0,0,0
240316,0,1,1994,30,30,30,30,30,30,30,30,30,30
240316,1,1,1994,0,0,0,0,0,0,0,0,0,0
240317,1,1,1994,0,0,0,0,0,0,0,0,0,0
240318,1,1,1994,0,0,0,22,0,0,0,0,0,0
240318,2,1,1994,0,0,0,0,0,0,0,0,0,0
240319,1,1,1994,0,0,0,0,0,0,0,0,0,0
240320,1,1,1994,14,18,8,14,21,15,0,19,0,6
240320,2,1,1994,0,0,6,10,0,0,0,0,0,0
240321,1,1,1994,0,0,0,0,0,0,0,0,0,0
240321,2,1,1994,0,0,0,0,0,0,0,0,0,0
240322,1,1,1994,0,20,0,8,0,0,10,19,32,19
240323,1,1,1994,13,13,13,13,13,13,13,13,13,13
240324,1,1,1994,0,0,0,0,0,0,0,0,0,0
240324,2,1,1994,0,0,0,0,0,0,0,0,8,9
240325,1,1,1994,0,0,0,22,0,0,0,0,0,0
240326,1,1,1994,16,16,16,16,16,16,16,16,16,16
240327,1,1,1994,0,0,0,0,0,0,0,0,0,0
240328,1,1,1994,0,0,0,0,0,0,0,0,0,0
240329,1,1,1994,0,0,21,0,0,0,0,0,0,0
240330,0,1,1994,0,0,0,0,0,0,0,0,0,0
240330,1,1,1994,0,0,0,0,0,0,0,0,0,0
240331,1,1,1994,9,9,9,9,9,9,9,9,9,9
240332,1,1,1994,16,16,16,16,16,16,16,16,16,16
240333,1,1,1994,0,0,0,0,0,0,0,4,0,0
240333,2,1,1994,0,0,0,0,0,0,0,0,0,0
240334,1,1,1994,0,0,0,0,0,0,0,0,0,0
240334,2,1,1994,19,0,0,0,0,0,0,0,0,0
240335,1,1,1994,0,0,0,0,0,0,0,0,0,0
240336,1,1,1994,0,0,0,0,0,0,0,0,0,0
240336,2,1,1994,0,0,0,0,0,0,0,0,0,0
240336,3,1,1994,0,0,0,0,0,0,0,0,0,0
240337,0,1,1994,20,20,20,20,20,20,20,20,20,20
240337,1,1,1994,0,0,0,0,0,0,0,0,0,0
240338,1,1,1994,13,13,13,13,13,13,13,13,13,13
240339,1,1,1994,13,15,19,13,17,20,12,31,13,8
240340,1,1,1994,0,0,9,15,14,0,33,27,20,15
240341,1,1,1994,0,0,0,0,0,0,0,14,0,0
240342,0,1,1994,25,30,26,16,21,7,17,25,13,18
240342,1,1,1994,0,0,0,0,0,0,0,0,0,0
240343,1,1,1994,0,0,0,0,0,0,0,0,0,0
240343,2,1,1994,0,0,0,0,0,0,0,0,0,0
240344,1,1,1994,0,0,0,0,0,0,0,0,0,0
240345,1,1,1994,0,0,0,0,0,0,0,0,0,0
240345,2,1,1994,0,0,0,0,0,0,0,0,0,0
240346,1,1,1994,0,0,0,0,0,0,0,0,0,0
240346,2,1,1994,0,0,0,0,0,0,0,0,0,0
240347,1,1,1994,6,6,6,6,6,6,6,6,6,6
240348,1,1,1994,0,0,0,0,0,0,0,0,0,0
240348,2,1,1994,0,0,0,0,0,0,0,0,0,0
240349,1,1,1994,0,0,0,0,0,0,0,0,0,0
240349,2,1,1994,0,0,0,0,0,0,0,0,0,0
240350,1,1,1994,0,0,0,0,0,0,0,0,0,0
240350,2,1,1994,0,0,0,0,0,0,0,0,0,0
240350,3,1,1994,0,0,0,0,0,0,0,0,0,0
240350,4,1,1994,0,0,0,0,0,11,0,0,0,10
240351,0,1,1994,0,0,0,0,0,0,0,0,0,0
240351,1,1,1994,0,0,0,0,0,0,0,0,0,0
240352,1,1,1994,0,0,22,0,0,0,0,19,0,0
240352,2,1,1994,0,0,0,0,0,0,0,13,0,0
240353,1,1,1994,0,0,0,0,0,0,0,0,0,0
240353,2,1,1994,0,0,0,0,0,0,0,0,0,0
240353,3,1,1994,0,0,0,0,0,0,0,0,0,0
240354,0,1,1994,0,0,0,0,0,0,0,0,0,0
240354,1,1,1994,0,0,0,0,0,0,0,0,0,0
240354,2,1,1994,0,0,0,0,0,0,0,0,0,0
240355,1,1,1994,3,3,3,3,3,3,3,3,3,3
240355,2,1,1994,0,0,0,0,0,0,0,0,0,0
240357,0,1,1994,0,0,0,0,0,0,0,0,0,0
240357,1,1,1994,0,0,0,0,0,0,0,0,0,0
240357,2,1,1994,0,0,0,0,0,0,0,0,0,0
240358,0,1,1994,0,0,0,0,0,0,0,0,0,0
240358,1,1,1994,0,0,0,0,0,0,0,0,0,0
240359,1,1,1994,0,0,0,0,0,0,0,0,0,0
240360,0,1,1994,31,31,31,31,31,31,31,31,31,31
240360,1,1,1994,0,0,11,0,0,0,0,0,0,0
240361,1,1,1994,0,0,0,0,0,0,0,0,0,13
240362,1,1,1994,0,0,0,0,9,29,0,0,7,0
240363,1,1,1994,0,0,0,0,0,0,0,0,0,0
240364,1,1,1994,0,0,0,0,0,0,0,0,0,0
240364,2,1,1994,0,0,0,0,0,0,0,0,0,0
240365,1,1,1994,0,0,0,0,0,0,0,0,0,0
240365,2,1,1994,0,0,0,0,0,0,0,0,0,0
240367,1,1,1994,0,0,0,10,0,0,0,0,0,0
240367,2,1,1994,0,0,0,0,0,0,0,0,0,0
240368,1,1,1994,6,6,6,6,6,6,6,6,6,6
240369,1,1,1994,17,17,17,17,17,17,17,17,17,17
240370,1,1,1994,0,0,0,0,0,0,0,0,0,0
240371,1,1,1994,14,14,14,14,14,14,14,14,14,14
240372,1,1,1994,0,0,0,0,0,0,0,0,0,0
240373,1,1,1994,24,24,24,24,24,24,24,24,24,24
240374,1,1,1994,0,24,0,0,0,0,0,0,0,0
240375,0,1,1994,0,0,18,0,0,0,0,15,0,0
240375,1,1,1994,0,0,0,0,0,0,0,0,0,0
240376,1,1,1994,0,0,0,0,0,0,0,0,0,0
240376,2,1,1994,18,18,18,18,18,18,18,18,18,18
240377,0,1,1994,17,17,17,17,17,17,17,17,17,17
240377,1,1,1994,23,23,23,23,23,23,23,23,23,23
240378,1,1,1994,0,0,0,10,0,0,16,0,13,0
240378,2,1,1994,0,14,15,0,0,0,0,0,0,0
240379,1,1,1994,17,17,17,17,17,17,17,17,17,17
240380,1,1,1994,2,2,2,2,2,2,2,2,2,2
240381,1,1,1994,0,0,8,0,9,0,0,0,0,0
240381,2,1,1994,0,0,0,0,0,0,0,0,0,0
240382,1,1,1994,0,0,0,0,0,0,0,0,0,0
240383,1,1,1994,2,2,2,2,2,2,2,2,2,2
240383,2,1,1994,0,0,0,0,0,0,0,0,0,0
240384,1,1,1994,0,0,0,0,0,0,0,0,0,0
240385,1,1,1994,0,0,0,0,0,0,0,0,0,0
240386,1,1,1994,0,0,0,0,0,0,0,0,0,0
240387,0,1,1994,0,0,0,0,0,0,0,0,0,0
240387,1,1,1994,0,0,0,0,0,0,0,0,0,0
240388,1,1,1994,3,3,3,3,3,3,3,3,3,3
240389,1,1,1994,0,0,0,0,0,0,0,0,0,0
240389,2,1,1994,0,0,0,0,0,0,0,0,0,0
240390,1,1,1994,23,6,12,13,7,16,17,0,0,19
240391,1,1,1994,0,0,0,0,0,0,0,0,0,0
240391,2,1,1994,0,0,0,0,0,0,28,0,0,0
240391,3,1,1994,19,11,23,0,0,0,0,6,0,0
240391,4,1,1994,16,0,17,13,21,15,11,8,0,17
240392,1,1,1994,0,0,0,0,0,0,0,0,0,0
240392,2,1,1994,0,0,0,0,0,0,0,0,0,0
240393,1,1,1994,0,17,0,0,0,0,0,0,0,0
240393,2,1,1994,0,0,0,0,0,0,0,0,0,0
240394,0,1,1994,21,33,27,0,18,15,16,0,0,36
240394,1,1,1994,0,0,0,0,0,0,0,0,0,0
240395,1,1,1994,16,0,0,0,0,0,0,0,0,0
240396,0,1,1994,14,14,14,14,14,14,14,14,14,14
240396,1,1,1994,0,0,0,0,0,0,0,0,0,0
240396,2,1,1994,0,0,0,0,0,0,0,0,0,0
240397,1,1,1994,0,0,0,0,0,0,0,0,0,0
240397,2,1,1994,7,0,0,0,0,0,0,0,0,5
240398,0,1,1994,8,8,8,8,8,8,8,8,8,8
240398,1,1,1994,3,24,27,13,31,24,10,12,21,27
240399,1,1,1994,0,0,0,0,0,2,0,0,0,0
240399,2,1,1994,0,0,0,0,0,0,0,0,0,0
240400,1,1,1994,19,12,24,7,5,0,8,5,30,11
240401,1,1,1994,18,0,20,11,23,7,0,0,0,11
240401,2,1,1994,4,7,17,25,0,24,14,0,8,10
240402,0,1,1994,0,0,0,0,0,0,0,0,0,0
240402,1,1,1994,0,0,0,0,0,0,0,0,0,0
240403,1,1,1994,0,0,0,0,0,0,0,0,0,0
240403,2,1,1994,0,0,0,0,11,0,0,0,0,0
240404,1,1,1994,0,0,0,0,0,0,0,0,0,0
240404,2,1,1994,0,0,0,10,0,0,0,0,3,0
240404,3,1,1994,0,0,0,0,0,0,0,0,0,0
240404,4,1,1994,21,0,0,22,0,0,0,0,0,9
240404,5,1,1994,0,0,0,13,0,0,0,0,0,27
240405,1,1,1994,0,0,0,0,0,0,0,0,0,0
240405,2,1,1994,0,0,0,0,0,0,0,0,0,0
240406,0,1,1994,0,0,0,0,0,0,0,0,0,0
240407,1,1,1994,0,0,0,0,0,0,0,0,0,0
240408,1,1,1994,0,0,0,0,0,0,0,0,0,0
240408,2,1,1994,0,0,0,5,0,0,0,0,0,0
240409,1,1,1994,0,0,0,0,0,0,0,0,0,0
240409,2,1,1994,0,0,0,0,0,0,0,0,0,0
240410,1,1,1994,0,0,0,0,0,0,0,0,0,0
240410,2,1,1994,0,0,0,0,0,0,0,0,0,14
240411,1,1,1994,1,1,1,1,1,1,1,1,1,1
240411,2,1,1994,0,19,0,18,15,0,5,5,16,23
240412,1,1,1994,0,0,23,10,0,8,0,0,0,0
240412,2,1,1994,10,10,10,10,10,10,10,10,10,10
240413,1,1,1994,0,0,0,0,0,0,0,0,0,0
240413,2,1,1994,0,0,0,0,0,0,0,0,0,0
240414,1,1,1994,0,0,0,0,0,0,0,0,0,0
240414,2,1,1994,0,0,0,0,0,0,0,0,0,0
240415,1,1,1994,0,0,0,0,0,0,0,0,0,0
240416,0,1,1994,25,25,25,25,25,25,25,25,25,25
240416,1,1,1994,0,0,0,0,0,0,0,0,0,0
240417,1,1,1994,0,16,0,0,0,0,0,0,0,0
240417,2,1,1994,0,0,0,0,0,0,0,0,0,0
240418,1,1,1994,0,0,0,14,0,0,0,0,0,0
240419,0,1,1994,0,0,0,0,0,0,0,0,0,0
240419,1,1,1994,0,0,0,0,0,0,0,0,0,0
240420,0,1,1994,0,0,0,0,0,0,0,0,0,0
240420,1,1,1994,0,0,0,0,0,0,0,0,0,0
240421,0,1,1994,0,0,0,0,0,0,0,0,0,0
240421,1,1,1994,0,0,0,0,0,0,0,0,0,0
240422,1,1,1994,0,0,0,0,0,0,0,0,0,0
240423,1,1,1994,0,0,0,0,0,0,0,0,0,0
240423,2,1,1994,0,0,0,0,0,0,0,0,0,0
240424,1,1,1994,0,0,0,0,0,0,0,0,0,0
240424,2,1,1994,1,1,1,1,1,1,1,1,1,1
240425,1,1,1994,0,0,0,0,0,0,0,0,0,0
240425,2,1,1994,0,0,0,0,0,0,0,0,0,0
240426,1,1,1994,0,0,0,0,0,0,0,0,0,0
240426,2,1,1994,0,0,0,0,0,0,0,0,0,0
240427,0,1,1994,22,0,0,0,0,0,0,0,0,44
240427,1,1,1994,0,0,0,0,0,0,0,0,0,0
240428,1,1,1994,25,25,25,25,25,25,25,25,25,25
240429,1,1,1994,0,0,0,0,0,0,0,0,0,0
240429,3,1,1994,0,0,0,0,0,0,0,0,0,0
240430,1,1,1994,30,30,30,30,30,30,30,30,30,30
240431,1,1,1994,0,0,0,0,0,0,0,0,0,0
240431,2,1,1994,0,0,0,0,0,0,0,0,0,0
240432,1,1,1994,0,22,0,0,10,0,0,0,0,12
240433,1,1,1994,0,0,15,0,0,0,0,0,0,0
240434,1,1,1994,22,22,22,22,22,22,22,22,22,22
240435,1,1,1994,0,0,0,0,0,0,0,0,0,0
240436,0,1,1994,0,0,0,0,0,0,0,0,0,0
240436,1,1,1994,0,0,0,0,0,0,0,10,5,0
240437,0,1,1994,0,0,0,0,0,0,0,0,0,0
240437,1,1,1994,13,0,0,0,0,0,0,0,0,0
240438,1,1,1994,0,0,0,0,0,0,0,0,0,0
240439,1,1,1994,0,0,0,0,0,0,0,0,0,0
240439,2,1,1994,0,0,0,0,0,0,0,0,0,0
240440,1,1,1994,0,12,0,0,0,0,22,0,0,0
240440,2,1,1994,0,0,0,0,0,0,0,0,0,0
240441,0,1,1994,0,0,0,0,12,0,0,0,0,0
240441,1,1,1994,0,0,0,0,10,0,8,0,0,0
240442,1,1,1994,0,0,2,0,7,0,0,4,0,0
240442,2,1,1994,0,0,0,0,0,0,0,0,0,0
240443,1,1,1994,28,28,28,28,28,28,28,28,28,28
240444,1,1,1994,0,0,0,0,0,0,0,0,0,0
240444,2,1,1994,0,0,0,0,0,0,0,0,15,0
240445,1,1,1994,0,0,0,0,0,0,0,0,0,0
240445,2,1,1994,0,0,0,0,0,0,0,0,0,0
240446,1,1,1994,0,0,0,0,0,0,0,0,0,0
240446,2,1,1994,0,0,0,0,0,0,0,0,0,0
240447,1,1,1994,0,9,0,0,0,0,0,16,21,0
240448,1,1,1994,0,0,0,0,0,0,0,0,0,0
240449,1,1,1994,0,0,0,0,8,0,0,22,0,0
240450,0,1,1994,0,11,10,6,23,16,0,0,29,0
240450,1,2,1994,21,16,0,0,21,17,9,15,0,0
240451,1,1,1994,0,0,0,0,0,0,0,0,0,0
240451,2,1,1994,0,0,0,0,0,0,0,0,0,0
240452,1,1,1994,14,14,14,14,14,14,14,14,14,14
240453,1,1,1994,15,15,15,15,15,15,15,15,15,15
240453,2,1,1994,0,9,0,14,0,11,13,0,0,0
240454,1,1,1994,0,0,0,0,0,0,0,0,0,0
240454,2,1,1994,0,0,0,0,0,0,0,0,0,0
240455,1,1,1994,0,0,0,0,0,0,0,0,0,0
240456,1,1,1994,0,0,0,0,0,0,0,0,0,0
240456,2,1,1994,0,0,0,0,0,0,0,0,0,0
240457,1,1,1994,0,0,0,0,0,0,0,0,0,0
240457,2,1,1994,0,0,0,0,0,0,0,0,0,0
240458,1,1,1994,27,7,24,20,18,36,0,7,4,29
240459,0,1,1994,7,7,7,7,7,7,7,7,7,7
240459,1,1,1994,0,0,0,0,0,0,0,0,0,0
240460,1,1,1994,0,0,0,0,0,0,7,21,0,0
240460,2,1,1994,0,0,0,0,0,0,0,0,0,0
240460,3,1,1994,0,0,0,0,0,0,0,0,0,0