ST_CASE,VEH_NO,PER_NO,YEAR,P1,P2,P3,P4,P5,P6,P7,P8,P9,P10
240461,0,1,1994,0,0,0,0,0,0,0,0,0,0
240461,1,1,1994,0,0,0,0,0,0,0,0,0,0
240462,1,1,1994,20,20,20,20,20,20,20,20,20,20
240463,0,1,1994,20,9,24,31,4,23,21,29,7,11
240463,1,1,1994,0,0,0,0,0,9,15,7,0,0
240464,0,1,1994,15,15,15,15,15,15,15,15,15,15
240464,1,1,1994,0,0,0,0,0,0,0,5,0,0
240465,0,1,1994,33,33,33,33,33,33,33,33,33,33
240465,1,1,1994,0,11,18,0,29,0,16,0,18,0
240466,1,1,1994,0,0,0,0,0,0,0,0,0,0
240466,2,1,1994,0,0,0,0,0,0,0,0,0,0
240467,1,1,1994,0,27,0,0,0,0,16,0,0,0
240467,2,1,1994,0,0,0,8,0,0,0,0,0,3
240468,1,1,1994,0,0,0,0,0,0,0,0,0,0
240468,2,1,1994,0,0,0,0,0,0,0,0,0,0
240469,1,1,1994,16,16,16,16,16,16,16,16,16,16
240470,0,1,1994,0,0,0,0,0,0,0,0,0,0
240470,1,1,1994,0,0,0,0,0,0,0,0,0,0
240471,1,1,1994,0,0,18,0,0,0,0,0,0,13
240472,1,1,1994,0,0,0,0,0,0,0,0,0,0
240472,2,1,1994,0,0,0,0,0,0,0,0,0,0
240473,0,1,1994,30,23,24,0,0,0,0,22,22,0
240473,1,1,1994,0,0,0,10,0,0,9,0,0,0
240474,1,1,1994,5,0,0,0,0,0,13,0,0,0
240475,1,1,1994,19,27,3,0,0,0,0,0,0,22
240475,2,1,1994,0,31,0,0,0,0,0,0,0,0
240476,1,1,1994,0,0,0,0,0,0,0,0,0,0
240477,0,1,1994,0,0,0,0,0,0,0,0,0,0
240477,1,1,1994,0,15,0,0,0,0,0,0,0,0
240478,1,1,1994,0,0,0,0,0,0,0,0,0,0
240478,2,1,1994,0,0,0,0,0,0,0,0,0,0
240479,0,1,1994,0,0,0,0,0,0,0,0,0,0
240479,1,1,1994,0,0,0,0,0,0,0,0,0,0
240480,1,1,1994,19,19,19,19,19,19,19,19,19,19
240480,2,1,1994,0,0,0,0,0,0,0,0,0,0
240481,0,1,1994,0,0,0,0,0,0,0,0,0,0
240481,1,1,1994,0,0,0,0,33,0,0,0,0,0
240482,1,1,1994,0,0,0,19,0,0,0,0,8,0
240482,2,1,1994,0,0,0,0,0,0,0,0,0,0
240483,0,1,1994,0,0,0,0,0,0,0,0,0,0
240483,1,1,1994,0,0,0,0,0,0,0,0,0,0
240484,1,1,1994,0,0,0,0,0,0,0,0,0,0
240484,2,1,1994,5,0,0,0,0,0,0,0,0,0
240485,1,1,1994,0,0,0,0,0,0,0,0,0,0
240486,1,1,1994,0,0,0,0,0,0,0,0,0,0
240486,2,1,1994,0,0,0,0,0,0,0,0,0,0
240487,1,1,1994,0,0,0,0,0,0,0,0,0,0
240488,1,1,1994,0,12,14,39,14,0,28,20,24,20
240489,1,1,1994,0,0,0,0,0,0,0,0,0,0
240489,2,1,1994,0,0,0,0,0,0,0,0,0,0
240490,1,1,1994,0,0,0,0,0,0,0,0,0,0
240490,2,1,1994,0,0,0,0,0,0,0,0,0,0
240491,1,1,1994,0,0,0,0,0,0,0,0,0,0
240492,1,1,1994,0,0,0,0,0,0,0,0,0,0
240493,1,1,1994,4,7,18,15,13,20,13,19,9,7
240494,1,1,1994,0,0,0,0,0,0,0,0,0,0
240494,2,1,1994,0,0,0,0,0,0,0,0,0,0
240495,1,1,1994,0,0,0,0,0,0,0,0,0,0
240495,2,1,1994,0,0,0,0,0,0,0,11,0,0
240496,0,1,1994,0,0,0,0,0,0,0,0,0,0
240496,1,1,1994,0,0,0,0,0,0,0,0,0,0
240497,0,1,1994,0,0,0,0,0,0,0,0,0,0
240497,1,1,1994,0,0,0,0,0,0,0,0,0,0
240497,2,1,1994,0,18,0,0,0,0,0,0,0,0
240497,3,1,1994,0,0,0,0,0,0,0,0,0,0
240498,1,1,1994,0,0,0,0,0,0,14,0,0,0
240498,2,1,1994,0,0,0,0,0,30,0,0,0,0
240499,0,1,1994,0,0,0,0,0,0,14,0,0,0
240499,1,1,1994,2,0,0,0,0,0,0,0,0,0
240500,1,1,1994,0,0,0,0,0,20,0,0,0,0
240501,1,1,1994,12,0,0,0,0,0,0,0,0,0
240501,2,1,1994,0,0,0,0,0,0,0,0,0,0
240502,1,1,1994,0,0,0,0,0,0,0,0,0,0
240503,1,1,1994,19,0,0,0,11,0,16,0,0,0
240504,0,1,1994,0,18,0,13,12,0,25,17,28,14
240504,1,1,1994,0,0,0,0,0,0,0,0,0,0
240505,0,1,1994,20,20,20,20,20,20,20,20,20,20
240505,1,1,1994,0,0,0,19,0,0,23,0,0,0
240506,1,1,1994,17,18,0,23,21,7,4,22,11,0
240506,2,1,1994,0,0,0,0,0,0,0,0,0,0
240507,1,1,1994,29,24,18,0,0,25,0,0,7,0
240508,0,1,1994,0,0,0,0,0,0,0,0,0,0
240508,1,1,1994,0,0,0,0,0,0,0,0,0,0
240509,0,1,1994,0,0,0,0,0,0,0,0,0,0
240509,1,1,1994,0,0,0,0,0,0,0,0,0,0
240510,0,1,1994,0,0,0,0,0,0,0,0,0,0
240510,0,2,1994,0,0,0,0,0,0,0,0,0,0
240510,1,1,1994,0,0,0,0,0,0,0,0,0,0
240511,1,1,1994,0,0,0,0,0,0,0,0,18,0
240511,2,1,1994,14,14,14,14,14,14,14,14,14,14
240512,1,1,1994,12,0,0,0,0,0,0,0,0,0
240513,0,1,1994,7,7,7,7,7,7,7,7,7,7
240513,1,1,1994,4,33,17,20,14,0,0,46,20,0
240514,0,1,1994,0,0,0,0,0,0,0,0,0,0
240514,1,1,1994,24,0,21,12,48,10,4,26,5,12
240515,1,1,1994,0,0,0,0,0,0,24,0,0,0
240516,1,1,1994,0,0,0,0,0,0,0,0,0,0
240516,2,1,1994,0,0,0,0,0,0,0,0,0,0
240517,0,1,1994,0,0,0,0,0,0,0,0,0,0
240517,1,1,1994,0,0,0,0,0,0,0,0,0,0
240518,0,1,1994,0,0,0,0,0,0,0,0,0,0
240518,1,1,1994,0,0,0,0,0,0,0,0,0,0
240520,0,1,1994,0,21,0,0,17,0,0,24,11,0
240520,1,1,1994,0,0,0,0,0,0,0,0,0,0
240521,0,1,1994,0,0,0,0,0,0,0,0,0,0
240521,1,1,1994,0,0,0,21,0,0,0,0,0,0
240521,2,1,1994,0,0,0,0,19,0,5,9,0,0
240522,1,1,1994,3,3,3,3,3,3,3,3,3,3
240522,2,1,1994,0,0,0,0,0,0,0,0,0,0
240523,0,1,1994,0,0,0,0,16,0,0,0,0,0
240523,1,1,1994,0,0,0,0,0,0,0,0,0,0
240523,2,1,1994,0,0,0,0,0,0,0,0,0,17
240524,1,1,1994,0,0,0,11,0,0,0,0,0,0
240524,2,1,1994,23,0,0,0,0,0,0,0,0,0
240524,3,1,1994,0,0,17,0,0,0,0,0,0,0
240525,1,1,1994,0,32,0,0,0,0,0,13,0,0
240526,0,1,1994,17,17,17,17,17,17,17,17,17,17
240526,1,1,1994,0,0,0,0,4,0,0,0,0,0
240527,1,1,1994,0,0,0,0,0,0,0,12,0,0
240527,2,1,1994,11,0,0,0,4,0,0,13,0,0
240528,0,1,1994,19,19,19,19,19,19,19,19,19,19
240528,1,1,1994,7,7,7,7,7,7,7,7,7,7
240529,0,1,1994,0,0,0,0,0,0,0,0,0,0
240529,1,1,1994,0,14,0,0,0,11,0,0,0,0
240530,1,1,1994,26,17,19,25,0,22,25,13,17,13
240530,2,1,1994,0,0,0,0,0,0,0,0,0,0
240531,1,1,1994,5,5,5,5,5,5,5,5,5,5
240531,2,1,1994,0,0,0,0,0,0,0,0,0,0
240532,1,1,1994,0,0,0,0,0,0,0,0,0,0
240532,2,1,1994,0,0,0,0,0,0,0,0,0,0
240534,1,1,1994,0,0,0,0,0,0,0,0,0,0
240534,2,1,1994,0,0,0,0,0,0,0,0,0,0
240535,1,1,1994,0,0,0,0,0,0,0,0,0,0
240535,2,1,1994,0,0,0,0,0,0,0,0,0,0
240535,3,1,1994,0,0,0,0,0,0,0,0,0,0
240536,0,1,1994,0,0,0,0,0,0,0,0,0,0
240536,1,1,1994,0,0,0,0,0,0,0,0,0,0
240537,1,1,1994,0,12,17,4,22,24,21,5,28,28
240538,1,1,1994,22,22,22,22,22,22,22,22,22,22
240539,1,1,1994,0,0,0,0,0,0,0,0,0,0
240539,2,1,1994,0,0,0,0,0,0,0,0,0,0
240540,1,1,1994,0,0,0,0,0,0,0,0,0,0
240540,2,1,1994,12,29,0,0,0,0,0,0,0,0
240541,1,1,1994,34,34,34,34,34,34,34,34,34,34
240542,0,1,1994,0,0,0,0,0,0,0,0,0,0
240542,1,1,1994,0,0,0,0,0,0,0,23,0,0
240543,1,1,1994,0,0,10,0,0,0,0,0,0,0
240543,2,1,1994,8,9,11,0,11,0,18,17,0,10
240543,3,1,1994,0,0,0,0,0,0,0,4,12,0
240544,0,1,1994,0,0,0,0,0,0,0,0,0,0
240544,1,1,1994,0,0,0,0,0,0,0,0,0,0
240545,0,1,1994,0,0,0,0,0,0,0,0,0,0
240545,1,1,1994,0,0,0,0,0,0,0,0,0,0
240546,1,1,1994,32,32,32,32,32,32,32,32,32,32
240547,1,1,1994,0,0,0,0,0,0,0,0,0,0
240547,2,1,1994,0,0,0,0,0,0,0,0,0,0
240547,3,1,1994,0,0,0,0,16,6,0,0,0,0
240548,1,1,1994,0,21,0,26,19,10,21,22,0,26
240549,1,1,1994,0,10,0,14,11,13,15,17,6,20
240549,2,1,1994,0,0,0,0,0,0,0,0,0,0
240550,1,1,1994,0,0,0,0,0,0,0,0,0,0
240550,2,1,1994,0,0,0,0,0,0,0,0,0,0
240551,0,1,1994,0,0,0,0,0,0,0,0,0,0
240551,1,1,1994,0,0,0,0,0,0,3,10,0,19
240552,1,1,1994,0,0,0,0,0,0,0,0,0,0
240552,2,1,1994,0,0,0,0,0,0,0,0,0,0
240553,0,1,1994,8,8,8,8,8,8,8,8,8,8
240553,1,1,1994,0,0,0,0,11,0,0,18,0,0
240554,0,1,1994,0,0,0,0,0,0,0,0,0,0
240554,0,2,1994,0,0,0,0,0,0,17,0,0,0
240554,1,1,1994,0,0,0,0,0,0,0,0,3,0
240555,1,1,1994,6,6,6,6,6,6,6,6,6,6
240556,1,1,1994,22,22,22,22,22,22,22,22,22,22
240557,0,1,1994,6,6,6,6,6,6,6,6,6,6
240557,1,1,1994,6,4,12,8,18,14,6,10,11,19
240558,1,1,1994,0,0,0,0,0,0,23,0,0,0
240558,2,1,1994,0,0,0,0,0,0,0,0,0,0
240558,3,1,1994,0,0,0,0,0,0,0,0,0,0
240559,0,1,1994,6,6,6,6,6,6,6,6,6,6
240559,1,1,1994,13,0,0,0,0,0,0,0,15,6
240560,1,1,1994,0,0,0,0,0,0,0,0,0,0
240560,2,1,1994,0,0,0,0,0,0,0,0,0,0
240561,1,1,1994,0,0,0,0,0,0,0,0,0,0
240561,2,1,1994,0,0,0,0,0,0,0,0,0,11
240562,0,1,1994,25,25,25,25,25,25,25,25,25,25
240562,1,1,1994,0,0,0,0,0,0,0,0,0,0
240563,0,1,1994,0,0,0,0,0,0,0,0,0,0
240563,1,1,1994,0,0,0,0,0,0,0,0,0,0
240564,1,1,1994,0,0,0,0,0,0,0,0,0,0
240564,2,1,1994,0,0,0,0,0,0,0,0,0,0
240565,0,1,1994,0,0,0,0,0,0,0,0,0,0
240565,1,1,1994,0,0,0,0,0,0,0,0,0,0
240566,1,1,1994,0,0,0,0,0,0,0,0,0,0
240566,2,1,1994,0,0,0,0,0,0,0,0,0,0
240567,1,1,1994,0,0,0,0,0,0,0,0,14,0
240567,2,1,1994,0,39,0,0,20,0,0,0,0,0
240567,3,1,1994,0,0,0,0,10,0,0,0,0,0
240568,1,1,1994,0,0,0,0,6,0,0,0,0,0
240569,1,1,1994,22,22,22,22,22,22,22,22,22,22
240570,1,1,1994,8,8,8,8,8,8,8,8,8,8
240570,2,1,1994,0,0,0,0,0,0,0,0,0,0
240571,1,1,1994,0,0,3,0,0,0,0,0,0,0
240571,2,1,1994,0,0,0,0,0,0,0,0,0,14
240571,3,1,1994,0,0,8,0,0,0,14,0,0,0
240572,1,1,1994,16,16,16,16,16,16,16,16,16,16
240573,1,1,1994,0,0,0,0,0,0,0,0,0,0
240574,0,1,1994,0,0,0,0,0,0,0,0,0,0
240574,1,1,1994,0,0,0,0,0,0,0,0,0,0
240575,1,1,1994,17,17,17,17,17,17,17,17,17,17
240576,1,1,1994,0,0,0,0,0,0,0,0,0,0
240577,1,1,1994,0,0,0,0,0,0,0,0,0,0
240577,2,1,1994,0,0,0,0,0,0,0,0,0,0
240578,1,1,1994,9,0,20,0,0,0,0,0,0,0
240579,1,1,1994,0,0,0,0,0,0,0,0,0,0
240580,1,1,1994,0,0,0,0,0,0,0,0,0,0
240580,2,1,1994,0,0,0,0,0,0,0,0,0,0
240580,3,1,1994,0,0,0,0,0,11,0,0,0,0
240581,1,1,1994,0,0,0,0,0,0,0,0,0,0
240582,1,1,1994,0,0,0,0,0,0,0,0,0,0
240582,2,1,1994,0,0,0,0,0,0,0,0,0,0
240583,0,1,1994,0,0,0,0,23,0,0,0,0,0
240583,1,1,1994,0,0,0,0,18,16,0,0,0,0
240584,1,1,1994,0,0,0,0,0,0,0,0,0,0
240584,2,1,1994,0,0,0,0,0,0,0,0,0,0
240585,1,1,1994,0,0,0,0,0,0,0,0,0,0
240586,1,1,1994,0,0,0,0,0,0,12,0,0,0
240586,2,1,1994,0,0,0,0,0,0,0,0,0,0
240587,1,1,1994,0,0,0,0,0,0,0,0,0,0
240588,0,1,1994,0,0,0,0,0,0,0,0,0,0
240588,1,1,1994,11,11,11,11,11,11,11,11,11,11
240589,1,1,1994,0,0,0,0,0,0,0,0,0,0
240590,1,1,1994,22,36,36,11,19,22,4,27,22,19
240591,1,1,1994,0,0,0,0,0,0,0,0,0,0
240591,2,1,1994,0,0,0,0,0,0,4,0,0,0
240591,3,1,1994,0,0,0,0,0,0,0,0,0,0
240592,1,1,1994,0,0,0,0,0,0,0,0,0,0
240592,2,1,1994,0,0,17,0,0,0,0,0,0,0
240593,1,1,1994,0,0,0,0,0,0,0,0,0,0
240593,2,1,1994,0,0,32,0,0,0,8,0,0,0
240594,0,1,1994,0,0,0,0,0,0,0,0,0,0
240594,0,2,1994,20,0,7,0,10,0,0,17,13,0
240594,1,1,1994,0,0,0,9,0,0,12,0,0,0
240595,1,1,1994,0,0,0,0,0,0,0,0,0,0
240595,2,1,1994,0,0,0,0,0,0,0,0,0,0
240596,1,1,1994,21,0,0,41,0,13,10,0,13,0
240596,2,1,1994,0,0,0,0,0,0,0,0,0,0
240597,1,1,1994,0,0,0,0,0,0,0,0,0,0
240598,0,1,1994,0,0,0,0,0,0,0,0,0,0
240598,1,1,1994,0,0,0,0,0,0,0,0,0,0
240599,0,1,1994,0,0,0,0,0,0,16,0,0,0
240599,1,1,1994,0,0,0,0,0,0,0,0,0,0
240600,1,1,1994,0,0,0,0,0,0,0,0,0,0
240600,2,1,1994,0,0,0,0,0,0,0,0,0,0
240600,3,1,1994,0,0,0,0,0,0,0,0,0,0
240600,4,1,1994,0,0,0,0,0,0,0,0,0,0
240600,5,1,1994,0,0,0,0,0,0,0,0,0,0
240601,0,1,1994,23,23,23,23,23,23,23,23,23,23
240601,1,1,1994,0,0,0,0,0,0,0,0,0,0
240601,2,1,1994,0,0,0,0,0,0,0,0,0,9
240601,3,2,1994,0,0,0,0,0,0,0,0,0,0
240602,1,1,1994,0,0,0,0,0,0,0,0,0,0
240602,2,1,1994,0,0,0,0,0,0,0,0,0,0
240602,3,1,1994,0,0,0,0,0,0,0,0,0,0
240602,4,1,1994,0,0,0,0,0,0,0,0,0,0
240602,5,1,1994,0,0,0,0,0,0,0,0,0,0
240603,0,1,1994,0,0,0,0,0,0,0,0,22,6
240603,1,1,1994,0,0,0,0,0,0,0,15,0,0
240604,1,1,1994,0,9,2,0,0,0,0,0,0,0
240605,0,1,1994,0,0,0,0,0,0,0,0,0,0
240605,1,1,1994,0,0,0,0,0,12,28,11,0,0
240606,0,1,1994,10,46,0,0,0,0,11,0,0,0
240606,1,1,1994,16,0,0,0,0,0,15,0,0,0
240607,0,1,1994,0,0,0,0,0,0,0,0,0,0
240607,1,1,1994,0,0,0,0,0,0,0,0,0,0
240608,1,1,1994,24,0,0,26,0,32,11,13,14,0
240608,2,1,1994,0,0,0,0,0,0,0,0,0,16
240609,1,1,1994,0,0,0,0,0,0,0,0,0,0
240610,0,1,1994,0,0,0,0,0,0,0,0,0,0
240610,1,1,1994,0,0,0,0,0,0,0,0,0,0
240611,1,1,1994,0,26,21,5,24,16,19,15,11,0
240612,0,1,1994,11,11,11,11,11,11,11,11,11,11
240612,1,1,1994,10,15,21,25,21,0,0,0,31,0
250003,1,1,1994,0,0,0,0,0,0,0,0,0,0
250003,2,1,1994,0,0,0,0,22,0,0,0,0,0
250004,1,1,1994,20,20,20,20,20,20,20,20,20,20
250005,1,1,1994,8,8,8,8,8,8,8,8,8,8
250005,2,1,1994,0,0,0,0,0,0,0,0,0,0
250006,1,1,1994,0,0,0,0,0,0,0,0,0,12
250006,2,1,1994,26,0,0,0,0,0,0,0,0,0
250007,1,1,1994,0,0,0,0,0,0,0,0,0,0
250007,2,1,1994,0,0,0,0,0,0,0,0,0,0
250008,1,1,1994,0,0,0,0,0,0,0,0,0,0
250009,0,1,1994,0,0,0,0,0,0,0,0,0,0
250009,0,2,1994,0,0,0,0,0,0,0,0,0,0
250009,1,1,1994,0,0,0,0,0,0,0,0,0,0
250010,1,1,1994,0,0,0,0,0,0,0,0,0,0
250010,2,1,1994,11,11,11,11,11,11,11,11,11,11
250011,1,1,1994,30,30,30,30,30,30,30,30,30,30
250012,0,1,1994,0,0,0,0,0,0,0,0,0,0
250012,1,1,1994,7,0,7,0,0,0,0,12,0,0
250013,1,1,1994,15,15,15,15,15,15,15,15,15,15
250013,2,1,1994,0,0,0,0,0,0,16,9,14,0
250014,1,1,1994,0,0,0,0,0,0,0,0,0,0
250014,2,1,1994,0,0,0,0,0,0,0,16,0,0
250015,0,1,1994,8,8,8,8,8,8,8,8,8,8
250015,1,1,1994,0,0,0,14,0,12,8,12,0,0
250016,0,1,1994,20,20,20,20,20,20,20,20,20,20
250016,1,1,1994,20,23,21,14,0,0,29,0,0,0
250017,0,1,1994,0,0,0,0,0,0,0,0,0,0
250017,1,1,1994,0,0,0,0,0,0,0,0,0,0
250018,1,1,1994,0,0,0,0,0,0,0,0,0,0
250018,2,1,1994,0,0,0,0,0,0,0,0,0,0
250018,3,1,1994,0,0,0,0,0,0,0,0,0,0
250019,1,1,1994,0,0,0,0,0,0,0,0,0,20
250019,2,1,1994,22,11,14,4,7,22,9,8,19,16
250020,1,1,1994,0,0,0,0,0,0,0,0,0,0
250021,0,1,1994,0,0,0,0,0,0,0,0,0,0
250021,0,2,1994,0,0,0,0,0,0,0,0,0,0
250021,0,3,1994,0,0,0,0,0,0,0,0,0,0
250021,0,4,1994,0,0,11,13,0,0,0,16,0,13
250021,1,1,1994,0,26,0,0,0,8,31,16,0,0
250022,1,1,1994,16,16,16,16,16,16,16,16,16,16
250023,1,1,1994,0,0,0,0,0,0,0,0,0,0
250024,0,1,1994,29,29,29,29,29,29,29,29,29,29
250024,1,1,1994,15,25,9,12,19,24,28,10,18,33
250025,0,1,1994,0,0,0,0,0,0,0,0,0,0
250025,1,1,1994,10,14,27,24,0,9,0,0,0,10
250026,1,1,1994,24,24,24,24,24,24,24,24,24,24
250027,1,1,1994,0,0,0,0,0,0,0,0,0,0
250028,1,1,1994,14,0,0,0,0,0,0,0,0,0
250029,0,1,1994,0,0,0,0,0,0,0,0,0,0
250029,1,1,1994,0,0,0,0,0,35,0,0,0,0
250030,0,1,1994,0,0,0,0,0,0,0,0,0,0
250030,0,2,1994,0,0,0,0,0,0,0,0,0,0
250030,1,1,1994,0,0,0,0,7,0,0,0,0,8
250031,0,1,1994,0,0,0,0,0,0,0,0,0,0
250031,0,2,1994,0,0,0,0,0,0,0,0,0,0
250031,1,1,1994,0,0,26,0,0,0,0,0,30,0
250032,1,1,1994,0,0,0,0,0,0,0,0,0,0
250032,2,1,1994,0,0,0,0,0,0,4,0,0,0
250033,0,1,1994,12,12,12,12,12,12,12,12,12,12
250033,0,2,1994,0,0,0,0,0,0,0,0,0,0
250033,0,3,1994,11,7,0,0,13,4,0,0,33,14
250033,1,1,1994,0,0,0,0,36,0,0,0,0,0
250034,0,1,1994,0,0,0,0,0,0,0,0,0,0
250034,1,1,1994,9,14,0,0,0,0,0,0,0,10
250035,0,1,1994,10,10,10,10,10,10,10,10,10,10
250035,1,1,1994,8,15,5,11,35,18,10,12,16,4
250036,1,1,1994,0,0,0,0,0,0,0,0,0,0
250037,1,1,1994,0,0,0,0,0,0,0,0,0,0
250037,2,1,1994,10,10,10,10,10,10,10,10,10,10
250038,1,1,1994,0,0,0,0,0,0,0,0,0,0
250038,2,1,1994,0,0,0,0,0,0,0,0,0,0
250039,1,1,1994,0,0,0,0,0,0,0,0,0,0
250039,2,1,1994,0,0,0,0,0,0,0,0,0,0
250040,0,1,1994,16,16,16,16,16,16,16,16,16,16
250040,1,1,1994,11,11,11,11,11,11,11,11,11,11
250041,0,1,1994,0,0,0,0,0,0,0,0,0,0
250041,1,1,1994,0,0,0,0,0,0,0,0,0,0
250042,1,1,1994,10,10,10,10,10,10,10,10,10,10
250043,0,1,1994,0,0,0,0,0,0,0,0,0,0
250043,1,1,1994,19,5,10,13,27,9,14,15,0,7
250044,1,1,1994,0,0,0,0,0,0,0,0,0,0
250044,2,1,1994,0,0,0,0,0,0,0,0,0,0
250045,1,1,1994,0,0,0,0,0,0,0,0,0,0
250045,2,1,1994,0,0,0,0,0,0,0,0,0,0
250046,1,1,1994,22,22,22,22,22,22,22,22,22,22
250047,0,1,1994,4,2,15,18,0,6,7,0,23,18
250047,1,1,1994,0,0,0,0,0,0,0,0,0,0
250048,1,1,1994,0,7,21,0,0,12,0,0,0,0
250048,2,1,1994,0,0,0,0,0,0,0,0,0,0
250049,1,1,1994,0,0,0,0,0,0,8,0,0,13
250049,2,1,1994,0,0,0,0,0,0,0,14,0,0
250051,1,1,1994,0,0,0,0,0,0,0,0,0,0
250052,1,1,1994,0,0,0,0,0,0,0,0,0,0
250053,0,1,1994,0,0,0,0,0,0,0,0,0,0
250053,1,1,1994,6,18,0,31,17,0,7,0,0,0
250054,1,1,1994,0,0,0,0,0,0,0,0,0,0
250055,1,1,1994,0,0,0,0,0,0,0,0,0,0
250055,2,1,1994,0,0,7,0,0,0,0,27,0,0
250056,1,1,1994,28,28,28,28,28,28,28,28,28,28
250056,2,1,1994,0,7,0,0,0,13,0,0,0,0
250057,1,1,1994,0,0,0,0,0,0,0,0,0,0
250057,2,1,1994,0,0,0,0,0,0,0,0,0,0
250057,3,1,1994,0,0,3,0,12,13,0,19,24,0
250057,4,1,1994,13,3,0,0,0,0,0,0,0,10
250057,5,1,1994,0,0,0,0,0,0,0,0,0,0
250058,1,1,1994,0,0,0,0,0,0,0,0,0,0
250059,1,1,1994,8,8,8,8,8,8,8,8,8,8
250060,1,1,1994,0,0,0,0,0,0,0,0,0,0
250061,1,1,1994,0,0,0,0,0,0,0,0,0,0
250061,2,1,1994,0,0,0,0,0,0,0,0,0,0
250062,1,1,1994,23,2,15,12,16,23,10,19,12,26
250063,1,1,1994,13,13,13,13,13,13,13,13,13,13
250064,0,1,1994,0,45,0,0,0,0,0,0,0,0
250064,1,1,1994,0,0,0,0,0,0,0,0,11,0
250065,1,1,1994,18,16,12,23,15,58,12,33,13,19
250066,1,1,1994,0,0,0,0,0,0,0,0,0,0
250067,1,1,1994,0,26,0,0,0,0,11,0,17,0
250068,1,1,1994,21,21,21,21,21,21,21,21,21,21
250069,1,1,1994,26,26,26,26,26,26,26,26,26,26
250070,1,1,1994,0,0,0,0,0,0,0,0,0,0
250070,2,1,1994,0,0,0,0,0,0,0,0,0,0
250071,1,1,1994,0,0,0,0,0,0,0,0,0,0
250072,0,1,1994,26,0,0,0,0,0,0,0,0,43
250072,1,1,1994,0,0,8,0,11,0,0,0,0,0
250073,1,1,1994,12,17,22,10,13,4,9,0,20,0
250074,1,1,1994,0,0,0,0,0,0,0,0,0,0
250074,2,1,1994,0,0,0,0,0,0,0,0,0,0
250075,1,1,1994,0,0,0,0,0,0,0,0,0,0
250076,0,1,1994,22,22,22,22,22,22,22,22,22,22
250076,1,1,1994,0,9,18,0,0,0,0,0,18,0
250077,1,1,1994,14,0,5,0,0,8,0,0,0,0
250077,2,1,1994,0,0,0,0,0,0,0,0,0,0
250078,1,1,1994,25,25,25,25,25,25,25,25,25,25
250079,1,1,1994,0,0,0,0,0,15,0,0,0,0
250080,1,1,1994,4,4,4,4,4,4,4,4,4,4
250080,2,1,1994,18,13,32,14,18,0,0,9,18,14
250081,1,1,1994,0,0,26,0,0,0,0,7,0,0
250082,1,1,1994,0,0,0,0,0,0,0,0,0,0
250082,2,1,1994,0,0,0,0,9,0,0,0,0,0
250083,0,1,1994,2,2,2,2,2,2,2,2,2,2
250083,1,1,1994,22,23,9,0,0,0,0,0,16,0
250084,1,1,1994,11,11,11,11,11,11,11,11,11,11
250085,1,1,1994,12,12,12,12,12,12,12,12,12,12
250086,1,1,1994,0,29,17,25,0,8,6,13,0,9
250086,2,1,1994,0,20,8,21,20,12,12,23,16,18
250087,0,1,1994,30,30,30,30,30,30,30,30,30,30
250087,1,1,1994,20,13,0,0,14,0,0,16,4,0
250088,1,1,1994,23,23,23,23,23,23,23,23,23,23
250089,0,1,1994,6,6,6,6,6,6,6,6,6,6
250089,1,1,1994,0,0,12,0,0,5,0,0,0,0
250090,1,1,1994,10,10,10,10,10,10,10,10,10,10
250091,1,1,1994,26,26,26,26,26,26,26,26,26,26
250091,2,1,1994,0,0,0,0,0,0,0,0,0,0
250092,1,1,1994,0,0,9,0,0,0,20,0,0,0
250092,2,1,1994,0,0,0,0,0,0,0,0,0,0
250092,3,1,1994,0,0,0,0,0,19,0,0,0,0
250093,1,1,1994,0,0,0,0,0,0,0,0,0,0
250094,1,1,1994,0,0,0,0,0,13,0,0,0,0
250094,2,1,1994,0,0,0,0,0,0,0,0,0,0
250095,1,1,1994,0,0,0,0,0,0,0,0,0,0
250095,2,1,1994,10,0,14,0,0,0,0,0,0,0
250096,1,1,1994,21,0,0,0,0,0,0,0,0,0
250096,2,1,1994,0,0,0,0,0,0,0,0,0,0
250097,1,1,1994,0,0,0,0,0,0,0,0,0,0
250097,2,1,1994,0,18,0,0,0,0,11,0,23,0
250098,1,1,1994,25,25,25,25,25,25,25,25,25,25
250099,1,1,1994,10,10,10,10,10,10,10,10,10,10
250100,1,1,1994,25,25,25,25,25,25,25,25,25,25
250101,1,1,1994,0,0,32,0,7,21,0,0,0,17
250102,1,1,1994,0,0,0,0,0,0,0,0,0,0
250102,2,1,1994,0,0,0,0,0,0,19,0,0,0
250102,3,1,1994,0,0,0,0,0,0,0,0,0,0
250103,1,1,1994,23,16,19,21,15,18,7,11,16,14
250104,1,1,1994,25,25,25,25,25,25,25,25,25,25
250105,0,1,1994,0,0,0,0,0,0,0,0,0,0
250105,1,1,1994,5,40,0,0,10,0,0,0,0,0
250106,1,1,1994,0,0,0,0,0,0,0,0,0,0
250106,2,1,1994,0,0,18,0,0,0,0,0,0,0
250107,1,1,1994,0,0,0,0,0,0,18,0,0,0
250107,2,1,1994,0,0,0,0,0,0,0,0,0,0