ST_CASE,VEH_NO,PER_NO,YEAR,P1,P2,P3,P4,P5,P6,P7,P8,P9,P10
250108,1,1,1994,0,0,0,0,0,0,0,0,0,0
250108,2,1,1994,0,0,0,0,0,0,0,0,0,0
250109,1,1,1994,12,12,12,12,12,12,12,12,12,12
250110,1,1,1994,19,19,21,30,0,0,0,0,17,0
250111,0,1,1994,0,0,0,0,0,0,0,0,0,0
250111,1,1,1994,0,0,0,0,0,0,0,0,0,0
250112,1,1,1994,0,0,0,0,0,0,0,0,0,0
250113,1,1,1994,26,0,10,14,0,0,24,0,0,0
250114,1,1,1994,17,17,17,17,17,17,17,17,17,17
250115,0,1,1994,0,0,0,0,0,0,0,0,0,0
250115,1,1,1994,0,0,0,0,0,0,18,24,0,8
250116,1,1,1994,0,0,0,21,0,9,0,0,0,7
250116,2,1,1994,0,0,0,0,0,0,0,0,0,0
250117,1,1,1994,22,22,22,22,22,22,22,22,22,22
250118,1,1,1994,9,27,0,0,0,0,0,0,15,15
250118,2,1,1994,0,0,0,0,0,0,0,0,0,0
250119,1,1,1994,0,0,0,0,0,0,0,0,0,0
250119,2,1,1994,0,0,0,0,0,0,0,0,0,0
250120,1,1,1994,10,10,10,10,10,10,10,10,10,10
250121,1,1,1994,0,9,0,0,0,0,0,0,0,0
250121,2,1,1994,0,0,0,0,0,0,0,0,0,0
250122,1,1,1994,0,0,0,0,0,0,0,0,0,0
250123,1,1,1994,0,0,0,0,0,0,0,0,0,0
250124,0,1,1994,0,0,0,0,0,0,0,0,0,0
250125,0,1,1994,0,0,0,0,0,0,0,0,0,0
250125,1,1,1994,0,0,0,0,0,0,14,0,0,0
250126,1,1,1994,7,7,7,7,7,7,7,7,7,7
250126,2,1,1994,0,0,0,0,0,0,0,0,0,0
250127,1,1,1994,0,0,0,0,0,0,0,0,0,0
250127,2,1,1994,0,0,0,0,0,17,0,0,0,17
250127,3,1,1994,0,0,0,0,0,0,0,0,0,0
250128,1,1,1994,19,13,0,22,23,0,13,13,0,16
250129,1,1,1994,0,0,0,0,0,0,0,0,0,0
250130,1,1,1994,0,0,0,0,0,0,0,0,0,0
250131,1,1,1994,0,0,0,0,0,0,0,0,0,0
250132,1,1,1994,0,0,0,0,0,0,0,0,0,0
250132,2,1,1994,0,0,0,0,0,0,0,0,0,0
250133,1,1,1994,0,14,20,0,0,0,0,16,0,0
250133,2,1,1994,27,27,27,27,27,27,27,27,27,27
250134,1,1,1994,0,0,0,0,0,0,0,0,0,0
250135,1,1,1994,2,7,8,8,12,13,25,13,23,7
250135,2,1,1994,0,0,0,0,0,0,0,0,0,0
250136,1,1,1994,0,0,0,0,0,0,0,0,0,0
250137,1,1,1994,9,13,0,0,0,19,0,0,0,0
250137,2,1,1994,0,0,0,0,0,0,0,0,0,0
250138,1,1,1994,0,0,0,0,12,0,0,0,0,0
250138,2,1,1994,0,0,0,0,0,0,0,0,0,0
250138,3,1,1994,0,0,0,6,0,0,0,0,0,0
250139,0,1,1994,0,0,0,0,0,0,0,0,0,0
250139,1,1,1994,0,20,0,0,0,0,0,0,0,19
250140,0,1,1994,33,33,33,33,33,33,33,33,33,33
250140,1,1,1994,0,0,19,14,0,12,0,20,0,17
250140,2,1,1994,0,24,10,7,19,0,0,32,0,0
250140,3,1,1994,18,0,12,0,17,0,0,20,15,25
250141,1,1,1994,0,16,15,0,0,0,0,0,0,0
250141,2,1,1994,0,25,0,17,8,6,25,12,6,18
250142,1,1,1994,14,6,9,23,17,7,3,14,16,0
250143,1,1,1994,8,8,8,8,8,8,8,8,8,8
250144,1,1,1994,11,9,12,4,17,18,17,17,9,10
250145,0,1,1994,0,0,0,0,0,0,0,0,0,0
250145,1,1,1994,0,0,0,0,0,0,4,0,0,0
250146,1,1,1994,0,0,0,0,0,0,0,13,0,21
250147,0,1,1994,9,9,9,9,9,9,9,9,9,9
250147,1,1,1994,5,9,25,10,28,20,28,24,27,24
250148,1,1,1994,0,0,0,0,0,0,0,0,0,0
250149,1,1,1994,0,0,0,0,0,0,0,0,0,0
250149,2,1,1994,0,0,0,0,15,0,0,0,0,0
250150,1,1,1994,15,22,9,6,0,15,0,30,14,13
250150,2,1,1994,5,5,5,5,5,5,5,5,5,5
250151,0,1,1994,0,0,0,0,0,0,0,0,0,0
250151,0,2,1994,0,0,14,0,0,0,0,0,0,0
250151,1,1,1994,12,0,0,0,0,0,0,0,0,0
250152,0,1,1994,0,0,0,0,0,0,0,0,0,0
250152,1,1,1994,0,0,0,0,0,0,0,0,10,0
250153,1,1,1994,0,0,11,0,0,0,0,0,0,0
250154,1,1,1994,0,0,0,0,0,0,0,0,0,0
250155,1,1,1994,0,0,0,0,0,0,0,0,0,0
250155,2,1,1994,0,0,0,0,0,0,0,0,0,0
250156,1,1,1994,0,0,0,0,0,0,11,0,0,0
250156,2,1,1994,0,0,0,23,0,0,0,0,0,0
250156,3,1,1994,0,0,0,0,23,0,0,0,0,0
250156,4,1,1994,0,0,0,0,0,0,0,0,0,0
250156,5,1,1994,0,0,0,0,0,0,0,0,0,0
250157,1,1,1994,37,37,37,37,37,37,37,37,37,37
250158,1,1,1994,0,0,0,0,0,0,0,0,0,0
250158,2,1,1994,0,0,0,0,0,0,0,0,0,0
250159,1,1,1994,14,14,14,14,14,14,14,14,14,14
250160,1,1,1994,0,0,0,0,0,0,0,0,0,0
250160,2,1,1994,0,0,0,0,0,0,0,0,0,0
250161,1,1,1994,17,0,0,0,32,14,0,0,0,0
250161,2,1,1994,0,0,0,0,0,0,0,0,0,0
250162,0,1,1994,0,0,0,0,0,0,0,0,0,0
250162,1,1,1994,10,0,0,0,0,17,0,0,8,6
250163,1,1,1994,13,13,13,13,13,13,13,13,13,13
250164,0,1,1994,0,0,0,0,0,0,0,0,0,0
250164,1,1,1994,0,0,0,0,0,0,0,0,0,0
250165,1,1,1994,25,14,0,15,27,18,18,21,15,14
250166,1,1,1994,0,0,0,0,0,0,0,0,0,0
250167,0,1,1994,0,0,0,0,0,0,0,0,0,0
250167,1,1,1994,0,0,0,0,0,0,0,0,0,0
250168,1,1,1994,0,0,0,0,17,0,0,0,0,0
250168,2,1,1994,0,0,0,0,0,0,0,0,0,0
250169,0,1,1994,0,0,0,0,0,0,0,0,0,0
250169,1,1,1994,0,0,0,0,0,0,0,0,0,0
250170,1,1,1994,7,7,7,7,7,7,7,7,7,7
250170,2,1,1994,0,0,0,0,0,16,26,0,0,0
250171,0,1,1994,0,0,0,0,0,0,0,0,0,0
250171,1,1,1994,0,11,0,9,0,0,0,19,20,0
250172,1,1,1994,0,0,0,0,0,0,0,0,0,0
250172,2,1,1994,0,0,0,0,0,0,0,0,0,0
250173,1,1,1994,0,0,0,0,0,0,0,0,0,0
250173,2,1,1994,0,0,0,0,0,0,11,0,0,0
250174,1,1,1994,0,0,0,0,0,0,0,0,0,0
250174,2,1,1994,0,0,0,0,0,0,0,0,0,0
250174,3,1,1994,0,0,0,0,0,0,0,0,0,0
250174,4,1,1994,0,0,0,0,0,0,0,0,0,0
250175,1,1,1994,0,0,0,0,0,0,0,0,0,0
250176,1,1,1994,14,14,14,14,14,14,14,14,14,14
250177,1,1,1994,0,0,0,0,0,0,0,0,0,0
250177,2,1,1994,0,0,0,0,0,0,0,0,0,9
250178,1,1,1994,0,0,0,0,0,0,0,0,0,11
250178,2,1,1994,33,16,0,9,23,10,8,0,9,12
250179,1,1,1994,0,0,0,0,0,0,0,0,0,0
250180,1,1,1994,0,0,0,0,0,0,0,0,0,0
250180,2,1,1994,0,0,0,0,0,0,0,0,0,0
250180,3,1,1994,0,0,0,0,0,0,0,0,0,18
250181,0,1,1994,3,3,3,3,3,3,3,3,3,3
250181,1,1,1994,6,6,6,6,6,6,6,6,6,6
250182,1,1,1994,25,25,25,25,25,25,25,25,25,25
250182,2,1,1994,0,0,22,35,15,11,0,41,15,0
250183,1,1,1994,24,24,24,24,24,24,24,24,24,24
250184,1,1,1994,0,17,0,0,0,0,12,23,8,0
250184,2,1,1994,23,0,20,11,17,23,24,9,6,6
250185,1,1,1994,0,0,0,0,0,0,0,0,0,0
250186,0,1,1994,0,0,0,0,0,0,0,0,0,0
250186,1,1,1994,0,0,0,0,0,0,0,0,0,0
250187,0,1,1994,0,0,0,0,0,0,0,0,0,0
250187,1,1,1994,0,0,0,0,0,0,0,0,0,0
250188,1,1,1994,18,18,18,18,18,18,18,18,18,18
250189,1,1,1994,24,24,24,24,24,24,24,24,24,24
250190,1,1,1994,0,0,0,0,0,0,14,0,0,0
250190,2,1,1994,0,0,0,0,0,0,0,0,0,0
250190,3,1,1994,33,0,0,0,0,0,0,0,0,0
250191,1,1,1994,20,20,20,20,20,20,20,20,20,20
250192,1,1,1994,10,19,16,13,27,12,16,12,18,18
250193,1,1,1994,12,7,30,12,19,13,13,6,11,21
250194,1,1,1994,11,0,0,0,0,0,17,0,0,0
250195,1,1,1994,22,7,0,0,0,0,14,0,0,0
250195,2,1,1994,32,9,0,13,19,5,0,22,26,0
250196,1,1,1994,0,0,0,0,0,0,0,0,0,0
250197,1,1,1994,28,28,28,28,28,28,28,28,28,28
250198,1,1,1994,0,0,0,0,0,0,0,0,0,11
250199,1,1,1994,8,8,8,8,8,8,8,8,8,8
250199,2,1,1994,0,0,0,0,23,0,0,0,0,0
250200,1,1,1994,0,0,0,0,0,0,0,0,0,0
250200,2,1,1994,0,0,0,0,0,0,0,0,0,0
250201,1,1,1994,16,8,0,34,0,23,18,8,14,10
250202,0,1,1994,33,33,33,33,33,33,33,33,33,33
250202,1,1,1994,0,23,16,0,14,14,9,34,40,0
250203,1,1,1994,19,19,19,19,19,19,19,19,19,19
250204,1,1,1994,19,15,16,21,0,0,8,17,0,6
250205,1,1,1994,0,0,0,0,0,0,0,0,0,0
250205,2,1,1994,0,0,0,0,0,0,0,0,0,0
250206,1,1,1994,0,0,0,0,0,0,0,0,0,0
250206,2,1,1994,0,0,0,0,0,0,0,0,0,0
250207,1,1,1994,0,0,18,15,0,0,29,0,0,0
250208,1,1,1994,0,0,0,0,0,0,0,0,0,0
250209,1,1,1994,0,0,0,0,0,0,0,0,0,0
250209,2,1,1994,0,0,0,0,0,0,0,0,0,0
250210,1,1,1994,0,0,0,0,0,0,0,17,0,0
250211,1,1,1994,0,0,0,0,0,0,0,0,0,0
250212,1,1,1994,0,14,9,0,2,9,22,0,0,0
250213,1,1,1994,10,10,10,10,10,10,10,10,10,10
250214,1,1,1994,0,0,0,0,0,0,0,0,0,0
250214,2,1,1994,0,0,0,0,12,0,0,0,0,0
250215,0,1,1994,0,0,0,0,0,0,0,0,0,0
250215,1,1,1994,28,26,12,0,0,13,17,29,14,8
250216,0,1,1994,3,3,3,3,3,3,3,3,3,3
250216,1,1,1994,0,0,0,0,0,0,0,0,0,0
250217,1,1,1994,19,18,9,5,13,23,20,0,5,18
250217,2,1,1994,24,0,23,0,21,18,9,18,0,0
250218,1,1,1994,0,0,0,0,0,0,0,0,0,0
250219,1,1,1994,0,0,0,0,0,0,0,0,0,0
250219,2,1,1994,0,4,0,0,0,0,0,0,0,0
250220,0,1,1994,24,24,24,24,24,24,24,24,24,24
250220,1,1,1994,0,0,0,20,26,0,0,9,0,28
250222,1,1,1994,3,4,24,17,9,7,14,2,18,13
250223,0,1,1994,0,0,0,0,0,0,0,0,0,0
250223,1,1,1994,0,0,0,0,0,0,22,0,0,0
250224,0,1,1994,0,0,0,0,0,0,0,0,0,0
250224,1,1,1994,0,0,0,0,0,0,0,0,0,5
250225,1,1,1994,0,0,0,0,0,0,0,0,0,0
250226,1,1,1994,16,16,16,16,16,16,16,16,16,16
250227,1,1,1994,22,22,22,22,22,22,22,22,22,22
250228,1,1,1994,0,0,0,0,0,0,0,0,0,0
250228,2,1,1994,0,0,0,0,11,0,20,0,0,0
250228,3,1,1994,0,0,0,0,0,0,0,0,0,0
250229,1,1,1994,13,13,13,13,13,13,13,13,13,13
250230,1,1,1994,0,0,0,0,0,0,0,0,0,0
250230,2,1,1994,0,0,0,0,0,0,0,0,0,0
250231,1,1,1994,13,13,13,13,13,13,13,13,13,13
250232,1,1,1994,21,21,21,21,21,21,21,21,21,21
250233,0,1,1994,0,0,0,0,0,22,0,0,0,34
250233,1,1,1994,0,30,0,0,0,0,0,0,0,0
250234,0,1,1994,28,28,28,28,28,28,28,28,28,28
250234,1,1,1994,24,0,0,0,0,0,0,14,0,0
250235,0,1,1994,0,0,0,0,0,0,0,0,0,0
250235,1,1,1994,4,4,4,4,4,4,4,4,4,4
250236,0,1,1994,0,0,0,0,0,0,0,0,0,0
250236,1,1,1994,6,0,0,0,0,0,0,0,0,0
250237,1,1,1994,0,0,0,0,0,0,0,0,0,0
250237,2,1,1994,9,0,0,0,0,0,0,0,0,31
250238,1,1,1994,0,0,0,0,0,0,0,0,10,0
250238,2,1,1994,0,0,0,0,0,0,0,0,0,0
250239,1,1,1994,31,31,31,31,31,31,31,31,31,31
250240,0,1,1994,19,19,19,19,19,19,19,19,19,19
250240,1,1,1994,8,14,23,0,24,19,28,44,23,24
250241,1,1,1994,17,17,17,17,17,17,17,17,17,17
250242,1,1,1994,15,15,15,15,15,15,15,15,15,15
250242,2,1,1994,0,0,0,0,0,0,0,0,8,0
250243,1,1,1994,0,0,0,0,0,0,0,0,0,0
250243,2,1,1994,0,0,0,0,0,0,0,0,0,0
250244,1,1,1994,0,0,0,0,0,0,0,0,0,0
250244,2,1,1994,0,0,0,0,0,0,0,15,0,0
250245,1,1,1994,0,0,0,0,0,0,0,0,0,0
250245,2,1,1994,0,0,0,0,0,0,0,0,0,0
250246,0,1,1994,14,14,14,14,14,14,14,14,14,14
250246,1,1,1994,10,33,29,21,18,14,22,19,20,45
250247,1,1,1994,21,21,21,21,21,21,21,21,21,21
250248,1,1,1994,0,0,0,0,38,0,0,0,0,21
250248,2,1,1994,9,9,9,9,9,9,9,9,9,9
250249,1,1,1994,0,0,0,0,0,0,0,0,0,0
250249,2,1,1994,0,0,0,0,0,0,0,0,0,0
250250,1,1,1994,29,29,29,29,29,29,29,29,29,29
250251,1,1,1994,0,0,0,0,0,0,0,0,0,0
250251,2,1,1994,0,0,0,0,0,0,0,0,0,0
250252,1,1,1994,0,0,0,0,0,0,0,0,0,0
250253,0,1,1994,0,0,0,0,0,0,0,0,0,0
250253,1,1,1994,0,0,0,0,0,0,0,0,0,0
250254,1,1,1994,0,0,0,0,0,0,0,0,0,0
250254,2,1,1994,0,0,0,5,0,4,0,0,0,0
250255,1,1,1994,0,0,0,0,0,0,0,0,0,0
250255,2,1,1994,0,0,0,0,0,0,0,0,0,0
250256,0,1,1994,0,0,0,0,0,0,0,0,0,0
250256,1,1,1994,0,0,0,0,0,0,0,0,0,0
250257,1,1,1994,0,0,0,0,0,0,0,0,0,0
250257,2,1,1994,13,0,0,0,0,0,0,0,0,14
250258,1,1,1994,17,17,17,17,17,17,17,17,17,17
250258,2,1,1994,11,17,0,10,3,14,0,19,0,22
250259,0,1,1994,0,0,0,0,0,0,0,0,0,0
250259,1,1,1994,25,28,26,33,9,0,0,0,13,21
250259,2,1,1994,9,0,18,13,22,29,23,0,0,0
250260,1,1,1994,4,0,12,14,0,13,0,13,8,0
250261,1,1,1994,0,0,0,0,0,0,0,0,0,0
250261,2,1,1994,0,0,0,0,0,0,0,0,0,0
250262,1,1,1994,0,0,0,0,0,0,0,0,0,0
250262,2,1,1994,27,27,27,27,27,27,27,27,27,27
250263,1,1,1994,0,0,0,0,0,0,0,0,0,0
250264,1,1,1994,12,12,12,12,12,12,12,12,12,12
250265,1,1,1994,0,0,0,0,0,0,0,0,0,0
250265,2,1,1994,0,0,0,0,0,0,0,0,0,0
250265,3,1,1994,0,0,0,0,0,0,0,0,11,13
250266,1,1,1994,0,0,0,0,0,0,0,0,0,0
250267,1,1,1994,0,0,0,0,0,0,0,0,0,0
250267,2,1,1994,5,0,20,0,0,0,0,14,0,0
250268,1,1,1994,0,0,0,0,0,0,0,0,0,0
250268,2,1,1994,0,0,0,0,0,0,14,0,0,11
250269,1,1,1994,16,10,18,26,17,12,27,12,22,10
250270,1,1,1994,0,0,0,0,0,0,0,0,0,0
250270,2,1,1994,0,4,0,0,0,0,0,0,0,0
250271,1,1,1994,24,24,24,24,24,24,24,24,24,24
250272,1,1,1994,0,0,0,0,0,0,0,0,17,0
250272,2,1,1994,0,0,0,0,0,0,0,0,0,0
250273,0,1,1994,0,0,0,0,0,0,0,0,0,0
250273,1,1,1994,0,0,0,0,33,0,35,0,0,14
250274,1,1,1994,0,0,0,0,0,0,0,0,0,0
250275,1,1,1994,0,0,0,0,0,0,0,0,0,0
250275,2,1,1994,0,15,0,0,0,0,0,0,0,0
250276,1,1,1994,0,0,0,0,0,0,0,0,0,0
250276,2,1,1994,0,0,0,0,0,0,0,0,0,0
250277,1,1,1994,0,0,0,0,0,0,0,0,9,0
250277,2,1,1994,18,18,18,18,18,18,18,18,18,18
250278,1,1,1994,32,32,32,32,32,32,32,32,32,32
250279,1,1,1994,0,0,0,0,0,0,0,15,0,0
250280,1,1,1994,19,11,12,16,16,13,11,24,12,9
250281,1,1,1994,8,17,12,25,4,11,19,22,28,25
250281,2,1,1994,0,0,0,0,0,0,0,0,0,0
250281,3,1,1994,0,0,0,0,7,0,0,0,0,0
250282,0,1,1994,0,0,0,0,0,0,0,0,0,0
250282,1,1,1994,13,0,0,0,9,16,0,0,0,0
250283,1,1,1994,20,20,20,20,20,20,20,20,20,20
250284,1,1,1994,0,0,0,0,0,0,0,0,0,0
250284,2,1,1994,11,0,0,0,20,0,25,0,0,0
250285,1,1,1994,0,0,0,0,0,0,0,0,0,0
250285,2,1,1994,0,0,0,0,0,0,0,0,18,11
250286,1,1,1994,0,0,0,0,0,0,0,0,0,0
250287,1,1,1994,1,1,1,1,1,1,1,1,1,1
250287,2,1,1994,0,0,0,0,0,0,0,0,0,0
250288,0,1,1994,2,2,2,2,2,2,2,2,2,2
250288,0,2,1994,24,24,24,24,24,24,24,24,24,24
250288,1,1,1994,3,31,26,21,24,12,15,20,32,20
250289,1,1,1994,0,0,9,2,8,0,7,9,0,15
250289,2,1,1994,0,23,0,11,5,0,8,22,0,19
250290,1,1,1994,0,0,0,0,0,0,0,0,0,0
250290,2,1,1994,0,0,0,0,0,0,0,0,0,0
250291,0,1,1994,0,0,0,0,0,0,0,0,0,0
250291,1,1,1994,0,0,0,0,0,0,0,0,0,0
250292,1,1,1994,0,0,0,0,0,0,0,0,0,0
250293,1,1,1994,22,22,22,22,22,22,22,22,22,22
250294,0,1,1994,0,0,0,0,0,0,0,0,0,0
250294,1,1,1994,10,0,0,16,0,0,0,0,0,0
250295,1,1,1994,0,0,0,0,0,0,0,0,0,0
250295,2,1,1994,9,0,0,0,0,5,0,0,0,0
250296,1,1,1994,21,21,23,31,10,40,0,12,33,10
250296,2,1,1994,0,0,0,0,0,0,0,0,0,0
250297,0,1,1994,0,0,0,12,0,0,9,19,0,0
250297,1,1,1994,0,0,13,0,0,0,10,0,0,0
250298,1,1,1994,6,6,6,6,6,6,6,6,6,6
250299,0,1,1994,0,0,0,0,0,0,0,0,0,0
250299,1,1,1994,17,0,18,0,29,0,7,0,18,0
250300,1,1,1994,0,0,0,34,20,0,0,28,0,0
250300,2,1,1994,0,8,0,0,0,0,0,16,12,0
250301,1,1,1994,0,0,0,0,0,0,0,0,0,0
250301,2,1,1994,0,0,0,0,0,0,0,0,0,0
250302,1,1,1994,0,0,0,0,0,0,0,0,0,0
250302,2,1,1994,1,1,1,1,1,1,1,1,1,1
250302,3,1,1994,0,0,0,0,0,0,0,0,0,0
250303,0,1,1994,0,0,0,0,0,0,0,0,0,0
250303,1,1,1994,0,0,6,0,16,0,0,0,0,17
250305,1,1,1994,3,22,0,21,0,8,9,0,14,1
250306,1,1,1994,0,0,0,0,0,0,0,0,0,0
250306,2,1,1994,0,0,0,0,0,0,0,0,0,0
250307,0,1,1994,0,0,0,0,0,0,0,0,0,0
250307,1,1,1994,0,0,17,0,0,33,0,0,0,0
250308,1,1,1994,0,0,0,0,0,0,0,0,0,0
250309,1,1,1994,0,0,0,0,0,0,0,0,5,0
250309,2,1,1994,0,4,0,0,29,0,0,0,0,0
250310,1,1,1994,13,13,13,13,13,13,13,13,13,13
250311,1,1,1994,0,0,0,0,0,0,0,0,0,0
250311,2,1,1994,17,17,17,17,17,17,17,17,17,17
250312,1,1,1994,0,10,0,0,0,0,0,0,0,0
250313,0,1,1994,0,0,0,0,0,0,22,0,3,0
250313,1,1,1994,12,0,12,0,10,17,10,19,10,19
250314,1,1,1994,23,23,23,23,23,23,23,23,23,23
250315,1,1,1994,16,16,16,16,16,16,16,16,16,16
250316,1,1,1994,0,0,0,0,0,0,0,0,0,0
250316,2,1,1994,0,0,0,0,0,0,0,0,0,0
250316,3,1,1994,0,0,0,0,0,0,0,0,0,0
250316,4,1,1994,0,0,8,4,0,0,0,0,9,0
250317,1,1,1994,0,6,0,0,0,17,0,0,0,0
250317,2,1,1994,0,15,0,0,8,0,0,0,18,0
250318,1,1,1994,0,0,0,0,0,0,0,0,0,0
250319,1,1,1994,18,30,11,24,27,22,34,15,14,14
250320,1,1,1994,0,29,8,19,9,13,15,21,0,0
250320,2,1,1994,22,22,22,22,22,22,22,22,22,22
250321,1,1,1994,0,0,0,0,5,0,0,0,0,0
250321,2,1,1994,6,6,6,6,6,6,6,6,6,6
250322,1,1,1994,0,4,4,0,7,0,9,17,0,0
250323,1,1,1994,0,0,0,0,0,0,0,0,0,0
250324,1,1,1994,27,27,27,27,27,27,27,27,27,27
250325,0,1,1994,0,0,0,0,0,0,0,0,0,0
250325,1,1,1994,0,10,0,0,0,0,0,0,0,0
250326,1,1,1994,0,0,0,0,0,0,0,0,0,0
250326,2,1,1994,0,17,0,0,0,0,0,0,0,0
250327,1,1,1994,0,0,0,0,0,0,0,0,0,0
250327,2,1,1994,0,0,0,0,0,0,0,0,0,0
250328,1,1,1994,0,0,0,0,0,0,0,0,0,0
250328,2,1,1994,0,0,0,0,0,0,0,0,0,0
250329,1,1,1994,0,0,0,0,0,0,0,0,0,0
250329,2,1,1994,6,6,6,6,6,6,6,6,6,6
250330,0,1,1994,0,0,0,0,0,0,0,0,0,0
250330,1,1,1994,18,18,18,18,18,18,18,18,18,18
250331,0,1,1994,0,0,0,0,0,0,0,0,0,0
250331,1,1,1994,0,0,0,0,0,0,0,0,0,0
250332,0,1,1994,32,4,0,29,8,0,0,12,19,11
250332,1,1,1994,0,5,0,0,11,0,0,12,0,3
250333,0,1,1994,0,0,0,0,13,0,0,0,14,29
250333,1,1,1994,0,0,0,0,0,0,0,9,0,2
250334,0,1,1994,4,4,4,4,4,4,4,4,4,4
250334,1,1,1994,9,8,22,8,0,5,21,0,0,13
250335,1,1,1994,12,12,12,12,12,12,12,12,12,12
250336,1,1,1994,0,0,0,17,0,0,0,0,0,0
250336,2,1,1994,0,0,0,0,0,0,0,0,0,0
250336,3,1,1994,0,0,0,0,0,0,0,0,0,0
250337,1,1,1994,0,0,0,0,0,0,0,0,0,0
250337,2,1,1994,0,0,0,0,0,19,0,0,0,0
250338,0,1,1994,0,0,0,0,0,0,0,0,0,0
250338,1,1,1994,0,0,0,0,0,0,0,0,0,0
250339,1,1,1994,0,0,0,0,0,0,0,0,0,0
250340,1,1,1994,0,0,0,0,0,0,0,0,0,0
250341,1,1,1994,15,0,4,0,0,0,19,0,0,0
250341,2,1,1994,2,2,2,2,2,2,2,2,2,2
250342,1,1,1994,0,0,0,0,0,0,0,0,0,0
250342,2,1,1994,12,20,17,10,16,24,9,10,22,6
250343,1,1,1994,26,26,26,26,26,26,26,26,26,26
250344,1,1,1994,18,18,18,18,18,18,18,18,18,18
250345,0,1,1994,0,0,0,0,0,0,0,0,0,0
250345,0,2,1994,0,0,18,0,0,0,0,12,0,36
250345,1,1,1994,0,26,0,28,0,0,0,0,18,24
250346,1,1,1994,0,0,0,0,0,0,0,20,0,0
250346,2,1,1994,0,0,0,0,0,0,0,0,0,0
250347,1,1,1994,23,23,23,23,23,23,23,23,23,23
250347,2,1,1994,28,17,0,0,0,0,0,0,0,0
250348,1,1,1994,18,18,18,18,18,18,18,18,18,18
250349,1,1,1994,32,32,32,32,32,32,32,32,32,32
250350,1,1,1994,11,0,11,0,0,0,0,9,0,0
250350,2,1,1994,6,6,6,6,6,6,6,6,6,6
250351,0,1,1994,0,0,0,0,0,0,0,0,0,0
250351,1,1,1994,0,0,0,0,0,0,0,0,0,0
250352,1,1,1994,0,0,0,0,0,0,6,22,0,0
250353,0,1,1994,0,0,0,0,0,0,0,0,0,0
250353,1,1,1994,0,0,0,7,0,0,0,0,0,0
250355,1,1,1994,16,16,16,16,16,16,16,16,16,16
250356,1,1,1994,0,0,0,0,0,0,0,0,0,0
250356,2,1,1994,0,0,0,0,0,0,0,0,0,0
250357,1,1,1994,21,21,21,21,21,21,21,21,21,21
250357,2,1,1994,0,0,17,0,0,0,12,0,0,6
250358,0,1,1994,21,21,21,21,21,21,21,21,21,21
250358,1,1,1994,14,0,0,0,0,0,0,0,4,0
250359,0,1,1994,0,0,0,0,0,0,0,0,0,0
250359,1,1,1994,0,0,0,0,0,0,0,0,0,0
250360,0,1,1994,0,0,0,0,0,0,0,0,0,0
250360,1,1,1994,0,23,8,22,0,19,0,0,0,0
250361,1,1,1994,0,0,0,0,0,0,0,0,0,9
250361,2,1,1994,0,0,0,0,0,0,0,0,0,0
250362,1,1,1994,0,0,0,0,0,0,0,15,14,0
250362,2,1,1994,0,0,0,0,0,0,0,0,0,0
250363,1,1,1994,0,0,0,0,0,0,0,0,0,0
250363,2,1,1994,0,0,0,5,0,0,0,0,0,0
250364,1,1,1994,0,0,0,8,7,0,0,0,0,0
250365,1,1,1994,0,0,0,0,0,0,0,0,0,0
250366,1,1,1994,0,0,0,0,0,0,0,0,0,0
250367,1,1,1994,0,0,0,0,0,0,0,0,0,0
250368,0,1,1994,17,17,17,17,17,17,17,17,17,17
250368,1,1,1994,23,23,23,23,23,23,23,23,23,23
250369,0,1,1994,38,38,38,38,38,38,38,38,38,38
250369,1,1,1994,0,0,22,0,0,0,12,19,0,0
250370,0,1,1994,0,0,0,0,0,0,0,0,0,0
250370,1,1,1994,0,0,0,0,0,0,0,0,0,0
250371,1,1,1994,0,0,0,0,0,0,0,0,0,0
250371,2,1,1994,0,0,0,0,0,0,0,0,0,0
250372,1,1,1994,0,0,26,0,0,0,0,0,17,14
250372,2,1,1994,0,0,0,0,0,0,0,0,0,0
250372,3,1,1994,0,0,0,0,0,0,0,0,0,0
250373,1,1,1994,21,15,10,7,15,6,19,23,8,20
250374,1,1,1994,0,0,0,0,0,0,0,0,0,0
250375,1,1,1994,0,0,0,15,0,0,12,23,7,30
250375,2,1,1994,8,23,14,25,29,10,25,29,13,14
250376,1,1,1994,43,43,43,43,43,43,43,43,43,43
250376,2,1,1994,0,0,0,67,0,0,13,0,0,0
250377,1,1,1994,0,0,0,0,0,0,0,0,0,0
250378,1,1,1994,5,5,5,5,5,5,5,5,5,5
250379,1,1,1994,0,0,0,0,0,0,0,0,0,0
250379,2,1,1994,0,8,19,0,0,0,0,0,0,0
250380,1,1,1994,19,18,38,18,17,12,27,27,8,14
250380,2,1,1994,16,16,16,16,16,16,16,16,16,16
250381,1,1,1994,0,0,0,0,0,0,0,0,0,0