ST_CASE,VEH_NO,PER_NO,YEAR,P1,P2,P3,P4,P5,P6,P7,P8,P9,P10
250381,2,1,1994,0,0,0,0,0,0,0,0,0,0
250382,1,1,1994,0,0,0,0,0,0,0,0,0,0
250382,2,1,1994,0,0,0,0,0,0,0,0,0,0
250382,3,1,1994,0,0,0,0,0,0,0,0,0,0
250382,4,1,1994,0,0,0,0,0,0,0,0,0,0
250383,1,1,1994,0,0,0,10,0,0,0,0,0,0
250384,1,1,1994,37,37,37,37,37,37,37,37,37,37
250384,2,1,1994,0,0,15,0,0,24,0,0,0,0
250384,3,1,1994,27,15,0,0,0,0,0,0,0,0
250385,1,1,1994,0,0,0,0,0,0,0,0,0,0
250386,1,1,1994,0,0,0,0,0,0,0,0,0,0
250386,2,1,1994,0,0,0,0,19,8,0,15,0,25
250387,1,1,1994,22,23,6,8,33,23,13,6,21,0
250388,1,1,1994,0,0,0,0,0,0,2,0,0,0
250388,2,1,1994,22,22,22,22,22,22,22,22,22,22
250388,3,1,1994,0,0,0,0,0,0,0,3,0,0
250389,1,1,1994,0,0,0,0,0,0,0,0,0,0
250390,1,1,1994,0,0,0,11,0,0,17,0,0,0
250390,2,1,1994,0,0,0,0,0,0,0,0,0,0
250391,1,1,1994,52,52,52,52,52,52,52,52,52,52
250392,1,1,1994,14,14,14,14,14,14,14,14,14,14
250392,2,1,1994,0,17,0,0,0,0,0,0,0,10
250393,0,1,1994,0,0,0,0,0,0,0,0,0,0
250393,1,1,1994,0,0,0,0,0,0,0,15,0,0
250394,1,1,1994,0,0,0,11,0,0,0,0,0,28
250395,0,1,1994,0,0,0,0,0,0,0,0,0,0
250395,1,1,1994,17,17,18,30,11,9,32,26,31,17
250396,0,1,1994,0,0,0,0,0,0,0,0,0,0
250396,0,2,1994,0,0,22,0,0,0,0,0,0,0
250396,1,1,1994,14,0,0,0,0,0,0,0,0,0
250397,1,1,1994,0,0,0,0,0,0,0,0,18,0
250398,1,1,1994,0,0,0,32,0,11,0,0,0,10
250398,2,1,1994,0,0,0,0,0,0,0,0,0,0
250399,1,1,1994,0,0,0,0,0,0,0,0,0,0
250399,2,1,1994,0,0,0,17,0,0,0,0,0,0
250400,1,1,1994,10,31,21,18,18,13,14,23,15,13
250400,2,1,1994,4,4,4,4,4,4,4,4,4,4
250400,3,1,1994,14,0,0,8,11,0,0,6,15,2
250401,1,1,1994,0,0,0,0,0,0,0,0,0,0
250402,0,1,1994,0,0,0,0,0,0,0,0,0,0
250402,1,1,1994,0,8,0,0,0,8,0,0,0,0
250403,1,1,1994,0,0,0,0,0,0,0,0,0,0
250403,2,1,1994,0,0,0,0,0,0,0,0,0,0
250403,3,1,1994,0,0,0,0,0,0,0,0,0,0
250404,1,1,1994,7,0,10,0,28,4,0,0,0,26
250404,2,1,1994,0,0,6,0,0,0,0,0,15,0
250405,1,1,1994,0,0,0,0,0,0,0,0,0,0
250406,1,1,1994,0,0,0,0,0,0,0,0,6,0
250407,1,1,1994,15,15,15,15,15,15,15,15,15,15
250408,1,1,1994,6,6,6,6,6,6,6,6,6,6
250408,2,1,1994,0,0,0,0,0,0,0,0,0,0
250409,1,1,1994,0,0,0,0,0,0,0,0,0,0
250410,0,1,1994,22,22,22,22,22,22,22,22,22,22
250410,1,1,1994,0,0,10,0,9,0,0,0,0,0
250411,1,1,1994,0,0,27,20,12,15,27,20,22,12
250411,2,1,1994,0,0,0,0,0,0,19,0,0,0
260001,1,1,1994,2,2,2,2,2,2,2,2,2,2
260001,2,1,1994,0,0,0,0,0,0,0,0,0,0
260002,1,1,1994,7,18,23,13,7,12,15,19,10,9
260003,1,1,1994,0,0,0,0,0,0,0,0,0,0
260003,2,1,1994,0,0,0,0,0,0,0,0,0,0
260004,1,1,1994,22,22,22,22,22,22,22,22,22,22
260005,1,1,1994,0,0,0,0,0,0,0,0,0,0
260005,2,1,1994,0,0,0,0,0,0,0,0,0,0
260006,1,1,1994,0,0,0,0,0,0,0,0,0,0
260006,2,1,1994,0,0,0,0,0,0,0,0,0,0
260007,1,1,1994,0,0,0,0,0,0,0,0,0,0
260008,0,1,1994,0,0,0,0,0,0,0,0,0,0
260008,0,2,1994,0,0,0,0,0,0,0,0,0,0
260008,1,1,1994,0,0,0,0,0,0,0,0,0,0
260009,1,1,1994,0,0,0,0,0,0,0,0,0,0
260009,2,1,1994,0,0,0,0,0,0,0,0,0,0
260010,1,1,1994,0,0,0,0,0,0,0,0,0,0
260010,2,1,1994,0,0,0,0,0,0,0,0,0,0
260010,3,1,1994,0,0,0,0,0,0,0,0,0,0
260011,1,1,1994,0,0,0,0,0,0,0,0,0,0
260011,2,1,1994,0,0,0,0,0,0,0,0,0,0
260012,1,1,1994,8,17,10,11,28,12,23,13,6,17
260012,2,1,1994,0,0,0,0,0,0,0,0,0,0
260013,1,1,1994,0,0,0,0,0,0,0,0,0,0
260013,2,1,1994,0,0,0,0,0,0,0,0,0,0
260014,1,1,1994,15,15,15,15,15,15,15,15,15,15
260015,1,1,1994,7,7,7,7,7,7,7,7,7,7
260015,2,1,1994,0,0,6,0,0,0,0,0,17,0
260016,1,1,1994,0,0,0,0,0,0,0,0,0,0
260017,1,1,1994,18,18,18,18,18,18,18,18,18,18
260017,2,1,1994,0,0,0,0,0,0,0,0,0,0
260018,1,1,1994,0,0,0,0,0,0,0,0,0,0
260018,2,1,1994,0,0,0,0,0,0,0,0,0,0
260019,1,1,1994,0,0,0,0,0,0,0,0,0,0
260019,2,1,1994,0,0,0,0,0,0,0,0,0,0
260020,1,1,1994,0,0,0,0,0,0,0,0,0,0
260020,2,1,1994,0,0,0,0,0,0,0,0,0,0
260021,1,1,1994,0,0,0,0,0,0,0,0,0,0
260021,2,1,1994,0,0,0,0,0,0,0,0,0,0
260022,1,1,1994,18,18,18,18,18,18,18,18,18,18
260023,1,1,1994,0,0,0,0,0,0,0,0,0,0
260023,2,1,1994,0,0,0,0,0,0,0,0,18,0
260024,1,1,1994,0,0,0,0,0,0,0,0,0,0
260024,2,1,1994,0,0,0,0,0,0,0,0,0,0
260025,1,1,1994,1,1,1,1,1,1,1,1,1,1
260025,2,1,1994,0,0,0,0,0,0,0,0,0,0
260026,1,1,1994,0,0,0,0,0,0,0,0,0,0
260026,2,1,1994,0,0,0,0,0,0,0,0,0,0
260027,0,1,1994,0,0,0,0,0,0,0,0,0,0
260027,1,1,1994,0,8,28,0,0,0,0,0,0,0
260028,1,1,1994,21,12,11,7,18,18,18,24,26,4
260029,1,1,1994,21,5,12,0,7,18,10,25,5,15
260029,2,1,1994,4,0,0,0,0,0,0,0,0,0
260030,1,1,1994,20,20,20,20,20,20,20,20,20,20
260031,0,1,1994,0,0,0,0,0,0,0,0,0,0
260031,1,1,1994,0,0,0,0,0,0,0,0,0,0
260032,0,1,1994,16,16,16,16,16,16,16,16,16,16
260032,1,1,1994,0,0,15,0,0,0,0,0,0,0
260033,1,1,1994,17,17,17,17,17,17,17,17,17,17
260034,1,1,1994,0,0,0,0,14,0,0,0,22,6
260035,1,1,1994,0,0,0,0,0,0,0,0,0,0
260035,2,1,1994,0,0,0,0,0,0,0,0,0,0
260036,1,1,1994,0,0,0,0,0,0,0,0,0,0
260036,2,1,1994,0,0,0,0,0,0,0,0,0,0
260037,1,1,1994,6,6,6,6,6,6,6,6,6,6
260037,2,1,1994,0,0,0,0,0,0,0,0,0,0
260038,1,1,1994,0,0,24,0,27,0,0,0,21,0
260039,1,1,1994,0,0,0,0,0,0,0,0,0,0
260040,1,1,1994,0,0,0,0,0,0,0,0,0,0
260040,2,1,1994,0,0,0,0,0,0,0,0,0,0
260041,0,1,1994,0,0,0,0,0,0,0,0,0,0
260041,1,1,1994,0,0,0,0,0,0,0,0,0,0
260041,2,1,1994,6,6,6,6,6,6,6,6,6,6
260042,1,1,1994,0,0,0,0,0,0,0,0,0,0
260043,1,1,1994,15,15,15,15,15,15,15,15,15,15
260043,2,1,1994,0,0,0,0,0,0,0,0,0,0
260044,1,1,1994,0,0,0,0,0,0,0,0,0,0
260044,2,1,1994,0,0,0,0,0,0,0,0,0,0
260045,1,1,1994,18,18,18,18,18,18,18,18,18,18
260045,2,1,1994,0,0,0,0,0,0,0,0,0,0
260046,1,1,1994,0,0,0,0,0,0,0,0,0,0
260046,2,1,1994,0,0,0,0,0,0,0,0,0,0
260046,3,1,1994,0,0,0,0,0,0,0,0,0,0
260047,1,1,1994,9,9,9,9,9,9,9,9,9,9
260047,2,1,1994,0,0,0,0,0,0,0,0,0,0
260048,1,1,1994,0,0,0,0,0,0,0,0,0,0
260048,2,1,1994,0,0,0,0,0,0,0,0,0,0
260049,1,1,1994,0,0,0,0,0,0,0,0,0,0
260049,2,1,1994,0,0,0,0,0,0,0,0,0,0
260050,1,1,1994,0,0,0,0,0,0,0,0,0,0
260050,2,1,1994,0,0,0,15,0,0,0,0,0,0
260051,1,1,1994,0,0,0,0,0,0,0,0,0,0
260051,2,1,1994,0,0,0,0,0,0,0,0,0,0
260051,3,1,1994,0,0,0,0,0,0,0,0,0,0
260051,4,1,1994,0,0,0,0,0,0,0,0,0,0
260052,1,1,1994,0,0,0,0,0,0,0,0,0,0
260052,2,1,1994,0,0,0,0,0,0,0,0,0,0
260053,1,1,1994,0,0,0,0,0,0,0,0,0,0
260053,2,1,1994,0,0,0,0,0,0,0,0,0,0
260054,1,1,1994,2,2,2,2,2,2,2,2,2,2
260054,2,1,1994,0,0,0,0,0,0,0,0,0,0
260055,1,1,1994,0,0,0,0,0,0,0,0,0,0
260055,2,1,1994,0,0,0,0,0,0,0,0,0,0
260056,1,1,1994,0,0,0,0,0,0,0,0,0,0
260057,1,1,1994,0,0,0,0,0,0,0,0,0,0
260057,2,1,1994,0,0,0,0,0,0,0,0,0,0
260058,1,1,1994,0,0,0,0,0,0,0,0,0,0
260058,2,1,1994,0,0,0,0,0,0,0,0,0,0
260059,1,1,1994,22,22,22,22,22,22,22,22,22,22
260059,2,1,1994,12,12,12,12,12,12,12,12,12,12
260060,1,1,1994,11,11,11,11,11,11,11,11,11,11
260060,2,1,1994,0,0,0,0,0,0,0,0,0,0
260060,3,1,1994,0,0,0,0,0,0,0,0,0,0
260061,1,1,1994,0,0,0,0,0,0,0,0,0,0
260061,2,1,1994,0,0,0,0,0,0,0,0,0,0
260062,1,1,1994,0,0,0,0,0,0,0,0,0,0
260062,2,1,1994,0,0,0,0,0,0,0,0,0,0
260063,1,1,1994,0,0,0,0,0,0,0,0,0,0
260063,2,1,1994,0,0,0,0,0,0,0,0,0,0
260064,1,1,1994,0,0,0,0,0,0,0,0,0,0
260064,2,1,1994,0,0,0,0,0,0,0,0,0,0
260065,1,1,1994,0,0,0,0,0,0,0,0,0,0
260065,2,1,1994,0,0,0,0,0,0,0,0,0,0
260066,1,1,1994,9,9,9,9,9,9,9,9,9,9
260066,2,1,1994,4,4,4,4,4,4,4,4,4,4
260067,1,1,1994,19,19,19,19,19,19,19,19,19,19
260067,2,1,1994,3,3,3,3,3,3,3,3,3,3
260069,0,1,1994,10,10,10,10,10,10,10,10,10,10
260069,0,2,1994,0,0,0,0,0,0,0,0,0,0
260069,1,1,1994,0,0,0,0,0,0,0,0,0,0
260070,0,1,1994,0,0,0,0,0,0,0,0,0,0
260070,1,1,1994,0,0,0,0,0,0,20,22,0,0
260071,1,1,1994,0,0,0,0,0,0,0,0,0,0
260071,2,1,1994,0,0,0,0,0,0,0,0,0,0
260072,1,1,1994,0,0,0,0,0,0,0,0,0,0
260072,2,1,1994,0,0,0,0,0,0,0,0,0,0
260072,3,1,1994,0,0,0,0,0,0,0,0,0,0
260072,4,1,1994,0,0,0,0,16,0,0,0,0,0
260072,5,1,1994,0,0,0,0,0,0,0,0,0,0
260073,1,1,1994,14,14,14,14,14,14,14,14,14,14
260073,2,1,1994,0,0,0,14,0,0,0,0,0,0
260074,1,1,1994,0,0,0,0,0,0,0,0,0,0
260074,2,1,1994,0,0,0,0,0,0,0,0,0,0
260074,3,1,1994,0,15,0,0,0,0,0,0,0,0
260074,4,1,1994,0,10,0,0,0,13,0,0,0,0
260075,1,1,1994,0,0,0,0,0,0,0,0,0,0
260075,2,1,1994,0,0,0,0,0,0,0,0,0,0
260076,1,1,1994,0,0,0,0,0,0,0,0,0,0
260076,2,1,1994,0,0,0,0,0,0,0,0,0,0
260076,3,1,1994,0,0,0,0,0,0,0,0,0,0
260077,1,1,1994,0,0,0,0,0,0,0,0,0,0
260077,2,1,1994,0,0,0,0,13,0,0,0,0,0
260078,1,1,1994,0,0,0,0,0,0,0,0,0,0
260078,2,1,1994,0,0,0,0,0,0,0,0,0,0
260078,3,1,1994,0,0,0,0,0,0,0,0,0,0
260079,1,1,1994,0,0,5,0,0,0,0,0,19,17
260079,2,1,1994,0,0,0,0,0,0,0,0,0,0
260080,1,1,1994,0,0,0,0,0,0,0,0,0,0
260080,2,1,1994,0,0,0,0,0,0,0,0,0,0
260081,1,1,1994,0,0,0,0,0,0,0,0,0,0
260081,2,1,1994,1,1,1,1,1,1,1,1,1,1
260083,1,1,1994,25,25,25,25,25,25,25,25,25,25
260084,1,1,1994,0,0,0,0,0,0,0,0,0,0
260084,2,1,1994,0,0,0,0,0,0,0,0,0,0
260085,1,1,1994,7,7,7,7,7,7,7,7,7,7
260086,1,1,1994,25,25,25,25,25,25,25,25,25,25
260087,1,1,1994,16,16,16,16,16,16,16,16,16,16
260088,1,1,1994,0,0,0,0,0,0,0,0,0,0
260089,1,1,1994,0,0,0,0,0,0,0,0,0,0
260089,2,1,1994,0,0,0,0,0,0,0,0,0,0
260090,1,1,1994,0,0,0,0,0,0,0,0,0,0
260090,2,1,1994,0,0,24,0,0,0,0,7,0,0
260090,3,1,1994,0,0,0,0,0,0,0,0,0,0
260091,1,1,1994,0,0,11,0,0,0,6,0,37,0
260091,2,1,1994,2,2,2,2,2,2,2,2,2,2
260091,3,1,1994,0,0,0,0,0,0,0,0,0,19
260091,4,1,1994,0,0,0,0,0,0,0,0,0,0
260092,1,1,1994,0,0,0,0,0,7,0,0,16,0
260093,1,1,1994,0,0,0,0,0,0,0,0,0,0
260093,2,1,1994,0,0,0,0,10,0,0,0,0,0
260094,1,1,1994,16,16,16,16,16,16,16,16,16,16
260095,1,1,1994,0,0,0,0,0,0,0,0,0,0
260095,2,1,1994,0,0,0,0,0,0,0,0,0,0
260096,1,1,1994,18,18,18,18,18,18,18,18,18,18
260096,2,1,1994,0,0,0,0,0,0,0,0,0,0
260096,3,1,1994,0,0,0,0,0,0,0,0,0,0
260096,4,1,1994,0,0,0,0,0,0,0,0,0,0
260097,1,1,1994,0,0,0,0,0,0,0,0,0,0
260097,2,1,1994,0,0,0,0,0,19,0,0,0,0
260098,1,1,1994,0,0,0,0,0,0,0,0,0,0
260098,2,1,1994,0,0,12,0,0,0,0,0,0,0
260099,1,1,1994,0,0,0,0,0,0,0,0,0,0
260099,2,1,1994,0,0,0,0,0,0,0,0,0,0
260100,1,1,1994,21,21,21,21,21,21,21,21,21,21
260100,2,1,1994,0,0,0,0,0,0,0,0,0,0
260102,1,1,1994,0,0,0,0,0,0,0,0,0,0
260102,2,1,1994,0,0,0,0,0,0,0,0,0,0
260103,1,1,1994,0,0,0,0,0,0,0,0,0,0
260103,2,1,1994,0,0,5,0,14,0,0,0,0,0
260104,1,1,1994,0,0,8,0,0,0,6,32,0,0
260104,2,1,1994,0,0,0,0,0,0,0,0,0,0
260105,0,1,1994,0,0,0,0,0,0,0,0,0,0
260105,1,1,1994,14,14,14,14,14,14,14,14,14,14
260106,1,1,1994,0,0,0,0,0,0,0,0,0,0
260106,2,1,1994,0,0,0,0,0,0,0,0,0,0
260107,0,1,1994,29,29,29,29,29,29,29,29,29,29
260107,1,1,1994,0,0,0,0,0,0,0,0,0,0
260108,0,1,1994,31,25,15,20,8,5,17,9,19,42
260108,1,1,1994,12,12,12,12,12,12,12,12,12,12
260108,2,1,1994,0,0,0,0,0,0,0,0,0,0
260109,1,1,1994,24,24,24,24,24,24,24,24,24,24
260110,0,1,1994,0,0,0,0,27,0,0,21,0,0
260110,1,1,1994,0,0,0,0,0,0,0,0,0,0
260111,1,1,1994,0,0,0,0,0,4,0,0,0,0
260111,2,1,1994,0,0,0,0,0,0,0,0,0,0
260112,0,1,1994,0,0,0,0,0,0,0,0,0,0
260112,0,2,1994,0,0,0,0,0,0,0,0,0,0
260112,0,3,1994,0,0,0,0,0,0,0,0,0,0
260112,0,4,1994,0,0,0,0,0,0,0,0,0,0
260112,1,1,1994,0,0,0,0,0,0,0,0,0,0
260113,1,1,1994,7,7,7,7,7,7,7,7,7,7
260113,2,1,1994,0,0,0,0,0,0,0,0,0,0
260114,1,1,1994,0,0,0,0,0,0,0,0,0,0
260114,2,1,1994,0,0,0,10,0,0,0,0,0,0
260115,0,1,1994,0,0,0,0,0,0,0,0,0,0
260115,1,1,1994,0,0,0,0,0,0,0,0,0,0
260116,1,1,1994,16,16,16,16,16,16,16,16,16,16
260117,1,1,1994,25,25,25,25,25,25,25,25,25,25
260117,2,1,1994,0,0,0,0,0,0,0,0,0,0
260118,1,1,1994,0,0,0,0,0,0,0,0,0,0
260118,2,1,1994,0,0,0,0,0,0,0,0,0,0
260118,3,1,1994,0,0,0,0,0,0,0,0,0,0
260119,1,1,1994,0,0,0,0,0,0,0,0,0,0
260119,2,1,1994,0,0,0,0,0,0,0,0,0,0
260120,1,1,1994,9,9,9,9,9,9,9,9,9,9
260120,2,1,1994,11,11,11,11,11,11,11,11,11,11
260121,1,1,1994,0,0,0,0,0,0,0,0,0,0
260121,2,1,1994,0,0,0,0,0,0,0,0,0,0
260122,1,1,1994,0,0,0,0,0,0,0,7,0,0
260123,1,1,1994,0,0,0,0,0,0,0,0,10,0
260124,1,1,1994,31,31,31,31,31,31,31,31,31,31
260125,1,1,1994,16,0,0,0,0,0,0,0,0,0
260125,2,1,1994,0,0,0,0,0,0,0,0,0,0
260126,1,1,1994,15,11,11,15,16,24,10,15,9,27
260126,2,1,1994,0,0,0,0,0,0,0,0,11,0
260127,1,1,1994,0,0,0,0,0,0,0,0,0,0
260127,2,1,1994,0,0,0,0,0,0,0,0,0,0
260128,1,1,1994,13,13,13,13,13,13,13,13,13,13
260128,2,1,1994,8,8,8,8,8,8,8,8,8,8
260129,1,1,1994,17,17,17,17,17,17,17,17,17,17
260130,0,1,1994,0,0,0,0,0,0,0,0,0,0
260130,1,1,1994,0,0,0,0,0,0,0,0,0,0
260131,0,1,1994,18,18,18,18,18,18,18,18,18,18
260131,1,1,1994,0,0,0,0,0,0,0,0,13,8
260133,1,1,1994,4,4,4,4,4,4,4,4,4,4
260134,0,1,1994,0,0,0,0,0,0,0,0,0,23
260134,1,1,1994,0,0,0,0,0,0,0,0,0,0
260135,1,1,1994,0,0,0,0,0,0,0,0,0,0
260135,2,1,1994,0,0,0,0,0,0,0,0,0,0
260136,1,1,1994,0,0,0,0,0,0,0,0,0,0
260136,2,1,1994,0,0,0,0,0,0,0,0,0,0
260137,1,1,1994,18,18,18,18,18,18,18,18,18,18
260138,1,1,1994,0,0,0,0,0,0,0,0,0,0
260138,2,1,1994,0,0,0,0,0,0,0,0,3,0
260139,1,1,1994,4,4,4,4,4,4,4,4,4,4
260139,2,1,1994,12,12,12,12,12,12,12,12,12,12
260140,1,1,1994,0,0,0,0,0,0,0,0,0,0
260140,2,1,1994,0,0,0,0,0,0,0,0,0,0
260141,1,1,1994,0,0,0,0,0,0,0,0,0,0
260141,2,1,1994,0,0,0,0,0,0,0,0,0,0
260141,3,1,1994,0,0,0,0,0,0,0,0,17,0
260142,1,1,1994,22,29,20,34,19,9,22,24,11,27
260143,1,1,1994,21,21,21,21,21,21,21,21,21,21
260144,0,1,1994,0,0,0,0,0,0,0,0,0,0
260144,1,1,1994,0,0,0,0,0,0,0,0,0,0
260145,1,1,1994,20,20,20,20,20,20,20,20,20,20
260146,1,1,1994,0,0,0,0,0,0,0,0,0,0
260146,2,1,1994,0,0,0,0,0,0,0,0,0,0
260146,3,1,1994,0,0,0,0,0,0,0,0,0,0
260147,1,1,1994,0,15,0,0,0,0,0,0,0,0
260147,2,1,1994,0,0,0,0,0,0,0,0,0,0
260148,1,1,1994,0,0,0,0,0,0,0,0,0,0
260148,2,1,1994,0,0,0,0,0,0,0,0,0,0
260149,1,1,1994,0,0,0,0,0,0,0,0,0,0
260149,2,1,1994,0,0,0,0,0,0,0,0,0,0
260150,1,1,1994,24,24,24,24,24,24,24,24,24,24
260150,2,1,1994,0,0,0,0,0,0,0,0,0,0
260151,1,1,1994,0,0,0,0,0,0,0,0,0,0
260152,1,1,1994,24,24,24,24,24,24,24,24,24,24
260152,2,1,1994,0,0,0,0,0,0,0,0,0,0
260153,1,1,1994,3,3,3,3,3,3,3,3,3,3
260154,1,1,1994,0,0,0,0,0,0,0,0,0,0
260155,1,1,1994,0,0,0,0,0,0,0,0,0,0
260156,1,1,1994,0,0,0,0,0,0,0,0,0,0
260156,2,1,1994,0,0,0,0,0,0,0,6,0,0
260157,1,1,1994,0,0,0,0,0,0,0,0,0,0
260157,2,1,1994,0,0,0,0,0,0,0,0,0,0
260158,1,1,1994,20,20,20,20,20,20,20,20,20,20
260158,2,1,1994,0,0,0,0,0,0,0,0,0,0
260159,1,1,1994,17,17,17,17,17,17,17,17,17,17
260160,1,1,1994,0,0,0,0,0,0,0,0,0,0
260160,2,1,1994,0,0,0,0,0,0,0,0,0,0
260161,1,1,1994,12,12,12,12,12,12,12,12,12,12
260162,1,1,1994,0,0,0,0,0,0,0,0,0,0
260162,2,1,1994,0,0,0,0,0,0,0,0,0,0
260163,1,1,1994,0,0,0,0,0,0,0,0,0,0
260163,2,1,1994,0,0,0,0,0,0,0,0,0,0
260164,1,1,1994,24,24,24,24,24,24,24,24,24,24
260165,1,1,1994,4,4,4,4,4,4,4,4,4,4
260166,0,1,1994,15,17,17,22,23,16,16,24,39,12
260166,1,1,1994,0,0,0,0,0,0,0,0,0,0
260167,1,1,1994,0,0,0,0,0,0,0,0,0,0
260167,2,1,1994,0,0,0,0,0,0,0,0,0,0
260168,1,1,1994,11,18,24,12,11,25,15,39,25,4
260169,1,1,1994,16,16,16,16,16,16,16,16,16,16
260169,2,1,1994,9,9,9,9,9,9,9,9,9,9
260170,0,1,1994,18,23,15,22,33,0,29,26,5,10
260170,0,2,1994,0,0,0,0,0,0,0,0,0,0
260170,1,1,1994,12,12,12,12,12,12,12,12,12,12
260171,1,1,1994,0,0,0,0,0,0,0,0,0,0
260172,1,1,1994,23,23,23,23,23,23,23,23,23,23
260172,2,1,1994,0,0,0,0,0,0,0,0,0,0
260173,1,1,1994,0,0,0,0,0,0,0,0,0,0
260173,2,1,1994,0,0,0,0,8,0,0,13,23,0
260174,1,1,1994,0,0,0,0,0,0,0,0,0,0
260174,2,1,1994,0,0,0,0,0,0,0,0,0,0
260175,0,1,1994,18,24,16,17,16,18,14,26,16,0
260175,1,1,1994,0,0,0,0,0,0,18,0,0,0
260176,0,1,1994,0,0,0,0,0,0,0,0,0,0
260176,1,1,1994,0,0,0,0,0,0,0,0,0,0
260177,1,1,1994,0,0,0,17,0,0,17,13,12,0
260178,0,1,1994,0,0,0,0,0,0,0,0,0,0
260178,1,1,1994,0,0,0,0,0,0,0,0,0,0
260179,0,1,1994,0,0,0,0,0,0,0,0,0,0
260179,1,1,1994,0,0,0,0,0,0,0,0,0,0
260180,1,1,1994,0,0,0,0,0,0,0,0,0,0
260180,2,1,1994,0,0,0,0,0,0,0,0,0,0
260181,1,1,1994,0,0,0,0,0,0,0,0,0,0
260182,1,1,1994,0,0,0,0,0,0,0,0,0,0
260183,1,1,1994,0,0,0,0,0,0,0,0,0,0
260183,2,1,1994,0,0,0,0,0,0,0,0,0,0
260183,3,1,1994,0,0,0,0,0,0,0,9,0,16
260184,1,1,1994,0,0,0,0,0,0,0,0,0,0
260184,2,1,1994,0,0,0,0,0,0,0,0,0,0
260184,3,1,1994,0,0,0,0,0,0,0,5,0,0
260185,1,1,1994,0,0,0,0,0,0,0,0,0,0
260185,2,1,1994,0,0,0,0,0,0,0,0,0,0
260186,0,1,1994,0,0,0,0,0,0,0,0,0,0
260186,1,1,1994,0,0,0,0,0,0,0,0,0,0
260187,0,1,1994,0,0,0,0,0,0,0,0,0,0
260187,1,1,1994,0,0,0,0,22,0,0,0,0,0
260188,0,1,1994,7,7,7,7,7,7,7,7,7,7
260188,1,1,1994,0,0,0,0,28,25,0,25,20,0
260188,2,1,1994,0,0,10,25,0,0,32,9,0,0
260189,1,1,1994,24,24,24,24,24,24,24,24,24,24
260190,1,1,1994,13,13,13,13,13,13,13,13,13,13
260190,2,1,1994,6,0,25,0,5,21,11,0,26,17
260190,3,1,1994,18,0,17,0,7,0,14,13,0,0
260191,1,1,1994,19,19,19,19,19,19,19,19,19,19
260192,1,1,1994,20,20,20,20,20,20,20,20,20,20
260193,1,1,1994,0,0,0,0,0,0,0,0,0,0
260193,2,1,1994,0,0,0,0,0,0,0,0,0,0
260194,1,1,1994,0,0,0,0,0,0,0,0,0,0
260194,2,1,1994,0,0,0,0,0,0,0,0,0,0
260195,1,1,1994,15,15,15,15,15,15,15,15,15,15
260196,1,1,1994,27,27,27,27,27,27,27,27,27,27
260196,2,1,1994,0,0,0,0,0,0,0,0,0,0
260197,1,1,1994,17,17,17,17,17,17,17,17,17,17
260197,2,1,1994,0,0,0,0,0,0,0,0,0,0
260197,3,1,1994,0,0,0,0,0,0,0,0,0,10
260198,1,1,1994,0,0,0,0,0,0,0,0,0,0
260198,2,1,1994,0,0,0,0,0,0,0,0,0,0
260199,1,1,1994,0,0,0,0,0,0,0,0,0,0
260200,0,1,1994,22,22,22,22,22,22,22,22,22,22
260200,1,1,1994,5,5,5,5,5,5,5,5,5,5
260202,0,1,1994,0,0,0,0,0,0,0,0,0,0
260202,1,1,1994,0,0,0,0,0,0,0,0,0,0
260203,1,1,1994,4,4,4,4,4,4,4,4,4,4
260204,1,1,1994,0,0,0,0,0,0,0,0,0,0
260205,1,1,1994,0,0,0,0,0,0,0,0,0,0
260206,1,1,1994,24,20,0,7,28,15,41,18,24,26
260207,1,1,1994,21,21,21,21,21,21,21,21,21,21
260208,1,1,1994,23,23,23,23,23,23,23,23,23,23
260209,1,1,1994,0,0,0,0,0,0,0,0,0,0
260209,2,1,1994,0,0,0,0,0,0,0,0,0,0
260210,1,1,1994,0,19,0,10,18,0,4,0,14,8
260211,1,1,1994,13,13,13,13,13,13,13,13,13,13
260212,1,1,1994,13,13,13,13,13,13,13,13,13,13
260213,1,1,1994,13,13,13,13,13,13,13,13,13,13
260214,1,1,1994,24,24,24,24,24,24,24,24,24,24
260215,1,1,1994,0,0,0,0,0,0,0,0,0,0
260215,2,1,1994,0,0,0,0,0,0,0,0,0,0
260216,0,1,1994,27,0,24,0,0,0,0,47,22,26
260216,1,1,1994,0,0,0,0,0,0,0,0,0,0
260217,1,1,1994,11,29,10,11,22,33,21,7,8,9
260217,2,1,1994,20,0,0,0,17,14,10,12,20,0
260218,0,1,1994,0,0,0,0,0,0,0,0,0,0
260218,1,1,1994,0,0,0,0,0,0,0,0,0,0
260219,0,1,1994,0,0,0,0,0,0,0,0,0,0
260219,1,1,1994,0,0,0,0,0,0,0,0,0,23
260220,0,1,1994,24,24,24,24,24,24,24,24,24,24
260220,1,1,1994,9,9,9,9,9,9,9,9,9,9
260221,1,1,1994,13,28,7,18,14,6,17,15,11,6
260221,2,1,1994,12,23,15,0,29,0,24,0,19,0
260222,1,1,1994,27,13,30,29,17,20,11,25,13,6