ST_CASE,VEH_NO,PER_NO,YEAR,P1,P2,P3,P4,P5,P6,P7,P8,P9,P10
260757,2,1,1994,20,0,18,0,0,0,0,0,0,6
260758,1,1,1994,14,14,14,14,14,14,14,14,14,14
260759,1,1,1994,21,23,17,17,0,12,10,0,8,7
260759,2,1,1994,0,0,0,0,0,0,0,0,0,0
260760,1,1,1994,0,0,0,0,0,0,0,0,0,0
260760,2,1,1994,9,9,9,9,9,9,9,9,9,9
260761,0,1,1994,0,0,0,0,0,0,0,0,0,0
260761,1,1,1994,6,0,0,0,0,0,0,0,0,0
260762,0,1,1994,0,0,0,0,0,0,0,0,0,0
260762,1,1,1994,0,0,0,0,0,0,0,0,0,0
260763,1,1,1994,0,0,0,0,0,0,0,0,0,0
260763,2,1,1994,0,0,0,0,0,0,0,0,0,0
260764,1,1,1994,0,0,0,0,0,0,0,0,0,0
260764,2,1,1994,0,0,0,0,0,0,0,0,0,0
260765,1,1,1994,0,0,0,0,0,0,0,0,0,0
260765,2,1,1994,0,0,0,0,0,0,0,0,0,0
260767,1,1,1994,13,20,3,14,20,15,8,10,14,18
260767,2,1,1994,0,0,0,0,0,0,0,0,0,0
260768,0,1,1994,0,0,5,18,0,0,3,0,10,36
260768,0,2,1994,25,24,21,0,0,0,0,0,0,23
260768,1,1,1994,29,0,18,0,0,0,0,0,23,38
260768,2,1,1994,0,0,0,0,0,0,0,0,0,0
260769,1,1,1994,0,0,0,0,0,0,0,0,0,0
260769,2,1,1994,0,0,0,0,0,0,0,0,0,0
260770,1,1,1994,0,0,0,0,0,0,0,0,0,0
260770,2,1,1994,0,0,0,0,0,0,0,0,0,0
260771,1,1,1994,0,0,0,0,0,0,0,0,0,0
260771,2,1,1994,0,0,0,0,0,0,0,0,0,0
260772,1,1,1994,0,0,0,0,0,0,0,0,0,0
260772,2,1,1994,4,4,4,4,4,4,4,4,4,4
260773,1,1,1994,19,19,19,19,19,19,19,19,19,19
260774,1,1,1994,7,7,7,7,7,7,7,7,7,7
260774,2,1,1994,0,0,0,0,0,0,0,0,0,0
260774,3,1,1994,0,0,0,0,0,0,0,0,0,0
260775,1,1,1994,0,0,0,0,0,0,0,0,0,0
260776,0,1,1994,0,0,0,0,0,0,0,0,0,0
260776,1,1,1994,0,0,0,0,0,0,0,0,0,0
260777,1,1,1994,15,15,15,15,15,15,15,15,15,15
260777,2,1,1994,0,0,0,0,0,0,0,0,0,0
260777,3,1,1994,0,0,21,30,0,0,0,0,0,0
260778,1,1,1994,5,5,5,5,5,5,5,5,5,5
260779,1,1,1994,14,14,14,14,14,14,14,14,14,14
260780,1,1,1994,0,0,0,0,0,0,0,0,0,10
260781,1,1,1994,7,7,7,7,7,7,7,7,7,7
260782,0,1,1994,37,36,29,16,18,16,53,23,27,18
260782,1,1,1994,0,0,0,0,0,0,0,0,0,0
260783,1,1,1994,0,0,0,0,0,0,0,0,0,0
260783,2,1,1994,0,0,0,0,0,0,0,0,0,0
260784,0,1,1994,35,16,0,35,15,25,20,30,17,42
260784,1,1,1994,0,0,0,0,0,0,0,0,0,0
260785,0,1,1994,28,28,28,28,28,28,28,28,28,28
260785,1,1,1994,0,0,0,0,0,0,0,0,0,0
260786,1,1,1994,16,26,15,19,20,0,10,21,5,11
260786,2,1,1994,0,0,0,0,0,0,0,0,0,0
260787,1,1,1994,0,0,0,0,0,0,0,0,0,0
260787,2,1,1994,0,0,0,0,0,0,0,0,0,0
260788,1,1,1994,0,0,0,11,0,0,0,0,0,0
260788,2,1,1994,24,0,0,0,19,0,4,0,0,0
260789,1,1,1994,0,0,0,0,0,0,0,0,0,0
260790,1,1,1994,0,0,0,0,0,0,0,0,0,0
260790,2,1,1994,0,0,0,0,0,0,0,0,0,0
260791,1,1,1994,16,16,16,16,16,16,16,16,16,16
260792,0,1,1994,0,0,0,0,0,0,0,27,28,0
260792,1,1,1994,0,0,0,0,0,0,0,0,0,0
260793,1,1,1994,0,0,0,0,0,0,0,0,0,0
260794,1,1,1994,0,0,0,0,0,0,0,0,0,0
260794,2,1,1994,0,0,0,0,0,0,13,0,17,0
260795,1,1,1994,0,0,0,0,0,0,0,0,0,0
260795,2,1,1994,0,0,0,0,0,0,0,0,0,0
260796,0,1,1994,0,19,0,0,15,0,0,21,0,0
260796,1,1,1994,15,0,0,0,0,0,0,0,7,14
260797,1,1,1994,3,0,0,0,23,21,0,0,3,0
260797,2,1,1994,0,0,0,0,14,0,0,0,8,0
260798,1,1,1994,0,0,0,0,0,0,0,15,0,0
260798,2,1,1994,0,0,0,0,0,0,0,0,0,0
260799,0,1,1994,0,0,18,15,0,0,21,18,0,0
260799,1,1,1994,0,0,0,0,0,0,0,0,0,0
260800,0,1,1994,0,0,0,0,0,0,0,0,0,0
260800,1,1,1994,0,0,66,0,0,0,0,0,0,0
260801,1,1,1994,25,25,25,25,25,25,25,25,25,25
260802,0,1,1994,24,24,24,24,24,24,24,24,24,24
260802,1,1,1994,15,0,0,0,18,0,37,0,0,0
260802,2,1,1994,0,0,0,0,0,0,0,5,0,0
260803,1,1,1994,0,0,0,0,0,0,0,0,0,0
260803,2,1,1994,0,0,0,0,0,0,0,0,0,0
260804,1,1,1994,0,0,0,0,0,0,0,0,0,0
260804,2,1,1994,0,0,0,0,0,0,0,0,0,0
260805,1,1,1994,0,0,0,0,0,0,0,0,0,15
260805,2,1,1994,0,0,0,0,0,0,0,0,0,0
260806,0,1,1994,10,10,10,10,10,10,10,10,10,10
260806,1,1,1994,0,0,0,0,0,0,0,0,0,0
260807,1,1,1994,0,0,0,0,0,0,0,0,0,0
260808,1,1,1994,0,0,0,0,0,0,0,0,0,0
260808,2,1,1994,0,0,0,0,0,0,0,0,0,0
260809,1,1,1994,0,0,0,0,0,0,0,0,0,0
260809,2,1,1994,0,0,0,0,0,0,0,0,0,0
260810,1,1,1994,0,0,0,0,0,0,0,0,0,0
260810,2,1,1994,0,0,0,0,0,0,0,0,0,0
260811,1,1,1994,0,0,0,0,0,0,0,0,0,0
260811,2,1,1994,0,0,0,0,0,0,0,0,0,0
260812,1,1,1994,0,0,0,0,0,0,0,0,0,0
260812,2,1,1994,0,0,0,0,0,0,0,0,0,0
260813,1,1,1994,0,0,0,0,0,0,0,0,0,0
260813,2,1,1994,0,0,0,0,0,0,0,0,0,0
260814,1,1,1994,21,21,21,21,21,21,21,21,21,21
260815,1,1,1994,31,31,31,31,31,31,31,31,31,31
260815,2,1,1994,11,27,16,24,9,10,6,0,13,6
260816,0,1,1994,8,8,8,8,8,8,8,8,8,8
260816,1,1,1994,0,0,39,26,16,0,10,0,0,22
260817,1,1,1994,0,0,0,0,0,0,0,0,0,0
260817,2,1,1994,0,0,0,0,0,0,0,0,0,0
260818,1,1,1994,0,0,0,0,0,0,0,0,0,0
260819,1,1,1994,24,24,24,24,24,24,24,24,24,24
260819,2,1,1994,0,0,0,0,0,0,0,0,0,0
260820,0,1,1994,6,6,6,6,6,6,6,6,6,6
260820,1,1,1994,0,22,5,27,0,13,12,0,22,20
260821,1,1,1994,0,0,0,0,0,0,0,0,0,0
260821,2,1,1994,0,0,0,0,0,0,0,0,0,0
260822,1,1,1994,0,0,0,0,0,0,0,0,0,0
260822,2,1,1994,0,0,0,0,0,0,0,0,0,0
260823,1,1,1994,0,0,0,0,0,0,0,0,0,0
260824,1,1,1994,0,0,0,14,0,36,37,21,20,0
260825,1,1,1994,23,23,23,23,23,23,23,23,23,23
260826,1,1,1994,0,0,0,0,0,0,0,0,0,0
260826,2,1,1994,0,0,0,0,0,0,0,0,0,0
260827,1,1,1994,28,28,28,28,28,28,28,28,28,28
260828,1,1,1994,11,11,11,11,11,11,11,11,11,11
260828,2,1,1994,0,0,0,0,0,0,0,0,0,0
260829,0,1,1994,10,10,10,10,10,10,10,10,10,10
260829,1,1,1994,6,17,19,26,29,9,0,6,10,34
260830,1,1,1994,0,0,0,0,0,0,0,0,0,0
260830,2,1,1994,0,0,0,0,0,0,0,0,0,0
260831,1,1,1994,24,32,27,26,25,16,52,17,16,10
260833,1,1,1994,46,19,21,40,0,0,0,31,0,13
260834,1,1,1994,20,20,20,20,20,20,20,20,20,20
260835,1,1,1994,0,0,0,0,0,0,0,0,0,0
260835,2,1,1994,0,0,0,0,0,0,0,0,0,0
260835,3,1,1994,0,0,0,0,0,0,2,0,0,0
260836,1,1,1994,0,0,0,0,0,0,0,0,0,0
260836,2,1,1994,0,0,0,0,0,0,0,0,0,0
260837,1,1,1994,0,13,0,19,17,24,20,0,17,17
260837,2,1,1994,0,0,0,0,0,14,14,0,0,0
260837,3,1,1994,0,0,0,0,0,0,0,0,0,0
260838,0,1,1994,0,0,0,0,0,0,0,0,0,0
260838,1,1,1994,0,0,0,0,0,0,0,0,0,0
260839,1,1,1994,0,15,17,0,0,0,0,0,0,19
260840,0,1,1994,0,0,0,0,0,0,0,0,0,0
260840,1,1,1994,0,0,0,0,0,0,0,0,0,0
260841,1,1,1994,26,18,13,10,0,0,20,6,0,18
260841,2,1,1994,0,16,0,0,0,0,3,0,0,0
260842,1,1,1994,0,0,0,0,0,0,0,0,0,0
260843,1,1,1994,0,0,0,0,0,0,0,0,0,0
260844,1,1,1994,0,0,0,0,0,0,0,0,0,0
260844,2,1,1994,0,0,0,0,0,0,0,0,0,0
260845,1,1,1994,28,20,27,5,16,14,35,11,37,12
260846,1,1,1994,0,0,0,0,0,0,0,0,0,0
260847,1,1,1994,0,0,0,0,0,0,0,0,0,0
260847,2,1,1994,0,0,0,0,0,0,0,0,0,0
260848,1,1,1994,0,0,0,0,0,0,0,0,0,0
260849,1,1,1994,15,15,15,15,15,15,15,15,15,15
260851,1,1,1994,21,21,21,21,21,21,21,21,21,21
260852,1,1,1994,0,18,0,0,10,0,0,0,0,0
260852,2,1,1994,0,0,0,0,0,0,0,0,0,0
260853,1,1,1994,11,11,11,11,11,11,11,11,11,11
260853,2,1,1994,0,0,0,0,0,0,0,0,0,0
260854,0,1,1994,13,15,0,0,15,0,7,0,0,3
260854,1,1,1994,0,0,0,0,0,0,0,0,18,0
260855,1,1,1994,10,18,0,15,25,12,33,21,23,27
260856,1,1,1994,9,0,0,0,0,0,0,0,0,0
260857,0,1,1994,0,0,0,0,0,0,0,0,3,0
260857,1,1,1994,0,0,0,0,0,0,0,0,0,0
260858,1,1,1994,0,0,0,0,0,0,0,0,0,0
260858,2,1,1994,0,9,27,0,0,16,0,0,0,0
260859,1,1,1994,0,0,0,0,0,0,0,0,0,0
260860,1,1,1994,0,0,0,0,0,0,0,0,0,0
260860,2,1,1994,0,0,0,0,0,0,0,0,0,0
260861,1,1,1994,0,0,0,0,0,0,0,0,0,0
260861,2,1,1994,0,0,0,0,0,0,0,0,0,0
260862,1,1,1994,0,0,0,0,0,0,0,0,0,0
260862,2,1,1994,0,0,0,0,0,0,0,0,0,0
260863,1,1,1994,0,0,0,0,0,0,0,0,0,0
260864,1,1,1994,23,23,23,23,23,23,23,23,23,23
260864,2,1,1994,0,0,0,0,0,0,0,0,0,0
260865,1,1,1994,0,0,0,0,0,0,0,0,0,0
260865,2,1,1994,0,0,0,0,0,0,0,14,0,0
260866,1,1,1994,19,19,19,19,19,19,19,19,19,19
260867,1,1,1994,0,0,0,0,0,0,0,0,0,0
260867,2,1,1994,0,0,0,0,0,0,0,0,0,0
260868,0,1,1994,0,0,0,0,0,0,0,0,0,0
260868,1,1,1994,0,0,0,0,0,0,0,0,0,0
260869,1,1,1994,0,0,0,0,0,0,0,0,0,0
260869,2,1,1994,0,0,0,0,0,0,0,0,0,0
260869,3,1,1994,0,0,0,0,0,0,0,0,0,0
260870,1,1,1994,0,0,0,0,0,0,0,0,0,0
260870,2,1,1994,0,0,0,0,0,0,0,0,0,0
260871,1,1,1994,0,0,0,0,0,0,0,0,0,0
260871,2,1,1994,0,0,0,0,0,0,0,0,0,0
260872,1,1,1994,28,28,28,28,28,28,28,28,28,28
260873,0,1,1994,0,0,0,0,0,0,0,0,0,0
260873,1,1,1994,16,0,17,0,0,0,26,0,14,0
260874,1,1,1994,34,34,34,34,34,34,34,34,34,34
260875,1,1,1994,8,8,8,8,8,8,8,8,8,8
260875,2,1,1994,21,21,21,21,21,21,21,21,21,21
260876,1,1,1994,26,26,26,26,26,26,26,26,26,26
260876,2,1,1994,0,0,0,0,0,0,0,0,0,0
260877,1,1,1994,0,0,0,0,0,0,0,0,0,0
260878,0,1,1994,23,23,23,23,23,23,23,23,23,23
260878,1,1,1994,0,0,0,0,0,0,0,0,0,0
260879,1,1,1994,0,0,0,0,0,0,0,0,0,0
260879,2,1,1994,0,0,0,0,0,0,0,0,0,0
260880,1,1,1994,24,24,24,24,24,24,24,24,24,24
260881,1,1,1994,25,25,25,25,25,25,25,25,25,25
260882,1,1,1994,16,16,16,16,16,16,16,16,16,16
260883,0,1,1994,0,0,0,0,0,0,0,0,0,0
260883,1,1,1994,0,0,0,15,0,0,0,0,0,0
260884,0,1,1994,0,24,0,0,0,0,0,0,0,0
260884,1,1,1994,0,0,0,0,0,0,0,0,0,0
260885,0,1,1994,0,0,0,0,0,0,0,0,0,0
260885,1,1,1994,0,0,0,0,0,0,0,0,0,0
260886,0,1,1994,0,14,0,0,0,0,0,0,0,0
260886,1,1,1994,0,0,0,0,0,0,0,0,0,0
260886,2,1,1994,0,0,0,0,0,0,0,0,0,0
260887,1,1,1994,0,0,0,0,0,0,0,0,0,0
260887,2,1,1994,0,0,0,0,0,0,0,0,0,0
260888,1,1,1994,0,0,0,0,0,0,0,0,0,0
260888,2,1,1994,0,0,0,0,0,0,0,0,0,0
260889,0,1,1994,0,0,0,0,14,7,0,0,0,3
260889,1,1,1994,0,0,0,0,0,0,0,0,0,0
260890,0,1,1994,0,0,0,0,0,0,0,0,0,0
260890,1,1,1994,0,0,0,0,0,0,0,0,0,0
260891,0,1,1994,0,0,0,0,0,0,0,0,0,0
260891,1,1,1994,0,0,0,0,0,0,0,0,0,0
260892,1,1,1994,0,24,15,0,0,22,0,0,0,0
260893,0,1,1994,0,0,0,0,0,9,0,0,0,0
260893,1,1,1994,0,0,0,0,0,0,0,0,0,0
260894,1,1,1994,0,0,0,0,0,0,0,0,0,0
260894,2,1,1994,0,0,0,0,0,0,0,0,0,0
260895,1,1,1994,0,0,0,0,0,0,0,0,0,0
260895,2,1,1994,0,0,0,0,0,0,0,0,0,0
260896,1,1,1994,0,0,0,0,0,0,12,0,0,0
260896,2,1,1994,0,0,6,0,0,0,0,0,0,0
260897,1,1,1994,0,0,0,23,0,0,0,0,0,0
260897,2,1,1994,0,0,0,0,0,0,0,0,0,0
260898,0,1,1994,19,19,19,19,19,19,19,19,19,19
260898,1,1,1994,0,0,0,0,0,0,0,0,0,0
260899,1,1,1994,20,28,13,16,10,9,10,9,21,13
260900,0,1,1994,0,0,0,0,0,0,0,0,0,0
260900,1,1,1994,0,0,0,0,0,0,0,0,0,0
260901,1,1,1994,28,19,14,14,38,30,23,18,22,35
260902,1,1,1994,0,0,14,0,0,0,0,0,0,0
260903,0,1,1994,0,0,0,9,0,0,16,0,0,0
260903,1,1,1994,7,0,11,26,7,20,6,25,13,12
260904,1,1,1994,0,0,0,0,0,0,0,0,0,0
260904,2,1,1994,0,0,0,0,0,0,0,0,0,0
260905,1,1,1994,0,0,0,0,0,0,0,0,0,0
260905,2,1,1994,0,0,0,0,0,0,0,0,0,0
260906,1,1,1994,20,12,17,16,26,15,30,17,20,2
260906,2,1,1994,0,0,0,0,0,0,0,0,0,0
260907,1,1,1994,0,0,0,0,0,0,0,0,0,0
260907,2,1,1994,0,0,0,0,0,0,0,0,0,0
260908,1,1,1994,0,0,0,0,0,0,0,0,0,0
260908,2,1,1994,0,0,0,0,0,0,0,0,0,0
260909,1,1,1994,0,0,0,0,0,0,0,0,0,0
260910,1,1,1994,0,0,0,0,0,0,0,0,0,0
260910,2,1,1994,0,0,0,0,0,0,0,0,0,0
260911,0,1,1994,11,11,11,11,11,11,11,11,11,11
260911,1,1,1994,5,5,5,5,5,5,5,5,5,5
260912,1,1,1994,29,29,29,29,29,29,29,29,29,29
260912,2,1,1994,0,0,0,0,0,0,0,0,0,0
260913,1,1,1994,0,0,0,0,0,0,0,0,0,0
260914,1,1,1994,0,0,0,0,0,0,0,0,0,0
260915,1,1,1994,0,0,0,0,0,0,0,0,0,0
260916,1,1,1994,36,36,36,36,36,36,36,36,36,36
260917,1,1,1994,0,0,0,0,0,0,0,0,0,0
260918,1,1,1994,4,4,4,4,4,4,4,4,4,4
260918,2,1,1994,0,0,0,0,0,0,0,0,0,0
260919,1,1,1994,0,0,0,0,0,0,0,0,0,0
260919,2,1,1994,0,0,0,0,0,0,0,0,0,0
260919,3,1,1994,0,0,0,0,0,0,0,0,0,0
260920,1,1,1994,0,0,0,0,0,0,0,0,0,0
260920,2,1,1994,0,0,0,0,0,0,0,0,0,0
260921,1,1,1994,26,26,26,26,26,26,26,26,26,26
260922,1,1,1994,0,0,0,0,0,0,0,0,0,0
260923,0,1,1994,0,0,0,0,0,0,0,0,0,0
260923,1,1,1994,0,0,0,0,0,0,0,0,0,0
260924,0,1,1994,0,0,0,0,0,36,45,0,0,32
260924,1,1,1994,0,0,0,0,0,0,0,0,0,0
260925,1,1,1994,5,0,16,0,0,0,0,0,0,0
260926,1,1,1994,0,0,0,0,0,0,0,0,0,0
260926,2,1,1994,0,0,0,0,0,0,6,0,0,0
260926,3,1,1994,0,0,21,0,0,0,0,0,0,0
260926,4,1,1994,0,0,0,0,0,0,0,0,0,0
260927,1,1,1994,0,0,0,0,0,0,0,0,0,0
260927,2,1,1994,0,0,0,0,0,0,0,0,0,0
260928,1,1,1994,29,29,29,29,29,29,29,29,29,29
260929,1,1,1994,6,7,19,15,21,12,10,16,17,18
260930,1,1,1994,0,0,0,0,0,0,0,0,0,0
260930,2,1,1994,0,0,0,0,0,0,0,0,14,0
260931,0,1,1994,3,3,3,3,3,3,3,3,3,3
260931,1,1,1994,0,0,0,0,0,0,0,0,0,0
260932,1,1,1994,0,0,0,27,0,0,0,0,0,0
260932,2,1,1994,0,0,34,0,0,0,0,0,0,0
260934,1,1,1994,15,13,8,14,0,9,23,10,7,20
260934,2,1,1994,0,0,0,0,0,0,22,11,0,0
260935,1,1,1994,0,0,0,16,8,0,20,0,0,4
260935,2,1,1994,7,7,7,7,7,7,7,7,7,7
260936,0,1,1994,0,0,0,0,0,0,0,0,0,0
260936,1,1,1994,0,17,0,0,0,33,0,16,0,0
260936,2,1,1994,0,19,0,0,0,0,0,0,0,0
260937,1,1,1994,20,8,19,13,9,11,12,13,44,12
260937,2,1,1994,0,0,0,0,0,0,0,0,0,0
260938,1,1,1994,0,0,0,0,0,0,0,0,0,0
260938,2,1,1994,0,0,0,0,0,0,0,0,0,0
260939,0,1,1994,0,0,0,0,0,0,0,0,0,0
260939,1,1,1994,0,0,0,0,0,0,0,0,0,0
260940,1,1,1994,0,0,0,0,0,0,0,0,0,0
260940,2,1,1994,0,0,0,0,0,0,0,0,0,0
260941,0,1,1994,0,0,0,0,0,0,0,0,0,0
260941,1,1,1994,0,0,0,0,0,0,0,0,0,0
260942,1,1,1994,0,0,0,0,0,0,0,0,0,0
260942,2,1,1994,0,0,0,0,0,0,0,0,0,0
260942,3,1,1994,0,0,0,0,0,0,0,0,0,0
260943,1,1,1994,19,19,19,19,19,19,19,19,19,19
260943,2,1,1994,0,0,0,0,0,0,0,0,0,0
260944,1,1,1994,0,0,0,0,0,0,0,0,0,0
260944,2,1,1994,0,0,0,0,0,17,0,0,0,0
260945,1,1,1994,19,19,19,19,19,19,19,19,19,19
260945,2,1,1994,0,0,0,0,0,0,0,0,0,0
260946,1,1,1994,0,0,0,0,0,0,0,0,0,0
260947,1,1,1994,0,0,0,0,0,0,0,0,0,0
260947,2,1,1994,0,0,0,0,0,0,0,0,0,0
260948,1,1,1994,0,0,0,0,0,0,0,0,0,0
260948,2,1,1994,0,0,0,0,0,0,0,0,0,0
260949,1,1,1994,0,0,0,0,0,0,0,0,0,0
260950,1,1,1994,15,15,15,15,15,15,15,15,15,15
260950,2,1,1994,19,19,19,19,19,19,19,19,19,19
260950,3,1,1994,23,0,0,0,8,0,18,0,0,0
260951,1,1,1994,25,25,25,25,25,25,25,25,25,25
260951,2,1,1994,0,0,0,0,0,0,0,0,0,0
260952,1,1,1994,0,0,0,0,0,0,0,0,0,0
260953,1,1,1994,0,0,0,0,0,0,0,0,0,0
260953,2,1,1994,0,0,0,0,0,0,0,0,0,0
260954,1,1,1994,21,21,21,21,21,21,21,21,21,21
260954,2,1,1994,0,0,0,0,0,0,0,0,0,0
260955,0,1,1994,0,0,0,0,26,0,0,0,0,5
260955,0,2,1994,0,0,31,0,0,0,0,0,16,0
260955,1,1,1994,16,16,16,16,16,16,16,16,16,16
260956,1,1,1994,23,23,23,23,23,23,23,23,23,23
260957,0,1,1994,0,0,0,0,0,0,0,0,0,0
260957,1,1,1994,0,0,0,0,0,0,0,0,0,0
260958,1,1,1994,0,9,0,0,0,0,0,0,7,0
260959,1,1,1994,0,0,0,0,0,10,0,0,0,0
260960,1,1,1994,0,0,0,0,0,0,0,0,0,0
260960,2,1,1994,13,13,13,13,13,13,13,13,13,13
260961,0,1,1994,0,0,0,0,0,0,0,0,0,0
260961,1,1,1994,0,0,0,0,0,0,0,0,0,0
260962,0,1,1994,0,0,0,0,0,0,15,0,0,0
260962,1,1,1994,0,0,0,0,0,0,0,0,0,0
260963,0,1,1994,0,0,0,0,0,0,0,0,0,0
260963,1,1,1994,0,0,0,0,0,0,0,0,0,0
260964,0,1,1994,0,0,0,0,0,0,0,0,0,0
260964,1,1,1994,0,0,0,0,0,0,0,0,0,0
260965,1,1,1994,20,20,20,20,20,20,20,20,20,20
260966,0,1,1994,0,0,0,0,0,0,0,0,0,0
260966,1,1,1994,0,0,0,0,0,0,0,0,0,0
260967,0,1,1994,0,0,0,0,0,0,0,0,0,0
260967,1,1,1994,0,0,0,23,0,0,0,0,0,0
260968,0,1,1994,0,0,0,0,0,0,0,17,43,0
260968,1,1,1994,0,0,0,0,0,0,0,0,0,12
260969,1,1,1994,0,0,0,0,0,0,0,0,0,0
260970,0,1,1994,0,0,0,0,0,0,0,0,0,0
260970,1,1,1994,0,0,0,0,0,0,0,0,0,0
260971,1,1,1994,0,0,0,7,0,0,0,0,0,0
260971,2,1,1994,0,0,0,0,0,0,0,0,0,0
260972,1,1,1994,26,26,26,26,26,26,26,26,26,26
260972,2,1,1994,0,0,0,0,0,0,0,0,0,0
260973,1,1,1994,0,8,0,15,0,0,0,0,0,0
260973,2,1,1994,0,12,0,0,0,0,0,0,0,0
260974,1,1,1994,0,0,0,0,0,0,0,0,0,0
260974,2,1,1994,0,0,0,0,0,0,0,0,0,0
260975,1,1,1994,0,0,0,0,0,0,0,0,0,0
260975,2,1,1994,0,0,0,0,0,0,0,0,0,0
260976,1,1,1994,0,0,0,0,0,0,0,0,0,0
260976,2,1,1994,0,0,0,0,0,0,0,0,0,0
260977,1,1,1994,0,0,0,17,0,0,0,0,0,0
260977,2,1,1994,0,0,6,0,0,0,0,0,0,0
260978,1,1,1994,0,0,0,0,0,0,0,0,0,0
260979,1,1,1994,0,0,0,0,0,0,0,0,0,0
260979,2,1,1994,0,0,0,0,0,0,0,0,0,0
260979,3,1,1994,0,0,0,0,0,0,0,0,0,0
260980,1,1,1994,8,19,17,30,30,26,18,29,24,10
260981,1,1,1994,0,20,0,0,0,0,0,0,0,0
260981,2,1,1994,0,0,0,0,0,0,0,0,0,0
260982,1,1,1994,0,0,0,0,0,0,0,0,0,0
260982,2,1,1994,0,0,0,0,0,0,0,11,0,0
260982,3,1,1994,0,0,12,0,0,0,0,0,0,0
260982,4,1,1994,0,0,0,0,0,0,0,0,0,0
260982,5,1,1994,0,0,0,0,0,0,0,0,0,0
260983,1,1,1994,0,0,0,0,0,0,17,0,0,0
260983,2,1,1994,0,0,0,0,0,0,0,0,0,0
260984,1,1,1994,0,0,0,0,0,0,0,0,0,0
260985,1,1,1994,10,10,10,10,10,10,10,10,10,10
260985,2,1,1994,0,0,0,0,0,0,0,0,0,0
260986,1,1,1994,27,27,27,27,27,27,27,27,27,27
260986,2,1,1994,0,17,0,0,0,0,0,0,0,3
260987,1,1,1994,20,20,20,20,20,20,20,20,20,20
260987,2,1,1994,14,0,13,0,0,0,0,0,0,0
260988,1,1,1994,0,0,0,0,0,0,0,0,0,0
260988,2,1,1994,0,0,0,0,0,0,0,0,0,0
260989,1,1,1994,0,0,0,0,0,0,0,0,0,0
260990,1,1,1994,32,32,32,32,32,32,32,32,32,32
260990,2,1,1994,0,0,0,0,0,0,0,0,0,0
260990,3,1,1994,0,0,0,0,0,0,0,0,0,0
260991,1,1,1994,18,18,18,18,18,18,18,18,18,18
260991,2,1,1994,0,0,12,0,0,18,0,0,0,0
260991,3,1,1994,0,0,0,0,0,0,0,0,0,0
260992,1,1,1994,0,37,23,23,39,20,25,31,24,39
260993,1,1,1994,0,0,0,18,0,0,0,0,0,0
260994,1,1,1994,12,12,12,12,12,12,12,12,12,12
260995,1,1,1994,0,0,0,0,0,0,0,0,0,0
260995,2,1,1994,0,0,0,0,0,0,0,0,0,0
260996,1,1,1994,11,11,11,11,11,11,11,11,11,11
260996,2,1,1994,17,17,17,17,17,17,17,17,17,17
260997,0,1,1994,0,0,0,0,0,0,0,0,0,0
260997,1,1,1994,22,22,22,22,22,22,22,22,22,22
260998,1,1,1994,0,0,0,0,0,0,0,0,0,0
260999,1,1,1994,0,0,0,0,0,0,0,0,0,0
260999,2,1,1994,0,0,0,0,0,0,0,0,0,0
261000,0,1,1994,0,20,0,0,0,0,0,0,15,0
261000,1,1,1994,0,0,0,0,0,0,0,0,0,0
261001,1,1,1994,13,13,13,13,13,13,13,13,13,13
261002,1,1,1994,0,0,0,0,0,0,0,0,0,0
261003,1,1,1994,0,0,0,0,0,0,0,0,0,0
261003,2,1,1994,0,0,0,0,0,0,0,0,0,0
261004,1,1,1994,0,0,0,0,0,0,0,0,0,0
261004,2,1,1994,0,0,0,0,0,0,0,0,0,0
261005,1,1,1994,0,0,0,0,0,0,0,0,0,0
261005,2,1,1994,0,0,0,15,0,0,0,0,0,0
261006,1,1,1994,0,0,0,0,0,0,0,0,0,0
261006,2,1,1994,9,26,17,11,10,10,11,13,30,12
261007,1,1,1994,0,0,0,0,0,0,0,0,0,0
261007,2,1,1994,9,0,0,0,0,0,0,0,0,0
261008,0,1,1994,9,9,9,9,9,9,9,9,9,9
261008,1,1,1994,0,0,0,0,0,0,0,0,0,0
261009,0,1,1994,0,0,0,0,0,0,0,0,0,0
261009,1,1,1994,0,0,0,0,0,0,0,0,0,0
261010,1,1,1994,11,11,11,11,11,11,11,11,11,11
261010,2,1,1994,0,0,0,9,0,0,0,30,0,0
261011,1,1,1994,0,0,0,0,0,0,0,0,0,0
261011,2,1,1994,0,0,0,0,0,0,0,0,0,0
261012,1,1,1994,0,0,0,0,0,0,0,0,0,0
261013,0,1,1994,0,0,0,0,0,0,0,0,0,0
261013,1,1,1994,0,0,0,0,0,0,0,0,0,0
261014,1,1,1994,0,0,0,0,30,0,36,30,0,0
261015,1,1,1994,22,22,22,22,22,22,22,22,22,22
261016,0,1,1994,0,0,0,0,0,0,0,0,0,0
261016,0,2,1994,24,10,0,0,19,8,0,6,19,0
261016,1,1,1994,0,0,0,0,16,0,0,0,0,6
261017,1,1,1994,0,0,0,0,0,0,0,0,0,0
261017,2,1,1994,0,0,0,0,0,0,0,0,0,0
261018,0,1,1994,6,6,6,6,6,6,6,6,6,6
261018,1,1,1994,0,0,0,0,0,0,0,0,0,0