ST_CASE,VEH_NO,PER_NO,YEAR,P1,P2,P3,P4,P5,P6,P7,P8,P9,P10
261019,1,1,1994,0,0,0,0,0,0,0,0,0,0
261019,2,1,1994,0,0,0,0,0,0,0,0,0,0
261020,1,1,1994,0,12,0,0,0,0,0,0,0,0
261020,2,1,1994,0,0,0,0,0,0,0,0,0,0
261021,1,1,1994,0,0,0,0,0,0,0,0,0,0
261021,2,1,1994,0,0,0,0,0,0,0,0,0,0
261021,3,1,1994,0,0,0,0,0,0,0,0,0,0
261022,1,1,1994,0,0,0,0,0,0,0,0,0,0
261022,2,1,1994,0,0,0,0,0,0,0,0,0,0
261022,3,1,1994,0,0,0,0,0,0,0,0,0,0
261022,4,1,1994,0,0,0,0,0,0,0,0,0,0
261022,5,1,1994,0,0,0,0,0,0,0,0,0,0
261022,6,1,1994,0,0,0,0,0,0,0,0,0,0
261022,7,1,1994,0,0,0,0,0,0,0,0,0,0
261022,8,1,1994,0,0,0,0,0,0,0,0,0,0
261023,1,1,1994,0,0,0,0,0,0,0,0,0,0
261023,2,1,1994,0,0,0,0,0,0,0,0,0,0
261024,1,1,1994,0,0,0,0,0,0,0,0,0,0
261024,2,1,1994,0,0,0,0,0,0,0,0,0,0
261024,3,1,1994,0,0,0,0,0,0,0,0,0,0
261024,4,1,1994,0,0,0,0,0,0,0,0,0,0
261025,1,1,1994,0,0,0,0,0,0,0,0,0,0
261025,2,1,1994,0,0,0,0,0,0,0,0,0,0
261025,3,1,1994,0,0,0,0,0,0,0,0,0,0
261025,4,1,1994,0,0,0,0,0,0,0,0,0,0
261026,1,1,1994,0,0,0,0,0,0,0,0,0,0
261026,2,1,1994,0,0,0,0,0,0,0,0,0,0
261027,1,1,1994,23,23,23,23,23,23,23,23,23,23
261028,1,1,1994,0,0,0,0,0,0,0,0,0,0
261028,2,1,1994,0,0,0,0,0,0,0,0,0,0
261028,3,1,1994,0,0,0,0,0,0,0,0,0,0
261029,0,1,1994,23,23,23,23,23,23,23,23,23,23
261029,1,1,1994,0,0,0,0,0,0,0,0,0,0
261030,1,1,1994,0,0,11,9,5,19,0,0,8,0
261030,2,1,1994,0,12,18,22,0,40,25,24,7,0
261031,1,1,1994,0,0,0,0,0,0,0,0,0,0
261032,1,1,1994,23,23,23,23,23,23,23,23,23,23
261032,2,1,1994,0,0,0,0,0,0,0,0,0,0
261033,1,1,1994,13,13,13,13,13,13,13,13,13,13
261034,1,1,1994,0,0,0,0,0,0,0,0,0,0
261034,2,1,1994,0,0,0,0,0,0,0,0,0,0
261035,1,1,1994,0,0,0,0,0,0,0,0,0,0
261035,2,1,1994,0,0,0,0,0,0,0,0,0,0
261036,1,1,1994,0,0,0,0,0,0,0,0,0,0
261036,2,1,1994,0,0,0,0,0,0,0,0,0,0
261037,1,1,1994,0,0,0,0,0,0,0,0,0,0
261037,2,1,1994,0,0,0,0,0,0,0,0,0,0
261038,1,1,1994,19,19,19,19,19,19,19,19,19,19
261039,1,1,1994,27,27,27,27,27,27,27,27,27,27
261040,1,1,1994,0,0,0,0,0,0,0,0,0,0
261040,2,1,1994,0,0,0,0,0,0,0,0,0,0
261041,1,1,1994,0,0,0,0,0,0,0,0,0,0
261041,2,1,1994,0,0,0,12,0,0,0,0,0,0
261042,1,1,1994,0,0,0,0,0,0,0,0,0,0
261043,0,1,1994,8,8,8,8,8,8,8,8,8,8
261043,1,1,1994,0,0,0,0,0,0,0,0,0,0
261044,1,1,1994,0,0,0,0,0,0,0,0,0,0
261044,2,1,1994,0,0,0,0,0,0,0,0,0,0
261045,1,1,1994,0,0,0,0,0,0,0,0,0,0
261045,2,1,1994,0,0,0,0,0,0,0,0,0,0
261046,1,1,1994,1,1,1,1,1,1,1,1,1,1
261046,2,1,1994,0,0,0,0,0,0,0,0,0,0
261047,0,1,1994,0,0,0,0,0,0,0,0,0,0
261047,1,1,1994,0,0,0,0,0,0,0,0,0,0
261048,0,1,1994,0,0,0,0,0,0,0,0,0,21
261048,0,2,1994,15,0,23,0,14,0,47,0,0,0
261048,1,1,1994,0,0,0,0,0,0,0,0,0,0
261049,1,1,1994,0,0,0,0,0,0,0,0,0,0
261049,2,1,1994,0,0,0,0,0,0,0,0,0,0
261050,1,1,1994,5,21,12,13,27,26,0,8,31,8
261050,2,1,1994,22,9,4,16,12,15,8,15,10,0
261051,1,1,1994,0,0,0,0,0,0,0,0,0,0
261052,1,1,1994,0,0,0,0,0,0,0,0,0,0
261053,1,1,1994,17,17,17,17,17,17,17,17,17,17
261054,1,1,1994,0,0,0,0,0,0,0,0,0,0
261054,2,1,1994,0,0,0,0,0,0,0,0,0,0
261055,1,1,1994,11,0,0,0,0,0,0,0,0,0
261056,1,1,1994,0,0,0,13,0,0,0,0,0,0
261056,2,1,1994,0,0,0,0,0,0,0,24,0,0
261058,1,1,1994,5,0,12,15,0,18,10,21,8,0
261059,1,1,1994,0,0,13,0,0,20,0,17,23,0
261059,2,1,1994,0,0,0,0,0,0,0,0,0,0
261060,0,1,1994,0,0,0,0,0,0,0,0,0,0
261060,1,1,1994,0,0,0,0,0,0,0,0,0,0
261061,1,1,1994,26,7,14,14,15,17,0,15,36,21
261062,1,1,1994,0,3,0,0,0,0,0,0,0,0
261062,2,1,1994,0,0,0,0,0,0,0,0,0,0
261063,1,1,1994,9,0,9,17,24,16,13,16,20,11
261063,2,1,1994,7,7,7,7,7,7,7,7,7,7
261064,1,1,1994,0,0,0,0,0,0,0,0,0,0
261064,2,1,1994,0,0,0,0,0,0,0,0,0,0
261064,3,1,1994,0,0,0,0,0,0,0,0,0,0
261065,1,1,1994,0,0,0,0,0,0,0,10,0,0
261065,2,1,1994,0,0,0,0,0,0,0,0,0,0
261065,3,1,1994,0,0,0,0,0,0,0,0,0,0
261066,1,1,1994,30,15,2,13,8,0,23,20,7,24
261066,2,1,1994,13,0,12,16,19,9,19,15,4,11
261067,1,1,1994,0,0,0,0,0,0,0,0,0,0
261067,2,1,1994,0,0,0,0,0,0,0,0,0,0
261068,1,1,1994,0,0,0,0,0,0,0,0,4,0
261068,2,1,1994,0,0,0,0,0,0,0,0,0,0
261069,1,1,1994,0,0,0,0,0,0,0,0,0,0
261069,2,1,1994,8,8,8,8,8,8,8,8,8,8
261070,1,1,1994,0,0,0,0,0,0,20,0,0,0
261070,2,1,1994,0,0,0,0,0,0,0,0,0,0
261071,1,1,1994,0,0,0,0,0,0,0,0,16,19
261072,1,1,1994,0,0,0,0,0,0,0,0,0,0
261072,2,1,1994,0,0,0,0,0,14,0,0,0,0
261073,1,1,1994,0,0,0,0,0,0,0,0,0,0
261073,2,1,1994,0,0,0,0,0,0,0,0,0,0
261074,1,1,1994,0,16,0,17,0,0,23,13,0,20
261075,1,1,1994,0,0,17,0,0,7,0,0,0,0
261075,2,1,1994,0,0,0,0,0,0,0,0,0,0
261076,1,1,1994,0,4,0,0,0,11,0,14,0,0
261076,2,1,1994,0,0,13,0,0,0,0,0,0,0
261076,3,1,1994,0,0,0,20,15,0,0,0,21,0
261076,4,1,1994,0,0,0,0,0,0,0,0,12,0
261077,1,1,1994,0,0,0,12,0,0,0,0,0,0
261077,2,1,1994,0,0,0,0,0,0,0,0,0,0
261078,0,1,1994,0,19,0,25,0,0,0,0,18,11
261078,1,1,1994,0,0,0,0,0,0,0,0,0,0
261079,0,1,1994,0,13,21,0,0,0,0,0,0,0
261079,1,1,1994,0,0,0,0,0,0,0,0,0,0
261080,1,1,1994,0,0,0,0,0,0,0,0,0,0
261080,2,1,1994,0,0,0,0,0,0,0,0,0,0
261080,3,1,1994,0,0,0,0,0,0,0,0,0,0
261081,1,1,1994,18,18,18,18,18,18,18,18,18,18
261082,1,1,1994,17,17,17,17,17,17,17,17,17,17
261083,0,1,1994,0,0,0,0,0,0,0,0,0,0
261083,1,1,1994,0,0,0,0,0,0,0,0,0,0
261084,1,1,1994,0,0,0,0,0,0,0,0,0,0
261084,2,1,1994,0,0,0,0,0,0,0,0,0,0
261084,3,1,1994,10,0,0,0,0,0,0,0,0,0
261085,1,1,1994,0,0,0,0,0,0,0,0,0,0
261086,1,1,1994,0,0,0,0,0,0,0,0,0,0
261087,1,1,1994,0,0,0,0,0,0,0,0,0,0
261088,1,1,1994,0,0,10,0,0,0,0,0,0,0
261089,1,1,1994,0,0,0,0,0,0,0,0,0,0
261089,2,1,1994,0,0,17,0,0,14,0,14,0,0
261090,1,1,1994,16,16,16,16,16,16,16,16,16,16
261090,2,1,1994,0,0,0,0,0,0,0,0,0,0
261091,1,1,1994,23,23,23,23,23,23,23,23,23,23
261091,2,1,1994,0,0,0,0,0,0,0,0,0,0
261092,1,1,1994,14,14,14,14,14,14,14,14,14,14
261092,2,1,1994,0,0,0,0,0,0,0,0,0,0
261093,1,1,1994,18,18,18,18,18,18,18,18,18,18
261093,2,1,1994,0,0,0,0,0,0,0,0,0,0
261094,1,1,1994,0,0,0,0,0,0,0,0,0,0
261094,2,1,1994,0,0,0,0,0,0,0,0,0,0
261095,1,1,1994,0,0,0,0,0,0,0,0,0,0
261095,2,1,1994,0,0,0,0,0,0,0,0,0,0
261096,1,1,1994,0,0,0,0,0,0,0,0,0,0
261097,1,1,1994,12,12,12,12,12,12,12,12,12,12
261097,2,1,1994,0,0,0,0,0,0,0,0,0,0
261097,3,1,1994,0,0,0,0,0,0,0,0,0,0
261098,1,1,1994,23,23,23,23,23,23,23,23,23,23
261099,0,1,1994,0,0,0,0,0,0,0,0,0,0
261099,0,2,1994,4,16,23,21,27,26,6,11,31,31
261099,1,1,1994,0,0,0,0,0,0,0,0,0,0
261100,1,1,1994,0,0,0,0,0,0,0,0,0,0
261100,2,1,1994,0,0,0,0,0,0,0,0,0,0
261101,1,1,1994,0,0,0,0,0,0,0,0,0,0
261101,2,1,1994,0,0,0,0,0,0,0,0,0,0
261102,1,1,1994,0,0,0,0,9,0,0,0,0,0
261102,2,1,1994,0,0,0,0,0,0,0,0,0,0
261103,1,1,1994,0,0,0,0,0,0,0,0,0,0
261103,2,1,1994,0,0,0,0,0,0,0,0,0,0
261104,1,1,1994,0,0,0,0,0,0,0,0,0,0
261104,2,1,1994,0,0,10,0,0,0,0,0,0,0
261105,0,1,1994,26,26,26,26,26,26,26,26,26,26
261105,1,1,1994,0,0,0,0,0,0,0,0,0,0
261106,1,1,1994,9,8,22,19,18,8,13,2,9,10
261106,2,1,1994,0,0,0,0,0,0,0,0,0,0
261107,1,1,1994,0,0,0,0,0,0,0,0,0,0
261108,1,1,1994,12,12,12,12,12,12,12,12,12,12
261109,1,1,1994,5,5,5,5,5,5,5,5,5,5
261110,1,1,1994,13,13,13,13,13,13,13,13,13,13
261111,0,1,1994,23,23,23,23,23,23,23,23,23,23
261111,1,1,1994,17,0,18,19,17,38,33,14,22,29
261112,1,1,1994,15,15,15,15,15,15,15,15,15,15
261112,2,1,1994,0,0,0,0,0,0,0,0,0,0
261112,3,1,1994,0,0,7,0,0,0,0,0,0,0
261113,1,1,1994,5,5,5,5,5,5,5,5,5,5
261113,2,1,1994,22,22,22,22,22,22,22,22,22,22
261114,1,1,1994,24,20,18,16,15,11,11,4,17,0
261115,1,1,1994,0,0,0,0,0,0,0,0,0,0
261115,2,1,1994,0,0,0,0,0,0,0,0,0,0
261116,0,1,1994,0,0,19,28,0,0,0,31,0,22
261116,1,1,1994,0,28,0,22,0,0,0,0,0,0
261117,0,1,1994,0,0,0,0,0,0,0,0,0,14
261117,1,1,1994,0,20,0,0,0,0,4,0,0,0
261118,1,1,1994,0,0,0,0,0,0,0,0,0,0
261118,2,1,1994,0,0,0,0,0,0,0,0,0,0
261119,1,1,1994,7,7,7,7,7,7,7,7,7,7
261119,2,1,1994,5,5,5,5,5,5,5,5,5,5
261120,1,1,1994,0,0,0,0,0,0,0,0,0,0
261120,2,1,1994,0,0,0,0,0,0,0,0,0,0
261121,1,1,1994,0,0,0,0,0,0,0,0,0,0
261121,2,1,1994,0,0,0,0,0,0,0,0,0,0
261122,0,1,1994,14,14,14,14,14,14,14,14,14,14
261122,1,1,1994,0,0,0,0,0,0,0,0,0,0
261123,1,1,1994,0,0,0,0,0,0,0,0,0,0
261123,2,1,1994,0,0,0,0,0,0,0,0,0,0
261124,1,1,1994,0,0,0,0,0,0,0,0,0,0
261124,2,1,1994,0,0,0,0,0,0,0,0,0,0
261125,1,1,1994,0,0,0,0,0,0,0,0,0,0
261125,2,1,1994,0,0,0,0,0,0,0,0,0,0
261126,1,1,1994,0,7,0,0,0,0,2,0,0,0
261127,1,1,1994,0,0,0,0,0,0,0,0,0,0
261128,1,1,1994,0,0,0,0,0,0,0,0,0,0
261128,2,1,1994,0,0,0,0,0,0,0,0,0,0
261129,0,1,1994,0,0,0,0,0,0,0,0,0,0
261129,1,1,1994,0,0,0,0,0,0,0,0,0,0
261130,1,1,1994,0,0,0,0,0,0,0,0,0,0
261130,2,1,1994,0,0,0,0,0,0,0,0,0,0
261131,1,1,1994,0,0,0,0,0,0,0,0,0,0
261132,1,1,1994,0,0,0,0,0,0,0,0,0,0
261133,1,1,1994,10,0,0,0,19,20,0,10,0,0
261134,1,1,1994,0,0,0,0,0,0,0,0,0,0
261134,2,1,1994,0,0,0,0,0,0,0,0,0,0
261135,1,1,1994,16,16,16,16,16,16,16,16,16,16
261136,1,1,1994,0,0,0,0,0,0,0,0,0,0
261136,2,1,1994,0,0,0,0,0,0,0,0,0,0
261137,1,1,1994,32,32,32,32,32,32,32,32,32,32
261138,1,1,1994,0,0,0,0,0,0,0,0,0,0
261139,1,1,1994,0,0,0,0,0,0,0,0,0,0
261139,2,1,1994,0,0,0,0,0,0,0,0,0,0
261140,1,1,1994,15,15,15,15,15,15,15,15,15,15
261140,2,1,1994,0,0,0,0,0,0,0,0,0,0
261141,1,1,1994,14,14,14,14,14,14,14,14,14,14
261142,1,1,1994,0,0,0,0,0,0,0,0,0,0
261142,2,1,1994,0,0,0,0,0,0,0,0,0,0
261143,1,1,1994,0,0,0,0,0,0,0,0,0,0
261143,2,1,1994,0,0,0,0,0,0,0,0,0,0
261144,0,1,1994,1,1,1,1,1,1,1,1,1,1
261144,1,1,1994,0,0,0,0,0,0,0,0,0,0
261145,1,1,1994,0,0,0,0,0,0,0,0,0,0
261145,2,1,1994,0,0,0,0,0,0,0,0,0,0
261145,3,1,1994,0,0,0,0,0,0,0,0,0,0
261146,1,1,1994,6,6,6,6,6,6,6,6,6,6
261146,2,1,1994,0,0,0,0,0,0,0,0,0,0
261147,1,1,1994,26,26,26,26,26,26,26,26,26,26
261148,1,1,1994,19,19,19,19,19,19,19,19,19,19
261149,1,1,1994,19,19,19,19,19,19,19,19,19,19
261150,0,1,1994,0,0,0,0,0,0,0,0,0,0
261150,1,1,1994,0,0,0,0,0,12,0,0,0,0
261151,0,1,1994,28,28,28,28,28,28,28,28,28,28
261151,1,1,1994,27,27,27,27,27,27,27,27,27,27
261152,1,1,1994,0,0,0,0,0,0,0,0,0,0
261153,1,1,1994,0,0,0,0,0,0,0,0,0,0
261153,2,1,1994,0,0,0,0,0,0,0,0,0,0
261153,3,1,1994,0,0,0,0,0,0,0,0,0,0
261154,1,1,1994,0,0,0,0,0,5,0,0,0,0
261155,1,1,1994,20,20,20,20,20,20,20,20,20,20
261155,2,1,1994,0,0,0,0,0,0,0,22,18,0
261156,0,1,1994,0,0,0,0,11,0,0,0,0,0
261156,1,1,1994,0,0,0,0,0,32,0,0,0,0
261157,1,1,1994,0,0,0,0,0,0,0,0,0,0
261157,2,1,1994,0,0,0,0,0,0,0,0,0,0
261158,1,1,1994,2,2,2,2,2,2,2,2,2,2
261158,2,1,1994,0,0,0,0,0,0,0,0,0,0
261159,1,1,1994,17,19,0,24,0,10,29,15,15,7
261159,2,1,1994,0,0,0,0,0,0,0,0,0,0
261160,1,1,1994,0,0,12,0,0,0,0,0,0,0
261160,2,1,1994,0,0,0,0,0,0,0,0,0,0
261161,0,1,1994,0,0,0,0,0,0,0,0,0,0
261161,1,1,1994,0,0,0,0,0,0,0,0,0,0
261162,0,1,1994,0,0,0,0,0,0,0,0,0,0
261162,1,1,1994,0,0,0,0,0,0,0,0,0,0
261163,1,1,1994,27,27,27,27,27,27,27,27,27,27
261164,1,1,1994,0,0,0,0,0,0,0,0,0,0
261165,1,1,1994,0,0,0,0,0,0,0,0,0,0
261165,2,1,1994,0,0,0,0,0,0,0,0,0,0
261165,3,1,1994,18,0,0,0,0,0,0,0,0,0
261166,1,1,1994,0,0,0,0,0,0,0,0,0,0
261166,2,1,1994,0,0,13,0,7,0,8,15,14,0
261167,0,1,1994,0,0,0,0,0,0,0,0,0,0
261167,1,1,1994,0,0,0,0,0,0,0,0,0,0
261168,1,1,1994,0,37,12,5,0,10,4,16,0,14
261168,2,1,1994,0,0,0,0,0,0,0,0,0,0
261169,1,1,1994,0,10,0,7,0,11,13,0,0,7
261169,2,1,1994,8,8,8,8,8,8,8,8,8,8
261170,1,1,1994,0,0,0,0,0,0,0,0,0,0
261170,2,1,1994,0,0,0,0,0,0,0,0,0,0
261171,0,1,1994,28,30,0,0,0,0,13,0,0,0
261171,1,1,1994,19,23,18,14,24,14,23,12,5,12
261172,0,1,1994,0,11,0,0,0,0,0,0,0,0
261172,1,1,1994,0,0,0,0,0,0,0,0,0,0
261173,1,1,1994,0,0,0,0,0,0,0,0,0,0
261173,2,1,1994,0,0,0,0,0,0,0,0,0,0
261173,3,1,1994,0,0,0,0,0,0,0,0,0,0
261174,1,1,1994,11,11,11,11,11,11,11,11,11,11
261175,1,1,1994,0,17,0,0,2,0,0,0,7,0
261175,2,1,1994,0,19,0,0,0,0,0,0,0,0
261176,1,1,1994,10,10,10,10,10,10,10,10,10,10
261177,1,1,1994,0,16,0,0,0,0,0,0,0,0
261177,2,1,1994,18,15,19,28,31,13,26,19,21,31
261178,1,1,1994,0,0,0,0,0,0,0,0,0,0
261178,2,1,1994,0,0,0,0,0,0,0,0,0,0
261179,1,1,1994,30,0,21,20,28,35,0,16,0,15
261180,0,1,1994,0,0,0,0,0,0,0,0,0,0
261180,1,1,1994,0,0,0,0,0,0,0,0,0,0
261181,1,1,1994,0,0,0,0,0,0,0,0,0,0
261181,2,1,1994,0,0,0,0,0,0,0,0,0,0
261182,1,1,1994,12,12,12,12,12,12,12,12,12,12
261182,2,1,1994,0,0,0,0,0,0,0,0,0,0
261183,1,1,1994,23,23,23,23,23,23,23,23,23,23
261184,1,1,1994,9,9,9,9,9,9,9,9,9,9
261185,0,1,1994,0,0,0,0,0,0,0,0,0,0
261185,1,1,1994,0,0,0,0,0,0,0,0,0,0
261186,0,1,1994,0,0,0,0,0,0,0,0,0,0
261186,1,1,1994,0,0,0,0,0,0,0,0,0,0
261187,1,1,1994,0,0,0,0,0,0,0,0,0,0
261187,2,1,1994,0,0,0,0,0,0,0,0,0,0
261187,3,1,1994,0,0,0,0,0,0,0,0,0,0
261188,1,1,1994,0,0,0,0,0,0,0,0,0,0
261188,2,1,1994,0,0,0,0,0,0,0,0,0,0
261189,1,1,1994,0,0,0,8,11,10,15,12,0,15
261190,1,1,1994,0,0,0,0,0,0,0,0,0,0
261191,1,1,1994,0,0,0,0,0,0,0,0,0,0
261191,2,1,1994,0,0,0,0,0,0,0,0,0,0
261192,1,1,1994,0,0,0,0,0,0,0,0,0,0
261192,2,1,1994,0,0,0,0,0,0,0,0,0,0
261193,0,1,1994,0,0,0,0,0,0,0,0,0,0
261193,1,1,1994,0,0,0,0,0,0,0,0,0,0
261194,1,1,1994,0,0,0,0,0,0,0,0,0,0
261194,2,1,1994,0,0,0,0,0,0,0,0,0,0
261195,1,1,1994,0,0,0,0,0,0,0,0,0,0
261195,2,1,1994,0,0,0,0,0,0,0,0,0,0
261196,1,1,1994,23,0,0,0,24,16,22,0,0,0
261197,1,1,1994,9,9,9,9,9,9,9,9,9,9
261198,1,1,1994,0,0,0,0,0,0,0,0,0,0
261198,2,1,1994,0,0,0,0,0,0,0,0,0,0
261199,1,1,1994,14,0,32,18,0,9,33,19,0,21
261199,2,1,1994,0,0,0,0,10,0,0,0,0,0
261199,3,1,1994,0,0,0,0,0,0,0,0,0,0
261200,1,1,1994,8,16,21,11,23,9,23,18,13,20
261200,2,1,1994,5,5,5,5,5,5,5,5,5,5
261201,1,1,1994,0,0,0,0,0,0,0,0,0,0
261201,2,1,1994,0,0,0,0,0,0,0,0,0,0
261201,3,1,1994,0,0,0,0,0,0,0,0,0,0
261202,1,1,1994,0,0,0,0,0,0,0,0,0,0
261202,2,1,1994,24,24,24,24,24,24,24,24,24,24
261203,1,1,1994,0,0,0,0,0,0,0,30,0,0
261203,2,1,1994,0,0,0,0,0,0,0,0,0,0
261204,1,1,1994,22,22,22,22,22,22,22,22,22,22
261204,2,1,1994,0,0,0,0,0,0,0,0,0,0
261205,1,1,1994,0,0,0,0,0,0,0,0,0,0
261205,2,1,1994,0,0,0,0,0,0,0,0,0,0
261206,1,1,1994,8,0,0,0,0,0,0,0,0,0
261206,2,1,1994,0,0,0,0,0,0,0,0,0,0
261207,1,1,1994,21,22,17,33,0,16,18,0,7,0
261207,2,1,1994,14,14,14,14,14,14,14,14,14,14
261208,0,1,1994,0,0,0,0,0,0,33,0,0,0
261209,1,1,1994,0,0,0,0,0,0,0,0,0,0
261210,1,1,1994,9,9,9,9,9,9,9,9,9,9
261211,0,1,1994,24,32,0,0,13,15,0,28,10,27
261211,1,1,1994,4,4,4,4,4,4,4,4,4,4
261212,1,1,1994,0,0,0,0,9,0,0,0,16,0
261212,2,1,1994,0,0,0,0,0,0,0,0,0,0
261213,0,1,1994,0,0,0,0,0,0,0,0,0,0
261213,1,1,1994,0,0,0,0,0,0,0,0,0,0
261214,0,1,1994,35,35,35,35,35,35,35,35,35,35
261214,1,1,1994,0,0,0,0,0,0,0,0,0,0
261214,2,1,1994,0,0,0,0,0,0,0,0,0,0
261214,3,1,1994,0,0,9,0,0,0,0,18,0,0
261214,4,1,1994,0,0,0,0,0,7,0,0,0,0
261215,0,1,1994,0,0,0,0,0,23,0,0,0,0
261215,1,1,1994,0,0,0,0,0,0,0,0,0,0
261216,1,1,1994,0,0,5,0,0,0,0,0,0,0
261216,2,1,1994,0,0,0,0,0,0,0,0,0,0
261217,1,1,1994,0,0,0,0,0,0,0,0,0,0
261217,2,1,1994,0,0,0,0,0,0,0,0,0,0
261217,3,1,1994,0,0,0,0,0,0,0,0,0,0
261218,0,1,1994,0,0,0,0,0,0,0,0,0,0
261218,1,1,1994,0,16,0,0,0,0,0,0,0,0
261219,0,1,1994,0,0,0,0,0,0,0,0,0,48
261219,1,1,1994,0,0,26,0,0,0,0,0,0,5
261220,1,1,1994,16,16,16,16,16,16,16,16,16,16
261221,1,1,1994,0,0,0,0,0,0,0,0,0,0
261221,2,1,1994,0,0,0,0,0,0,0,0,0,0
261222,1,1,1994,0,0,0,0,0,0,0,0,0,0
261222,2,1,1994,0,0,11,0,0,0,0,0,0,0
261223,1,1,1994,0,0,0,0,0,0,0,0,0,0
261223,2,1,1994,0,0,0,0,0,0,0,0,0,0
261224,1,1,1994,0,0,0,0,0,0,0,0,0,0
261224,2,1,1994,0,0,0,0,0,0,0,0,0,0
261225,1,1,1994,21,27,11,21,28,22,26,22,11,0
261226,0,1,1994,0,0,0,20,0,0,23,0,0,16
261226,1,1,1994,0,0,0,0,0,0,0,0,0,0
261227,1,1,1994,0,0,0,0,0,0,0,0,0,0
261227,2,1,1994,0,0,0,0,0,0,0,0,0,0
261228,1,1,1994,13,18,21,26,23,14,22,6,7,23
261228,2,1,1994,0,0,0,8,0,0,0,0,0,0
261229,1,1,1994,0,0,0,0,0,0,0,0,0,0
261230,1,1,1994,29,29,29,29,29,29,29,29,29,29
261231,1,1,1994,14,14,14,14,14,14,14,14,14,14
261232,1,1,1994,0,9,37,9,22,26,7,22,21,0
261232,2,1,1994,0,0,0,0,0,0,0,0,0,0
261233,1,1,1994,0,0,0,0,0,0,0,0,0,0
261234,1,1,1994,0,0,0,0,0,0,0,0,0,0
261234,2,1,1994,14,0,0,0,19,0,0,0,0,0
261235,1,1,1994,0,0,0,5,0,0,0,0,0,0
261235,2,1,1994,10,10,10,10,10,10,10,10,10,10
261236,1,1,1994,0,0,0,0,0,0,0,0,0,0
261236,2,1,1994,0,0,0,0,0,0,0,0,0,0
261237,1,1,1994,17,17,17,17,17,17,17,17,17,17
261237,2,1,1994,5,5,5,5,5,5,5,5,5,5
261238,1,1,1994,0,0,0,0,0,0,0,0,0,0
261239,0,1,1994,9,9,9,9,9,9,9,9,9,9
261239,1,1,1994,0,0,0,0,0,0,0,0,0,0
261240,0,1,1994,0,0,0,0,0,0,0,0,0,0
261240,1,1,1994,0,0,0,0,0,0,0,0,0,0
261241,1,1,1994,0,0,0,0,0,18,10,0,0,16
261241,2,1,1994,0,0,0,0,0,0,0,0,16,0
261242,1,1,1994,0,0,0,0,0,0,0,0,0,0
261243,1,1,1994,0,24,0,0,0,0,0,0,0,0
261243,2,1,1994,0,0,0,0,0,0,0,0,0,0
261244,1,1,1994,23,23,23,23,23,23,23,23,23,23
261244,2,1,1994,0,0,0,0,0,0,0,0,0,0
261245,1,1,1994,0,0,0,0,0,0,0,0,0,0
261245,2,1,1994,0,0,0,0,0,0,0,0,0,0
261246,1,1,1994,0,0,0,8,0,0,0,0,0,0
261247,0,1,1994,11,11,11,11,11,11,11,11,11,11
261247,1,1,1994,0,0,0,0,0,15,0,0,0,0
261248,0,1,1994,31,31,31,31,31,31,31,31,31,31
261248,1,1,1994,14,14,14,14,14,14,14,14,14,14
261249,1,1,1994,0,22,20,16,16,7,31,30,23,15
261250,0,1,1994,17,11,6,0,25,0,32,12,22,0
261250,1,1,1994,0,0,0,0,0,0,0,0,0,0
261251,1,1,1994,0,0,0,0,0,0,0,0,0,0
261251,2,1,1994,0,0,0,0,9,0,0,0,0,0
261252,1,1,1994,0,0,0,0,0,0,0,0,0,0
261252,2,1,1994,0,0,0,0,0,0,0,0,0,0
261253,1,1,1994,0,0,0,0,0,0,0,0,0,0
261253,2,1,1994,0,0,0,0,0,0,0,0,0,0
261254,1,1,1994,21,21,21,21,21,21,21,21,21,21
261255,0,1,1994,22,26,14,31,10,22,19,12,12,0
261255,0,2,1994,0,0,0,0,0,0,0,0,0,0
261255,1,1,1994,0,0,0,13,0,0,23,0,17,0
261256,1,1,1994,15,15,15,15,15,15,15,15,15,15
261256,2,1,1994,7,10,28,2,16,13,12,23,22,0
261257,1,1,1994,20,20,20,20,20,20,20,20,20,20
261258,1,1,1994,0,0,0,0,0,0,0,0,0,0
261258,2,1,1994,0,0,0,0,0,0,0,0,0,0
261259,0,1,1994,0,0,0,0,0,0,0,0,0,0
261259,1,1,1994,0,0,0,0,0,0,0,0,0,0
261260,1,1,1994,5,5,5,5,5,5,5,5,5,5
261260,2,1,1994,0,0,0,0,0,0,0,0,0,0
261261,1,1,1994,0,0,0,0,0,0,0,0,0,0
261262,1,1,1994,0,0,0,0,0,0,27,0,0,0
261262,2,1,1994,0,0,0,0,0,0,0,0,0,0
261262,3,1,1994,0,0,0,0,0,0,0,0,0,0
261262,4,1,1994,0,0,0,0,0,0,0,0,0,0
261263,1,1,1994,0,0,0,0,0,0,0,0,0,0
261263,2,1,1994,0,0,0,0,0,0,0,0,0,0
261264,1,1,1994,7,7,7,7,7,7,7,7,7,7
261264,2,1,1994,0,0,0,0,0,0,0,0,0,0
261264,3,1,1994,0,0,0,0,0,0,0,0,0,0
261265,0,1,1994,20,0,21,5,13,18,32,0,25,15
261265,1,1,1994,9,9,9,9,9,9,9,9,9,9
261266,1,1,1994,0,0,0,0,0,0,0,0,0,0
261267,1,1,1994,27,27,27,27,27,27,27,27,27,27
261267,2,1,1994,0,0,0,0,0,0,10,0,0,0