ST_CASE,VEH_NO,PER_NO,YEAR,P1,P2,P3,P4,P5,P6,P7,P8,P9,P10
261268,1,1,1994,15,15,15,15,15,15,15,15,15,15
261269,1,1,1994,0,0,0,0,0,0,0,0,0,0
261269,2,1,1994,0,0,0,0,0,0,0,0,0,0
261270,1,1,1994,30,30,30,30,30,30,30,30,30,30
261271,1,1,1994,6,7,0,0,0,18,0,0,8,0
261272,1,1,1994,21,21,21,21,21,21,21,21,21,21
261273,1,1,1994,0,0,0,0,0,0,0,0,0,0
261273,2,1,1994,0,0,0,0,0,0,0,0,0,0
261274,0,1,1994,0,0,0,0,0,0,0,17,0,0
261274,1,1,1994,0,0,0,0,0,0,0,0,0,0
261275,0,1,1994,0,0,0,0,0,0,0,0,0,0
261275,1,1,1994,0,0,0,0,0,0,0,0,0,0
261277,0,1,1994,0,0,15,0,0,0,0,0,0,0
261277,1,1,1994,0,0,0,0,0,0,0,0,0,0
261278,1,2,1994,0,0,0,0,0,20,0,0,0,0
261279,0,1,1994,0,6,0,0,0,0,0,0,0,0
261279,1,1,1994,0,0,0,0,0,0,0,0,0,0
261280,1,1,1994,0,0,0,0,0,0,0,0,0,0
261280,2,1,1994,0,0,0,0,0,0,0,0,0,0
261281,1,1,1994,11,18,12,19,16,28,18,10,13,10
261282,1,1,1994,0,0,0,0,0,0,0,0,0,0
261282,2,1,1994,12,12,12,12,12,12,12,12,12,12
270001,1,1,1994,14,6,20,15,9,20,15,16,17,12
270001,2,1,1994,0,0,0,0,0,0,0,0,0,0
270002,1,1,1994,0,0,0,0,0,0,0,0,0,0
270002,2,1,1994,0,0,0,0,0,0,0,0,0,0
270003,1,1,1994,0,0,0,0,0,0,0,0,0,0
270003,2,1,1994,0,0,0,0,0,0,0,0,0,0
270004,1,1,1994,0,0,0,0,0,0,0,0,0,0
270004,2,1,1994,0,0,0,0,0,0,0,0,0,0
270005,1,1,1994,0,0,0,0,0,0,0,0,0,0
270005,2,1,1994,0,0,0,0,0,0,0,0,0,0
270006,1,1,1994,0,0,0,0,0,0,0,0,0,0
270006,2,1,1994,0,0,0,0,0,0,0,0,0,0
270007,1,1,1994,18,18,18,18,18,18,18,18,18,18
270008,1,1,1994,0,0,0,0,0,0,0,0,0,0
270008,2,1,1994,0,0,0,0,0,0,0,0,0,0
270009,0,1,1994,0,0,0,0,0,0,0,0,0,0
270009,1,1,1994,0,0,0,0,0,0,0,0,0,0
270010,1,1,1994,0,0,0,0,0,0,0,0,0,0
270010,2,1,1994,0,0,0,0,0,0,0,0,0,0
270011,1,1,1994,0,0,0,0,0,0,0,0,0,0
270012,1,1,1994,19,19,19,19,19,19,19,19,19,19
270013,1,1,1994,21,21,21,21,21,21,21,21,21,21
270014,1,1,1994,0,0,0,0,0,0,0,0,0,0
270014,2,1,1994,0,0,0,0,0,0,0,0,0,0
270015,1,1,1994,0,0,0,0,0,0,0,0,0,0
270016,1,1,1994,0,0,0,0,0,0,0,0,0,0
270016,2,1,1994,0,0,0,0,0,0,0,0,0,0
270017,1,1,1994,0,0,0,0,0,0,0,0,0,0
270018,1,1,1994,7,0,0,0,0,18,0,0,0,0
270019,1,1,1994,0,0,0,0,0,0,0,0,0,0
270019,2,1,1994,0,0,0,0,0,0,0,0,0,0
270020,1,1,1994,0,0,0,0,0,0,0,0,0,0
270020,2,1,1994,0,0,0,0,0,0,0,0,0,0
270022,1,1,1994,0,0,0,0,0,0,0,0,0,0
270022,2,1,1994,0,0,0,0,0,0,0,0,0,0
270022,3,1,1994,0,0,0,0,0,0,0,0,0,0
270023,1,1,1994,0,12,0,16,0,0,0,0,0,0
270024,1,1,1994,0,0,0,0,0,0,0,0,0,0
270024,2,1,1994,0,0,0,0,0,0,0,0,0,0
270025,1,1,1994,39,20,26,23,5,10,7,17,8,12
270025,2,1,1994,0,0,0,0,0,13,0,0,0,0
270026,1,1,1994,0,0,0,0,0,0,0,0,0,0
270026,2,1,1994,19,31,0,11,20,10,14,0,13,3
270027,1,1,1994,29,17,0,12,22,33,13,9,20,11
270027,2,1,1994,26,26,26,26,26,26,26,26,26,26
270028,1,1,1994,0,0,0,0,0,0,0,0,0,0
270028,2,1,1994,8,0,0,0,0,0,0,0,0,0
270029,1,1,1994,0,0,0,0,0,0,0,0,0,0
270029,2,1,1994,0,0,0,0,0,0,0,0,0,0
270030,1,1,1994,26,21,9,14,10,5,0,11,32,22
270030,2,1,1994,0,0,0,0,0,0,0,0,0,0
270031,1,1,1994,0,0,0,0,0,0,0,0,0,0
270031,2,1,1994,0,0,0,0,0,0,0,0,0,0
270032,1,1,1994,0,0,0,0,0,0,12,0,0,0
270032,2,1,1994,28,28,28,28,28,28,28,28,28,28
270033,1,1,1994,0,0,0,0,0,0,0,0,0,0
270033,2,1,1994,0,0,0,0,0,0,0,0,0,0
270034,0,1,1994,0,0,0,0,0,0,0,0,0,0
270034,1,1,1994,0,19,0,17,14,28,11,9,13,9
270035,1,1,1994,0,0,0,0,0,0,0,0,0,0
270036,1,1,1994,0,0,0,0,0,0,0,0,0,0
270036,2,1,1994,0,0,0,0,0,0,0,0,0,0
270037,1,1,1994,7,7,7,7,7,7,7,7,7,7
270037,2,1,1994,22,22,22,22,22,22,22,22,22,22
270038,1,1,1994,0,0,0,0,0,0,0,0,0,0
270039,1,1,1994,0,0,0,0,0,0,0,0,0,0
270040,1,1,1994,0,0,0,0,0,0,0,0,0,0
270040,2,1,1994,31,31,31,31,31,31,31,31,31,31
270041,1,1,1994,0,0,0,0,0,0,0,0,0,0
270041,2,1,1994,16,15,0,0,15,0,0,0,0,0
270042,1,1,1994,0,0,0,0,0,0,0,0,0,0
270042,2,1,1994,0,0,0,0,0,0,0,0,0,0
270042,3,1,1994,0,0,0,0,0,0,0,0,0,0
270043,1,1,1994,13,13,13,13,13,13,13,13,13,13
270044,1,1,1994,0,0,0,0,0,0,0,0,0,0
270044,2,1,1994,0,0,29,0,0,0,0,0,0,0
270045,1,1,1994,0,0,0,0,0,0,0,0,0,0
270045,2,1,1994,0,0,0,0,0,0,0,0,0,0
270046,0,1,1994,0,0,22,0,0,0,0,0,0,17
270046,1,1,1994,0,0,0,0,0,0,0,0,0,0
270047,1,1,1994,0,0,0,0,0,0,0,0,0,0
270047,2,1,1994,0,0,0,0,0,0,0,0,0,0
270048,1,1,1994,0,0,0,0,0,0,0,0,0,0
270049,0,1,1994,21,21,21,21,21,21,21,21,21,21
270049,1,1,1994,3,3,3,3,3,3,3,3,3,3
270050,1,1,1994,0,0,0,0,0,0,0,0,0,0
270050,2,1,1994,0,0,0,0,0,0,0,0,0,0
270051,0,1,1994,0,0,0,0,0,0,0,0,0,0
270051,1,1,1994,24,9,38,12,10,20,28,15,26,28
270052,1,1,1994,0,0,0,0,0,0,0,0,0,0
270052,2,1,1994,0,0,0,0,0,0,0,0,0,0
270053,1,1,1994,0,0,0,0,0,0,0,0,0,0
270053,2,1,1994,0,0,0,0,0,0,0,0,0,0
270054,2,1,1994,0,0,0,0,0,0,0,0,0,0
270055,1,1,1994,0,0,15,15,7,0,16,10,0,11
270056,1,1,1994,0,0,0,0,0,0,0,0,0,0
270056,2,1,1994,0,0,0,0,0,0,0,0,0,14
270056,3,1,1994,0,0,0,0,0,0,0,0,0,0
270057,1,1,1994,18,18,18,18,18,18,18,18,18,18
270058,1,1,1994,0,0,0,0,0,0,0,0,0,0
270058,2,1,1994,0,0,0,0,0,0,0,0,0,0
270059,1,1,1994,0,0,0,0,0,0,0,0,0,0
270059,2,1,1994,0,8,0,0,0,27,0,9,0,0
270060,1,1,1994,12,0,0,0,0,0,19,0,0,0
270060,2,1,1994,0,0,0,0,0,0,0,0,0,0
270061,1,1,1994,0,0,0,0,0,0,0,0,0,0
270061,2,1,1994,0,0,0,0,0,0,0,0,0,0
270061,3,1,1994,0,0,0,0,0,0,0,0,0,0
270062,1,1,1994,0,0,0,0,0,0,0,0,0,0
270062,2,1,1994,0,0,0,0,0,0,0,0,0,0
270063,1,1,1994,0,0,0,0,0,0,0,0,0,0
270063,2,1,1994,0,0,0,0,0,0,0,0,0,0
270064,1,1,1994,7,7,7,7,7,7,7,7,7,7
270065,1,1,1994,23,23,23,23,23,23,23,23,23,23
270066,1,1,1994,0,0,0,0,0,0,0,0,0,0
270067,1,1,1994,10,10,10,10,10,10,10,10,10,10
270068,1,1,1994,0,8,0,0,0,10,0,0,10,0
270069,0,1,1994,0,0,0,0,0,0,0,0,0,0
270069,1,1,1994,20,20,20,20,20,20,20,20,20,20
270070,1,1,1994,26,26,26,26,26,26,26,26,26,26
270071,1,1,1994,9,9,9,9,9,9,9,9,9,9
270071,2,1,1994,0,0,0,0,0,0,0,0,0,0
270072,1,1,1994,18,18,18,18,18,18,18,18,18,18
270072,2,1,1994,0,0,0,0,0,0,0,0,0,0
270073,1,1,1994,0,0,0,0,0,0,0,0,0,0
270073,2,1,1994,0,0,0,0,0,0,0,0,0,0
270074,1,1,1994,0,0,0,0,0,0,0,0,0,0
270074,2,1,1994,0,0,0,0,0,0,0,0,0,0
270075,1,1,1994,9,0,0,0,0,0,0,0,0,19
270076,1,1,1994,0,0,0,0,0,0,0,0,0,0
270077,1,1,1994,0,31,11,22,22,18,9,24,29,32
270078,1,1,1994,0,0,0,0,0,0,0,0,0,0
270079,1,1,1994,0,0,0,0,0,0,0,0,0,0
270080,0,1,1994,0,0,0,0,0,0,0,0,0,0
270080,1,1,1994,0,0,0,0,0,0,0,0,0,15
270081,1,1,1994,0,0,0,0,0,0,0,0,0,0
270081,2,1,1994,0,0,0,0,0,0,0,0,0,0
270082,1,1,1994,0,0,0,0,0,0,0,0,0,0
270082,2,1,1994,0,0,0,0,0,0,0,0,0,0
270083,1,1,1994,0,0,0,0,0,0,0,0,0,0
270083,2,1,1994,0,0,0,0,0,0,0,0,0,0
270084,1,1,1994,0,0,0,0,0,0,0,0,0,0
270084,2,1,1994,0,0,0,0,0,0,0,0,0,0
270085,1,1,1994,0,0,0,0,0,0,0,0,0,0
270085,2,1,1994,0,0,0,0,0,0,0,0,0,0
270086,1,1,1994,0,0,0,0,0,0,0,0,5,0
270086,2,1,1994,0,0,0,0,0,0,0,0,0,0
270087,1,1,1994,0,0,0,0,0,0,0,0,0,0
270087,2,1,1994,0,0,0,0,0,0,0,0,0,0
270088,1,1,1994,0,0,0,0,0,0,0,0,0,0
270088,2,1,1994,0,0,0,0,0,0,0,0,0,0
270089,1,1,1994,17,17,17,17,17,17,17,17,17,17
270090,1,1,1994,20,20,20,20,20,20,20,20,20,20
270091,0,1,1994,0,0,0,0,0,0,0,0,0,0
270091,1,1,1994,0,0,0,0,0,0,0,0,0,0
270092,1,1,1994,16,16,16,16,16,16,16,16,16,16
270093,1,1,1994,11,23,24,18,13,14,22,9,21,16
270094,1,1,1994,0,0,0,0,0,0,0,0,0,0
270094,2,1,1994,0,0,0,0,0,0,0,0,0,0
270095,1,1,1994,2,2,2,2,2,2,2,2,2,2
270096,0,1,1994,13,33,29,13,44,19,21,18,10,21
270096,1,1,1994,12,22,19,11,13,18,9,14,14,0
270097,1,1,1994,26,26,26,26,26,26,26,26,26,26
270098,1,1,1994,0,0,0,0,0,0,0,0,0,0
270099,1,1,1994,0,0,0,0,0,0,0,0,0,0
270099,2,1,1994,0,0,0,0,0,0,0,0,0,0
270100,1,1,1994,0,0,0,0,0,0,0,0,0,0
270100,2,1,1994,0,0,0,0,0,0,0,0,0,0
270101,1,1,1994,0,0,0,0,0,0,0,0,0,0
270101,2,1,1994,0,0,0,0,0,0,0,0,0,0
270102,1,1,1994,20,20,20,20,20,20,20,20,20,20
270103,1,1,1994,23,23,23,23,23,23,23,23,23,23
270104,1,1,1994,0,0,0,0,0,0,0,0,0,0
270105,1,1,1994,13,13,13,13,13,13,13,13,13,13
270106,1,1,1994,0,0,0,0,0,0,0,0,0,0
270106,2,1,1994,0,0,0,0,0,0,0,0,0,0
270107,1,1,1994,20,20,20,20,20,20,20,20,20,20
270107,2,1,1994,0,0,0,0,0,0,0,0,0,0
270108,1,1,1994,0,0,0,0,0,0,0,0,0,0
270109,1,1,1994,0,0,0,0,0,0,0,0,0,0
270109,2,1,1994,0,0,0,0,0,0,0,0,0,0
270110,1,1,1994,0,0,0,0,0,0,0,0,0,0
270111,1,1,1994,0,0,0,0,0,0,0,0,0,0
270112,1,1,1994,0,0,0,0,0,0,0,0,0,0
270113,1,1,1994,0,0,0,0,0,0,0,0,0,0
270114,0,1,1994,0,0,0,0,0,0,0,0,0,0
270114,1,1,1994,0,0,26,21,14,0,31,0,12,0
270115,1,1,1994,14,14,14,14,14,14,14,14,14,14
270116,1,1,1994,22,22,22,22,22,22,22,22,22,22
270117,1,1,1994,21,21,21,21,21,21,21,21,21,21
270118,0,1,1994,0,0,0,0,0,0,0,0,0,0
270118,1,1,1994,0,0,0,0,0,0,0,0,0,0
270119,1,1,1994,33,19,18,20,11,7,30,16,6,5
270120,1,1,1994,0,0,0,0,0,0,0,0,0,0
270120,2,1,1994,0,0,0,0,0,0,0,0,0,0
270121,1,1,1994,30,30,30,30,30,30,30,30,30,30
270122,1,1,1994,26,26,26,26,26,26,26,26,26,26
270123,0,1,1994,0,0,0,0,0,0,0,0,0,0
270123,1,1,1994,0,0,0,0,0,0,0,0,0,0
270124,1,1,1994,11,9,0,6,18,10,19,2,11,23
270124,2,1,1994,12,0,27,0,5,12,21,14,16,26
270124,3,1,1994,0,0,0,0,0,0,0,0,0,0
270124,4,1,1994,0,0,0,0,0,0,0,0,8,0
270125,0,1,1994,0,0,0,0,0,0,0,0,0,0
270125,1,1,1994,0,0,0,0,0,0,0,0,0,0
270126,1,1,1994,9,9,9,9,9,9,9,9,9,9
270127,1,1,1994,17,17,17,17,17,17,17,17,17,17
270127,2,1,1994,0,0,0,0,0,0,0,0,0,0
270128,1,1,1994,0,0,0,0,0,0,0,0,0,0
270128,2,1,1994,0,0,0,0,0,0,0,0,0,0
270129,1,1,1994,0,0,0,0,0,0,0,0,0,0
270130,1,1,1994,0,0,0,0,0,0,0,0,23,0
270131,1,1,1994,26,26,26,26,26,26,26,26,26,26
270131,2,1,1994,0,0,0,0,0,0,0,0,0,0
270132,1,1,1994,0,0,0,0,0,0,0,0,0,0
270132,2,1,1994,29,29,29,29,29,29,29,29,29,29
270133,1,1,1994,0,0,0,0,0,0,0,0,0,0
270133,2,1,1994,0,0,0,0,0,0,0,0,0,0
270134,1,1,1994,0,0,0,0,0,0,0,0,0,0
270135,1,1,1994,0,0,0,0,0,0,0,0,0,0
270135,2,1,1994,0,0,0,0,0,0,0,0,0,0
270136,1,1,1994,7,7,7,7,7,7,7,7,7,7
270136,2,1,1994,17,0,0,0,0,0,0,0,0,0
270137,1,1,1994,0,0,0,0,0,0,0,0,0,0
270137,2,1,1994,0,0,0,0,0,0,0,0,0,0
270138,1,1,1994,0,0,0,0,0,7,0,0,0,0
270139,1,1,1994,10,10,10,10,10,10,10,10,10,10
270140,1,1,1994,0,0,0,0,0,0,0,0,0,0
270140,2,1,1994,0,0,0,0,0,0,0,0,0,0
270141,0,1,1994,0,0,0,0,0,0,0,0,0,0
270141,1,1,1994,0,0,0,0,0,0,0,0,0,0
270142,1,1,1994,19,19,19,19,19,19,19,19,19,19
270143,0,1,1994,5,0,16,49,12,0,0,0,0,0
270143,0,2,1994,0,0,0,0,0,0,0,0,0,0
270143,1,1,1994,16,16,16,16,16,16,16,16,16,16
270144,1,1,1994,0,0,0,0,0,0,0,0,0,0
270144,2,1,1994,0,0,0,0,0,0,0,0,0,0
270146,1,1,1994,0,0,0,0,0,0,0,0,0,0
270146,2,1,1994,0,0,5,0,0,0,0,0,0,0
270147,1,1,1994,0,0,0,0,0,0,0,0,0,0
270148,1,1,1994,0,0,0,0,0,0,0,0,0,0
270148,2,1,1994,0,0,0,0,0,0,0,0,0,0
270149,1,1,1994,0,0,0,0,0,0,0,0,0,0
270149,2,1,1994,5,5,5,5,5,5,5,5,5,5
270150,1,1,1994,2,2,2,2,2,2,2,2,2,2
270150,2,1,1994,0,0,0,17,0,0,14,0,0,5
270151,1,1,1994,11,0,0,11,9,5,0,0,0,0
270152,1,1,1994,0,7,0,0,0,0,0,0,0,0
270152,2,1,1994,18,18,18,18,18,18,18,18,18,18
270153,1,1,1994,0,0,0,0,0,0,0,0,0,0
270153,2,1,1994,0,6,0,0,0,0,16,0,0,0
270153,3,1,1994,0,0,0,0,0,0,0,0,0,0
270154,1,1,1994,0,0,0,0,0,0,0,0,0,0
270154,2,1,1994,14,14,14,14,14,14,14,14,14,14
270155,0,1,1994,0,0,0,0,0,0,0,0,0,0
270155,1,1,1994,0,0,0,0,0,0,0,0,0,0
270156,1,1,1994,0,0,0,0,0,0,0,0,0,0
270156,2,1,1994,0,0,0,0,0,0,0,0,0,0
270157,1,1,1994,12,0,9,5,7,17,11,17,7,7
270158,1,1,1994,0,0,0,0,0,0,0,0,0,0
270158,2,1,1994,0,0,0,0,0,0,0,0,0,0
270159,1,1,1994,17,17,17,17,17,17,17,17,17,17
270160,1,1,1994,0,0,0,0,0,0,0,0,0,0
270160,2,1,1994,0,0,0,0,0,8,0,0,10,0
270161,1,1,1994,6,9,16,17,7,10,12,13,0,9
270162,1,1,1994,0,0,0,0,0,0,0,0,0,0
270163,1,1,1994,0,0,0,0,0,0,0,0,0,0
270164,1,1,1994,0,0,0,0,0,0,0,0,0,0
270164,2,1,1994,0,0,0,0,0,0,0,0,0,0
270164,3,1,1994,0,0,0,0,0,0,0,0,0,0
270166,0,1,1994,0,0,0,0,0,0,0,0,0,0
270166,1,1,1994,0,0,0,0,0,0,0,0,0,0
270167,1,1,1994,0,0,0,19,0,16,0,0,0,0
270168,1,1,1994,13,13,13,13,13,13,13,13,13,13
270169,0,1,1994,0,0,0,0,0,0,0,0,0,0
270169,1,1,1994,0,0,0,0,0,0,0,0,0,0
270170,1,1,1994,2,2,2,2,2,2,2,2,2,2
270170,2,1,1994,0,0,0,0,0,0,0,0,0,0
270171,0,1,1994,15,23,0,9,5,12,15,23,10,12
270171,1,1,1994,10,7,16,18,23,16,9,10,7,9
270172,1,1,1994,25,25,25,25,25,25,25,25,25,25
270172,2,1,1994,0,0,0,0,0,0,0,0,0,0
270173,0,1,1994,0,0,0,0,0,0,0,0,0,0
270173,1,1,1994,20,4,0,0,0,0,0,0,0,0
270174,1,1,1994,23,23,23,23,23,23,23,23,23,23
270174,2,1,1994,0,0,0,0,0,0,0,0,0,0
270174,3,1,1994,0,0,0,0,0,0,0,0,0,0
270175,1,1,1994,0,0,0,0,0,0,0,0,0,0
270175,2,1,1994,0,0,0,0,0,0,0,0,0,0
270177,1,1,1994,21,21,21,21,21,21,21,21,21,21
270178,0,1,1994,0,0,0,0,0,0,0,0,0,0
270178,1,1,1994,0,0,0,0,0,0,0,0,0,0
270179,1,1,1994,0,0,0,0,0,0,0,0,0,0
270179,2,1,1994,0,0,0,0,0,0,0,0,0,0
270180,0,1,1994,0,0,0,0,0,0,0,0,0,0
270180,1,1,1994,0,0,0,0,0,0,0,0,0,0
270182,1,1,1994,21,21,21,21,21,21,21,21,21,21
270183,1,1,1994,0,0,0,0,0,0,0,0,0,0
270183,2,1,1994,0,0,0,0,0,0,0,0,0,0
270184,1,1,1994,0,0,0,0,0,0,0,0,0,0
270184,2,1,1994,0,0,0,0,0,0,0,0,0,0
270184,3,1,1994,24,23,0,0,0,9,0,0,0,0
270185,0,1,1994,0,0,0,0,0,0,0,0,0,0
270185,1,1,1994,0,0,0,0,0,0,0,0,0,0
270186,1,1,1994,26,26,26,26,26,26,26,26,26,26
270187,1,1,1994,0,0,0,0,0,0,0,0,0,0
270188,1,1,1994,0,0,0,0,0,0,0,0,0,0
270188,2,1,1994,0,0,0,0,0,0,0,0,0,0
270188,3,1,1994,0,0,0,0,0,0,0,0,0,0
270189,1,1,1994,0,0,0,0,0,0,0,0,0,0
270190,1,1,1994,22,22,22,22,22,22,22,22,22,22
270191,1,1,1994,0,0,0,0,0,0,0,0,0,0
270191,2,1,1994,0,0,0,0,0,0,0,0,0,0
270192,1,1,1994,0,0,0,0,0,0,0,0,0,0
270192,2,1,1994,0,0,0,0,0,0,0,0,0,0
270193,1,1,1994,0,0,0,0,0,0,0,0,0,0
270193,2,1,1994,0,0,0,0,0,0,0,0,0,0
270194,1,1,1994,25,25,25,25,25,25,25,25,25,25
270195,1,1,1994,0,0,0,0,0,0,0,0,0,0
270195,2,1,1994,0,0,0,0,0,0,0,0,0,0
270196,1,1,1994,10,10,10,10,10,10,10,10,10,10
270197,1,1,1994,8,8,8,8,8,8,8,8,8,8
270197,2,1,1994,0,0,0,0,0,0,0,0,0,0
270198,1,1,1994,18,18,18,18,18,18,18,18,18,18
270199,1,1,1994,0,0,0,0,0,0,0,0,0,0
270200,1,1,1994,0,0,0,0,0,0,0,0,0,0
270200,2,1,1994,0,0,0,0,0,0,0,0,0,0
270201,1,1,1994,0,0,0,0,0,0,0,0,0,0
270201,2,1,1994,0,0,0,0,0,0,0,0,0,0
270202,1,1,1994,0,0,0,0,0,6,0,0,0,0
270203,1,1,1994,0,0,0,0,0,0,0,0,0,0
270204,1,1,1994,0,0,0,0,0,0,0,0,0,0
270205,1,1,1994,0,0,0,0,0,0,0,0,0,0
270206,1,1,1994,0,0,0,0,0,0,0,0,0,0
270206,2,1,1994,0,0,0,0,0,0,0,0,0,0
270207,0,1,1994,0,0,0,0,0,0,0,0,0,0
270207,1,1,1994,0,0,0,0,0,0,0,0,0,0
270208,1,1,1994,19,19,19,19,19,19,19,19,19,19
270209,1,1,1994,3,3,3,3,3,3,3,3,3,3
270209,2,1,1994,0,0,0,0,0,0,0,0,0,0
270210,1,1,1994,29,29,29,29,29,29,29,29,29,29
270210,2,1,1994,0,0,0,0,0,0,0,0,0,0
270211,1,1,1994,0,0,0,0,0,0,0,0,0,0
270212,1,1,1994,0,0,0,0,0,0,0,0,0,0
270213,0,1,1994,21,19,16,17,20,27,0,0,0,0
270214,0,1,1994,0,0,0,0,0,0,0,0,0,0
270214,0,2,1994,0,0,0,0,0,0,0,0,0,0
270214,1,1,1994,0,0,14,0,0,0,0,0,0,0
270215,1,1,1994,0,0,0,0,3,0,0,0,0,12
270215,2,1,1994,0,0,0,0,0,0,0,0,0,0
270215,3,1,1994,0,0,0,0,0,0,0,0,0,0
270216,1,1,1994,11,12,0,5,23,12,13,0,13,7
270216,2,1,1994,0,0,0,0,0,0,0,0,0,0
270216,3,1,1994,0,0,0,0,0,0,0,0,0,0
270217,1,1,1994,0,0,0,0,0,0,0,0,0,0
270217,2,1,1994,16,10,19,0,0,0,4,26,25,29
270218,1,1,1994,0,0,0,0,0,0,0,0,0,0
270219,1,1,1994,8,8,8,8,8,8,8,8,8,8
270220,1,1,1994,0,0,0,0,0,0,0,0,0,0
270220,2,1,1994,0,0,0,0,0,0,0,0,0,0
270221,0,1,1994,0,0,0,0,0,0,0,0,0,0
270221,1,1,1994,0,0,0,0,0,0,0,0,0,0
270222,1,1,1994,12,13,23,0,13,8,17,26,0,14
270222,2,1,1994,0,0,0,0,0,0,4,23,0,13
270223,1,1,1994,0,0,0,0,0,0,0,0,0,0
270223,2,1,1994,0,0,0,0,0,0,0,0,0,0
270224,1,1,1994,0,0,0,0,0,0,0,0,0,0
270224,2,1,1994,0,0,0,0,0,0,0,0,0,0
270225,1,1,1994,0,0,0,0,14,0,0,0,19,17
270226,1,1,1994,0,18,0,0,0,24,0,0,0,0
270227,1,1,1994,4,4,4,4,4,4,4,4,4,4
270227,2,1,1994,0,0,0,0,0,0,0,0,0,0
270228,1,1,1994,0,0,0,0,0,0,0,0,0,0
270228,2,1,1994,0,0,0,0,0,0,0,0,0,0
270229,1,1,1994,0,0,0,0,0,0,0,0,0,0
270229,2,1,1994,0,0,0,0,0,0,0,0,0,0
270230,1,1,1994,0,0,0,0,0,0,0,0,0,0
270230,2,1,1994,0,0,0,0,0,0,0,0,0,0
270230,3,1,1994,0,0,0,0,0,0,0,0,0,0
270231,0,1,1994,14,15,13,0,0,0,32,23,19,6
270231,1,1,1994,2,2,2,2,2,2,2,2,2,2
270232,0,1,1994,0,0,0,0,0,0,0,0,0,0
270232,1,1,1994,0,22,22,16,21,24,26,26,23,30
270234,1,1,1994,0,0,0,0,0,0,0,0,0,0
270236,1,1,1994,0,0,0,0,0,0,0,0,0,12
270237,1,1,1994,17,17,17,17,17,17,17,17,17,17
270238,1,1,1994,0,0,0,0,0,0,0,0,0,0
270238,2,1,1994,0,0,0,0,0,0,0,0,0,0
270239,1,1,1994,0,0,0,0,0,0,0,0,0,0
270239,2,1,1994,0,0,0,0,0,0,0,0,0,0
270240,1,1,1994,0,0,0,0,0,0,0,0,0,0
270240,2,1,1994,0,0,0,0,0,0,0,0,0,0
270241,1,1,1994,0,0,0,0,0,0,0,0,0,0
270241,2,1,1994,0,0,0,0,0,0,0,0,0,0
270242,1,1,1994,0,0,0,0,0,0,0,0,0,0
270243,1,1,1994,7,0,0,0,0,0,0,17,0,16
270243,2,1,1994,0,0,0,0,0,0,0,0,0,0
270244,1,1,1994,0,0,0,0,0,0,0,0,0,0
270245,1,1,1994,0,0,0,0,0,0,0,0,0,0
270245,2,1,1994,0,0,0,0,0,0,0,0,0,0
270245,3,1,1994,0,0,0,0,0,0,0,0,0,0
270246,1,1,1994,1,1,1,1,1,1,1,1,1,1
270247,1,1,1994,0,0,0,0,0,0,0,0,0,0
270247,2,1,1994,0,0,0,0,0,0,0,0,0,0
270248,1,1,1994,5,20,13,14,27,6,7,9,10,19
270249,1,1,1994,0,25,6,17,6,0,10,10,18,7
270250,1,1,1994,19,23,12,27,0,20,29,30,15,0
270250,2,1,1994,9,9,9,9,9,9,9,9,9,9
270251,1,1,1994,0,0,0,0,0,0,0,0,0,0
270251,2,1,1994,0,0,0,0,0,0,0,0,0,0
270252,0,1,1994,33,29,0,0,15,13,22,0,48,20
270252,1,1,1994,0,0,0,11,0,0,0,0,0,0
270253,1,1,1994,0,0,0,0,0,0,0,0,0,0
270253,2,1,1994,0,0,0,0,0,0,0,0,0,0
270253,3,1,1994,0,0,0,0,0,0,0,0,0,0
270254,1,1,1994,16,16,16,16,16,16,16,16,16,16
270255,1,1,1994,0,0,0,0,0,0,0,0,0,0
270256,1,1,1994,12,7,8,38,27,13,37,24,6,24
270257,1,1,1994,0,0,0,0,0,0,0,0,0,0
270258,1,1,1994,0,4,23,0,7,17,0,0,0,0
270259,1,1,1994,11,11,11,11,11,11,11,11,11,11
270260,1,1,1994,0,0,0,0,0,0,0,0,0,0
270260,2,1,1994,9,9,9,9,9,9,9,9,9,9
270261,1,1,1994,30,13,0,11,0,15,11,3,21,17
270262,1,1,1994,0,0,0,0,0,0,0,0,0,0
270263,1,1,1994,0,0,0,0,0,0,0,0,0,0
270263,2,1,1994,0,0,0,0,0,0,0,0,0,0
270264,1,1,1994,5,5,5,5,5,5,5,5,5,5
270264,2,1,1994,0,0,0,0,0,0,0,0,0,0
270265,1,1,1994,25,0,0,0,0,0,0,0,0,0
270265,2,1,1994,0,0,0,34,0,0,0,0,0,0
270266,1,1,1994,0,0,0,0,0,0,0,0,0,0
270267,0,1,1994,0,0,0,0,0,0,0,0,0,0
270267,1,1,1994,0,0,0,0,0,0,0,0,0,0
270268,1,1,1994,14,8,16,29,16,30,16,34,27,20
270268,2,1,1994,15,15,15,15,15,15,15,15,15,15
270269,1,1,1994,0,0,0,0,0,16,0,0,11,13
270270,0,1,1994,5,0,0,0,0,20,0,5,0,18
270270,1,1,1994,0,0,0,0,0,0,0,0,0,0
270271,0,1,1994,0,0,0,0,0,0,38,0,0,0
270271,1,1,1994,0,0,0,0,0,0,0,0,0,0