ST_CASE,VEH_NO,PER_NO,YEAR,P1,P2,P3,P4,P5,P6,P7,P8,P9,P10
270272,1,1,1994,0,0,0,0,0,0,0,0,0,0
270273,1,1,1994,0,0,0,0,0,0,0,0,0,0
270273,2,1,1994,9,12,0,22,9,18,21,13,28,9
270275,1,1,1994,0,0,0,0,0,0,0,0,0,0
270275,2,1,1994,0,0,0,0,0,0,0,0,0,0
270276,1,1,1994,0,0,0,0,0,0,0,0,0,0
270276,2,1,1994,0,0,0,0,0,0,0,0,0,0
270277,1,1,1994,0,0,0,0,0,0,0,0,10,0
270277,2,1,1994,0,0,0,0,0,0,0,0,0,0
270278,1,1,1994,0,0,0,0,0,11,0,12,0,0
270279,1,1,1994,0,28,13,0,0,0,21,0,8,0
270280,1,1,1994,0,0,0,0,0,0,5,0,9,14
270281,1,1,1994,0,0,0,0,0,16,0,0,0,0
270281,2,1,1994,0,0,0,0,0,0,0,0,0,0
270282,0,1,1994,0,0,0,0,0,0,0,0,0,0
270282,1,1,1994,0,0,0,0,0,0,0,0,0,0
270283,1,1,1994,11,23,0,0,16,10,0,0,0,11
270283,2,1,1994,21,0,16,10,13,0,12,0,0,0
270284,0,1,1994,0,0,0,0,0,0,0,0,0,0
270284,1,1,1994,0,0,0,0,0,0,0,0,0,0
270285,1,1,1994,0,0,0,0,0,0,0,0,0,0
270285,2,1,1994,0,0,0,0,0,0,0,0,0,0
270287,1,1,1994,0,0,0,0,0,0,0,0,0,0
270287,2,1,1994,0,0,0,0,0,0,0,0,0,0
270288,1,1,1994,0,0,0,0,0,0,0,0,0,0
270288,2,1,1994,0,0,0,0,0,0,0,0,0,0
270289,1,1,1994,0,0,0,0,0,0,0,0,0,0
270289,2,1,1994,0,0,0,0,0,0,0,0,0,0
270290,1,1,1994,9,9,9,9,9,9,9,9,9,9
270291,1,1,1994,12,12,12,12,12,12,12,12,12,12
270292,1,1,1994,0,0,0,0,0,0,0,0,0,0
270293,1,1,1994,17,17,17,17,17,17,17,17,17,17
270294,1,1,1994,16,16,16,16,16,16,16,16,16,16
270295,1,1,1994,32,32,32,32,32,32,32,32,32,32
270295,2,1,1994,0,0,0,0,0,0,0,0,0,0
270296,1,1,1994,0,0,0,0,0,0,0,0,0,0
270296,2,1,1994,0,0,0,0,0,0,0,0,0,0
270297,0,1,1994,0,0,0,0,0,0,0,0,0,0
270297,1,1,1994,8,27,13,22,11,13,32,30,14,18
270298,1,1,1994,22,22,22,22,22,22,22,22,22,22
270299,1,1,1994,0,0,0,0,0,0,0,0,0,0
270300,0,1,1994,0,0,0,0,0,0,0,0,0,0
270300,1,1,1994,0,0,0,0,0,0,0,0,0,0
270301,1,1,1994,0,0,0,0,0,0,0,0,0,0
270302,1,1,1994,0,0,0,0,0,0,0,0,0,0
270302,2,1,1994,23,23,23,23,23,23,23,23,23,23
270303,1,1,1994,16,16,16,16,16,16,16,16,16,16
270304,1,1,1994,0,0,0,0,0,0,0,0,0,0
270305,1,1,1994,0,0,0,0,0,0,4,0,0,0
270305,2,1,1994,7,7,0,0,0,0,0,0,0,0
270306,1,1,1994,1,1,1,1,1,1,1,1,1,1
270307,1,1,1994,0,0,0,0,0,0,0,0,0,0
270307,2,1,1994,0,0,0,0,0,0,0,0,0,0
270308,1,1,1994,0,0,0,0,0,0,0,0,11,0
270308,2,1,1994,0,0,0,3,0,0,0,0,0,0
270309,1,1,1994,0,0,0,0,0,0,0,0,14,0
270309,2,1,1994,0,0,0,0,0,0,0,0,0,0
270309,3,1,1994,0,0,0,0,0,0,0,0,0,0
270310,1,1,1994,17,17,17,17,17,17,17,17,17,17
270310,2,1,1994,28,0,0,13,18,0,0,25,0,29
270311,1,1,1994,11,11,11,11,11,11,11,11,11,11
270311,2,1,1994,0,0,0,0,0,0,0,0,0,0
270312,0,1,1994,25,25,25,25,25,25,25,25,25,25
270312,1,1,1994,0,0,0,0,0,0,0,0,0,0
270313,1,1,1994,0,0,0,0,0,0,0,0,0,0
270314,1,1,1994,0,0,0,0,0,0,0,0,0,0
270314,2,1,1994,0,0,0,0,0,0,0,0,0,0
270315,1,1,1994,0,0,0,0,0,0,0,0,0,0
270316,0,1,1994,0,0,0,0,0,0,0,0,0,0
270316,1,1,1994,0,0,0,0,0,0,0,0,0,0
270317,1,1,1994,0,0,0,0,0,0,0,0,0,0
270318,1,1,1994,0,25,0,0,0,0,18,0,15,0
270319,1,1,1994,0,0,0,0,0,11,13,0,0,0
270319,2,1,1994,0,0,0,0,0,0,0,0,0,0
270320,1,1,1994,6,6,6,6,6,6,6,6,6,6
270320,2,1,1994,15,7,16,14,8,8,15,7,16,16
270321,1,1,1994,9,9,9,9,9,9,9,9,9,9
270322,1,1,1994,0,0,0,0,0,0,0,0,0,0
270322,2,1,1994,0,0,0,0,0,0,0,0,0,0
270323,1,1,1994,23,23,23,23,23,23,23,23,23,23
270324,1,1,1994,0,0,0,0,0,0,0,0,0,0
270324,2,1,1994,0,0,0,0,0,0,0,0,0,0
270325,1,1,1994,0,0,11,0,0,0,0,0,0,0
270325,2,1,1994,0,0,0,0,0,0,0,0,0,6
270326,1,1,1994,17,17,17,17,17,17,17,17,17,17
270326,2,1,1994,0,28,0,0,0,17,0,16,0,0
270327,1,1,1994,14,14,14,14,14,14,14,14,14,14
270327,2,1,1994,5,0,0,0,0,0,0,0,0,11
270328,1,1,1994,24,14,12,0,19,0,16,0,10,16
270328,2,1,1994,15,36,8,22,21,27,18,6,9,22
270329,1,1,1994,18,18,18,18,18,18,18,18,18,18
270329,2,1,1994,12,7,19,18,19,16,17,36,19,18
270329,3,1,1994,0,11,0,0,0,0,0,0,0,0
270330,1,1,1994,16,0,0,0,0,0,0,0,7,0
270331,1,1,1994,5,5,5,5,5,5,5,5,5,5
270332,1,1,1994,9,9,9,9,9,9,9,9,9,9
270334,1,1,1994,35,10,10,0,0,11,12,0,16,14
270335,1,1,1994,0,0,0,0,0,0,0,0,0,0
270336,1,1,1994,19,22,20,33,16,9,0,0,9,14
270336,2,1,1994,0,0,0,9,20,0,0,7,0,0
270337,1,1,1994,11,11,11,11,11,11,11,11,11,11
270338,1,1,1994,0,0,0,0,0,0,0,0,0,0
270339,1,1,1994,14,14,14,14,14,14,14,14,14,14
270340,1,1,1994,0,0,0,0,0,0,0,0,0,0
270341,1,1,1994,14,14,14,14,14,14,14,14,14,14
270342,1,1,1994,0,0,0,0,0,17,0,0,0,0
270342,2,1,1994,0,0,0,0,0,0,0,0,0,0
270343,1,1,1994,0,0,0,0,0,0,0,0,0,0
270343,2,1,1994,0,0,0,0,0,0,0,0,0,0
270344,1,1,1994,0,0,0,0,0,0,0,0,0,0
270344,2,1,1994,0,0,0,0,0,0,0,0,0,0
270345,1,1,1994,0,0,0,0,0,0,0,0,0,0
270345,2,1,1994,0,0,0,0,0,0,0,0,0,0
270346,1,1,1994,0,0,0,0,0,0,0,0,0,0
270346,2,1,1994,0,0,0,0,0,0,0,0,0,0
270347,1,1,1994,0,0,0,0,0,23,0,0,0,0
270348,1,1,1994,0,0,0,0,0,0,0,0,0,0
270348,2,1,1994,0,0,14,0,0,0,0,0,0,0
270349,1,1,1994,0,0,0,0,0,0,0,0,0,0
270349,2,1,1994,0,0,0,0,0,0,0,0,0,0
270349,3,1,1994,0,0,0,0,0,0,0,0,0,0
270350,1,1,1994,0,0,0,0,0,0,0,0,0,0
270350,2,1,1994,0,0,0,0,0,0,0,0,0,0
270351,1,1,1994,0,0,0,0,0,0,0,0,0,0
270351,2,1,1994,11,11,11,11,11,11,11,11,11,11
270352,1,1,1994,0,0,0,0,0,0,0,0,0,0
270352,2,1,1994,0,0,0,0,0,0,0,0,0,0
270353,1,1,1994,8,8,8,8,8,8,8,8,8,8
270354,1,1,1994,0,0,0,0,0,0,0,0,0,0
270354,2,1,1994,0,0,0,0,0,0,0,0,0,0
270355,1,1,1994,0,0,0,0,0,0,0,0,0,0
270355,2,1,1994,0,0,0,0,0,23,0,0,0,0
270356,1,1,1994,0,0,0,0,0,0,0,0,0,0
270357,1,1,1994,24,7,7,11,10,0,6,3,25,7
270358,1,2,1994,17,13,29,0,17,25,0,13,12,4
270359,1,1,1994,0,0,0,0,0,0,0,0,0,0
270359,2,1,1994,0,0,0,0,0,0,0,0,0,0
270360,1,1,1994,13,18,27,11,26,21,14,4,14,5
270360,2,1,1994,0,0,0,0,0,0,0,0,0,0
270361,0,1,1994,0,0,0,0,0,0,0,0,0,0
270361,1,1,1994,0,0,0,0,0,0,0,0,0,0
270362,1,1,1994,0,0,0,0,0,0,0,0,0,0
270362,2,1,1994,0,0,0,0,0,0,0,0,0,0
270363,1,1,1994,20,20,20,20,20,20,20,20,20,20
270364,1,1,1994,3,0,0,0,0,10,0,0,7,0
270365,1,1,1994,6,9,17,12,11,22,29,5,17,19
270365,2,1,1994,0,0,10,0,0,0,0,0,0,0
270366,1,1,1994,36,36,36,36,36,36,36,36,36,36
270367,1,1,1994,31,31,31,31,31,31,31,31,31,31
270368,1,1,1994,0,0,0,0,0,0,0,0,0,0
270368,2,1,1994,0,0,0,0,0,16,15,5,0,12
270369,1,1,1994,27,27,27,27,27,27,27,27,27,27
270369,2,1,1994,16,16,25,21,16,18,18,16,25,19
270370,2,1,1994,0,0,0,0,0,0,0,0,0,0
270370,3,1,1994,0,0,0,0,0,0,0,0,0,0
270371,0,1,1994,0,0,0,0,0,0,0,0,0,0
270371,1,1,1994,10,0,10,0,0,19,0,0,0,0
270372,0,1,1994,0,0,0,0,0,0,0,0,0,0
270372,1,1,1994,0,0,18,0,0,0,0,0,0,0
270373,1,1,1994,0,0,0,0,0,0,0,0,0,0
270373,2,1,1994,0,0,0,0,0,0,0,0,0,0
270374,1,1,1994,20,20,20,20,20,20,20,20,20,20
270375,0,1,1994,31,31,31,31,31,31,31,31,31,31
270375,1,1,1994,10,12,9,0,21,14,35,8,10,16
270376,1,1,1994,0,0,0,0,10,0,0,0,0,0
270377,1,1,1994,0,0,0,0,0,0,0,0,0,0
270377,2,1,1994,0,0,0,0,0,0,0,0,0,0
270377,3,1,1994,0,0,0,0,0,0,0,0,0,0
270378,1,1,1994,0,0,0,0,0,0,0,8,0,0
270378,2,1,1994,0,0,0,0,0,0,0,0,0,0
270379,1,1,1994,0,0,0,0,0,0,0,0,0,0
270379,2,1,1994,0,0,0,0,0,0,0,0,0,0
270380,0,1,1994,10,12,0,0,0,19,19,0,18,0
270380,1,1,1994,0,0,0,0,0,0,0,0,0,0
270381,1,1,1994,0,0,0,0,0,0,0,0,0,0
270381,2,1,1994,0,0,0,0,0,0,0,0,0,0
270382,1,1,1994,17,15,32,15,0,0,0,24,11,19
270382,2,1,1994,0,0,0,0,0,0,0,0,0,0
270383,0,1,1994,0,0,0,0,0,21,0,0,0,17
270383,0,2,1994,18,25,0,0,7,0,19,0,24,53
270383,1,1,1994,39,21,27,21,5,12,25,4,30,26
270384,1,1,1994,12,12,12,12,12,12,12,12,12,12
270384,2,1,1994,0,0,0,0,0,0,0,0,0,0
270385,1,1,1994,0,0,0,0,0,0,0,0,0,0
270385,2,1,1994,0,0,0,0,0,0,0,0,0,0
270386,1,1,1994,20,20,20,20,20,20,20,20,20,20
270386,2,1,1994,26,0,10,14,0,20,29,12,21,20
270387,0,1,1994,0,0,0,0,0,14,0,0,0,0
270387,1,1,1994,0,0,0,0,0,0,0,0,0,0
270388,1,1,1994,10,10,10,10,10,10,10,10,10,10
270388,2,1,1994,15,31,20,17,20,3,9,26,13,15
270389,1,1,1994,23,23,23,23,23,23,23,23,23,23
270390,1,1,1994,0,0,0,0,0,0,0,0,0,0
270390,2,1,1994,0,0,0,0,0,0,0,0,0,0
270391,1,1,1994,0,0,0,0,0,0,0,0,0,0
270391,2,1,1994,23,0,0,0,0,0,0,0,0,0
270391,3,1,1994,0,0,0,0,0,0,0,0,14,0
270392,0,1,1994,11,16,25,17,41,9,12,14,25,0
270392,1,1,1994,0,0,0,0,0,0,0,0,0,0
270393,1,1,1994,0,0,0,0,0,0,0,0,0,0
270393,2,1,1994,0,0,0,0,0,0,0,0,0,0
270393,3,1,1994,0,0,0,0,0,0,0,0,0,0
270394,1,1,1994,0,0,0,8,0,0,0,0,0,0
270394,2,1,1994,0,0,0,0,0,0,0,0,0,0
270395,1,1,1994,30,30,30,30,30,30,30,30,30,30
270396,1,1,1994,0,0,0,0,0,0,0,0,0,0
270397,0,1,1994,0,0,0,0,0,0,0,0,0,0
270397,1,1,1994,0,0,0,0,0,0,0,0,0,0
270398,1,1,1994,0,0,0,0,0,0,0,0,0,0
270399,1,1,1994,0,0,0,0,0,0,0,0,0,0
270399,2,1,1994,0,0,0,0,0,0,0,0,0,0
270399,3,1,1994,0,0,0,0,0,0,0,0,0,5
270400,1,1,1994,17,17,17,17,17,17,17,17,17,17
270401,1,1,1994,0,0,0,0,0,0,0,0,0,0
270401,2,1,1994,0,0,0,16,9,0,0,0,0,0
270402,1,1,1994,14,14,14,14,14,14,14,14,14,14
270403,1,1,1994,9,9,9,9,9,9,9,9,9,9
270404,1,1,1994,0,0,0,0,0,0,0,0,0,0
270404,2,1,1994,0,0,0,0,0,0,0,0,0,0
270405,1,1,1994,0,0,0,0,0,0,0,0,0,0
270405,2,1,1994,0,0,0,0,0,0,0,0,0,0
270407,1,1,1994,0,0,0,0,0,0,0,0,0,0
270407,2,1,1994,0,0,0,0,0,0,0,0,0,0
270408,1,1,1994,0,0,0,0,0,0,0,0,0,0
270408,2,1,1994,0,0,0,0,0,0,0,0,0,0
270409,1,1,1994,0,0,0,0,0,0,0,0,0,0
270409,2,1,1994,0,0,0,0,0,0,0,0,0,0
270410,1,1,1994,23,23,23,23,23,23,23,23,23,23
270411,1,1,1994,0,0,0,0,0,0,0,0,0,0
270411,2,1,1994,0,0,0,0,0,0,0,0,0,0
270412,1,1,1994,0,0,0,0,0,0,0,0,0,0
270412,2,1,1994,0,0,0,0,0,0,0,0,0,0
270413,1,1,1994,17,17,17,17,17,17,17,17,17,17
270414,1,1,1994,0,0,0,0,0,0,0,0,0,0
270414,2,1,1994,5,5,5,5,5,5,5,5,5,5
270415,1,1,1994,25,25,25,25,25,25,25,25,25,25
270416,0,1,1994,0,0,0,0,0,0,0,0,0,0
270416,1,1,1994,13,22,27,44,20,18,12,17,13,28
270417,1,1,1994,18,18,18,18,18,18,18,18,18,18
270418,1,1,1994,0,0,0,0,0,0,0,0,0,0
270418,2,1,1994,0,0,0,0,0,0,0,0,0,0
270419,1,1,1994,12,14,20,0,22,15,20,0,28,26
270419,2,1,1994,0,0,0,0,0,0,0,0,0,0
270420,1,1,1994,4,30,0,6,10,10,11,18,7,0
270420,2,1,1994,0,0,0,0,0,0,0,0,0,0
270421,1,1,1994,18,18,18,18,18,18,18,18,18,18
270422,1,1,1994,22,14,13,8,20,38,23,15,12,22
270423,0,1,1994,0,0,0,0,0,0,0,0,0,0
270423,1,1,1994,0,0,0,0,0,0,0,0,0,0
270423,2,1,1994,0,0,0,0,0,0,0,0,0,0
270423,3,1,1994,0,0,0,0,0,0,0,0,0,0
270424,1,1,1994,0,0,0,0,0,0,0,0,0,0
270424,2,1,1994,0,0,0,0,0,0,0,0,0,0
270425,1,1,1994,0,0,0,0,0,0,0,0,0,0
270425,2,1,1994,0,0,0,0,0,0,0,0,0,0
270426,1,1,1994,0,0,0,0,0,0,0,13,0,0
270426,2,1,1994,0,0,0,0,0,0,0,16,0,0
270427,1,1,1994,0,0,0,0,0,0,0,0,0,0
270428,0,1,1994,0,0,0,0,0,0,15,0,0,0
270428,1,1,1994,0,31,0,0,0,0,0,0,0,0
270428,2,1,1994,0,10,0,0,0,24,0,0,0,0
270428,3,1,1994,0,0,0,0,0,0,0,0,0,0
270429,1,1,1994,0,0,0,0,0,0,0,0,0,0
270429,2,1,1994,0,0,0,0,8,0,0,0,18,0
270430,1,1,1994,0,0,0,0,0,0,0,0,0,0
270431,1,1,1994,0,0,0,0,0,0,0,0,0,0
270431,2,1,1994,0,0,0,0,0,0,0,0,0,0
270432,1,1,1994,0,0,0,0,0,9,0,0,0,0
270432,2,1,1994,0,0,0,0,0,0,0,0,0,0
270433,1,1,1994,0,3,0,0,0,0,0,0,0,0
270433,2,1,1994,0,0,7,0,0,0,0,0,0,0
270433,3,1,1994,20,20,20,20,20,20,20,20,20,20
270434,1,1,1994,32,23,12,17,19,15,19,18,20,0
270435,1,1,1994,0,0,0,0,0,0,0,0,0,0
270435,2,1,1994,0,0,0,0,0,0,0,0,0,0
270437,1,1,1994,0,0,0,0,0,0,0,0,0,0
270437,2,1,1994,0,0,0,0,0,0,0,2,0,0
270438,1,1,1994,25,25,25,25,25,25,25,25,25,25
270439,1,1,1994,0,0,0,0,0,0,0,0,0,0
270439,2,1,1994,0,0,0,0,0,0,0,0,0,0
270440,0,1,1994,20,20,20,20,20,20,20,20,20,20
270440,1,1,1994,0,0,0,0,0,0,0,0,0,0
270441,1,1,1994,2,2,2,2,2,2,2,2,2,2
270442,1,1,1994,0,0,0,0,0,0,0,0,0,0
270443,1,1,1994,25,25,25,25,25,25,25,25,25,25
270444,1,1,1994,0,0,0,0,0,0,0,0,0,0
270444,2,1,1994,0,0,0,0,0,0,0,0,0,0
270445,1,1,1994,16,11,13,15,11,16,14,18,37,11
270446,1,1,1994,17,17,17,17,17,17,17,17,17,17
270447,1,1,1994,0,0,0,0,0,0,0,0,0,0
270448,1,1,1994,26,6,29,18,23,29,11,20,0,21
270449,1,1,1994,0,0,0,0,0,0,0,0,0,0
270449,2,1,1994,0,0,0,0,0,0,0,0,0,0
270450,1,1,1994,16,16,16,16,16,16,16,16,16,16
270451,1,1,1994,0,0,0,0,0,0,0,26,0,0
270452,1,1,1994,0,0,0,0,0,0,0,0,0,0
270452,2,1,1994,0,0,0,0,0,0,0,0,0,0
270453,0,1,1994,0,0,0,0,0,0,0,0,0,0
270453,1,1,1994,0,0,0,0,0,0,0,0,0,0
270454,1,1,1994,0,0,0,0,0,10,15,0,0,0
270454,2,1,1994,0,0,0,0,0,0,0,0,0,0
270455,1,1,1994,0,0,0,0,0,0,0,0,0,12
270455,2,1,1994,0,0,0,0,0,0,0,0,0,0
270455,3,1,1994,0,0,0,0,0,0,0,0,0,0
270456,0,1,1994,0,0,0,0,0,0,0,0,0,0
270456,1,1,1994,0,0,0,0,0,0,0,0,0,0
270457,1,1,1994,19,19,19,19,19,19,19,19,19,19
270458,1,1,1994,14,14,14,14,14,14,14,14,14,14
270459,1,1,1994,0,0,0,0,0,22,0,0,0,20
270460,1,1,1994,0,0,0,0,0,0,0,0,0,0
270460,2,1,1994,0,0,0,0,0,0,0,0,0,0
270461,0,1,1994,0,0,0,0,13,0,0,0,0,0
270461,1,1,1994,0,0,0,0,0,0,0,0,0,0
270462,1,1,1994,0,0,0,0,0,0,0,0,0,0
270462,2,1,1994,0,0,0,0,0,0,0,0,0,0
270463,1,1,1994,0,0,0,0,0,0,0,0,0,0
270464,1,1,1994,0,0,0,0,0,0,0,0,0,0
270464,2,1,1994,0,0,0,0,0,0,0,0,0,0
270465,1,1,1994,17,17,17,17,17,17,17,17,17,17
270465,2,1,1994,0,0,0,0,14,0,0,0,0,0
270466,1,1,1994,0,0,0,0,0,0,0,0,0,0
270466,2,1,1994,0,0,0,0,0,0,0,13,0,4
270467,1,1,1994,0,0,0,0,0,0,0,0,0,0
270467,2,1,1994,0,0,0,16,0,0,0,0,0,0
270468,1,1,1994,0,0,0,0,0,0,0,0,0,0
270469,0,1,1994,15,8,0,5,15,8,13,21,21,18
270469,1,1,1994,0,0,0,0,0,0,0,0,0,0
270470,1,1,1994,18,18,18,18,18,18,18,18,18,18
270471,1,1,1994,0,0,0,0,0,0,0,0,0,0
270471,2,1,1994,0,0,0,0,0,0,0,0,0,0
270472,1,1,1994,0,0,0,0,0,0,0,0,0,0
270472,2,1,1994,0,0,0,0,0,0,0,0,0,0
270472,3,1,1994,0,0,0,0,0,0,0,0,0,0
270473,1,1,1994,15,13,13,9,2,20,0,4,4,0
270474,1,1,1994,0,0,0,0,0,0,0,0,0,0
270474,2,1,1994,0,0,0,0,0,0,0,0,0,0
270475,1,1,1994,13,8,4,14,27,11,17,18,11,5
270476,1,1,1994,18,18,18,18,18,18,18,18,18,18
270477,1,1,1994,0,0,0,0,0,0,0,19,0,0
270478,1,1,1994,13,13,13,13,13,13,13,13,13,13
270478,2,1,1994,0,0,0,0,0,0,0,0,0,0
270479,1,1,1994,0,0,0,0,0,0,0,0,0,0
270479,2,1,1994,0,0,0,0,22,0,0,0,0,0
270480,1,1,1994,0,0,0,0,0,0,0,0,0,0
270480,2,1,1994,0,0,0,0,0,0,0,0,0,0
270481,1,1,1994,0,0,0,0,0,0,0,0,0,0
270481,2,1,1994,0,0,0,0,0,0,0,0,0,0
270482,1,1,1994,0,0,0,0,0,0,0,0,0,0
270482,2,1,1994,0,0,0,0,0,0,0,0,0,0
270483,1,1,1994,0,0,0,0,0,0,0,0,0,0
270483,2,1,1994,0,0,0,0,0,0,0,0,0,0
270484,0,1,1994,0,0,0,0,0,0,0,0,13,0
270484,1,1,1994,0,0,0,0,0,0,0,0,0,0
270485,1,1,1994,0,0,0,0,0,0,0,0,0,0
270486,1,1,1994,0,0,0,0,0,0,0,0,0,0
270488,1,1,1994,0,0,0,0,0,0,0,0,0,0
270489,1,1,1994,0,0,0,0,0,0,0,0,0,0
270489,2,1,1994,0,0,0,0,0,0,0,0,0,0
270490,1,1,1994,0,0,0,0,0,0,0,0,0,0
270491,1,1,1994,17,38,27,12,23,13,20,19,28,20
270492,1,1,1994,17,20,0,9,20,8,19,6,0,22
270492,2,1,1994,13,8,4,23,20,1,14,22,19,15
270493,1,1,1994,0,0,0,0,0,0,0,0,0,0
270493,2,1,1994,0,0,0,0,0,0,0,0,0,0
270494,1,1,1994,2,0,0,0,9,0,7,0,0,6
270494,2,1,1994,0,3,0,0,0,0,0,0,0,0
270495,0,1,1994,0,0,0,0,0,0,0,0,0,0
270495,1,1,1994,0,0,0,0,0,0,0,0,0,0
270496,1,1,1994,0,0,0,0,0,0,0,0,0,0
270497,1,1,1994,0,0,0,0,0,0,0,0,0,0
270497,2,1,1994,18,12,11,22,21,13,16,14,32,18
270498,1,1,1994,25,25,25,25,25,25,25,25,25,25
270500,0,1,1994,0,0,0,0,0,0,0,0,0,0
270500,1,1,1994,0,0,0,0,0,0,0,0,0,0
270501,1,1,1994,0,0,0,0,0,0,0,0,0,0
270502,1,1,1994,0,0,0,0,0,0,0,0,0,0
270503,0,1,1994,1,1,1,1,1,1,1,1,1,1
270503,1,1,1994,7,16,11,16,3,14,26,17,15,9
270504,0,1,1994,0,0,0,0,0,0,0,0,0,0
270504,1,1,1994,0,0,0,0,0,0,0,0,0,0
270504,2,1,1994,0,0,0,0,0,0,0,0,0,0
270505,1,1,1994,21,21,21,21,21,21,21,21,21,21
270506,1,1,1994,0,18,18,33,31,27,22,16,15,27
270506,2,1,1994,1,1,1,1,1,1,1,1,1,1
270507,1,1,1994,0,0,0,0,0,0,0,0,0,0
270507,2,1,1994,0,0,0,0,0,0,0,0,0,0
270507,3,1,1994,0,0,0,0,0,0,8,0,0,0
270508,1,1,1994,0,0,0,0,0,0,0,0,0,0
270508,2,1,1994,0,0,0,0,0,0,0,0,0,0
270509,1,1,1994,0,0,0,0,0,0,0,0,0,0
270509,2,1,1994,21,21,21,21,21,21,21,21,21,21
270510,1,1,1994,17,17,17,17,17,17,17,17,17,17
270511,1,1,1994,0,0,0,0,0,0,0,0,0,0
270511,2,1,1994,0,0,0,0,0,0,0,0,0,0
270512,1,1,1994,0,0,0,0,0,0,0,0,0,0
270512,2,1,1994,0,0,0,0,0,0,0,0,0,0
270513,0,1,1994,17,17,17,17,17,17,17,17,17,17
270513,1,1,1994,0,0,15,0,0,0,18,0,0,0
270514,1,1,1994,27,17,23,8,21,21,16,17,8,10
270515,1,1,1994,22,26,13,23,11,17,45,18,21,0
270515,2,1,1994,0,14,0,6,0,0,0,0,0,0
270516,1,1,1994,0,0,0,0,0,0,0,0,0,0
270516,2,1,1994,0,0,0,0,0,0,0,0,0,0
270517,1,1,1994,23,23,23,23,23,23,23,23,23,23
270518,1,1,1994,0,0,0,0,0,0,0,0,0,0
270518,2,1,1994,0,0,0,0,0,0,0,0,0,0
270519,1,1,1994,8,0,0,20,0,0,0,11,0,18
270520,0,1,1994,0,0,0,0,0,0,0,0,0,0
270520,1,1,1994,0,0,0,0,0,0,0,0,0,0
270521,1,2,1994,21,20,13,11,16,16,28,22,14,22
270522,1,1,1994,22,22,22,22,22,22,22,22,22,22
270523,0,1,1994,12,12,12,12,12,12,12,12,12,12
270523,1,1,1994,0,0,0,0,0,0,0,0,0,0
270524,1,1,1994,28,28,28,28,28,28,28,28,28,28
270525,0,1,1994,0,0,0,0,0,0,0,0,0,0
270525,1,1,1994,0,0,0,0,0,0,0,0,0,0
270525,2,1,1994,0,0,0,0,0,0,0,0,0,0
270526,1,1,1994,0,0,0,0,0,0,0,0,0,0
270526,2,1,1994,0,0,0,0,0,0,9,0,0,6
270527,0,1,1994,0,0,0,0,0,0,0,0,0,0
270527,0,2,1994,0,0,0,0,0,0,0,0,0,0
270527,0,3,1994,0,0,0,0,0,0,0,0,0,0
270527,1,1,1994,0,0,0,0,0,0,0,0,0,0
270528,1,1,1994,0,0,0,0,0,0,0,0,0,0
270528,2,1,1994,0,0,0,11,0,0,0,0,0,0
270529,1,1,1994,0,0,0,0,20,0,0,0,0,0
270530,1,1,1994,0,21,0,25,18,9,23,0,15,8
270531,1,1,1994,0,0,0,0,0,0,0,0,0,0
270531,2,1,1994,0,0,0,0,0,0,0,0,0,0
270532,1,1,1994,15,15,15,15,15,15,15,15,15,15
270532,2,1,1994,0,0,0,0,0,0,0,0,0,0
270533,1,1,1994,0,0,0,0,0,0,0,0,0,0
270534,1,1,1994,0,0,0,0,0,0,0,0,0,0
270534,2,1,1994,0,0,0,0,0,0,0,0,0,0
270535,1,1,1994,0,0,0,0,0,0,0,9,0,0
270536,1,1,1994,0,0,0,0,0,0,0,0,0,0
270536,2,1,1994,0,0,21,0,0,0,0,0,0,12
270537,1,1,1994,18,18,18,18,18,18,18,18,18,18
270537,2,1,1994,0,0,0,0,11,27,0,0,0,0
270539,1,1,1994,20,20,20,20,20,20,20,20,20,20
270540,1,1,1994,14,14,14,14,14,14,14,14,14,14
270541,0,1,1994,0,0,0,0,0,0,0,0,0,0
270541,1,1,1994,0,0,0,0,0,0,0,0,0,0
270542,1,1,1994,0,0,0,0,0,0,0,0,0,0
270542,2,1,1994,0,0,0,0,0,0,0,0,0,0
270543,1,1,1994,0,0,0,0,0,0,0,0,0,0
270543,2,1,1994,0,0,0,0,0,0,0,0,0,0
270544,1,1,1994,0,0,0,0,0,0,0,0,0,0
270544,2,1,1994,0,0,0,0,0,0,0,0,0,0
270545,1,1,1994,0,0,0,0,0,0,0,0,0,0
270545,2,1,1994,0,0,0,0,0,0,0,0,0,0
270546,1,1,1994,2,2,2,2,2,2,2,2,2,2
270547,0,1,1994,33,33,33,33,33,33,33,33,33,33
270547,1,1,1994,0,0,0,0,0,0,0,0,0,0
270547,2,1,1994,0,0,0,0,0,0,0,0,0,0
270548,1,1,1994,0,0,0,0,0,0,0,0,14,0
270548,2,1,1994,0,0,0,0,0,0,0,0,0,0
270549,1,1,1994,0,0,0,0,0,0,0,0,0,0
270549,2,1,1994,0,0,0,0,0,0,0,0,0,0