ST_CASE,VEH_NO,PER_NO,YEAR,P1,P2,P3,P4,P5,P6,P7,P8,P9,P10
280265,0,1,1994,0,0,0,0,0,0,0,0,0,0
280265,1,1,1994,0,0,21,14,0,0,0,0,0,0
280266,1,1,1994,11,11,11,11,11,11,11,11,11,11
280266,2,1,1994,0,0,0,0,0,0,0,0,0,0
280267,1,1,1994,0,0,0,0,0,0,0,0,0,0
280268,1,1,1994,18,18,18,18,18,18,18,18,18,18
280269,1,1,1994,18,18,18,18,18,18,18,18,18,18
280270,1,1,1994,0,0,0,0,0,0,0,0,0,0
280270,2,1,1994,7,7,7,7,7,7,7,7,7,7
280271,1,1,1994,17,17,17,17,17,17,17,17,17,17
280271,2,1,1994,0,0,0,0,0,0,0,0,0,0
280271,3,1,1994,0,0,0,0,0,0,0,0,0,0
280272,1,1,1994,0,0,0,0,0,0,0,0,0,0
280273,1,1,1994,11,26,0,0,0,0,24,34,0,0
280273,2,1,1994,17,17,17,17,17,17,17,17,17,17
280274,1,1,1994,0,0,0,0,0,0,0,0,0,0
280274,2,1,1994,0,0,0,0,0,0,0,0,0,0
280275,1,1,1994,0,0,0,0,0,0,0,0,0,0
280276,1,1,1994,0,20,17,30,0,7,22,0,6,15
280277,1,1,1994,21,34,0,0,0,15,24,0,0,0
280278,1,1,1994,15,15,15,15,15,15,15,15,15,15
280279,1,1,1994,8,8,8,8,8,8,8,8,8,8
280280,1,1,1994,0,0,0,0,0,0,0,8,0,0
280280,2,1,1994,0,18,0,0,0,16,0,26,22,18
280281,1,1,1994,0,0,0,0,0,0,0,0,0,0
280282,1,1,1994,19,19,19,19,19,19,19,19,19,19
280283,1,1,1994,0,0,0,0,0,0,0,0,0,0
280283,2,1,1994,0,0,0,0,0,0,0,0,0,0
280284,1,1,1994,0,0,14,0,5,0,0,0,0,5
280284,2,1,1994,0,0,0,0,16,0,9,0,0,0
280284,3,1,1994,0,3,7,14,0,0,0,0,0,0
280284,4,1,1994,0,0,0,0,0,0,0,0,0,0
280285,1,1,1994,0,0,0,0,0,0,0,0,0,0
280286,1,1,1994,9,9,9,9,9,9,9,9,9,9
280287,1,1,1994,0,0,0,0,0,0,0,0,0,0
280288,1,1,1994,0,0,0,0,0,0,0,0,0,0
280288,2,1,1994,0,0,0,0,0,0,0,0,0,0
280289,1,1,1994,11,11,11,11,11,11,11,11,11,11
280290,1,1,1994,5,5,5,5,5,5,5,5,5,5
280291,1,1,1994,0,0,0,0,0,0,0,0,0,0
280291,2,1,1994,0,0,0,0,0,0,0,0,0,0
280292,1,1,1994,14,0,0,13,0,0,22,22,0,0
280292,2,1,1994,9,13,14,0,0,9,0,0,0,0
280293,1,1,1994,0,0,0,0,0,0,0,0,0,0
280293,2,1,1994,0,0,0,17,0,0,0,11,0,0
280293,3,1,1994,0,0,10,0,10,0,8,9,5,22
280294,1,1,1994,23,23,23,23,23,23,23,23,23,23
280295,1,1,1994,0,0,0,0,0,0,0,0,0,0
280295,2,1,1994,0,0,0,0,0,0,0,0,0,0
280296,1,1,1994,0,0,14,0,0,0,0,0,0,0
280297,0,1,1994,13,13,13,13,13,13,13,13,13,13
280297,1,1,1994,0,31,0,26,18,0,0,6,0,23
280298,1,1,1994,0,0,0,0,0,0,0,0,0,12
280299,1,1,1994,0,0,0,0,0,0,0,0,0,0
280299,2,1,1994,0,0,0,0,0,0,0,0,0,0
280300,1,1,1994,0,0,0,0,0,0,0,0,0,0
280301,0,1,1994,12,12,12,12,12,12,12,12,12,12
280301,1,1,1994,0,0,0,0,0,0,0,0,0,0
280302,1,1,1994,0,0,0,0,0,0,0,0,0,0
280303,1,1,1994,0,0,0,0,0,0,0,0,0,0
280303,2,1,1994,0,0,0,0,0,0,0,0,0,0
280304,1,1,1994,11,11,11,11,11,11,11,11,11,11
280304,2,1,1994,24,24,24,24,24,24,24,24,24,24
280305,1,1,1994,0,7,22,0,15,15,5,34,0,15
280306,1,1,1994,0,0,0,0,0,0,0,0,0,0
280306,2,1,1994,0,0,0,0,0,0,0,0,0,0
280307,1,1,1994,24,24,24,24,24,24,24,24,24,24
280307,2,1,1994,0,0,0,0,0,0,0,0,0,0
280308,1,1,1994,0,0,0,0,0,0,0,0,0,0
280308,2,1,1994,0,0,0,0,0,0,0,0,0,0
280309,1,1,1994,0,0,0,0,0,0,0,0,0,0
280310,1,1,1994,0,0,0,0,0,16,0,0,0,0
280311,1,1,1994,0,0,0,0,0,10,0,0,0,0
280311,2,1,1994,0,0,0,0,0,0,0,0,0,0
280312,1,1,1994,0,0,0,0,0,0,0,0,0,0
280312,2,1,1994,0,0,0,0,0,0,0,0,0,0
280313,1,1,1994,0,0,0,0,0,0,0,0,0,0
280314,0,1,1994,0,0,0,0,0,0,0,0,0,0
280314,1,1,1994,0,0,0,0,0,0,0,0,14,0
280315,1,1,1994,31,31,31,31,31,31,31,31,31,31
280316,1,1,1994,23,0,0,0,8,0,0,10,0,8
280317,1,1,1994,0,0,0,0,0,0,0,0,0,0
280318,1,1,1994,0,0,0,0,0,0,0,0,0,0
280318,2,1,1994,0,0,0,0,0,0,24,0,0,0
280319,1,1,1994,0,0,0,0,0,0,0,0,0,0
280319,2,1,1994,0,0,21,22,0,0,11,0,0,0
280320,1,1,1994,8,8,8,8,8,8,8,8,8,8
280321,1,1,1994,19,19,19,19,19,19,19,19,19,19
280322,1,1,1994,0,0,0,0,0,8,0,0,0,0
280322,2,1,1994,0,0,0,0,0,4,0,0,0,0
280323,0,1,1994,0,0,0,0,0,0,0,0,0,0
280323,1,1,1994,0,0,0,0,0,0,0,0,0,0
280324,1,1,1994,17,0,34,0,16,0,0,0,0,25
280324,2,1,1994,19,19,19,19,19,19,19,19,19,19
280325,1,1,1994,0,0,0,0,0,0,0,0,0,0
280325,2,1,1994,0,0,0,0,0,0,0,0,0,0
280326,1,1,1994,0,0,0,0,0,0,0,0,0,0
280327,1,1,1994,0,0,0,0,0,0,0,0,0,4
280327,2,1,1994,0,0,0,0,0,0,0,0,0,0
280328,1,1,1994,3,3,3,3,3,3,3,3,3,3
280328,2,1,1994,0,0,0,0,0,0,0,0,0,0
280329,1,1,1994,10,10,10,10,10,10,10,10,10,10
280330,1,1,1994,0,0,0,0,0,0,0,0,0,0
280330,2,1,1994,0,0,0,0,0,0,0,0,0,0
280331,0,1,1994,0,0,0,0,0,0,0,0,0,0
280331,1,1,1994,0,0,0,0,0,0,0,0,0,0
280332,1,1,1994,9,0,0,0,17,0,0,0,6,25
280332,2,1,1994,0,0,0,0,0,0,0,0,0,0
280332,3,1,1994,0,0,0,0,0,0,0,0,0,0
280332,4,1,1994,0,0,0,0,0,12,0,0,0,0
280333,1,1,1994,0,0,0,0,0,0,0,0,0,0
280334,1,1,1994,28,28,28,28,28,28,28,28,28,28
280335,1,1,1994,0,0,20,0,0,0,25,0,0,17
280336,1,1,1994,0,0,0,0,0,0,0,0,11,0
280338,1,1,1994,0,14,0,0,11,33,0,13,11,0
280339,0,1,1994,22,22,22,22,22,22,22,22,22,22
280339,1,1,1994,0,0,0,0,0,0,0,0,0,0
280340,1,1,1994,19,19,19,19,19,19,19,19,19,19
280341,1,1,1994,0,0,0,6,0,6,0,0,0,0
280341,2,1,1994,0,0,0,0,0,0,0,0,0,0
280342,0,1,1994,0,0,0,0,0,0,0,0,0,0
280342,1,1,1994,0,0,0,0,0,0,0,0,0,0
280343,1,1,1994,6,6,6,6,6,6,6,6,6,6
280344,1,1,1994,0,0,0,0,0,0,0,0,0,0
280344,2,1,1994,0,0,6,0,0,0,0,0,0,0
280345,1,1,1994,16,16,16,16,16,16,16,16,16,16
280346,1,1,1994,8,0,0,0,0,0,0,0,0,0
280346,2,1,1994,0,0,0,0,0,0,0,0,0,0
280347,1,1,1994,0,13,0,7,0,0,0,0,0,0
280347,2,1,1994,0,0,0,0,0,0,0,0,0,0
280348,1,1,1994,0,0,30,13,18,19,24,22,17,16
280349,1,1,1994,0,0,0,0,0,14,0,0,0,0
280350,1,1,1994,0,15,0,0,0,0,0,0,0,4
280351,1,1,1994,0,0,0,0,0,0,0,0,0,0
280352,1,1,1994,0,0,0,0,0,0,0,0,0,0
280353,1,1,1994,0,0,0,0,0,0,0,0,0,0
280354,1,1,1994,0,0,0,0,0,0,0,0,0,0
280355,1,1,1994,0,0,0,0,0,0,0,0,0,0
280356,1,1,1994,7,0,0,0,0,16,0,0,3,0
280356,2,1,1994,29,0,0,18,0,0,22,0,11,25
280357,1,1,1994,22,20,0,25,0,36,9,0,11,14
280358,1,1,1994,8,0,20,24,0,0,18,21,0,8
280358,2,1,1994,0,9,0,0,9,0,0,0,0,0
280359,1,1,1994,25,25,25,25,25,25,25,25,25,25
280360,1,1,1994,0,0,0,0,8,0,0,0,0,0
280360,2,1,1994,0,0,0,0,0,0,0,0,0,0
280361,1,1,1994,15,15,15,15,15,15,15,15,15,15
280362,1,1,1994,0,0,0,0,0,0,0,0,0,0
280362,2,1,1994,0,0,0,0,0,0,0,0,0,0
280363,1,1,1994,0,0,0,0,0,0,0,0,0,0
280364,1,1,1994,0,0,9,19,0,0,12,0,13,0
280364,2,1,1994,0,0,10,0,0,0,0,0,0,0
280364,3,1,1994,18,18,18,18,18,18,18,18,18,18
280365,1,1,1994,0,0,0,0,0,0,0,0,0,0
280365,2,1,1994,0,0,20,0,0,0,7,0,0,0
280366,1,1,1994,0,0,0,0,0,0,0,0,0,0
280366,2,1,1994,0,0,0,0,0,0,0,0,0,0
280367,1,1,1994,9,8,0,4,0,0,12,0,15,21
280368,1,1,1994,0,0,0,0,0,0,0,0,0,0
280369,1,1,1994,0,0,0,0,0,0,0,0,0,0
280369,2,1,1994,0,0,0,0,0,0,0,0,0,0
280370,1,1,1994,0,0,0,0,0,0,0,0,0,0
280370,2,1,1994,0,0,0,17,0,0,0,0,8,13
280371,1,1,1994,0,0,0,0,6,0,0,0,0,0
280371,2,1,1994,0,0,0,0,0,0,0,0,0,0
280371,3,1,1994,0,0,0,0,0,0,0,0,0,0
280372,1,1,1994,0,3,0,0,0,0,0,0,25,0
280373,1,1,1994,0,0,0,0,0,0,0,0,0,0
280373,2,1,1994,16,16,16,16,16,16,16,16,16,16
280373,3,1,1994,12,0,0,9,0,0,0,11,24,0
280374,1,1,1994,0,0,0,0,0,0,0,0,0,0
280374,2,1,1994,0,0,0,0,21,12,0,0,0,18
280375,1,1,1994,21,21,21,21,21,21,21,21,21,21
280375,2,1,1994,0,0,0,0,0,0,0,0,0,0
280376,1,1,1994,17,17,17,17,17,17,17,17,17,17
280377,1,1,1994,0,0,0,0,15,0,0,0,24,0
280378,1,1,1994,0,0,0,0,0,0,0,0,0,0
280378,2,1,1994,0,0,0,0,0,0,0,0,0,0
280379,1,1,1994,0,0,0,0,0,0,0,0,0,0
280380,1,1,1994,14,14,14,14,14,14,14,14,14,14
280380,2,1,1994,20,0,8,0,0,15,0,0,7,0
280381,1,1,1994,0,0,0,0,0,0,0,0,0,0
280381,2,1,1994,20,20,20,20,20,20,20,20,20,20
280382,0,1,1994,28,28,28,28,28,28,28,28,28,28
280382,1,1,1994,0,6,0,0,0,0,14,16,22,0
280383,1,1,1994,0,0,24,12,0,0,0,13,19,17
280384,1,1,1994,0,0,0,0,0,0,0,0,0,0
280385,1,1,1994,7,7,7,7,7,7,7,7,7,7
280385,2,1,1994,0,0,0,0,0,0,0,0,0,0
280386,1,1,1994,1,1,1,1,1,1,1,1,1,1
280386,2,1,1994,2,2,2,2,2,2,2,2,2,2
280387,1,1,1994,0,0,0,0,0,0,0,0,0,0
280387,2,1,1994,1,1,1,1,1,1,1,1,1,1
280388,1,1,1994,0,0,0,0,13,10,0,27,16,0
280389,1,1,1994,7,7,7,7,7,7,7,7,7,7
280389,2,1,1994,23,23,23,23,23,23,23,23,23,23
280390,1,1,1994,0,0,0,0,0,0,0,0,0,14
280390,2,1,1994,0,0,0,0,0,0,0,0,0,0
280391,1,1,1994,0,0,0,0,0,0,0,0,0,0
280392,1,1,1994,16,16,16,16,16,16,16,16,16,16
280393,1,1,1994,0,0,0,0,0,0,0,0,0,0
280394,1,1,1994,0,0,0,0,0,0,0,0,0,0
280395,1,1,1994,0,0,0,0,0,0,0,0,0,0
280395,2,1,1994,0,0,0,0,0,0,0,0,0,0
280396,1,1,1994,22,22,22,22,22,22,22,22,22,22
280397,1,1,1994,0,9,0,0,0,0,0,0,0,9
280398,1,1,1994,22,22,22,22,22,22,22,22,22,22
280399,1,1,1994,29,29,29,29,29,29,29,29,29,29
280400,1,1,1994,38,38,38,38,38,38,38,38,38,38
280401,1,1,1994,0,0,0,0,0,0,0,0,0,0
280401,2,1,1994,0,0,0,0,0,0,0,0,0,0
280401,3,1,1994,0,0,0,0,0,0,0,0,0,0
280402,1,1,1994,0,0,0,0,0,0,0,0,0,0
280402,2,1,1994,0,0,0,0,0,0,0,0,0,0
280402,3,1,1994,0,0,0,0,0,0,0,0,0,0
280403,1,1,1994,0,0,0,0,0,0,0,0,0,0
280403,2,1,1994,11,0,0,0,0,0,0,0,0,0
280404,1,1,1994,15,0,0,11,0,0,0,27,0,0
280404,2,1,1994,0,30,37,12,14,0,0,25,0,0
280405,1,1,1994,0,0,0,0,0,0,0,0,0,0
280406,1,1,1994,0,0,0,0,0,0,0,0,0,0
280406,2,1,1994,0,0,0,0,0,0,0,0,0,0
280407,1,1,1994,0,0,0,0,0,0,0,0,0,0
280407,2,1,1994,0,0,0,0,0,0,0,0,0,0
280408,1,1,1994,0,0,0,0,0,0,0,0,0,0
280408,2,1,1994,0,0,0,0,0,0,0,0,0,0
280409,1,1,1994,0,0,0,32,18,20,10,0,14,17
280410,1,1,1994,0,27,19,11,0,32,16,19,0,18
280411,1,1,1994,37,37,37,37,37,37,37,37,37,37
280412,1,1,1994,0,0,0,0,24,4,13,0,0,0
280413,0,1,1994,0,0,0,0,0,0,0,0,0,0
280413,1,1,1994,0,0,0,0,0,0,0,0,0,0
280414,1,1,1994,0,0,0,0,0,0,0,0,0,0
280415,1,1,1994,0,0,0,0,0,0,0,0,0,0
280416,0,1,1994,0,0,0,0,0,0,0,0,0,0
280416,1,1,1994,0,0,0,0,0,0,0,0,0,0
280417,1,1,1994,17,0,0,0,0,0,0,25,0,0
280418,1,1,1994,0,0,0,0,0,0,0,0,0,0
280419,1,1,1994,0,0,0,0,0,0,0,0,0,0
280419,2,1,1994,5,5,5,5,5,5,5,5,5,5
280420,1,1,1994,20,20,20,20,20,20,20,20,20,20
280420,2,1,1994,0,0,0,0,0,0,0,0,0,0
280421,1,1,1994,0,0,0,0,0,0,0,0,0,0
280421,2,1,1994,7,0,0,0,0,0,0,0,0,0
280421,3,1,1994,0,0,0,0,0,0,0,0,0,0
280421,4,1,1994,0,0,0,0,0,0,0,0,0,0
280422,1,1,1994,0,0,0,0,0,0,0,0,0,0
280423,1,1,1994,8,0,0,5,26,17,0,0,0,8
280423,2,1,1994,0,0,0,0,0,0,0,0,0,0
280424,1,1,1994,0,0,0,0,0,0,0,0,0,0
280425,1,1,1994,15,12,10,0,17,13,0,18,14,13
280425,2,1,1994,0,0,0,0,0,0,0,0,0,0
280425,3,1,1994,0,0,0,0,0,0,0,0,0,0
280426,1,1,1994,18,0,0,19,0,0,0,0,10,0
280426,2,1,1994,23,23,23,23,23,23,23,23,23,23
280427,1,1,1994,0,0,0,0,0,0,0,0,0,0
280427,2,1,1994,0,0,0,0,0,0,0,0,0,0
280428,1,1,1994,0,0,0,0,0,0,0,0,0,0
280428,2,1,1994,0,0,0,0,0,0,0,0,0,0
280429,1,1,1994,13,13,13,13,13,13,13,13,13,13
280430,1,1,1994,11,11,11,11,11,11,11,11,11,11
280430,2,1,1994,0,0,0,0,0,0,0,0,0,0
280431,1,1,1994,0,0,0,0,0,0,0,0,0,0
280432,1,1,1994,0,0,0,0,13,0,0,0,0,0
280432,2,1,1994,0,0,0,0,0,0,0,0,0,0
280433,1,1,1994,20,20,20,20,20,20,20,20,20,20
280434,1,1,1994,0,0,0,0,0,0,0,0,0,0
280434,2,1,1994,0,0,0,0,0,0,0,0,0,0
280435,1,1,1994,0,0,0,0,0,0,13,0,19,0
280436,1,1,1994,35,22,0,0,0,35,27,32,22,0
280437,0,1,1994,0,0,0,0,0,0,0,0,0,0
280437,1,1,1994,0,15,0,0,0,0,0,0,0,0
280438,1,1,1994,0,0,0,0,0,0,0,0,0,0
280439,1,1,1994,0,0,0,0,0,9,0,0,0,0
280439,2,1,1994,16,16,16,16,16,16,16,16,16,16
280440,1,1,1994,35,20,4,24,0,14,0,0,0,0
280441,1,1,1994,0,0,0,0,0,0,0,0,0,0
280441,2,1,1994,0,0,0,0,0,0,0,20,18,0
280442,1,1,1994,0,0,0,0,0,0,0,0,0,0
280442,2,1,1994,0,0,0,0,0,0,0,0,0,0
280443,1,1,1994,18,18,18,18,18,18,18,18,18,18
280444,1,1,1994,0,0,0,0,0,0,0,0,0,0
280444,2,1,1994,10,10,10,10,10,10,10,10,10,10
280445,1,1,1994,22,18,9,18,0,0,0,0,0,0
280446,1,1,1994,23,23,23,23,23,23,23,23,23,23
280447,1,1,1994,7,7,7,7,7,7,7,7,7,7
280448,1,1,1994,0,0,0,0,0,0,0,0,0,0
280448,2,1,1994,0,0,0,0,0,0,0,0,0,0
280449,1,1,1994,0,0,0,0,0,0,0,0,0,0
280449,2,1,1994,2,0,0,0,0,0,8,0,0,0
280450,0,1,1994,0,0,0,0,0,0,0,0,0,0
280450,1,1,1994,0,0,0,0,0,0,0,0,0,0
280451,1,1,1994,18,18,18,18,18,18,18,18,18,18
280452,1,1,1994,13,13,13,13,13,13,13,13,13,13
280453,1,1,1994,0,0,0,0,0,0,0,0,0,0
280453,2,1,1994,0,0,0,0,0,0,0,0,0,0
280454,1,1,1994,0,22,10,3,0,24,0,13,5,5
280455,1,1,1994,28,0,36,24,17,21,22,0,11,18
280456,1,1,1994,0,0,0,0,0,0,0,0,0,0
280457,1,1,1994,0,9,0,0,0,0,9,0,0,0
280457,2,1,1994,0,0,0,0,0,0,0,0,0,0
280458,1,1,1994,20,20,20,20,20,20,20,20,20,20
280458,2,1,1994,0,0,0,0,0,0,0,0,0,0
280458,3,1,1994,0,0,4,0,0,0,0,0,0,0
280458,4,1,1994,0,0,0,0,0,0,0,0,0,0
280459,1,1,1994,0,0,0,0,0,0,0,0,0,0
280459,2,1,1994,0,0,0,0,0,0,0,0,0,0
280459,3,1,1994,0,0,0,0,0,0,0,0,0,0
280460,1,1,1994,0,0,0,0,0,0,0,0,0,0
280460,2,1,1994,0,0,0,0,0,0,0,0,0,0
280461,1,1,1994,0,0,0,0,0,0,0,0,0,0
280461,2,1,1994,0,0,0,0,0,0,0,0,0,0
280462,1,1,1994,22,0,0,15,0,17,19,0,0,0
280464,1,1,1994,19,19,19,19,19,19,19,19,19,19
280465,1,1,1994,15,15,15,15,15,15,15,15,15,15
280466,1,1,1994,41,41,41,41,41,41,41,41,41,41
280467,1,1,1994,23,0,0,0,0,4,0,14,0,0
280468,1,1,1994,5,14,20,14,27,0,12,23,0,27
280469,1,1,1994,0,0,0,0,0,0,0,0,0,22
280470,0,1,1994,21,0,11,0,7,0,0,0,0,23
280470,1,1,1994,0,0,0,0,0,0,0,20,0,0
280471,1,1,1994,0,0,0,0,0,0,0,0,0,0
280471,2,1,1994,0,0,0,0,0,0,0,0,0,0
280472,1,1,1994,0,0,0,0,0,0,0,0,0,0
280472,2,1,1994,0,0,0,0,16,0,0,0,0,0
280472,3,1,1994,0,0,0,0,0,0,0,0,0,0
280473,1,1,1994,0,0,0,0,0,0,0,0,0,0
280474,1,1,1994,22,22,22,22,22,22,22,22,22,22
280475,1,1,1994,0,0,0,0,0,0,0,0,0,0
280475,2,1,1994,0,28,0,7,21,0,0,0,0,21
280476,0,1,1994,0,0,0,0,0,0,0,0,0,0
280476,1,1,1994,0,0,0,0,0,0,0,14,0,16
280477,0,1,1994,12,0,0,0,0,0,0,0,0,0
280477,1,1,1994,0,0,0,0,0,0,0,0,0,0
280478,1,1,1994,0,0,0,0,0,0,0,0,0,0
280479,1,1,1994,0,0,0,0,0,0,0,0,0,0
280479,2,1,1994,0,0,0,0,0,6,0,0,0,0
280480,0,1,1994,0,0,0,20,0,0,0,0,0,0
280480,1,1,1994,0,0,19,9,0,14,0,14,0,7
280481,1,1,1994,0,0,0,0,0,0,0,0,0,0
280482,1,1,1994,0,0,0,0,0,0,0,0,0,0
280482,2,1,1994,0,0,0,0,0,0,0,0,0,0
280483,0,1,1994,0,0,0,0,0,0,0,0,0,0
280483,1,1,1994,9,10,16,18,0,17,19,0,21,15
280484,0,1,1994,27,27,27,27,27,27,27,27,27,27
280484,1,1,1994,27,0,17,8,18,0,0,0,0,0
280485,1,1,1994,0,20,0,0,14,0,0,6,0,6
280485,2,1,1994,6,6,6,6,6,6,6,6,6,6
280486,1,1,1994,0,0,0,0,0,0,0,0,0,0
280487,1,1,1994,30,30,30,30,30,30,30,30,30,30
280487,2,1,1994,0,0,0,0,0,0,0,0,0,0
280488,1,1,1994,0,16,0,0,23,0,0,0,13,0
280489,1,1,1994,18,18,18,18,18,18,18,18,18,18
280490,1,1,1994,13,13,13,13,13,13,13,13,13,13
280491,1,1,1994,10,10,10,10,10,10,10,10,10,10
280492,1,1,1994,0,0,0,0,0,0,0,0,0,0
280492,2,1,1994,0,0,0,0,0,0,0,0,0,0
280493,1,1,1994,0,0,0,0,0,0,0,0,0,0
280493,2,1,1994,0,0,0,0,0,0,0,0,0,0
280494,1,1,1994,0,0,0,0,0,0,0,0,0,0
280494,2,1,1994,0,0,0,0,0,0,0,0,0,0
280494,3,1,1994,12,12,12,12,12,12,12,12,12,12
280495,1,1,1994,0,0,0,0,0,0,0,0,0,0
280495,2,1,1994,0,9,0,12,0,0,0,18,0,0
280496,1,1,1994,26,26,26,26,26,26,26,26,26,26
280497,1,1,1994,17,17,17,17,17,17,17,17,17,17
280498,1,1,1994,0,15,0,18,0,0,0,0,0,0
280498,2,1,1994,0,0,0,0,0,0,0,0,0,0
280499,1,1,1994,22,22,22,22,22,22,22,22,22,22
280500,0,1,1994,0,0,0,0,0,0,0,0,0,0
280500,1,1,1994,0,14,0,12,10,0,0,0,0,0
280501,1,1,1994,0,0,0,0,0,0,0,0,0,0
280502,1,1,1994,0,0,0,0,0,0,0,0,0,0
280502,2,1,1994,0,0,0,0,0,0,0,0,0,0
280503,1,1,1994,0,0,0,0,0,0,0,0,0,0
280503,2,1,1994,0,25,0,21,0,20,0,9,0,0
280504,1,1,1994,19,12,19,25,17,22,8,8,10,0
280505,0,1,1994,0,0,0,0,0,0,29,0,23,19
280505,1,1,1994,0,0,0,0,0,0,0,0,0,0
280506,1,1,1994,0,0,0,0,0,0,0,0,0,8
280506,2,1,1994,0,0,0,0,0,0,0,0,0,0
280506,3,1,1994,0,0,0,0,0,0,18,0,29,23
280507,1,1,1994,0,0,0,0,0,0,0,0,0,0
280508,1,1,1994,5,5,5,5,5,5,5,5,5,5
280509,1,1,1994,0,0,0,0,0,0,0,0,0,0
280509,2,1,1994,0,0,0,0,0,0,0,0,0,0
280510,1,1,1994,0,16,0,0,0,0,6,0,0,4
280510,2,1,1994,0,0,0,4,14,0,7,0,0,0
280511,1,1,1994,0,0,0,0,0,0,0,0,0,0
280511,2,1,1994,0,0,0,0,0,0,0,0,0,0
280512,1,1,1994,0,0,0,0,0,0,0,0,0,0
280512,2,1,1994,15,0,0,0,0,0,0,0,0,0
280513,1,1,1994,0,0,0,0,0,0,0,0,0,0
280514,1,1,1994,34,15,25,15,50,0,23,9,15,30
280515,1,1,1994,0,15,29,16,0,18,26,17,0,20
280516,1,1,1994,17,30,31,0,19,10,15,18,0,31
280517,1,1,1994,10,13,15,26,17,0,19,24,26,29
280518,1,1,1994,34,34,34,34,34,34,34,34,34,34
280519,1,1,1994,30,17,17,0,29,14,0,18,23,18
280520,1,1,1994,0,0,0,0,0,0,0,0,0,0
280520,2,1,1994,0,0,15,0,0,0,0,0,0,0
280520,3,1,1994,0,0,0,0,0,0,0,0,0,0
280521,1,1,1994,0,0,0,0,0,0,0,0,0,0
280521,2,1,1994,0,0,0,0,0,0,0,0,0,0
280522,1,1,1994,0,0,0,0,0,0,0,0,0,0
280522,2,1,1994,0,0,0,0,0,0,0,0,0,10
280523,1,1,1994,0,0,0,0,0,0,0,0,0,0
280524,1,1,1994,13,13,13,13,13,13,13,13,13,13
280524,2,1,1994,19,19,19,19,19,19,19,19,19,19
280525,1,1,1994,6,0,7,0,0,0,11,0,0,0
280525,2,1,1994,4,4,4,4,4,4,4,4,4,4
280526,1,1,1994,0,0,0,0,0,0,0,0,9,20
280526,2,1,1994,0,0,0,0,0,0,21,0,0,0
280527,0,1,1994,0,0,0,0,0,0,0,0,0,0
280527,1,1,1994,0,0,5,0,0,0,0,15,0,0
280528,1,1,1994,0,0,0,0,0,0,0,0,0,0
280529,1,1,1994,23,13,24,0,30,0,0,26,0,11
280530,1,1,1994,0,0,0,0,0,0,0,0,0,0
280530,2,1,1994,14,11,17,0,0,21,3,0,0,0
280530,3,1,1994,0,26,12,0,22,0,16,14,0,0
280531,1,1,1994,0,0,0,0,0,0,0,0,0,0
280531,2,1,1994,0,0,0,0,0,0,0,13,0,0
280532,1,1,1994,0,0,0,0,0,0,0,0,0,0
280532,2,1,1994,0,0,0,0,0,0,0,0,0,0
280533,1,1,1994,18,14,14,16,21,17,0,20,15,0
280534,1,1,1994,11,11,11,11,11,11,11,11,11,11
280535,0,1,1994,0,0,0,0,0,0,0,0,0,0
280535,1,1,1994,16,16,16,16,16,16,16,16,16,16
280536,1,1,1994,20,0,0,0,19,0,9,0,0,12
280536,2,1,1994,2,0,0,0,0,0,0,18,0,0
280536,3,1,1994,0,0,0,0,13,0,0,0,0,0
280537,1,1,1994,0,0,0,0,0,0,0,0,0,0
280538,1,1,1994,9,0,26,0,0,0,0,32,9,0
280539,1,1,1994,0,0,10,7,36,33,18,22,17,0
280540,1,1,1994,6,6,6,6,6,6,6,6,6,6
280541,1,1,1994,0,0,0,0,0,0,0,0,0,0
280541,2,1,1994,18,18,18,18,18,18,18,18,18,18
280542,1,1,1994,20,20,20,20,20,20,20,20,20,20
280543,1,1,1994,0,0,0,0,0,0,0,0,0,0
280543,2,1,1994,0,0,0,0,0,0,0,0,0,0
280544,1,1,1994,28,0,0,0,0,0,0,0,0,0
280544,2,1,1994,0,17,31,18,22,11,0,7,0,0
280545,1,1,1994,18,18,18,18,18,18,18,18,18,18
280546,0,1,1994,0,0,0,0,0,0,0,0,0,0
280546,1,1,1994,0,0,17,0,31,0,0,23,0,0
280547,0,1,1994,17,17,17,17,17,17,17,17,17,17
280547,1,1,1994,2,0,0,11,12,16,15,15,0,0
280548,1,1,1994,15,15,15,15,15,15,15,15,15,15
280549,1,1,1994,10,10,10,10,10,10,10,10,10,10
280550,1,1,1994,0,0,16,0,0,15,0,0,0,0
280550,2,1,1994,3,0,0,0,0,0,0,0,0,15
280551,1,1,1994,15,15,15,15,15,15,15,15,15,15
280551,2,1,1994,14,14,14,14,14,14,14,14,14,14
280552,1,1,1994,0,0,0,0,0,0,0,0,0,0
280553,1,1,1994,0,0,0,0,0,0,0,0,0,0
280553,2,1,1994,0,0,0,0,0,0,0,0,0,0