ST_CASE,VEH_NO,PER_NO,YEAR,P1,P2,P3,P4,P5,P6,P7,P8,P9,P10
280554,1,1,1994,29,29,29,29,29,29,29,29,29,29
280555,1,1,1994,13,13,13,13,13,13,13,13,13,13
280556,1,1,1994,0,15,0,0,0,8,0,0,0,0
280556,2,1,1994,11,11,11,11,11,11,11,11,11,11
280557,1,1,1994,18,18,18,18,18,18,18,18,18,18
280558,1,1,1994,3,3,3,3,3,3,3,3,3,3
280559,1,1,1994,15,15,15,15,15,15,15,15,15,15
280560,1,1,1994,0,0,0,0,0,19,0,0,0,15
280561,1,1,1994,0,0,0,0,0,0,0,0,0,0
280562,1,1,1994,21,0,0,0,0,0,0,0,0,0
280563,1,1,1994,0,0,0,0,0,0,0,0,0,0
280563,2,1,1994,0,3,0,27,0,0,25,12,0,0
280564,1,1,1994,15,15,15,15,15,15,15,15,15,15
280564,2,1,1994,0,0,0,0,0,0,0,0,0,0
280565,1,1,1994,0,0,0,0,0,0,0,0,0,0
280566,1,1,1994,0,0,0,0,0,0,0,0,0,0
280566,2,1,1994,25,25,25,25,25,25,25,25,25,25
280567,1,1,1994,0,0,0,0,0,0,0,0,0,0
280568,1,1,1994,0,0,4,0,14,0,0,0,0,0
280568,2,1,1994,0,0,15,14,0,0,14,0,0,0
280569,1,1,1994,12,12,12,12,12,12,12,12,12,12
280570,1,1,1994,19,19,19,19,19,19,19,19,19,19
280571,1,1,1994,0,0,0,0,0,0,0,0,0,0
280571,2,1,1994,0,0,0,0,0,0,0,0,0,0
280571,3,1,1994,0,0,0,0,0,0,0,0,0,0
280572,1,1,1994,0,0,0,0,0,0,0,0,0,0
280572,2,1,1994,0,0,0,0,0,0,0,0,0,0
280573,1,1,1994,0,0,0,0,0,0,0,0,0,0
280573,2,1,1994,0,0,0,0,0,0,0,0,0,0
280574,1,1,1994,24,0,0,0,0,0,0,0,0,0
280574,2,1,1994,0,0,0,0,0,0,0,0,0,0
280575,1,1,1994,0,0,0,0,0,0,0,0,0,0
280575,2,1,1994,0,0,0,0,19,0,0,0,0,0
280576,1,1,1994,0,11,0,0,0,5,0,0,0,0
280577,1,1,1994,0,0,0,0,0,0,0,0,0,0
280577,2,1,1994,0,0,0,0,0,0,0,0,0,0
280578,1,1,1994,0,0,0,0,0,0,0,0,0,0
280578,2,1,1994,0,0,0,0,0,0,0,0,0,0
280579,1,1,1994,0,0,0,0,0,0,0,0,0,0
280579,2,1,1994,0,0,0,0,0,0,0,0,0,0
280580,1,1,1994,0,0,0,0,0,0,0,0,0,0
280580,2,1,1994,0,0,0,0,0,0,0,0,0,0
280581,1,1,1994,0,0,0,0,0,0,0,0,0,0
280581,2,1,1994,0,0,0,0,0,0,0,0,0,0
280582,1,1,1994,0,0,0,0,0,0,0,0,0,0
280583,1,1,1994,0,0,0,0,0,0,0,0,0,0
280583,2,1,1994,0,0,0,0,0,0,0,0,0,0
280584,1,1,1994,0,14,0,0,0,19,0,0,0,0
280584,2,1,1994,0,20,0,0,0,0,0,0,10,15
280585,1,1,1994,14,14,14,14,14,14,14,14,14,14
280586,1,1,1994,0,0,0,0,0,0,0,0,0,0
280586,2,1,1994,0,0,0,0,0,0,0,0,0,0
280587,1,1,1994,0,4,35,0,15,17,0,0,27,0
280588,1,1,1994,0,6,0,0,0,0,0,0,0,0
280589,1,1,1994,0,22,0,31,19,24,0,14,30,0
280589,2,1,1994,11,11,11,11,11,11,11,11,11,11
280590,1,1,1994,0,0,0,0,0,0,0,0,0,0
280591,1,1,1994,13,13,13,13,13,13,13,13,13,13
280591,2,1,1994,0,0,0,0,0,0,0,0,0,0
280592,1,1,1994,0,0,0,0,0,0,0,0,0,0
280592,2,1,1994,10,10,10,10,10,10,10,10,10,10
280593,1,1,1994,0,0,11,0,0,7,5,0,13,13
280594,1,1,1994,0,0,0,0,0,0,0,0,0,0
280595,1,1,1994,0,0,0,0,0,0,0,0,0,0
280595,2,1,1994,20,20,20,20,20,20,20,20,20,20
280596,1,1,1994,15,15,15,15,15,15,15,15,15,15
280596,2,1,1994,0,0,0,0,0,0,0,0,0,0
280596,3,1,1994,0,0,0,0,0,0,0,0,0,0
280597,1,1,1994,0,0,0,0,0,0,0,0,0,0
280597,2,1,1994,15,0,0,9,5,0,0,0,0,0
280598,1,1,1994,0,0,0,0,0,0,0,0,0,0
280599,1,1,1994,0,0,0,0,0,0,0,0,0,0
280599,2,1,1994,0,0,0,0,0,0,0,0,0,0
280600,0,1,1994,17,17,17,17,17,17,17,17,17,17
280600,1,1,1994,22,22,22,22,22,22,22,22,22,22
280601,1,1,1994,6,0,4,0,14,0,14,0,0,0
280602,1,1,1994,0,0,0,0,0,0,0,0,0,0
280603,1,1,1994,0,0,0,0,16,24,0,0,17,0
280604,1,1,1994,26,26,26,26,26,26,26,26,26,26
280605,1,1,1994,0,0,0,0,0,0,0,0,0,0
280605,2,1,1994,0,0,0,0,0,0,0,0,0,0
280606,1,1,1994,0,0,0,0,0,0,0,0,0,0
280606,2,1,1994,0,0,0,0,0,0,0,0,0,0
280607,1,1,1994,0,0,0,0,0,0,0,0,0,0
280608,1,1,1994,0,0,0,0,0,0,0,0,0,0
280609,1,1,1994,22,22,22,22,22,22,22,22,22,22
280610,1,1,1994,0,0,0,0,0,0,3,0,0,0
280611,1,1,1994,0,0,0,0,0,0,0,0,0,0
280612,1,1,1994,0,0,0,0,0,0,0,0,0,0
280613,1,1,1994,10,10,10,10,10,10,10,10,10,10
280614,1,1,1994,0,13,0,17,0,0,0,0,0,0
280615,1,1,1994,10,0,0,0,0,0,0,0,0,0
280616,0,1,1994,0,0,0,0,0,0,0,0,0,0
280616,1,1,1994,0,0,0,0,0,0,0,0,0,0
280617,1,1,1994,0,0,0,0,0,0,0,0,0,0
280618,1,1,1994,0,0,0,0,0,0,0,0,0,0
280619,1,1,1994,22,22,22,22,22,22,22,22,22,22
280620,1,1,1994,23,23,23,23,23,23,23,23,23,23
280621,1,1,1994,0,0,0,0,0,0,0,0,0,0
280621,2,1,1994,0,0,0,0,0,9,0,0,0,0
280622,1,1,1994,0,0,0,0,0,0,0,0,0,0
280623,1,1,1994,0,0,0,15,19,0,0,0,0,0
280624,0,1,1994,20,0,0,0,0,0,13,5,10,26
280624,1,1,1994,0,0,0,0,0,0,0,0,0,0
280625,1,1,1994,0,0,0,0,0,8,0,0,0,0
280626,1,1,1994,0,0,12,0,0,0,0,0,0,0
280626,2,1,1994,0,0,0,0,0,0,0,0,0,0
280627,0,1,1994,0,0,0,0,0,0,0,0,0,0
280627,1,1,1994,0,0,0,0,0,0,0,0,0,0
280628,1,1,1994,15,16,24,0,0,11,10,52,17,0
280629,1,1,1994,0,0,0,0,0,0,0,0,0,0
280629,2,1,1994,0,0,0,0,0,0,0,0,0,0
280629,3,1,1994,0,0,0,0,0,0,0,0,0,16
280630,1,1,1994,17,17,17,17,17,17,17,17,17,17
280630,2,1,1994,0,0,0,0,0,0,0,0,20,9
280631,0,1,1994,0,0,0,0,0,0,0,25,0,0
280631,1,1,1994,16,16,16,16,16,16,16,16,16,16
280632,1,1,1994,0,0,0,0,0,0,0,0,24,0
280632,2,1,1994,0,0,0,46,0,18,0,0,0,0
280633,1,1,1994,0,0,0,0,0,0,0,0,0,0
280633,2,1,1994,0,10,19,0,16,0,0,0,0,0
280633,3,1,1994,0,0,0,0,0,0,0,0,0,0
280634,1,1,1994,0,0,0,0,0,0,0,0,0,0
280634,2,1,1994,14,14,14,14,14,14,14,14,14,14
280635,1,1,1994,22,22,22,22,22,22,22,22,22,22
280636,1,1,1994,20,20,20,20,20,20,20,20,20,20
280637,1,1,1994,18,18,18,18,18,18,18,18,18,18
280637,2,1,1994,0,0,0,0,0,0,0,0,0,0
280638,0,1,1994,27,27,27,27,27,27,27,27,27,27
280638,1,1,1994,27,18,0,0,8,15,13,16,28,16
280639,1,1,1994,0,0,0,0,0,0,0,0,0,0
280640,1,1,1994,26,26,26,26,26,26,26,26,26,26
280640,2,1,1994,0,0,0,0,0,0,17,11,0,25
280640,3,1,1994,0,0,26,0,0,0,0,0,0,0
280641,1,1,1994,0,0,0,0,0,0,0,0,0,0
280641,2,1,1994,0,0,0,0,0,0,0,0,0,0
280642,1,1,1994,0,0,0,0,0,0,0,0,0,0
280642,2,1,1994,9,9,9,9,9,9,9,9,9,9
280643,1,1,1994,20,20,20,20,20,20,20,20,20,20
280644,0,1,1994,0,0,0,0,0,0,0,19,0,0
280644,1,1,1994,0,0,0,0,0,0,0,0,0,0
280645,1,1,1994,0,0,0,0,0,0,0,10,0,0
280646,1,1,1994,0,0,0,0,0,0,0,0,0,0
280647,0,1,1994,0,0,0,0,0,0,0,0,0,0
280647,1,1,1994,0,0,0,0,0,0,0,0,0,0
280648,0,1,1994,25,25,25,25,25,25,25,25,25,25
280648,1,1,1994,22,15,12,17,19,37,0,18,0,0
280649,1,1,1994,0,0,0,0,0,0,0,0,0,0
280649,2,1,1994,0,0,0,0,0,0,0,0,0,0
280650,1,1,1994,0,0,0,0,0,0,0,0,0,0
280650,2,1,1994,0,0,0,0,0,0,0,0,0,0
280651,1,1,1994,21,21,21,21,21,21,21,21,21,21
280652,1,1,1994,0,0,0,0,0,0,0,0,0,0
280652,2,1,1994,0,0,0,0,0,0,0,0,0,14
280653,1,1,1994,0,0,16,0,0,0,0,0,0,0
280653,2,1,1994,9,0,13,0,0,17,0,0,0,6
280654,1,1,1994,11,11,11,11,11,11,11,11,11,11
280655,1,1,1994,14,14,14,14,14,14,14,14,14,14
280656,1,1,1994,21,21,21,21,21,21,21,21,21,21
280657,1,1,1994,18,18,18,18,18,18,18,18,18,18
280658,1,1,1994,0,0,0,0,0,0,0,0,0,0
280658,2,1,1994,14,14,14,14,14,14,14,14,14,14
280659,1,1,1994,12,12,12,12,12,12,12,12,12,12
280660,1,1,1994,0,0,0,0,0,0,0,0,0,0
280660,2,1,1994,20,20,20,20,20,20,20,20,20,20
280661,1,1,1994,0,0,0,0,20,0,8,0,12,0
280661,2,1,1994,0,0,0,0,0,0,0,0,0,0
280662,1,1,1994,0,0,0,0,0,0,0,0,0,0
280662,2,1,1994,27,27,27,27,27,27,27,27,27,27
280663,1,1,1994,12,12,12,12,12,12,12,12,12,12
280664,1,1,1994,0,0,0,0,0,0,0,0,15,0
280664,2,1,1994,0,0,0,0,26,0,16,0,0,0
280665,1,1,1994,14,14,14,14,14,14,14,14,14,14
280666,0,1,1994,0,0,0,0,0,0,0,0,0,0
280666,1,1,1994,0,0,0,0,0,0,0,0,25,0
280667,1,1,1994,0,0,0,0,0,0,0,0,0,0
280667,2,1,1994,0,0,0,0,0,14,0,0,9,24
280668,0,1,1994,0,0,0,0,0,0,0,0,0,0
280668,1,1,1994,0,0,15,22,0,0,0,0,0,0
280669,1,1,1994,16,16,16,16,16,16,16,16,16,16
280669,2,1,1994,0,0,0,0,0,0,0,0,0,0
280669,3,1,1994,4,4,4,4,4,4,4,4,4,4
280670,1,1,1994,8,0,19,0,0,0,0,32,0,25
280671,1,1,1994,0,0,0,0,0,0,0,0,0,0
280671,2,1,1994,0,0,0,0,0,0,0,0,0,0
280673,1,1,1994,0,0,0,0,39,0,0,0,0,0
280674,1,1,1994,0,0,0,0,0,15,0,0,0,0
280675,1,1,1994,0,0,15,0,0,0,0,0,22,0
280675,2,1,1994,0,0,0,0,0,0,0,0,0,0
280676,1,1,1994,12,0,0,23,0,0,0,15,0,0
280677,1,1,1994,16,16,16,16,16,16,16,16,16,16
280678,0,1,1994,19,19,19,19,19,19,19,19,19,19
280678,1,1,1994,0,0,0,0,0,0,0,0,0,0
280679,1,1,1994,0,0,0,0,0,0,0,0,0,0
280679,2,1,1994,0,0,0,0,0,0,0,0,0,0
280680,1,1,1994,0,0,0,0,4,0,0,0,0,0
280680,2,1,1994,0,0,0,0,0,0,0,0,0,0
280681,0,1,1994,0,0,37,16,37,20,15,0,0,37
280681,1,1,1994,22,0,16,0,5,22,0,8,0,7
280682,1,1,1994,21,21,21,21,21,21,21,21,21,21
280683,1,1,1994,16,0,0,0,30,0,0,0,0,0
280684,0,1,1994,0,0,0,0,0,0,0,0,0,0
280684,1,1,1994,11,11,11,11,11,11,11,11,11,11
280685,1,1,1994,0,0,0,0,0,0,0,0,0,0
280685,2,1,1994,0,0,0,0,0,0,0,0,0,0
280686,1,1,1994,0,0,0,0,0,0,0,0,0,0
280687,1,1,1994,0,0,0,0,0,0,0,0,0,0
280688,0,1,1994,0,0,0,0,0,0,0,0,0,0
280688,1,1,1994,16,16,16,16,16,16,16,16,16,16
280689,1,1,1994,0,0,0,0,0,0,0,0,0,0
280690,1,1,1994,0,0,0,0,0,0,0,0,0,0
280690,2,1,1994,0,0,0,0,0,0,0,0,0,0
280691,1,1,1994,17,27,8,13,16,25,16,10,24,32
280692,1,1,1994,0,0,0,0,0,0,0,0,0,0
280693,0,1,1994,26,0,0,13,0,16,21,6,0,24
280693,1,1,1994,0,10,0,17,14,0,0,0,0,19
280694,1,1,1994,16,16,16,16,16,16,16,16,16,16
280695,0,1,1994,0,0,0,0,0,0,0,0,0,0
280695,1,1,1994,1,1,1,1,1,1,1,1,1,1
280700,1,1,1994,0,0,0,0,0,0,0,0,0,0
290001,1,1,1994,0,0,20,0,0,27,32,0,14,23
290001,2,1,1994,0,0,0,13,0,0,0,0,0,0
290002,1,1,1994,40,40,40,40,40,40,40,40,40,40
290002,2,1,1994,0,0,17,0,0,0,0,17,29,0
290003,1,1,1994,16,16,16,16,16,16,16,16,16,16
290004,1,1,1994,0,0,0,0,0,0,0,0,0,0
290004,2,1,1994,15,26,0,0,0,0,0,0,24,0
290005,1,1,1994,0,0,0,0,15,0,0,0,0,0
290005,2,1,1994,0,0,0,0,0,0,15,0,17,0
290006,1,1,1994,0,0,0,0,0,0,0,0,0,0
290007,1,1,1994,0,0,0,0,0,0,0,0,0,0
290007,2,1,1994,0,0,0,0,0,0,0,0,0,0
290008,1,1,1994,16,0,0,0,0,18,0,0,0,0
290008,2,1,1994,0,0,0,0,0,0,0,12,0,0
290009,1,1,1994,0,0,0,0,0,0,0,0,0,0
290010,1,1,1994,10,9,0,0,0,8,12,0,0,0
290010,2,1,1994,0,0,0,0,0,0,0,0,11,6
290011,1,1,1994,0,0,0,0,0,0,0,0,0,0
290011,2,1,1994,0,0,0,0,0,0,0,0,0,0
290011,3,1,1994,0,0,0,0,0,0,0,0,0,0
290012,1,1,1994,0,0,0,0,0,0,0,0,0,0
290013,1,1,1994,4,4,4,4,4,4,4,4,4,4
290014,1,1,1994,27,27,27,27,27,27,27,27,27,27
290015,0,1,1994,16,16,16,16,16,16,16,16,16,16
290015,1,1,1994,0,0,0,0,0,0,0,0,0,0
290016,1,1,1994,0,0,0,0,0,0,7,0,0,0
290016,2,1,1994,18,0,0,0,15,6,0,0,0,11
290016,3,1,1994,10,10,10,10,10,10,10,10,10,10
290017,1,1,1994,0,0,0,0,0,0,0,0,0,0
290017,2,1,1994,0,0,0,0,0,0,0,0,0,0
290017,3,1,1994,0,0,11,0,0,0,0,0,0,0
290018,1,1,1994,0,0,0,0,0,0,0,0,0,0
290018,2,1,1994,0,0,0,0,0,0,21,0,0,0
290019,1,1,1994,0,0,0,0,0,0,0,0,0,0
290020,1,1,1994,0,0,20,0,0,0,0,0,0,0
290020,2,1,1994,0,0,0,0,0,0,0,0,0,0
290021,1,1,1994,0,0,0,0,0,0,0,0,0,0
290022,1,1,1994,0,0,0,0,0,0,0,0,0,0
290022,2,1,1994,25,18,7,0,0,0,21,0,9,10
290023,1,1,1994,0,0,0,0,0,0,0,0,0,0
290024,1,1,1994,0,0,0,0,0,0,0,0,0,0
290024,2,1,1994,0,0,0,0,0,0,0,0,0,0
290025,1,1,1994,0,27,14,20,17,10,14,15,13,15
290026,1,1,1994,18,18,18,18,18,18,18,18,18,18
290027,1,1,1994,0,0,0,0,0,0,0,0,0,0
290027,2,1,1994,0,0,0,0,0,0,0,0,0,0
290028,1,1,1994,0,0,0,0,0,0,0,0,0,0
290029,1,1,1994,0,0,0,0,0,0,0,0,0,0
290029,2,1,1994,0,0,0,0,0,0,0,0,0,0
290030,1,1,1994,0,10,0,7,16,9,22,0,29,11
290031,1,1,1994,13,10,42,19,0,0,14,0,22,0
290031,2,1,1994,21,0,0,3,0,0,0,14,18,16
290032,1,1,1994,0,0,0,0,0,0,9,0,0,0
290032,2,1,1994,0,0,0,0,0,0,0,0,0,0
290033,1,1,1994,0,0,0,0,0,0,0,0,0,0
290034,1,1,1994,24,24,24,24,24,24,24,24,24,24
290035,1,1,1994,0,0,0,0,0,0,0,0,0,0
290035,2,1,1994,27,24,18,6,17,0,33,20,24,22
290036,1,1,1994,0,0,0,0,0,0,0,0,0,0
290036,2,1,1994,0,0,0,0,0,0,0,0,0,0
290037,1,1,1994,0,0,0,0,0,0,0,0,0,0
290037,2,1,1994,0,0,0,10,0,0,0,0,0,0
290038,1,1,1994,14,14,14,14,14,14,14,14,14,14
290039,1,1,1994,0,0,0,0,0,0,0,0,0,0
290040,1,1,1994,0,0,0,0,0,0,0,0,0,0
290041,1,1,1994,0,0,0,0,8,0,0,0,0,0
290041,2,1,1994,0,0,0,0,31,0,0,0,0,0
290042,1,1,1994,0,0,0,0,0,0,0,0,0,0
290042,2,1,1994,0,0,0,0,0,0,0,0,0,0
290043,0,1,1994,17,17,17,17,17,17,17,17,17,17
290043,1,1,1994,7,7,7,7,7,7,7,7,7,7
290044,1,1,1994,0,0,3,0,0,0,0,0,0,0
290045,1,1,1994,9,0,0,10,0,0,0,0,6,0
290045,2,1,1994,0,0,0,0,0,0,0,0,0,0
290046,1,1,1994,18,18,18,18,18,18,18,18,18,18
290047,1,1,1994,6,6,6,6,6,6,6,6,6,6
290048,1,1,1994,8,8,8,8,8,8,8,8,8,8
290049,1,1,1994,9,9,9,9,9,9,9,9,9,9
290050,1,1,1994,19,20,26,27,16,16,25,21,22,17
290051,1,1,1994,19,19,19,19,19,19,19,19,19,19
290052,1,1,1994,0,0,0,0,0,0,0,0,0,0
290053,0,1,1994,32,32,32,32,32,32,32,32,32,32
290053,1,1,1994,0,0,0,0,0,0,0,0,0,0
290054,1,1,1994,0,0,0,12,0,14,0,0,0,0
290054,2,1,1994,13,0,0,0,0,0,0,0,0,0
290055,0,1,1994,51,51,51,51,51,51,51,51,51,51
290055,1,1,1994,21,0,0,0,0,0,0,0,0,0
290056,1,1,1994,27,27,27,27,27,27,27,27,27,27
290056,2,1,1994,0,0,0,0,0,0,0,28,0,0
290057,1,1,1994,14,14,14,14,14,14,14,14,14,14
290057,2,1,1994,0,0,0,5,0,0,0,0,0,0
290059,1,1,1994,13,13,13,13,13,13,13,13,13,13
290059,2,1,1994,0,0,21,0,0,0,17,17,0,0
290060,1,1,1994,7,7,7,7,7,7,7,7,7,7
290060,2,1,1994,0,0,0,0,0,0,0,0,0,0
290061,1,1,1994,9,9,9,9,9,9,9,9,9,9
290062,1,1,1994,0,0,0,0,0,0,0,14,0,0
290062,2,1,1994,0,0,0,0,20,0,0,0,0,0
290063,0,1,1994,10,0,0,0,0,0,35,0,0,0
290063,1,1,1994,0,0,0,0,0,0,0,0,0,0
290064,1,1,1994,32,32,32,32,32,32,32,32,32,32
290065,1,1,1994,0,0,0,0,0,0,0,0,0,0
290066,1,1,1994,8,8,8,8,8,8,8,8,8,8
290066,2,1,1994,0,0,0,0,0,0,0,0,0,0
290067,1,1,1994,0,3,0,0,0,8,4,19,0,0
290068,1,1,1994,27,27,27,27,27,27,27,27,27,27
290070,0,1,1994,0,0,0,0,0,0,0,0,0,0
290070,1,1,1994,0,0,0,0,6,0,0,0,0,0
290071,1,1,1994,0,0,0,0,0,0,0,0,0,0
290072,1,1,1994,0,0,0,0,0,0,0,0,0,0
290072,2,1,1994,0,0,0,0,0,0,0,0,0,0
290073,1,1,1994,16,16,16,16,16,16,16,16,16,16
290073,2,1,1994,0,0,0,0,0,0,0,0,0,0
290074,1,1,1994,0,0,0,0,0,0,0,0,0,0
290074,2,1,1994,1,1,1,1,1,1,1,1,1,1
290076,1,1,1994,28,28,28,28,28,28,28,28,28,28
290077,1,1,1994,17,17,17,17,17,17,17,17,17,17
290077,2,1,1994,0,0,0,0,0,0,0,0,0,0
290078,0,1,1994,0,0,0,0,0,0,0,0,0,0
290078,1,1,1994,0,0,0,0,0,0,0,0,0,0
290079,1,1,1994,4,14,11,22,26,22,18,19,20,20
290080,0,1,1994,24,12,15,5,24,15,19,46,0,0
290080,1,1,1994,16,15,0,0,12,0,0,0,0,0
290081,1,1,1994,0,0,0,0,0,0,0,0,0,0
290081,2,1,1994,0,0,0,0,0,0,0,0,0,0
290083,1,1,1994,0,0,0,0,0,0,0,0,0,0
290084,1,1,1994,0,0,0,0,0,0,0,0,0,0
290085,1,1,1994,21,21,21,21,21,21,21,21,21,21
290086,1,1,1994,0,0,0,0,0,0,0,0,0,0
290087,0,1,1994,0,0,0,0,0,0,0,0,0,0
290087,1,1,1994,0,0,18,0,0,0,0,0,14,0
290088,1,1,1994,23,23,23,23,23,23,23,23,23,23
290089,1,1,1994,0,0,0,0,0,0,0,0,0,0
290090,1,1,1994,14,14,14,14,14,14,14,14,14,14
290090,2,1,1994,0,0,8,0,0,0,0,0,0,0
290091,1,1,1994,28,28,28,28,28,28,28,28,28,28
290091,2,1,1994,0,0,0,0,0,0,0,0,0,0
290092,1,1,1994,18,18,18,18,18,18,18,18,18,18
290093,1,1,1994,0,0,0,0,0,0,0,0,0,0
290093,2,1,1994,0,0,0,0,0,0,0,0,0,0
290094,1,1,1994,0,0,0,0,0,0,0,0,0,0
290094,2,1,1994,24,0,0,0,0,0,0,0,13,0
290095,1,1,1994,20,20,20,20,20,20,20,20,20,20
290096,1,1,1994,15,15,15,15,15,15,15,15,15,15
290096,2,1,1994,0,0,0,5,0,0,0,0,0,0
290096,3,1,1994,0,0,0,0,0,0,0,0,0,10
290097,1,1,1994,0,0,0,0,0,0,0,0,0,0
290097,2,1,1994,0,0,0,0,0,0,0,0,0,0
290098,1,1,1994,0,0,0,13,0,0,0,6,23,0
290098,2,1,1994,0,0,0,0,0,0,0,0,0,0
290099,1,1,1994,27,0,0,0,0,0,0,0,16,0
290099,2,1,1994,0,0,0,0,0,0,0,0,0,0
290100,1,1,1994,0,0,0,0,0,0,0,0,0,0
290100,2,1,1994,5,5,5,5,5,5,5,5,5,5
290101,1,1,1994,14,14,14,14,14,14,14,14,14,14
290102,1,1,1994,32,32,32,32,32,32,32,32,32,32
290103,1,1,1994,9,17,23,19,0,22,19,8,29,6
290103,2,1,1994,0,0,0,0,0,0,0,0,26,0
290104,1,1,1994,0,0,0,0,0,0,0,0,0,0
290105,1,1,1994,0,0,0,0,0,0,0,0,0,0
290105,2,1,1994,0,0,0,0,0,10,0,0,13,0
290106,1,1,1994,0,0,0,0,0,0,0,0,0,0
290106,2,1,1994,0,0,0,0,0,0,0,0,0,0
290107,1,1,1994,9,9,9,9,9,9,9,9,9,9
290108,1,1,1994,0,0,0,0,0,26,23,24,12,34
290109,1,1,1994,0,0,0,0,0,0,0,0,0,0
290109,2,1,1994,0,0,0,0,0,0,0,0,0,19
290110,1,1,1994,21,21,21,21,21,21,21,21,21,21
290110,2,1,1994,0,0,33,16,17,30,0,0,2,22
290111,1,1,1994,0,0,0,0,0,0,0,0,0,0
290112,1,1,1994,0,0,0,0,0,0,0,0,9,0
290113,0,1,1994,25,25,25,25,25,25,25,25,25,25
290113,1,1,1994,0,0,0,24,14,0,0,14,0,0
290114,1,1,1994,0,0,0,0,0,0,0,0,0,0
290115,1,1,1994,28,0,0,19,18,11,0,0,12,0
290116,1,1,1994,0,0,0,0,0,21,0,0,0,0
290116,2,1,1994,0,0,20,0,0,0,0,16,16,0
290117,0,1,1994,0,0,0,0,0,0,0,0,0,0
290117,1,1,1994,6,6,6,6,6,6,6,6,6,6
290118,1,1,1994,0,0,0,0,0,0,0,0,0,0
290118,2,1,1994,0,0,0,0,0,0,0,0,0,0
290118,3,1,1994,0,0,0,0,0,0,0,0,0,0
290119,1,1,1994,15,15,15,15,15,15,15,15,15,15
290119,2,1,1994,0,0,0,0,0,0,0,0,0,0
290120,1,1,1994,0,0,0,0,0,0,0,0,0,0
290121,1,1,1994,7,0,0,0,0,0,0,15,0,0
290121,2,1,1994,0,0,0,0,0,0,0,0,0,0
290122,1,1,1994,0,0,0,0,0,0,0,0,0,0
290123,1,1,1994,0,0,0,0,0,0,0,0,0,0
290124,1,1,1994,0,0,0,0,0,0,0,0,0,0
290124,2,1,1994,0,0,0,0,0,0,0,0,0,14
290125,1,1,1994,2,2,2,2,2,2,2,2,2,2
290126,1,1,1994,0,0,0,0,0,0,0,0,0,0
290127,1,1,1994,18,0,0,0,0,0,0,0,0,0
290127,2,1,1994,0,0,0,0,0,0,0,0,0,0
290128,1,1,1994,0,0,0,0,0,0,0,0,0,0
290128,2,1,1994,17,15,27,27,15,15,12,15,19,20
290129,0,1,1994,29,29,29,29,29,29,29,29,29,29
290129,1,1,1994,0,5,0,0,0,0,21,0,0,28
290130,1,1,1994,22,22,22,22,22,22,22,22,22,22
290130,2,1,1994,0,7,0,0,0,18,0,0,0,0
290130,3,1,1994,0,0,0,0,0,0,0,0,0,0
290131,1,1,1994,0,0,0,0,0,0,0,0,0,0
290132,0,1,1994,25,25,25,25,25,25,25,25,25,25
290132,1,1,1994,9,9,9,9,9,9,9,9,9,9
290133,1,1,1994,0,0,0,0,0,0,0,0,0,0
290134,1,1,1994,0,0,0,0,0,0,0,0,0,0
290134,2,1,1994,0,0,0,0,17,0,0,0,0,0
290135,0,1,1994,14,14,14,14,14,14,14,14,14,14
290135,1,1,1994,28,5,0,14,0,0,14,0,0,24
290136,1,1,1994,22,22,22,22,22,22,22,22,22,22
290136,2,1,1994,16,0,0,12,0,0,0,4,0,0
290137,1,1,1994,22,22,22,22,22,22,22,22,22,22
290138,1,1,1994,15,0,0,0,0,0,0,0,0,0
290138,2,1,1994,0,0,0,0,0,0,0,0,0,0
290139,1,1,1994,20,20,20,20,20,20,20,20,20,20
290139,2,1,1994,13,0,0,3,0,8,21,0,0,0
290140,1,1,1994,8,8,8,8,8,8,8,8,8,8
290141,0,1,1994,0,0,0,0,0,0,0,0,0,0
290141,1,1,1994,0,0,0,0,0,0,0,0,0,0
290142,1,1,1994,26,26,26,26,26,26,26,26,26,26
290142,2,1,1994,0,0,0,0,0,0,14,0,19,18
290143,1,1,1994,17,19,9,17,17,16,23,20,23,18
290144,1,1,1994,18,18,18,18,18,18,18,18,18,18
290145,1,1,1994,22,22,22,22,22,22,22,22,22,22
290146,1,1,1994,0,6,20,0,0,20,0,16,24,20
290147,1,1,1994,0,0,0,12,32,18,0,22,0,0
290148,1,1,1994,7,9,19,20,18,10,6,14,10,11
290148,2,1,1994,0,0,0,0,0,0,0,10,0,18
290149,1,1,1994,19,19,19,19,19,19,19,19,19,19
290149,2,1,1994,0,0,0,0,6,15,0,15,0,0
290150,0,1,1994,21,21,21,21,21,21,21,21,21,21