ST_CASE,VEH_NO,PER_NO,YEAR,P1,P2,P3,P4,P5,P6,P7,P8,P9,P10
290150,1,1,1994,0,0,0,0,0,0,0,0,0,0
290151,1,1,1994,28,28,28,28,28,28,28,28,28,28
290152,1,1,1994,0,21,25,26,0,0,12,0,6,0
290153,1,1,1994,0,13,0,6,0,19,31,18,0,0
290153,2,1,1994,21,21,21,21,21,21,21,21,21,21
290154,1,1,1994,0,0,0,0,0,0,0,0,0,0
290154,2,1,1994,0,0,0,0,1,21,0,0,0,0
290154,3,1,1994,0,0,0,0,0,0,0,0,0,0
290155,1,1,1994,20,20,20,20,20,20,20,20,20,20
290156,1,1,1994,0,6,5,0,0,0,0,0,0,0
290156,2,1,1994,0,23,0,0,5,0,0,0,14,0
290157,1,1,1994,0,0,0,0,0,0,0,0,0,0
290157,2,1,1994,0,0,0,0,0,0,0,0,0,0
290158,0,1,1994,0,0,0,0,0,0,0,0,0,0
290158,1,1,1994,0,0,0,0,0,0,0,0,0,0
290159,1,1,1994,0,0,0,0,0,0,0,0,0,0
290160,1,1,1994,0,16,0,0,19,9,9,29,11,9
290161,1,1,1994,0,0,0,0,0,0,0,0,0,0
290161,2,1,1994,0,0,0,0,0,0,0,0,0,0
290162,1,1,1994,17,17,17,17,17,17,17,17,17,17
290162,2,1,1994,0,0,0,0,0,0,0,0,0,0
290163,1,1,1994,0,0,0,0,0,0,0,0,0,0
290163,2,1,1994,0,0,0,0,0,0,0,0,0,0
290164,1,1,1994,25,25,25,25,25,25,25,25,25,25
290165,0,1,1994,32,32,32,32,32,32,32,32,32,32
290165,1,1,1994,0,0,0,23,0,0,0,13,0,20
290166,1,1,1994,0,0,0,0,0,0,0,0,0,0
290167,1,1,1994,0,0,0,0,0,28,0,0,13,0
290167,2,1,1994,0,0,0,0,0,0,4,20,6,0
290168,1,1,1994,13,13,13,13,13,13,13,13,13,13
290169,0,1,1994,10,10,10,10,10,10,10,10,10,10
290169,1,1,1994,0,0,0,0,0,0,0,0,0,0
290170,1,1,1994,24,24,24,24,24,24,24,24,24,24
290171,1,1,1994,0,0,0,0,0,0,0,0,0,8
290171,2,1,1994,21,15,18,16,17,0,19,0,20,0
290172,1,1,1994,9,0,0,25,0,0,0,0,10,0
290172,2,1,1994,0,0,0,0,0,0,0,0,0,0
290173,1,1,1994,0,0,0,0,0,0,0,0,0,0
290173,2,1,1994,0,7,5,0,23,0,0,0,27,0
290174,1,1,1994,10,0,0,0,23,18,0,0,0,0
290174,2,1,1994,0,0,0,0,0,0,0,0,0,0
290175,1,1,1994,21,21,21,21,21,21,21,21,21,21
290176,1,1,1994,28,11,10,18,20,21,4,16,15,21
290176,2,1,1994,0,0,0,0,0,0,0,0,0,0
290177,1,1,1994,0,0,0,0,0,0,0,0,0,0
290177,2,1,1994,0,0,0,0,0,0,0,0,0,0
290178,1,1,1994,0,0,0,0,0,0,0,0,0,0
290178,2,1,1994,0,0,0,0,0,0,0,0,0,0
290179,1,1,1994,0,0,0,0,0,0,16,0,0,0
290179,2,1,1994,0,8,0,11,0,0,12,0,0,0
290180,0,1,1994,26,23,43,13,23,9,24,28,49,19
290180,1,1,1994,0,0,24,0,30,0,30,12,0,0
290181,1,1,1994,23,23,23,23,23,23,23,23,23,23
290182,1,1,1994,0,0,0,0,0,0,0,0,0,0
290183,1,1,1994,0,0,7,0,0,0,0,0,0,0
290183,2,1,1994,0,0,0,0,0,0,0,0,0,0
290184,1,1,1994,18,18,18,18,18,18,18,18,18,18
290185,1,1,1994,9,9,9,9,9,9,9,9,9,9
290186,1,1,1994,15,15,15,15,15,15,15,15,15,15
290187,1,1,1994,0,0,0,0,0,0,0,0,0,0
290188,1,1,1994,0,0,0,0,0,0,23,0,0,0
290188,2,1,1994,0,0,0,0,0,0,0,0,0,0
290189,1,1,1994,10,10,10,10,10,10,10,10,10,10
290189,2,1,1994,0,0,0,0,0,0,0,0,0,0
290190,1,1,1994,0,0,0,0,0,0,0,0,0,0
290190,2,1,1994,0,0,0,0,0,0,0,0,0,0
290191,1,1,1994,0,0,0,0,0,0,0,0,0,0
290191,2,1,1994,0,0,0,0,0,0,14,0,0,0
290191,3,1,1994,0,14,0,0,0,13,0,0,0,12
290191,4,1,1994,0,0,0,0,0,0,0,0,0,0
290191,5,1,1994,0,0,0,0,0,0,0,0,0,0
290191,6,1,1994,0,0,0,0,0,0,0,0,0,0
290192,1,1,1994,12,12,12,12,12,12,12,12,12,12
290192,2,1,1994,0,0,0,0,22,0,0,0,0,0
290193,1,1,1994,0,0,0,0,0,0,0,0,0,0
290194,1,1,1994,0,0,0,0,0,0,0,0,0,0
290194,2,1,1994,0,0,0,0,0,0,0,0,0,24
290195,1,1,1994,18,18,18,18,18,18,18,18,18,18
290196,1,1,1994,0,0,0,0,0,0,0,0,0,0
290196,2,1,1994,1,1,1,1,1,1,1,1,1,1
290197,1,1,1994,17,17,17,17,17,17,17,17,17,17
290198,1,1,1994,15,0,9,24,0,14,24,15,14,19
290199,1,1,1994,29,29,29,29,29,29,29,29,29,29
290199,2,1,1994,13,0,0,0,15,0,0,0,0,0
290200,1,1,1994,0,0,0,0,0,0,0,0,0,0
290200,2,1,1994,0,0,0,12,0,0,0,0,0,0
290201,1,1,1994,0,0,0,0,0,0,0,0,0,0
290202,1,1,1994,16,19,0,23,19,26,0,14,7,9
290203,0,1,1994,0,0,0,0,0,18,0,0,0,0
290204,0,1,1994,0,0,0,21,0,0,0,0,0,0
290204,1,1,1994,12,12,12,12,12,12,12,12,12,12
290205,0,1,1994,0,0,0,0,0,0,0,0,0,0
290205,1,1,1994,0,0,0,0,0,25,0,0,0,0
290206,1,1,1994,0,0,0,0,0,0,0,0,0,0
290207,1,1,1994,0,0,0,0,0,0,0,0,0,0
290208,1,1,1994,8,0,0,0,16,6,0,18,5,14
290209,1,1,1994,0,0,0,0,0,0,0,0,0,0
290210,0,1,1994,25,25,25,25,25,25,25,25,25,25
290210,1,1,1994,0,0,0,0,0,19,0,3,13,0
290211,1,1,1994,24,24,24,24,24,24,24,24,24,24
290212,1,1,1994,30,30,30,30,30,30,30,30,30,30
290213,1,1,1994,0,0,0,0,0,0,0,0,0,0
290214,1,1,1994,0,0,0,0,0,0,0,0,0,6
290214,2,1,1994,0,0,0,0,0,0,0,0,0,0
290215,1,1,1994,15,0,18,4,26,4,33,9,6,36
290216,1,1,1994,13,13,13,13,13,13,13,13,13,13
290217,1,1,1994,21,10,7,0,28,20,0,25,27,18
290217,2,1,1994,0,0,0,0,0,0,0,0,0,0
290218,1,1,1994,0,0,0,0,0,0,0,0,0,0
290219,1,1,1994,15,27,21,15,26,37,0,0,19,0
290219,2,1,1994,32,0,24,13,12,22,0,11,13,11
290220,1,1,1994,0,0,0,0,0,0,0,0,0,0
290221,1,1,1994,0,11,0,12,0,0,0,13,7,0
290222,1,1,1994,0,13,16,26,17,0,23,0,26,0
290222,2,1,1994,29,29,29,29,29,29,29,29,29,29
290223,1,1,1994,0,0,0,0,0,0,0,0,0,0
290223,2,1,1994,0,0,0,0,0,0,0,0,0,0
290224,1,1,1994,0,0,0,0,0,0,19,0,12,0
290224,2,1,1994,0,0,0,0,0,0,0,0,15,0
290224,3,1,1994,0,0,0,0,0,0,0,0,0,0
290224,4,1,1994,0,0,0,0,0,0,0,0,0,0
290224,5,1,1994,0,29,0,0,0,0,0,0,13,6
290224,6,1,1994,0,0,0,0,0,0,0,0,0,0
290225,1,1,1994,0,0,0,0,0,0,0,0,0,0
290225,2,1,1994,0,0,0,0,0,0,0,0,0,0
290226,1,1,1994,0,0,0,0,0,0,0,0,0,0
290226,2,1,1994,0,0,0,0,0,0,0,0,0,0
290227,1,1,1994,0,0,0,0,0,0,0,0,0,0
290227,2,1,1994,0,0,0,6,0,0,0,0,0,0
290228,1,1,1994,0,0,0,0,0,0,0,0,0,0
290229,1,1,1994,9,9,9,9,9,9,9,9,9,9
290230,1,1,1994,11,11,11,11,11,11,11,11,11,11
290231,1,1,1994,22,22,22,22,22,22,22,22,22,22
290231,2,1,1994,4,0,0,17,42,0,0,13,0,5
290232,1,1,1994,0,0,0,6,0,0,0,0,0,0
290232,2,1,1994,0,0,0,0,0,0,0,0,0,0
290233,1,1,1994,15,15,15,15,15,15,15,15,15,15
290234,1,1,1994,20,20,20,20,20,20,20,20,20,20
290235,1,1,1994,17,17,17,17,17,17,17,17,17,17
290236,0,1,1994,0,0,0,0,0,0,0,0,0,0
290236,1,1,1994,0,0,0,0,0,8,0,0,22,11
290237,1,1,1994,0,0,0,0,0,0,0,0,0,0
290238,1,1,1994,20,20,20,20,20,20,20,20,20,20
290239,1,1,1994,0,0,0,0,0,0,0,0,0,0
290239,2,1,1994,0,0,0,0,0,0,0,0,0,0
290240,0,1,1994,0,0,4,35,0,24,0,31,8,22
290240,1,1,1994,0,0,0,0,0,0,0,14,0,0
290241,1,1,1994,0,0,0,0,0,0,0,0,0,0
290241,2,1,1994,0,0,0,0,0,0,0,0,0,0
290242,1,1,1994,10,30,0,0,0,0,0,0,0,13
290242,2,1,1994,15,15,15,15,15,15,15,15,15,15
290243,1,1,1994,10,10,10,10,10,10,10,10,10,10
290243,2,1,1994,0,0,0,0,0,0,0,0,0,7
290244,1,1,1994,0,0,0,0,0,0,0,0,0,0
290245,1,1,1994,0,0,0,0,0,0,0,0,0,0
290245,2,1,1994,0,0,0,0,0,0,0,0,0,0
290245,3,1,1994,0,0,0,0,0,0,0,0,0,0
290245,4,1,1994,0,0,0,0,0,0,0,0,0,0
290246,1,1,1994,0,0,0,0,0,0,0,0,0,0
290247,0,1,1994,35,35,35,35,35,35,35,35,35,35
290247,1,1,1994,0,26,13,12,9,0,0,0,0,16
290248,0,1,1994,27,11,6,0,15,5,10,32,0,0
290248,0,2,1994,17,12,0,0,0,0,0,0,0,0
290248,1,1,1994,19,0,0,14,0,12,6,17,0,23
290249,1,1,1994,0,15,0,0,0,0,0,0,0,0
290249,2,1,1994,0,0,0,0,0,0,0,0,0,0
290250,1,1,1994,0,0,0,0,0,0,0,0,0,0
290250,2,1,1994,0,0,0,0,0,0,0,0,0,11
290251,1,1,1994,0,0,15,0,0,0,0,0,0,0
290251,2,1,1994,5,0,17,0,17,0,0,0,0,8
290252,1,1,1994,16,16,16,16,16,16,16,16,16,16
290253,1,1,1994,18,18,18,18,18,18,18,18,18,18
290254,1,1,1994,0,0,0,0,0,0,0,0,0,0
290255,1,1,1994,0,0,0,0,0,0,0,0,0,0
290255,2,1,1994,18,0,0,0,14,7,0,0,0,0
290256,1,1,1994,0,0,0,0,0,0,0,0,0,0
290257,1,1,1994,0,0,0,0,0,0,0,0,0,0
290258,1,1,1994,0,0,0,0,0,0,0,0,0,0
290259,1,1,1994,9,0,32,7,0,0,7,0,10,0
290259,2,1,1994,0,0,0,0,0,0,0,0,0,0
290260,1,1,1994,0,0,0,0,0,0,0,0,0,0
290260,2,1,1994,0,0,0,0,0,0,0,0,0,0
290261,1,1,1994,31,31,31,31,31,31,31,31,31,31
290261,2,1,1994,0,0,0,0,0,0,0,0,0,10
290262,1,1,1994,0,0,0,18,0,0,0,0,0,0
290263,1,1,1994,0,0,0,0,3,0,0,0,0,0
290263,2,1,1994,10,10,10,10,10,10,10,10,10,10
290264,1,1,1994,0,11,22,10,0,0,0,0,5,9
290264,2,1,1994,2,2,2,2,2,2,2,2,2,2
290264,3,1,1994,0,0,4,0,8,0,0,0,0,0
290265,1,1,1994,0,0,0,0,25,20,0,21,13,10
290265,2,1,1994,0,0,0,0,0,0,0,0,0,0
290265,3,1,1994,0,2,17,0,16,16,9,0,17,16
290266,1,1,1994,17,17,17,17,17,17,17,17,17,17
290267,1,1,1994,0,0,0,0,0,6,0,0,18,19
290267,2,1,1994,0,24,0,0,0,0,0,0,0,0
290268,1,1,1994,0,18,0,0,0,13,8,0,0,0
290268,2,1,1994,0,0,0,0,0,0,0,0,0,0
290269,1,1,1994,0,0,0,0,0,0,0,0,0,0
290269,2,1,1994,26,26,26,26,26,26,26,26,26,26
290270,1,1,1994,0,0,0,16,0,10,32,0,0,0
290270,2,1,1994,0,0,0,0,0,0,0,0,0,0
290270,3,1,1994,0,0,0,0,0,0,0,0,0,0
290271,1,1,1994,0,0,0,0,0,0,0,0,0,0
290271,2,1,1994,0,0,0,0,0,0,0,0,0,0
290272,1,1,1994,18,18,18,18,18,18,18,18,18,18
290273,1,1,1994,20,20,20,20,20,20,20,20,20,20
290274,1,1,1994,0,0,0,0,0,0,0,0,0,0
290275,1,1,1994,33,28,15,16,21,33,8,19,12,17
290276,1,1,1994,0,0,0,0,0,0,9,0,0,0
290276,2,1,1994,0,0,0,0,0,0,0,0,0,0
290277,1,1,1994,28,0,0,0,0,18,0,8,0,0
290277,2,1,1994,0,0,0,0,0,0,0,0,0,0
290277,3,1,1994,0,0,0,0,0,0,0,12,4,0
290278,1,1,1994,26,26,26,26,26,26,26,26,26,26
290278,2,1,1994,0,0,0,0,0,0,0,0,0,0
290279,0,1,1994,0,0,0,0,0,0,0,0,0,0
290279,1,1,1994,0,0,0,0,0,15,0,0,0,12
290280,0,1,1994,23,23,23,23,23,23,23,23,23,23
290280,1,1,1994,0,0,0,0,0,14,0,18,5,10
290281,1,1,1994,23,23,23,23,23,23,23,23,23,23
290282,1,1,1994,0,0,0,0,0,0,0,0,0,0
290282,2,1,1994,0,0,0,0,0,0,0,0,0,0
290283,0,1,1994,0,0,0,0,0,0,0,0,0,0
290283,1,1,1994,0,0,0,0,0,0,0,0,0,0
290284,1,1,1994,0,0,0,0,0,0,27,0,0,0
290284,2,1,1994,0,0,0,0,0,0,0,0,0,0
290285,1,1,1994,0,0,0,0,0,0,0,0,0,0
290285,2,1,1994,0,0,12,0,0,0,0,0,5,21
290286,1,1,1994,0,0,0,0,0,0,0,0,0,0
290286,2,1,1994,0,0,0,0,0,0,0,0,0,0
290287,1,1,1994,30,0,0,0,0,0,0,0,0,0
290287,2,1,1994,0,0,0,0,0,0,0,0,0,0
290288,1,1,1994,4,16,3,16,15,17,21,9,31,14
290289,1,1,1994,16,16,16,16,16,16,16,16,16,16
290289,2,1,1994,0,6,0,0,0,7,0,18,0,0
290290,0,1,1994,12,12,12,12,12,12,12,12,12,12
290290,1,1,1994,0,0,15,0,23,23,0,9,0,9
290291,0,1,1994,13,13,13,13,13,13,13,13,13,13
290291,1,1,1994,24,13,16,8,15,13,13,9,31,0
290292,1,1,1994,13,13,13,13,13,13,13,13,13,13
290293,1,1,1994,31,31,31,31,31,31,31,31,31,31
290294,1,1,1994,0,9,0,0,32,0,0,0,0,7
290295,1,1,1994,0,0,0,0,0,0,0,0,0,0
290296,1,1,1994,0,18,0,11,31,14,8,4,0,0
290297,1,1,1994,15,15,15,15,15,15,15,15,15,15
290298,1,1,1994,0,0,0,0,0,0,0,0,0,0
290298,2,1,1994,0,0,0,0,0,0,0,0,0,0
290299,1,1,1994,21,21,21,21,21,21,21,21,21,21
290299,2,1,1994,0,0,0,0,0,0,0,0,0,0
290300,1,1,1994,0,0,0,0,0,0,0,0,0,0
290301,1,1,1994,0,0,0,0,0,0,0,0,0,0
290301,2,1,1994,0,0,0,0,0,14,0,0,0,0
290302,1,1,1994,0,0,0,0,0,0,0,0,0,0
290302,2,1,1994,0,0,0,0,18,0,18,0,0,0
290303,1,1,1994,0,0,0,0,0,16,20,14,12,14
290303,2,1,1994,30,30,30,30,30,30,30,30,30,30
290304,1,1,1994,18,16,24,12,16,33,10,0,10,13
290305,1,1,1994,18,18,18,18,18,18,18,18,18,18
290306,1,1,1994,5,5,5,5,5,5,5,5,5,5
290307,0,1,1994,27,27,27,27,27,27,27,27,27,27
290307,1,1,1994,0,0,17,49,35,9,11,9,12,11
290308,0,1,1994,17,17,17,17,17,17,17,17,17,17
290308,1,1,1994,0,0,0,0,0,0,28,0,0,0
290309,1,1,1994,15,0,0,0,0,0,0,0,11,18
290309,2,1,1994,0,0,0,0,0,0,0,9,0,0
290310,0,1,1994,16,16,16,16,16,16,16,16,16,16
290310,1,1,1994,0,0,0,11,0,21,11,0,0,0
290311,1,1,1994,28,28,28,28,28,28,28,28,28,28
290312,1,1,1994,3,3,3,3,3,3,3,3,3,3
290312,2,1,1994,0,0,0,0,0,0,0,0,0,0
290313,1,1,1994,25,0,0,0,0,0,0,0,0,0
290314,1,1,1994,0,0,0,0,0,0,0,0,0,0
290314,2,1,1994,0,0,0,0,0,0,0,0,0,0
290314,3,1,1994,0,0,0,0,0,0,0,0,0,0
290314,4,1,1994,0,0,0,0,19,0,0,0,0,0
290315,1,1,1994,23,23,23,23,23,23,23,23,23,23
290316,1,1,1994,27,20,20,20,5,9,10,23,27,15
290317,1,1,1994,10,10,10,10,10,10,10,10,10,10
290318,1,1,1994,0,0,0,7,17,0,0,0,0,0
290319,1,1,1994,0,0,0,0,0,0,0,0,0,0
290319,2,1,1994,0,0,0,0,0,0,0,10,0,0
290320,1,1,1994,22,22,22,22,22,22,22,22,22,22
290320,2,1,1994,0,0,0,0,0,0,0,0,0,0
290321,1,1,1994,0,0,0,0,0,0,0,0,0,0
290321,2,1,1994,0,0,24,0,0,0,0,0,0,9
290321,3,1,1994,23,0,0,0,0,31,0,0,9,0
290322,1,1,1994,17,17,17,17,17,17,17,17,17,17
290323,1,1,1994,0,0,0,0,0,0,0,0,0,0
290324,1,1,1994,0,0,0,0,0,0,0,0,0,7
290324,2,1,1994,0,0,12,0,0,18,7,15,0,0
290325,1,1,1994,0,0,0,21,32,25,11,14,24,0
290325,2,1,1994,0,0,0,0,0,0,0,0,0,0
290326,1,1,1994,11,16,34,9,26,22,17,27,22,7
290327,1,1,1994,0,0,0,0,0,0,0,0,0,0
290327,2,1,1994,0,0,0,0,0,0,0,0,0,0
290328,0,1,1994,0,0,0,0,0,0,0,0,0,0
290328,1,1,1994,0,0,0,0,0,0,0,0,0,0
290329,1,1,1994,0,8,0,20,0,0,0,0,18,0
290330,1,1,1994,0,0,0,0,0,0,0,0,0,0
290331,1,1,1994,0,0,0,0,0,0,0,0,0,0
290331,2,1,1994,0,0,0,0,0,0,0,0,0,0
290331,3,1,1994,9,13,13,14,0,0,0,0,0,0
290332,1,1,1994,20,20,20,20,20,20,20,20,20,20
290333,0,1,1994,0,0,0,0,0,0,0,0,0,0
290333,1,1,1994,0,0,0,17,0,11,17,44,18,16
290334,1,1,1994,14,14,14,14,14,14,14,14,14,14
290334,2,1,1994,7,25,13,18,0,23,0,12,15,11
290335,1,1,1994,15,15,15,15,15,15,15,15,15,15
290336,1,1,1994,0,0,0,0,0,0,0,0,0,0
290336,2,1,1994,0,0,0,0,0,0,0,0,0,0
290337,1,1,1994,0,0,0,0,0,0,0,0,4,0
290337,2,1,1994,0,0,0,0,0,0,0,0,0,0
290338,1,1,1994,45,22,10,0,0,24,0,41,27,24
290338,2,1,1994,0,0,0,0,0,0,0,0,0,0
290339,1,1,1994,14,26,23,26,0,0,27,0,24,31
290339,2,1,1994,26,8,0,0,19,14,24,8,7,20
290340,1,1,1994,12,10,21,19,16,5,16,13,5,0
290341,1,1,1994,0,0,0,0,0,0,0,0,0,0
290342,0,1,1994,0,0,0,24,51,0,0,0,0,23
290342,1,1,1994,0,0,0,0,0,0,0,11,0,0
290343,1,1,1994,0,0,0,0,0,0,0,0,0,0
290344,1,1,1994,0,0,0,0,0,0,0,0,0,0
290345,1,1,1994,0,0,0,0,0,0,0,0,0,0
290346,1,1,1994,0,0,0,0,0,0,0,0,0,0
290346,2,1,1994,0,0,0,0,0,0,0,0,0,0
290347,1,1,1994,0,26,5,19,14,0,14,0,0,6
290347,2,1,1994,19,0,0,0,15,10,0,0,0,0
290348,2,1,1994,0,0,0,0,0,0,0,0,0,0
290348,3,1,1994,0,0,0,0,0,0,0,0,0,0
290349,1,1,1994,0,0,0,0,0,0,0,0,0,0
290350,1,1,1994,0,0,0,0,0,0,0,0,0,0
290350,2,1,1994,0,0,0,0,0,16,3,0,0,0
290351,1,1,1994,0,0,0,0,0,0,0,0,0,0
290351,2,1,1994,0,0,0,0,0,0,0,0,0,0
290352,1,1,1994,0,0,0,0,0,0,0,0,0,0
290352,2,1,1994,0,0,0,0,0,0,0,0,0,0
290353,1,1,1994,0,9,11,0,8,0,20,0,0,0
290353,2,1,1994,0,0,0,7,0,0,9,0,11,0
290353,3,1,1994,0,0,0,0,0,0,0,0,0,0
290354,1,1,1994,0,27,33,25,24,24,13,27,16,0
290355,1,1,1994,15,15,15,15,15,15,15,15,15,15
290356,1,1,1994,0,0,0,0,0,0,0,0,0,0
290356,2,1,1994,0,0,20,0,0,0,5,12,0,17
290357,1,1,1994,0,0,0,0,0,0,0,0,0,11
290357,2,1,1994,0,0,0,0,27,0,0,0,0,0
290358,1,1,1994,0,23,0,0,0,0,0,0,0,0
290358,2,1,1994,0,0,0,0,0,0,0,0,0,0
290359,1,1,1994,70,70,70,70,70,70,70,70,70,70
290360,1,1,1994,27,32,42,40,36,25,24,18,22,19
290361,1,1,1994,0,0,0,0,0,0,0,0,0,0
290362,1,1,1994,26,26,26,26,26,26,26,26,26,26
290362,2,1,1994,0,0,0,0,0,0,0,0,0,0
290363,1,1,1994,17,17,17,17,17,17,17,17,17,17
290364,1,1,1994,28,28,28,28,28,28,28,28,28,28
290364,2,1,1994,25,25,25,25,25,25,25,25,25,25
290365,0,1,1994,23,23,23,23,23,23,23,23,23,23
290365,1,1,1994,0,0,12,11,13,7,15,0,10,10
290366,1,1,1994,28,28,28,28,28,28,28,28,28,28
290367,0,1,1994,20,20,17,14,9,12,20,0,18,0
290367,1,1,1994,7,0,0,0,0,0,0,0,0,0
290368,1,1,1994,16,16,16,16,16,16,16,16,16,16
290368,2,1,1994,0,0,0,0,0,0,0,0,0,0
290369,1,1,1994,0,0,0,0,0,0,22,0,4,26
290370,1,1,1994,0,0,0,0,0,0,0,0,0,0
290371,0,1,1994,0,0,0,0,0,0,0,0,0,0
290371,1,1,1994,0,22,0,9,18,23,0,0,0,0
290372,1,1,1994,11,11,11,11,11,11,11,11,11,11
290373,1,1,1994,0,25,15,0,30,0,22,9,0,0
290373,2,1,1994,15,0,0,0,18,12,0,0,16,14
290374,1,1,1994,0,0,0,0,0,0,0,0,0,0
290374,2,1,1994,11,0,0,0,0,0,0,0,0,0
290375,1,1,1994,20,0,12,0,11,16,29,24,0,32
290376,1,1,1994,24,24,24,24,24,24,24,24,24,24
290377,1,1,1994,0,0,0,0,0,0,0,0,0,0
290377,2,1,1994,0,0,26,0,0,0,0,0,0,0
290378,1,1,1994,29,29,29,29,29,29,29,29,29,29
290379,1,1,1994,0,0,0,0,0,0,0,0,0,0
290380,1,1,1994,7,7,7,7,7,7,7,7,7,7
290381,1,1,1994,0,0,0,0,0,0,0,0,0,0
290381,2,1,1994,0,0,0,0,0,0,0,0,0,0
290382,1,1,1994,0,7,7,0,0,0,0,0,5,6
290382,2,1,1994,5,5,5,5,5,5,5,5,5,5
290383,1,1,1994,21,21,21,21,21,21,21,21,21,21
290384,0,1,1994,0,0,0,0,0,0,0,0,0,0
290384,1,1,1994,0,25,0,25,0,13,0,0,0,0
290385,1,1,1994,0,0,0,0,0,0,0,0,0,0
290385,2,1,1994,0,0,0,0,0,9,0,0,13,0
290385,3,1,1994,0,0,0,0,0,0,0,19,0,0
290386,0,1,1994,18,18,18,18,18,18,18,18,18,18
290386,1,1,1994,17,17,17,17,17,17,17,17,17,17
290387,1,1,1994,0,0,0,0,0,0,0,0,0,0
290387,2,1,1994,0,0,0,0,0,0,0,0,0,0
290387,3,1,1994,0,0,0,0,0,0,0,0,0,0
290388,1,1,1994,0,0,0,0,0,0,0,0,0,0
290388,2,1,1994,0,0,0,0,0,0,0,0,5,0
290389,1,1,1994,17,7,19,9,0,15,0,0,7,16
290389,2,1,1994,0,0,0,0,0,0,0,0,0,0
290390,1,1,1994,0,15,0,0,0,0,0,0,0,0
290390,2,1,1994,0,0,0,0,0,0,0,0,0,12
290391,1,1,1994,0,0,0,0,0,0,0,0,0,0
290392,1,1,1994,0,10,0,0,14,0,16,0,0,0
290392,2,1,1994,0,0,0,0,0,0,0,0,0,0
290393,1,1,1994,0,0,0,0,0,0,0,0,0,0
290394,0,1,1994,0,0,0,0,0,0,0,0,0,0
290394,1,1,1994,0,0,0,0,0,0,0,0,0,0
290396,1,1,1994,1,1,1,1,1,1,1,1,1,1
290397,1,1,1994,0,0,0,0,0,0,0,0,0,0
290398,1,1,1994,0,0,0,9,12,0,0,0,0,0
290398,2,1,1994,0,0,5,0,0,0,0,0,0,0
290398,3,1,1994,0,0,0,0,0,0,0,0,0,0
290400,1,1,1994,0,0,0,0,0,0,0,0,0,0
290401,1,1,1994,0,0,0,0,0,0,0,0,0,0
290401,2,1,1994,0,0,0,0,0,0,0,0,0,0
290402,1,1,1994,0,0,0,0,0,0,0,0,0,0
290402,2,1,1994,0,0,0,0,0,0,0,0,0,0
290403,1,1,1994,0,0,0,0,0,0,0,0,0,0
290403,2,1,1994,0,0,0,0,0,0,0,0,0,0
290404,1,1,1994,20,12,9,13,18,28,8,9,18,28
290406,1,1,1994,0,0,0,0,0,0,0,8,0,0
290406,2,1,1994,10,0,0,0,0,0,11,0,0,0
290406,3,1,1994,0,0,0,0,0,0,0,0,0,0
290407,1,1,1994,0,0,0,0,0,0,0,0,0,0
290407,2,1,1994,18,0,0,0,0,0,0,0,0,0
290407,3,1,1994,0,0,0,0,0,0,0,0,0,0
290408,1,1,1994,10,25,20,6,35,35,13,24,22,18
290409,0,1,1994,0,0,0,0,0,0,0,0,0,0
290409,1,1,1994,29,5,26,9,7,0,4,21,13,18
290410,1,1,1994,0,0,0,0,0,0,0,0,0,0
290410,2,1,1994,0,0,8,0,0,0,0,0,0,0
290411,0,1,1994,0,0,0,0,0,0,0,0,0,0
290411,1,1,1994,0,0,0,0,0,0,0,0,0,0
290412,1,1,1994,8,8,8,8,8,8,8,8,8,8
290413,1,1,1994,28,6,24,32,15,13,13,13,26,18
290414,1,1,1994,19,19,19,19,19,19,19,19,19,19
290415,1,1,1994,13,28,13,14,10,20,29,24,20,0
290416,1,1,1994,0,0,0,0,0,0,0,0,0,0
290417,1,1,1994,0,0,0,0,0,0,0,0,0,0
290417,2,1,1994,0,0,0,0,0,0,0,0,0,0
290418,1,1,1994,0,0,0,0,0,0,0,0,0,0
290418,2,1,1994,12,0,0,0,0,0,0,0,0,0
290418,3,1,1994,0,6,0,0,0,0,0,0,0,0
290419,1,1,1994,17,17,17,17,17,17,17,17,17,17
290420,1,1,1994,0,0,0,0,0,0,0,0,0,0
290421,1,1,1994,14,0,0,0,0,16,30,22,0,8
290421,2,1,1994,10,0,0,0,0,16,0,0,25,0
290422,1,1,1994,0,0,0,0,36,29,0,0,10,19
290422,2,1,1994,0,0,0,0,0,0,0,0,0,0
290423,1,1,1994,0,0,0,0,0,0,0,0,0,14
290423,2,1,1994,0,0,0,0,0,0,0,0,0,0
290424,1,1,1994,4,0,0,0,0,0,0,12,0,0