ST_CASE,VEH_NO,PER_NO,YEAR,P1,P2,P3,P4,P5,P6,P7,P8,P9,P10
290425,1,1,1994,0,0,0,0,9,0,0,0,0,0
290425,2,1,1994,0,0,0,0,0,0,0,0,0,0
290426,1,1,1994,0,0,0,0,0,0,0,33,9,18
290426,2,1,1994,0,0,0,0,0,0,0,0,0,0
290427,0,1,1994,3,12,0,8,0,26,0,0,0,0
290427,1,1,1994,23,23,23,23,23,23,23,23,23,23
290428,1,1,1994,0,0,0,0,0,0,0,0,8,0
290429,1,1,1994,0,0,0,0,0,0,0,0,0,0
290430,1,1,1994,29,29,29,29,29,29,29,29,29,29
290431,1,1,1994,0,0,0,0,0,0,0,0,0,0
290432,1,1,1994,0,0,0,0,0,0,0,0,0,0
290432,2,1,1994,0,0,0,2,0,0,0,0,0,0
290433,1,1,1994,0,0,0,0,0,0,0,0,0,0
290434,1,1,1994,0,0,0,0,0,0,0,22,0,0
290434,2,1,1994,0,0,10,0,0,0,0,0,0,0
290435,1,1,1994,12,12,12,12,12,12,12,12,12,12
290436,1,1,1994,0,11,0,0,0,3,0,0,6,0
290437,1,1,1994,0,0,5,0,10,0,21,0,25,0
290438,1,1,1994,19,12,21,9,15,11,12,4,16,16
290439,1,1,1994,10,0,0,16,38,0,33,18,0,28
290440,1,1,1994,19,7,13,3,0,8,23,35,10,19
290440,2,1,1994,0,0,0,0,0,0,0,0,0,0
290441,1,1,1994,0,19,0,0,16,0,26,0,0,0
290441,2,1,1994,0,0,0,0,0,19,19,20,0,8
290442,1,1,1994,26,26,26,26,26,26,26,26,26,26
290443,1,1,1994,0,0,0,0,9,0,12,0,0,0
290444,1,1,1994,0,0,0,0,0,0,0,0,0,0
290444,2,1,1994,0,0,0,0,0,0,0,0,0,0
290445,1,1,1994,12,19,17,14,16,8,8,14,16,16
290445,2,1,1994,0,0,0,0,0,0,0,0,0,0
290446,1,1,1994,5,12,0,21,16,7,0,36,22,8
290447,1,1,1994,0,0,0,0,0,0,0,0,0,0
290448,1,1,1994,14,14,14,14,14,14,14,14,14,14
290448,2,1,1994,0,0,0,0,29,0,0,0,5,0
290449,1,1,1994,14,14,14,14,14,14,14,14,14,14
290449,2,1,1994,0,0,0,0,23,0,13,0,0,0
290449,3,1,1994,12,0,0,0,22,0,0,16,20,0
290450,1,1,1994,14,13,5,4,5,0,10,0,20,4
290450,2,1,1994,0,0,0,0,11,0,0,0,0,14
290451,1,1,1994,0,0,0,0,0,0,0,0,0,0
290452,1,1,1994,10,10,10,10,10,10,10,10,10,10
290453,1,1,1994,21,11,21,13,20,14,23,22,18,13
290454,1,1,1994,0,0,0,0,0,0,0,0,17,0
290455,1,1,1994,38,38,38,38,38,38,38,38,38,38
290456,1,1,1994,14,0,27,26,8,0,14,18,15,5
290457,1,1,1994,29,29,29,29,29,29,29,29,29,29
290458,1,1,1994,14,14,14,14,14,14,14,14,14,14
290458,2,1,1994,0,0,0,0,0,0,0,0,0,0
290459,1,1,1994,0,0,0,0,0,28,0,0,0,0
290459,2,1,1994,0,0,0,0,0,0,0,0,0,0
290460,1,1,1994,0,0,0,0,0,0,0,0,0,0
290460,2,1,1994,0,0,0,0,0,0,0,0,0,0
290460,3,1,1994,0,0,0,0,0,0,0,0,0,0
290461,1,1,1994,17,17,17,17,17,17,17,17,17,17
290462,1,1,1994,0,0,0,0,0,0,0,0,0,0
290463,1,1,1994,0,0,0,0,15,0,16,14,0,14
290464,1,1,1994,0,0,0,0,0,0,0,0,0,0
290464,2,1,1994,0,0,7,0,15,21,0,0,0,0
290464,3,1,1994,0,0,0,0,0,29,15,0,14,0
290465,1,1,1994,29,29,29,29,29,29,29,29,29,29
290465,2,1,1994,0,0,0,0,0,0,0,0,0,0
290465,3,1,1994,0,13,0,0,0,22,0,0,0,0
290465,4,1,1994,0,0,0,4,0,17,0,0,0,0
290466,1,1,1994,17,17,17,17,17,17,17,17,17,17
290466,2,1,1994,0,0,0,0,0,0,0,0,0,0
290467,1,1,1994,9,9,9,9,9,9,9,9,9,9
290468,1,1,1994,23,23,23,23,23,23,23,23,23,23
290469,1,1,1994,16,16,16,16,16,16,16,16,16,16
290470,1,1,1994,0,0,0,0,0,0,0,0,0,0
290470,2,1,1994,0,0,0,0,0,0,0,0,0,0
290471,1,1,1994,0,0,0,0,0,0,0,0,0,0
290472,1,1,1994,0,0,0,0,0,0,0,0,0,0
290473,1,1,1994,0,0,0,0,0,0,0,0,0,0
290474,1,1,1994,28,28,28,28,28,28,28,28,28,28
290475,1,1,1994,0,0,0,0,0,0,0,0,0,0
290475,2,1,1994,0,0,0,0,7,0,0,0,0,4
290476,1,1,1994,0,0,0,0,0,0,0,0,0,0
290476,2,1,1994,0,0,0,0,0,0,0,0,0,0
290477,1,1,1994,0,0,0,0,0,5,0,0,0,0
290477,2,1,1994,0,0,0,0,0,0,0,0,0,0
290478,1,1,1994,12,0,0,20,0,0,0,0,14,10
290479,1,1,1994,23,7,23,21,28,3,13,8,19,22
290480,1,1,1994,13,13,13,13,13,13,13,13,13,13
290481,0,1,1994,0,0,0,0,0,0,0,0,0,0
290481,1,1,1994,0,0,0,2,0,0,0,0,0,0
290482,1,1,1994,25,25,25,25,25,25,25,25,25,25
290482,2,1,1994,10,10,10,10,10,10,10,10,10,10
290483,1,1,1994,9,9,9,9,9,9,9,9,9,9
290484,1,1,1994,0,0,0,0,0,0,0,0,0,11
290484,2,1,1994,24,0,27,0,0,10,18,23,19,0
290485,1,1,1994,17,17,17,17,17,17,17,17,17,17
290486,1,1,1994,0,0,0,0,0,0,0,0,0,0
290487,1,1,1994,0,0,0,0,0,0,0,0,0,0
290488,1,1,1994,0,0,0,0,0,0,0,0,0,0
290488,2,1,1994,0,0,0,0,0,0,0,0,0,6
290489,1,1,1994,8,15,5,0,0,4,0,18,11,11
290489,2,1,1994,0,0,0,0,0,0,0,0,0,0
290489,3,1,1994,0,0,0,0,0,0,0,0,0,0
290490,0,1,1994,36,36,36,36,36,36,36,36,36,36
290490,1,1,1994,6,17,10,0,10,0,6,0,12,3
290491,1,1,1994,3,3,3,3,3,3,3,3,3,3
290492,1,1,1994,0,0,0,0,0,0,0,0,0,0
290492,2,1,1994,0,0,0,0,0,0,0,0,0,0
290493,1,1,1994,0,0,0,0,0,0,0,0,0,0
290493,2,1,1994,0,0,0,0,0,0,0,0,0,0
290494,1,1,1994,0,0,0,0,0,0,0,0,0,0
290495,1,1,1994,10,13,2,36,7,12,9,14,17,7
290496,1,1,1994,0,0,0,0,0,0,0,0,0,0
290496,2,1,1994,12,12,12,12,12,12,12,12,12,12
290497,1,1,1994,21,21,21,21,21,21,21,21,21,21
290498,1,1,1994,27,27,27,27,27,27,27,27,27,27
290499,1,1,1994,0,0,0,0,0,0,0,0,0,0
290499,2,1,1994,0,0,0,0,0,0,9,0,0,0
290500,1,1,1994,0,0,0,0,0,0,0,0,0,0
290501,1,1,1994,0,0,0,0,0,0,0,0,0,0
290502,1,1,1994,0,0,0,0,0,0,0,0,0,0
290502,2,1,1994,0,0,15,0,0,0,0,0,8,0
290503,0,1,1994,0,0,0,0,0,0,0,0,0,0
290503,1,1,1994,0,0,0,0,0,0,0,0,0,0
290504,1,1,1994,0,0,0,0,0,0,0,0,0,0
290505,1,1,1994,0,0,0,0,0,0,0,0,0,0
290506,1,1,1994,0,0,18,0,0,0,0,0,0,0
290506,2,1,1994,0,0,0,14,1,20,0,0,5,0
290507,1,1,1994,0,0,0,0,0,0,0,0,0,0
290508,1,1,1994,0,0,0,0,22,4,0,12,0,0
290508,2,1,1994,0,0,0,0,0,0,0,0,0,0
290509,1,1,1994,0,0,0,0,0,0,0,0,12,0
290510,1,1,1994,3,13,19,27,12,19,12,24,9,10
290511,1,1,1994,0,0,13,10,17,0,14,31,3,0
290512,0,1,1994,0,0,0,0,0,0,0,0,0,0
290512,1,1,1994,0,0,0,0,0,0,0,0,0,0
290513,1,1,1994,0,0,0,0,0,0,0,0,0,0
290513,2,1,1994,0,0,0,0,0,0,0,0,0,0
290514,1,1,1994,13,13,13,13,13,13,13,13,13,13
290515,1,1,1994,26,26,26,26,26,26,26,26,26,26
290515,2,1,1994,0,0,0,0,0,0,0,0,0,0
290516,1,1,1994,0,0,0,0,0,0,0,0,0,0
290517,1,1,1994,26,26,26,26,26,26,26,26,26,26
290518,1,1,1994,0,12,19,20,19,36,21,17,19,11
290519,1,1,1994,23,23,23,23,23,23,23,23,23,23
290519,2,1,1994,0,19,19,0,0,15,0,12,7,0
290520,1,1,1994,0,0,0,0,0,0,0,0,0,0
290520,2,1,1994,0,0,0,0,0,0,0,0,0,0
290521,1,1,1994,0,0,0,0,0,0,0,0,0,0
290521,2,1,1994,14,0,0,0,0,0,0,0,0,0
290522,1,1,1994,0,0,0,0,0,0,8,5,0,13
290524,1,1,1994,0,0,0,0,0,0,0,0,0,0
290524,2,1,1994,0,0,0,0,0,0,0,0,0,0
290525,0,1,1994,0,0,0,0,0,0,0,0,0,0
290525,1,1,1994,0,0,0,0,0,0,0,22,0,0
290526,1,1,1994,13,29,13,0,35,0,0,17,23,18
290526,2,1,1994,0,0,0,0,0,0,7,0,0,0
290527,1,1,1994,0,0,0,0,0,0,0,0,0,0
290527,2,1,1994,0,0,0,0,0,0,0,0,0,0
290528,1,1,1994,7,0,13,8,17,9,0,19,17,23
290528,2,1,1994,0,0,0,9,0,20,0,0,30,0
290529,1,1,1994,0,0,0,0,0,0,0,0,0,0
290529,2,1,1994,0,0,0,0,13,0,0,0,0,0
290530,1,1,1994,0,0,0,0,0,0,0,0,0,0
290530,2,1,1994,2,18,16,0,18,17,0,18,23,0
290531,0,1,1994,0,0,0,0,0,0,0,0,0,0
290531,1,1,1994,24,9,0,8,15,14,7,18,9,8
290532,1,1,1994,20,20,20,20,20,20,20,20,20,20
290533,1,1,1994,0,0,0,0,0,0,0,0,0,0
290533,2,1,1994,0,0,0,0,0,0,0,6,0,0
290534,1,1,1994,0,0,0,0,0,0,0,0,0,0
290534,2,1,1994,0,0,0,0,0,0,0,0,0,0
290535,1,1,1994,0,0,0,0,0,0,0,0,0,0
290535,2,1,1994,0,10,0,0,0,0,6,0,0,0
290536,1,1,1994,13,13,13,13,13,13,13,13,13,13
290536,2,1,1994,0,0,0,0,0,0,0,0,0,16
290536,3,1,1994,0,0,0,0,0,0,0,0,0,0
290537,1,1,1994,25,16,28,0,0,13,11,7,17,0
290538,1,1,1994,0,0,0,0,0,0,0,0,0,0
290539,1,1,1994,0,0,0,0,0,0,0,0,0,0
290539,2,1,1994,5,5,5,5,5,5,5,5,5,5
290540,1,1,1994,0,0,0,0,0,0,0,0,0,0
290540,2,1,1994,0,0,0,0,0,0,0,0,0,0
290541,1,1,1994,0,0,0,0,0,0,0,0,0,0
290541,2,1,1994,0,0,0,0,0,0,0,0,0,0
290542,1,1,1994,0,0,0,18,8,8,0,17,0,0
290543,1,1,1994,6,0,0,0,0,8,0,0,0,0
290543,2,1,1994,0,0,0,0,0,0,0,0,0,0
290544,1,1,1994,5,5,5,5,5,5,5,5,5,5
290545,1,1,1994,5,5,5,5,5,5,5,5,5,5
290546,1,1,1994,0,0,0,0,0,0,0,0,0,0
290546,2,1,1994,0,19,0,0,0,0,0,0,0,0
290546,3,1,1994,0,0,3,0,0,0,0,0,0,0
290547,1,1,1994,13,13,13,13,13,13,13,13,13,13
290548,1,1,1994,10,10,10,10,10,10,10,10,10,10
290549,1,1,1994,0,9,0,9,0,0,19,20,0,0
290550,0,1,1994,9,9,9,9,9,9,9,9,9,9
290550,1,1,1994,0,0,0,0,0,0,10,0,17,0
290551,1,1,1994,12,0,0,0,6,0,0,0,7,0
290552,0,1,1994,16,16,16,16,16,16,16,16,16,16
290552,1,1,1994,0,0,0,0,0,0,0,0,0,0
290553,1,1,1994,0,0,0,0,6,0,0,0,0,0
290553,2,1,1994,0,0,0,0,0,0,0,0,0,0
290554,0,1,1994,34,0,0,0,0,0,0,0,0,0
290554,1,1,1994,0,0,0,0,0,0,0,0,0,0
290555,1,1,1994,14,14,14,14,14,14,14,14,14,14
290556,1,1,1994,0,0,0,0,0,0,0,0,0,0
290556,2,1,1994,0,0,0,0,0,0,0,0,0,0
290557,1,1,1994,17,17,17,17,17,17,17,17,17,17
290557,2,1,1994,0,0,0,0,0,0,0,0,0,0
290558,1,1,1994,10,10,10,10,10,10,10,10,10,10
290558,2,1,1994,0,0,0,0,0,0,0,0,0,0
290559,1,1,1994,26,26,26,26,26,26,26,26,26,26
290560,1,1,1994,0,0,0,0,0,0,0,0,14,0
290561,1,1,1994,0,0,0,0,0,0,0,0,0,0
290562,1,1,1994,0,0,0,0,0,0,0,7,0,0
290563,1,1,1994,0,0,0,0,0,0,0,0,0,0
290564,0,1,1994,43,43,43,43,43,43,43,43,43,43
290564,1,1,1994,0,0,0,0,0,0,0,0,0,0
290565,1,1,1994,0,0,0,0,0,0,0,0,0,0
290566,1,1,1994,6,13,0,8,13,17,6,15,15,9
290567,1,1,1994,0,0,0,0,0,0,0,0,0,0
290567,2,1,1994,0,0,0,21,0,0,0,12,21,0
290568,1,1,1994,0,0,0,0,0,0,0,0,0,0
290569,1,1,1994,10,10,10,10,10,10,10,10,10,10
290570,1,1,1994,22,0,0,0,0,0,0,0,0,14
290570,2,1,1994,17,17,17,17,17,17,17,17,17,17
290571,1,1,1994,20,20,20,20,20,20,20,20,20,20
290572,1,1,1994,25,25,25,25,25,25,25,25,25,25
290573,1,1,1994,0,0,0,0,0,0,0,0,0,0
290573,2,1,1994,0,8,0,0,35,0,0,0,0,0
290574,1,1,1994,0,0,5,0,0,0,0,0,0,0
290575,1,1,1994,20,20,20,20,20,20,20,20,20,20
290576,1,1,1994,0,0,0,0,0,12,0,0,5,0
290576,2,1,1994,0,0,0,0,0,0,0,0,0,0
290577,1,1,1994,0,0,0,0,0,0,0,0,0,0
290578,1,1,1994,24,24,24,24,24,24,24,24,24,24
290578,2,1,1994,0,0,0,0,0,0,0,0,0,0
290579,1,1,1994,0,0,0,0,0,0,0,21,27,0
290579,2,1,1994,0,0,0,0,0,0,0,0,0,0
290580,1,1,1994,30,30,30,30,30,30,30,30,30,30
290581,1,1,1994,0,0,0,0,0,0,0,0,0,0
290582,1,1,1994,0,0,0,12,0,22,0,0,0,0
290582,2,1,1994,0,0,0,0,0,0,0,0,0,0
290583,1,1,1994,17,17,17,17,17,17,17,17,17,17
290584,1,1,1994,27,27,27,27,27,27,27,27,27,27
290585,1,1,1994,0,0,0,0,8,0,10,0,0,14
290586,1,1,1994,19,19,19,19,19,19,19,19,19,19
290587,1,1,1994,10,10,10,10,10,10,10,10,10,10
290587,2,1,1994,0,14,0,0,0,8,16,0,0,0
290588,1,1,1994,0,0,0,0,0,0,0,0,0,0
290589,1,1,1994,27,27,27,27,27,27,27,27,27,27
290590,1,1,1994,8,8,8,8,8,8,8,8,8,8
290591,1,1,1994,15,15,15,15,15,15,15,15,15,15
290591,2,1,1994,0,10,10,0,7,0,0,13,0,16
290592,1,1,1994,6,6,6,6,6,6,6,6,6,6
290593,1,1,1994,0,0,0,0,0,0,0,0,0,0
290594,0,1,1994,24,0,0,0,0,0,9,0,0,0
290594,1,1,1994,0,0,0,0,0,0,0,0,0,0
290595,1,1,1994,21,21,21,21,21,21,21,21,21,21
290595,2,1,1994,0,0,0,0,0,13,0,16,0,0
290596,1,1,1994,19,19,19,19,19,19,19,19,19,19
290597,1,1,1994,0,13,0,0,0,0,0,0,0,0
290597,2,1,1994,0,0,27,0,0,0,0,0,0,0
290598,1,1,1994,0,0,0,0,0,0,0,0,0,0
290599,1,1,1994,0,0,0,0,0,0,0,0,0,0
290600,1,1,1994,17,17,17,17,17,17,17,17,17,17
290601,1,1,1994,30,9,30,28,31,10,21,22,23,0
290602,1,1,1994,0,0,0,0,0,0,0,0,0,0
290603,1,1,1994,17,25,14,29,16,10,12,17,17,4
290604,0,1,1994,0,0,0,0,0,0,0,0,0,0
290604,1,1,1994,0,0,0,0,0,0,0,0,0,0
290605,1,1,1994,0,0,0,0,12,12,0,0,0,0
290606,1,1,1994,29,29,29,29,29,29,29,29,29,29
290607,1,1,1994,0,0,0,0,0,0,0,0,0,0
290608,1,1,1994,13,13,13,13,13,13,13,13,13,13
290609,1,1,1994,0,0,0,0,0,0,0,0,4,0
290609,2,1,1994,0,0,0,0,0,0,12,0,0,0
290610,1,1,1994,0,0,0,0,0,0,0,0,19,0
290610,2,1,1994,0,0,0,0,0,0,0,0,0,0
290610,3,1,1994,0,0,0,0,0,0,0,0,0,0
290611,1,1,1994,0,0,0,0,0,0,0,0,0,0
290611,2,1,1994,0,2,0,0,0,0,0,0,0,0
290611,3,1,1994,0,0,0,0,0,0,0,0,0,5
290612,1,1,1994,0,0,0,0,0,0,0,0,0,0
290613,1,1,1994,0,0,0,0,0,0,0,0,0,0
290614,1,1,1994,0,0,0,23,0,0,0,0,0,0
290614,2,1,1994,30,30,30,30,30,30,30,30,30,30
290615,1,1,1994,16,16,16,16,16,16,16,16,16,16
290616,1,1,1994,15,15,15,15,15,15,15,15,15,15
290617,1,1,1994,18,0,0,0,19,14,0,10,16,13
290617,2,1,1994,0,0,0,0,0,0,24,0,0,0
290618,0,1,1994,24,24,24,24,24,24,24,24,24,24
290618,1,1,1994,0,0,0,0,0,0,0,0,0,0
290619,1,1,1994,0,0,0,0,0,0,0,0,0,0
290619,2,1,1994,0,0,0,0,0,0,0,0,0,0
290620,1,1,1994,0,0,0,0,0,0,7,0,3,0
290620,2,1,1994,0,0,0,0,0,0,0,0,0,0
290621,1,1,1994,0,0,12,0,0,13,0,0,0,0
290621,2,1,1994,0,0,22,0,0,0,0,0,0,0
290622,1,1,1994,0,0,0,0,15,0,8,0,0,17
290622,2,1,1994,0,0,0,0,0,0,0,0,0,0
290623,1,1,1994,0,0,0,0,0,0,0,0,0,0
290623,2,1,1994,0,0,0,0,0,0,34,0,0,0
290624,1,1,1994,15,0,30,29,25,0,25,10,14,14
290625,1,1,1994,15,0,0,0,0,0,0,23,0,0
290625,2,1,1994,0,0,0,0,0,0,0,0,0,0
290626,1,1,1994,17,6,15,10,22,8,20,6,11,0
290627,1,1,1994,29,29,29,29,29,29,29,29,29,29
290628,1,1,1994,0,10,0,0,0,0,0,0,16,0
290628,2,1,1994,0,0,0,0,25,0,0,0,8,0
290629,1,1,1994,0,0,0,0,0,0,0,0,0,0
290630,1,1,1994,0,0,0,0,0,0,0,0,0,0
290630,2,1,1994,0,0,0,0,0,0,0,0,0,0
290631,1,1,1994,0,0,0,0,0,0,0,0,0,0
290631,2,1,1994,0,0,0,0,0,0,0,0,0,0
290631,3,1,1994,0,0,0,0,0,0,0,0,0,0
290631,4,1,1994,0,0,0,0,0,0,0,0,0,0
290632,1,1,1994,14,14,14,14,14,14,14,14,14,14
290633,1,1,1994,0,0,0,0,0,0,0,0,0,0
290634,1,1,1994,0,0,0,0,0,0,14,0,0,0
290635,1,1,1994,0,0,0,0,0,0,0,0,0,0
290635,2,1,1994,0,0,0,0,0,0,0,0,0,0
290636,1,1,1994,30,30,30,30,30,30,30,30,30,30
290636,2,1,1994,17,17,17,17,17,17,17,17,17,17
290637,1,1,1994,0,0,0,0,0,0,0,0,0,0
290638,1,1,1994,0,9,32,0,4,0,5,16,9,6
290639,1,1,1994,0,23,0,0,30,0,0,0,0,18
290640,1,1,1994,23,23,23,23,23,23,23,23,23,23
290641,1,1,1994,17,11,13,11,31,10,23,17,23,10
290642,1,1,1994,16,16,16,16,16,16,16,16,16,16
290643,1,1,1994,23,23,23,23,23,23,23,23,23,23
290644,1,1,1994,0,0,0,0,0,0,20,0,0,0
290644,2,1,1994,0,0,0,0,0,0,0,0,0,0
290645,1,1,1994,16,22,12,19,24,14,19,0,15,26
290646,1,1,1994,3,19,17,0,29,13,0,27,13,13
290646,2,1,1994,0,0,10,0,0,0,0,0,0,0
290647,1,1,1994,11,11,11,11,11,11,11,11,11,11
290647,2,1,1994,0,0,0,0,0,0,0,0,0,0
290648,1,1,1994,35,34,21,14,23,13,33,19,10,20
290649,0,1,1994,0,0,20,0,9,16,0,25,0,60
290649,0,2,1994,0,0,9,35,32,0,14,15,12,24
290649,1,1,1994,10,18,15,0,19,14,6,15,11,13
290650,1,1,1994,0,0,0,0,0,0,0,0,0,0
290650,2,1,1994,0,0,0,0,0,0,0,0,0,0
290651,1,1,1994,0,0,27,13,0,0,0,28,19,0
290651,2,1,1994,0,0,0,0,0,0,0,0,0,0
290652,1,1,1994,24,9,0,19,20,22,0,23,0,0
290652,2,1,1994,0,0,0,0,0,0,0,0,0,0
290653,1,1,1994,11,11,11,11,11,11,11,11,11,11
290654,1,1,1994,5,5,5,5,5,5,5,5,5,5
290654,2,1,1994,0,0,0,0,0,0,0,0,0,0
290654,3,1,1994,0,0,0,0,0,0,0,0,0,0
290655,1,1,1994,0,0,0,0,0,0,0,0,0,0
290655,2,1,1994,0,0,0,0,0,0,0,0,0,0
290656,0,1,1994,0,0,0,0,0,0,0,0,0,0
290656,1,1,1994,0,0,0,0,0,0,0,0,0,0
290657,1,1,1994,0,0,0,0,0,0,0,0,0,0
290657,2,1,1994,0,0,0,0,0,0,0,0,0,0
290658,1,1,1994,0,0,0,0,0,25,0,0,0,0
290658,2,1,1994,0,0,0,0,0,0,0,0,0,0
290659,1,1,1994,24,24,24,24,24,24,24,24,24,24
290659,2,1,1994,0,4,0,0,0,0,15,0,0,0
290660,1,1,1994,0,0,0,0,0,0,0,0,0,0
290661,1,1,1994,0,0,0,0,0,0,0,0,0,0
290662,1,1,1994,0,0,0,0,0,0,0,0,0,0
290662,2,1,1994,0,0,0,0,0,0,0,0,0,0
290663,0,1,1994,0,0,0,0,0,0,0,0,0,0
290664,1,1,1994,18,18,18,18,18,18,18,18,18,18
290665,1,1,1994,15,15,15,15,15,15,15,15,15,15
290666,1,1,1994,13,13,13,13,13,13,13,13,13,13
290667,1,1,1994,2,2,2,2,2,2,2,2,2,2
290668,1,1,1994,19,17,19,0,0,11,0,10,8,15
290669,1,1,1994,22,22,22,22,22,22,22,22,22,22
290670,1,1,1994,24,0,6,0,0,0,0,16,0,0
290670,2,1,1994,0,0,0,0,0,0,0,11,0,0
290671,0,1,1994,0,0,0,0,0,0,0,0,0,0
290671,1,1,1994,0,0,0,0,0,0,14,0,0,0
290672,1,1,1994,21,21,21,21,21,21,21,21,21,21
290672,2,1,1994,11,21,13,13,30,0,0,0,16,0
290673,1,1,1994,0,0,0,0,0,0,0,0,0,0
290673,2,1,1994,0,0,0,0,0,0,0,0,0,0
290674,1,1,1994,0,0,0,0,0,0,0,0,0,11
290674,2,1,1994,0,0,0,0,0,0,0,0,0,0
290674,3,1,1994,0,0,0,0,0,0,0,0,0,0
290675,1,1,1994,0,0,0,0,0,0,0,0,0,0
290675,2,1,1994,0,0,0,0,0,0,0,0,0,0
290676,1,1,1994,18,18,18,18,18,18,18,18,18,18
290676,2,1,1994,0,0,0,0,0,0,0,0,0,22
290677,1,1,1994,0,0,0,0,0,0,0,0,0,0
290677,2,1,1994,0,0,0,0,0,0,0,0,0,0
290678,1,1,1994,0,0,0,0,0,0,0,0,0,0
290678,2,1,1994,11,0,0,23,12,0,0,0,0,0
290679,1,1,1994,0,0,0,0,19,0,0,0,0,0
290679,2,1,1994,0,0,0,0,0,0,0,0,0,0
290680,1,1,1994,6,24,0,0,0,0,36,15,0,0
290681,1,2,1994,0,20,0,0,22,0,9,11,27,0
290682,0,1,1994,35,35,35,35,35,35,35,35,35,35
290682,1,1,1994,0,0,21,0,0,0,0,0,0,0
290683,1,1,1994,0,0,0,14,0,0,15,0,0,0
290683,2,1,1994,0,0,0,0,0,0,0,0,0,0
290684,1,1,1994,16,0,0,0,0,0,0,0,0,0
290685,1,1,1994,0,0,0,0,0,0,21,0,0,0
290685,2,1,1994,0,0,0,0,0,0,0,0,0,0
290686,1,1,1994,23,23,23,23,23,23,23,23,23,23
290686,2,1,1994,0,0,0,3,0,0,0,0,0,0
290687,1,1,1994,0,0,0,0,26,0,12,0,0,17
290688,0,1,1994,0,0,0,0,0,0,0,0,0,0
290688,1,1,1994,0,0,0,9,0,0,0,0,1,0
290689,1,1,1994,0,0,0,0,0,0,0,0,0,0
290690,1,1,1994,17,17,17,17,17,17,17,17,17,17
290691,1,1,1994,0,0,0,0,0,0,0,0,0,0
290691,2,1,1994,0,0,0,0,0,0,0,0,0,0
290691,3,1,1994,0,0,0,0,0,0,0,0,0,0
290692,1,1,1994,0,0,0,0,0,0,0,0,22,0
290692,2,1,1994,0,0,0,0,0,0,0,0,0,0
290693,1,1,1994,13,13,13,13,13,13,13,13,13,13
290694,1,1,1994,0,0,0,14,0,0,0,0,0,0
290694,2,1,1994,0,0,0,0,0,0,0,0,0,0
290695,1,1,1994,0,0,0,0,0,0,0,0,0,0
290695,2,1,1994,0,0,20,0,0,0,0,0,0,0
290695,3,1,1994,0,0,0,0,0,0,0,0,0,0
290696,1,1,1994,0,0,0,0,0,0,0,0,0,0
290697,1,1,1994,43,43,43,43,43,43,43,43,43,43
290698,1,1,1994,24,0,0,0,42,37,25,17,31,23
290699,1,1,1994,8,8,8,8,8,8,8,8,8,8
290699,2,1,1994,0,0,0,0,0,0,0,0,0,0
290700,1,1,1994,6,6,6,6,6,6,6,6,6,6
290700,2,1,1994,0,0,0,0,0,0,0,0,0,0
290701,1,1,1994,17,17,17,17,17,17,17,17,17,17
290702,1,1,1994,0,0,0,0,0,0,0,0,0,0
290703,1,1,1994,27,27,27,27,27,27,27,27,27,27
290704,1,1,1994,4,4,4,4,4,4,4,4,4,4
290705,1,1,1994,0,0,0,0,0,0,0,0,0,0
290705,2,1,1994,0,0,0,0,0,0,0,0,0,0
290706,1,1,1994,0,0,0,0,0,0,0,0,0,0
290706,2,1,1994,0,0,0,0,0,0,0,0,0,0
290707,1,1,1994,21,0,8,0,12,16,0,10,20,0
290708,1,1,1994,0,0,0,0,0,0,0,0,0,0
290709,1,1,1994,27,27,27,27,27,27,27,27,27,27
290710,1,1,1994,0,0,0,0,0,0,0,0,0,0
290710,2,1,1994,0,0,0,0,0,0,0,0,0,0
290711,1,1,1994,0,0,0,17,0,0,0,0,0,0
290712,1,1,1994,0,0,0,0,0,0,0,0,0,0
290712,2,1,1994,0,0,0,0,23,0,22,0,0,0
290713,1,1,1994,17,17,17,17,17,17,17,17,17,17
290713,2,1,1994,0,0,22,0,0,16,0,0,17,0
290713,3,1,1994,18,0,0,0,0,0,0,0,0,0
290713,4,1,1994,0,0,0,0,0,0,6,0,0,0
290714,0,1,1994,28,28,28,28,28,28,28,28,28,28
290714,1,1,1994,0,0,0,0,0,0,0,0,0,0
290715,1,1,1994,31,31,31,31,31,31,31,31,31,31
290716,1,1,1994,0,0,0,0,0,0,0,0,0,0
290716,2,1,1994,0,0,0,0,0,0,0,0,0,0
290716,3,1,1994,0,0,0,0,0,0,0,0,0,0
290717,1,1,1994,11,11,11,11,11,11,11,11,11,11