ST_CASE,VEH_NO,PER_NO,YEAR,P1,P2,P3,P4,P5,P6,P7,P8,P9,P10
290718,1,1,1994,0,0,0,0,0,0,0,0,0,0
290718,2,1,1994,0,0,0,0,0,0,0,0,0,0
290719,1,1,1994,0,0,0,0,0,0,0,0,0,0
290719,2,1,1994,0,0,0,0,0,0,0,0,0,0
290720,1,1,1994,0,0,0,0,0,0,0,0,0,0
290721,1,1,1994,0,0,0,0,0,0,0,0,0,0
290722,0,1,1994,13,13,13,13,13,13,13,13,13,13
290722,1,1,1994,0,0,0,0,0,0,0,0,0,0
290723,1,1,1994,0,29,0,0,0,0,0,0,15,0
290725,1,1,1994,0,0,0,0,0,0,0,0,0,0
290726,1,1,1994,0,0,0,0,0,0,0,0,0,0
290727,1,1,1994,0,0,0,0,0,0,0,0,0,0
290727,2,1,1994,6,6,6,6,6,6,6,6,6,6
290728,1,1,1994,20,29,21,0,13,11,20,10,24,21
290728,2,1,1994,0,0,3,0,0,0,8,0,0,9
290729,0,1,1994,0,0,0,0,0,0,0,0,0,0
290729,1,1,1994,0,0,0,0,0,0,0,0,0,0
290730,1,1,1994,0,0,0,0,0,0,0,0,0,0
290730,2,1,1994,0,0,0,0,0,0,0,0,0,0
290731,1,1,1994,0,0,0,0,0,0,0,0,0,0
290731,2,1,1994,0,0,0,0,0,4,0,0,9,0
290731,3,1,1994,0,0,0,0,7,0,24,0,0,0
290731,4,1,1994,0,0,0,0,0,0,0,0,0,6
290732,1,1,1994,0,0,10,2,0,0,0,0,0,0
290732,2,1,1994,14,14,14,14,14,14,14,14,14,14
290733,1,1,1994,8,8,8,8,8,8,8,8,8,8
290734,1,1,1994,0,9,0,0,0,6,0,0,0,0
290734,2,1,1994,0,0,0,0,0,0,0,0,0,0
290734,3,1,1994,0,15,18,23,16,8,5,25,20,7
290735,1,1,1994,15,18,0,14,26,16,15,12,16,41
290736,1,1,1994,20,20,20,20,20,20,20,20,20,20
290736,2,1,1994,5,5,5,5,5,5,5,5,5,5
290737,1,1,1994,0,0,0,0,21,0,30,0,0,0
290738,1,1,1994,0,0,0,0,0,0,0,0,0,0
290738,2,1,1994,0,0,0,0,0,0,0,0,0,0
290739,1,1,1994,0,0,0,0,0,0,0,0,0,0
290739,2,1,1994,0,0,0,0,0,0,0,0,0,0
290740,1,1,1994,0,0,0,0,0,0,0,0,0,0
290740,2,1,1994,0,0,0,0,0,0,0,0,0,0
290741,0,1,1994,0,35,0,0,0,39,21,17,0,0
290741,1,1,1994,0,0,0,0,0,0,0,0,0,0
290742,1,1,1994,0,0,0,0,0,0,0,0,0,0
290742,2,1,1994,0,0,0,0,0,0,0,0,0,0
290742,3,1,1994,0,0,15,0,0,9,0,0,0,0
290742,4,1,1994,0,0,0,0,0,0,0,0,21,0
290742,5,1,1994,0,0,0,0,9,0,0,0,0,0
290743,1,1,1994,26,26,26,26,26,26,26,26,26,26
290744,0,1,1994,0,0,0,19,0,0,0,31,34,0
290744,1,1,1994,0,0,0,0,0,0,0,0,0,0
290745,0,1,1994,0,0,0,0,0,0,0,0,0,0
290745,1,1,1994,0,0,0,25,32,0,0,0,0,14
290746,0,1,1994,10,10,10,10,10,10,10,10,10,10
290746,1,1,1994,12,24,27,21,20,0,33,0,25,24
290747,0,1,1994,4,4,4,4,4,4,4,4,4,4
290747,1,1,1994,0,0,0,0,15,0,0,0,0,0
290748,1,1,1994,18,18,18,18,18,18,18,18,18,18
290749,1,1,1994,0,0,0,0,0,0,0,0,0,0
290749,2,1,1994,20,20,20,20,20,20,20,20,20,20
290750,1,1,1994,0,0,0,0,0,0,0,0,0,0
290751,1,1,1994,12,12,12,12,12,12,12,12,12,12
290751,2,1,1994,0,0,0,0,0,0,0,0,0,0
290752,1,1,1994,9,9,9,9,9,9,9,9,9,9
290752,2,1,1994,0,0,0,0,0,0,0,0,0,0
290753,1,1,1994,0,0,0,0,0,0,0,0,0,0
290753,2,1,1994,0,0,0,0,0,0,0,0,0,0
290754,1,1,1994,0,0,0,0,0,0,0,0,0,0
290754,2,1,1994,0,0,0,0,0,40,0,0,0,0
290754,3,1,1994,0,0,0,0,0,0,6,0,0,0
290754,4,1,1994,0,0,0,0,0,0,0,0,0,0
290755,1,1,1994,0,0,0,0,0,0,0,0,0,0
290755,2,1,1994,0,23,0,17,0,0,0,0,0,0
290756,1,1,1994,0,0,0,0,0,0,0,0,0,0
290757,0,1,1994,8,8,8,8,8,8,8,8,8,8
290757,1,1,1994,23,11,0,9,0,0,14,7,23,0
290758,1,1,1994,17,17,17,17,17,17,17,17,17,17
290759,1,1,1994,21,21,21,21,21,21,21,21,21,21
290760,1,1,1994,16,16,16,16,16,16,16,16,16,16
290761,1,1,1994,1,1,1,1,1,1,1,1,1,1
290762,1,1,1994,15,30,0,7,0,5,0,0,0,0
290763,0,1,1994,0,0,0,0,0,0,0,0,0,0
290763,1,1,1994,0,0,0,0,0,7,0,0,0,0
290764,1,1,1994,0,0,0,0,0,0,0,0,0,0
290765,1,1,1994,0,0,0,0,0,0,0,0,0,0
290765,2,1,1994,0,0,0,0,0,0,0,0,0,0
290766,1,1,1994,0,15,0,0,0,6,0,0,0,0
290766,2,1,1994,0,0,0,0,0,0,0,0,0,0
290767,1,1,1994,27,27,27,27,27,27,27,27,27,27
290768,1,1,1994,0,0,0,0,0,0,0,0,0,0
290768,2,1,1994,0,0,0,0,0,0,0,0,0,0
290769,1,1,1994,1,1,1,1,1,1,1,1,1,1
290770,1,1,1994,31,31,31,31,31,31,31,31,31,31
290771,1,1,1994,18,44,0,0,0,0,0,0,9,0
290772,1,1,1994,0,0,0,0,0,0,0,0,0,0
290772,2,1,1994,0,0,0,0,0,0,0,0,0,0
290773,1,1,1994,0,0,0,0,0,12,0,0,0,20
290773,2,1,1994,0,0,0,0,0,0,0,0,0,0
290774,1,1,1994,0,0,0,0,0,0,0,0,0,0
290775,1,1,1994,30,9,0,8,0,4,10,14,0,0
290776,1,1,1994,0,0,0,0,0,0,0,0,0,0
290777,1,1,1994,0,0,0,0,0,0,0,0,0,0
290777,2,1,1994,0,0,0,0,0,0,0,0,0,0
290778,1,1,1994,0,0,0,0,0,0,0,0,0,0
290778,2,1,1994,0,0,0,0,0,0,0,0,0,0
290778,3,1,1994,0,0,0,0,0,0,0,0,0,0
290779,1,1,1994,16,12,15,17,12,16,10,5,15,0
290779,2,1,1994,0,9,14,17,0,0,0,0,0,0
290780,0,1,1994,2,2,2,2,2,2,2,2,2,2
290780,1,1,1994,8,5,23,2,8,11,17,16,14,26
290780,2,1,1994,0,0,0,0,0,0,0,0,9,0
290781,1,1,1994,13,13,13,13,13,13,13,13,13,13
290781,2,1,1994,0,0,0,0,0,0,0,0,0,0
290782,1,1,1994,0,0,0,0,0,0,0,0,0,0
290782,2,1,1994,0,0,0,0,0,0,0,0,0,0
290783,1,1,1994,0,0,0,0,0,0,0,0,0,0
290783,2,1,1994,0,11,0,0,0,0,0,0,0,0
290784,1,1,1994,0,7,11,37,0,0,12,0,0,13
290785,1,1,1994,17,17,17,17,17,17,17,17,17,17
290786,1,1,1994,0,0,0,0,0,0,0,0,0,0
290786,2,1,1994,0,0,0,0,0,0,0,0,0,0
290787,1,1,1994,0,0,0,0,0,0,0,0,0,0
290788,1,4,1994,16,21,0,0,0,11,24,0,0,7
290789,1,1,1994,0,0,0,0,0,0,0,0,12,0
290789,2,1,1994,0,0,0,0,0,0,0,0,0,0
290790,1,1,1994,0,6,0,0,0,0,0,0,0,0
290790,2,1,1994,0,0,0,0,0,0,0,0,0,0
290791,1,1,1994,28,28,28,28,28,28,28,28,28,28
290791,2,1,1994,0,0,0,0,0,0,0,0,0,0
290792,1,1,1994,0,0,0,10,10,0,18,0,13,0
290793,1,1,1994,18,18,18,18,18,18,18,18,18,18
290794,1,1,1994,0,0,0,0,4,0,0,0,0,0
290794,2,1,1994,0,0,0,0,0,0,0,0,0,0
290795,1,1,1994,0,0,0,0,0,0,0,0,0,0
290795,2,1,1994,0,0,0,0,0,0,0,0,0,0
290795,3,1,1994,0,0,0,0,0,0,0,0,0,0
290795,4,1,1994,0,0,0,0,0,0,0,0,0,0
290795,5,1,1994,0,0,0,0,0,6,0,0,0,0
290796,1,1,1994,27,27,27,27,27,27,27,27,27,27
290797,1,1,1994,0,0,0,0,0,0,0,0,0,0
290797,2,1,1994,0,0,0,0,0,0,0,0,0,0
290798,1,1,1994,0,0,0,0,0,0,0,0,0,0
290799,1,1,1994,0,18,0,0,0,0,0,0,0,19
290799,2,1,1994,0,0,0,0,0,0,0,0,0,28
290800,1,1,1994,0,0,0,0,0,0,0,0,0,0
290801,1,1,1994,0,23,0,13,0,0,0,0,0,6
290802,1,1,1994,8,8,8,8,8,8,8,8,8,8
290802,2,1,1994,0,0,0,0,0,0,0,0,0,0
290803,0,1,1994,25,25,25,25,25,25,25,25,25,25
290803,1,1,1994,15,15,15,15,15,15,15,15,15,15
290804,1,1,1994,15,5,4,16,18,13,16,12,25,8
290804,2,1,1994,21,0,0,0,0,0,0,0,15,16
290805,0,1,1994,0,0,0,0,0,0,0,0,0,0
290805,1,1,1994,0,0,0,0,0,0,0,0,0,0
290806,0,1,1994,0,28,0,0,0,36,0,0,0,0
290806,1,1,1994,0,0,0,0,0,0,0,0,0,0
290807,1,1,1994,5,5,5,5,5,5,5,5,5,5
290808,1,1,1994,0,0,0,0,0,0,0,0,0,0
290809,1,1,1994,0,0,0,0,0,0,0,0,0,0
290809,2,1,1994,0,0,0,0,0,0,0,0,0,0
290810,1,1,1994,0,0,0,0,0,0,0,0,0,0
290810,2,1,1994,13,13,13,13,13,13,13,13,13,13
290811,1,1,1994,13,13,13,13,13,13,13,13,13,13
290812,1,1,1994,0,0,0,0,0,0,0,0,0,0
290813,1,1,1994,13,13,13,13,13,13,13,13,13,13
290813,2,1,1994,0,0,0,0,0,0,0,0,0,0
290814,1,1,1994,0,0,0,8,10,0,26,0,0,0
290814,2,1,1994,0,0,0,0,0,10,0,0,6,7
290815,1,1,1994,14,6,0,5,13,12,9,8,19,15
290815,2,1,1994,17,0,13,12,10,4,9,15,0,10
290816,1,1,1994,0,0,0,0,0,0,0,0,0,0
290816,2,1,1994,0,0,0,0,0,8,0,0,0,14
290817,1,1,1994,0,0,0,0,0,0,0,0,0,0
290818,1,1,1994,11,11,11,11,11,11,11,11,11,11
290819,1,1,1994,0,0,0,20,0,18,0,0,0,0
290819,2,1,1994,18,24,21,19,0,18,0,31,21,17
290820,1,1,1994,0,0,0,0,7,0,0,0,0,0
290821,1,1,1994,0,0,0,13,0,0,0,0,0,0
290822,1,1,1994,27,27,27,27,27,27,27,27,27,27
290822,2,1,1994,5,5,5,5,5,5,5,5,5,5
290823,1,1,1994,11,11,11,11,11,11,11,11,11,11
290825,1,1,1994,0,0,0,0,0,0,0,0,0,0
290826,1,1,1994,22,22,22,22,22,22,22,22,22,22
290826,2,1,1994,0,0,0,0,0,0,0,8,0,0
290827,1,1,1994,0,0,0,0,0,0,0,0,0,0
290827,2,1,1994,0,0,0,0,0,0,0,0,6,0
290828,1,1,1994,0,0,0,0,0,0,26,0,0,0
290828,2,1,1994,0,0,0,0,0,0,0,0,0,0
290829,0,1,1994,0,0,0,0,0,0,0,0,0,0
290829,1,1,1994,0,0,0,0,0,0,0,0,24,0
290830,1,1,1994,16,16,16,16,16,16,16,16,16,16
290831,1,1,1994,22,22,22,22,22,22,22,22,22,22
290831,2,1,1994,0,0,0,19,0,0,0,0,0,0
290832,1,1,1994,0,0,0,0,0,0,0,0,0,0
290832,2,1,1994,0,0,0,0,0,0,0,0,0,0
290833,1,1,1994,21,21,21,21,21,21,21,21,21,21
290834,1,1,1994,22,22,22,22,22,22,22,22,22,22
290835,1,1,1994,0,0,0,0,0,0,0,0,0,0
290835,2,1,1994,0,26,0,0,0,0,0,9,0,0
290836,1,1,1994,0,0,0,0,0,0,0,0,0,0
290836,2,1,1994,0,0,8,0,0,23,0,0,0,0
290837,1,1,1994,22,22,22,22,22,22,22,22,22,22
290838,1,1,1994,0,0,0,0,0,0,14,0,0,0
290839,1,1,1994,23,23,23,23,23,23,23,23,23,23
290840,1,1,1994,5,13,18,0,0,0,0,0,16,0
290841,1,1,1994,13,13,13,13,13,13,13,13,13,13
290842,1,1,1994,0,0,0,0,0,0,0,0,0,0
290842,2,1,1994,0,0,0,0,0,0,0,0,0,0
290842,3,1,1994,0,0,0,0,0,0,0,0,0,0
290843,0,1,1994,0,0,0,0,0,0,0,0,0,0
290843,1,1,1994,0,0,8,27,12,24,0,0,3,0
290844,1,1,1994,18,7,19,41,10,22,17,34,9,17
290845,1,1,1994,0,0,0,0,0,0,0,0,0,0
290846,1,1,1994,0,25,5,11,7,16,41,12,17,12
290847,1,1,1994,14,14,14,14,14,14,14,14,14,14
290847,2,1,1994,16,18,10,0,0,0,0,0,0,10
290848,1,1,1994,22,22,22,22,22,22,22,22,22,22
290849,1,1,1994,0,0,0,0,0,0,0,0,0,0
290850,0,1,1994,0,0,0,0,0,0,0,0,0,0
290850,1,1,1994,0,0,0,0,0,0,0,0,0,0
290851,1,1,1994,0,0,0,0,0,0,0,0,0,0
290851,2,1,1994,0,0,0,0,0,0,0,0,0,0
290852,1,1,1994,0,0,0,0,0,0,0,0,0,0
290852,2,1,1994,0,0,0,0,0,0,0,0,0,0
290853,1,1,1994,0,0,0,0,17,0,0,33,0,0
290853,2,1,1994,0,0,0,0,0,0,0,0,0,0
290854,1,1,1994,0,0,0,0,0,0,0,0,0,0
290855,1,1,1994,30,19,30,0,17,0,14,33,0,8
290856,1,1,1994,0,0,0,0,0,0,0,0,0,0
290856,2,1,1994,0,0,0,0,0,0,0,0,18,0
290856,3,1,1994,0,0,0,0,0,0,0,0,0,0
290857,1,1,1994,0,0,0,0,0,0,0,0,0,0
290858,1,1,1994,19,19,19,19,19,19,19,19,19,19
290858,2,1,1994,0,0,16,0,0,0,0,13,0,0
290858,3,1,1994,0,0,0,0,0,0,0,0,0,0
290859,1,1,1994,8,31,18,15,13,39,15,3,16,23
290860,1,1,1994,0,0,0,0,0,0,0,0,0,0
290860,2,1,1994,0,0,0,0,0,0,0,0,19,0
290861,1,1,1994,6,6,6,6,6,6,6,6,6,6
290861,2,1,1994,0,0,0,0,0,0,0,0,0,0
290862,1,1,1994,8,8,8,8,8,8,8,8,8,8
290863,1,1,1994,11,11,11,11,11,11,11,11,11,11
290864,1,1,1994,0,14,0,0,0,0,10,0,0,0
290864,2,1,1994,9,9,9,9,9,9,9,9,9,9
290865,1,1,1994,0,0,0,0,17,16,0,0,0,0
290865,2,1,1994,0,0,0,0,0,0,17,0,16,0
290866,1,1,1994,22,22,22,22,22,22,22,22,22,22
290866,2,1,1994,0,0,16,21,33,33,0,7,28,0
290866,3,1,1994,42,17,0,17,15,15,26,16,0,17
290867,1,1,1994,19,0,0,13,0,29,0,0,14,0
290868,1,1,1994,0,0,0,0,0,0,0,0,0,0
290868,2,1,1994,0,0,0,0,0,0,0,0,0,0
290869,1,1,1994,13,0,11,18,11,15,16,24,31,11
290869,2,1,1994,3,3,3,3,3,3,3,3,3,3
290870,1,1,1994,36,36,36,36,36,36,36,36,36,36
290871,1,1,1994,0,0,0,0,0,0,0,20,0,0
290871,2,1,1994,0,0,0,0,0,0,0,0,0,0
290872,1,1,1994,9,9,9,9,9,9,9,9,9,9
290873,1,1,1994,0,0,0,0,0,0,0,0,0,0
290873,2,1,1994,0,0,0,11,0,0,0,0,0,0
290875,1,1,1994,17,17,17,17,17,17,17,17,17,17
290875,2,1,1994,0,0,0,0,0,0,0,0,0,20
290876,0,1,1994,0,0,0,0,0,0,0,0,0,0
290876,1,1,1994,0,0,0,0,0,0,0,0,0,0
290877,1,1,1994,10,6,15,0,0,4,0,0,24,10
290878,1,1,1994,9,9,9,9,9,9,9,9,9,9
290878,2,1,1994,0,0,0,0,0,0,0,11,0,0
290879,1,1,1994,0,0,0,0,0,0,0,0,0,0
290880,1,1,1994,35,35,35,35,35,35,35,35,35,35
290881,1,1,1994,10,10,10,10,10,10,10,10,10,10
290882,0,1,1994,45,45,45,45,45,45,45,45,45,45
290882,1,1,1994,0,0,0,0,0,0,0,0,0,0
290883,1,1,1994,0,0,0,0,0,0,0,0,0,0
290883,2,1,1994,0,0,0,0,0,0,0,0,0,0
290883,3,1,1994,0,0,0,0,0,0,0,0,0,0
290884,1,1,1994,27,27,27,27,27,27,27,27,27,27
290885,1,1,1994,0,0,11,22,22,0,36,24,26,23
290885,2,1,1994,0,0,0,0,0,0,0,0,0,0
290886,0,1,1994,1,1,1,1,1,1,1,1,1,1
290886,1,1,1994,0,0,0,0,0,0,0,0,0,0
290887,0,1,1994,31,17,14,11,30,14,32,29,19,8
290887,1,1,1994,16,28,8,8,23,0,17,16,18,17
290888,1,1,1994,0,21,0,0,0,0,19,0,0,0
290888,2,1,1994,24,24,24,24,24,24,24,24,24,24
290889,1,1,1994,0,0,0,0,0,0,0,0,0,0
290889,2,1,1994,0,42,0,0,0,0,0,0,0,0
290890,1,1,1994,0,0,0,0,0,0,0,0,0,0
290890,2,1,1994,0,0,0,0,0,0,0,0,0,0
290891,1,1,1994,0,0,0,0,0,0,0,0,0,0
290892,1,1,1994,0,0,0,0,0,0,0,0,0,0
290892,2,1,1994,0,0,3,2,17,16,16,0,9,0
290893,1,1,1994,0,0,25,17,0,0,0,0,0,0
290893,2,1,1994,17,15,0,0,21,0,0,25,0,0
290894,1,1,1994,0,0,0,0,0,0,0,0,0,0
290894,2,1,1994,0,0,0,0,0,0,0,0,0,0
290895,1,1,1994,0,0,0,0,0,0,0,0,0,0
290895,2,1,1994,0,0,0,0,0,0,0,0,0,0
290896,1,1,1994,0,0,0,24,0,0,0,0,0,0
290896,2,1,1994,0,0,0,0,0,0,0,0,0,0
290897,1,1,1994,21,21,21,21,21,21,21,21,21,21
290898,1,1,1994,19,19,19,19,19,19,19,19,19,19
290899,1,1,1994,24,24,24,24,24,24,24,24,24,24
290899,2,1,1994,0,0,0,0,0,0,0,0,0,0
290900,1,1,1994,10,10,10,10,10,10,10,10,10,10
290901,1,1,1994,13,13,13,13,13,13,13,13,13,13
290902,1,1,1994,3,0,26,0,13,39,23,0,5,0
290903,1,1,1994,0,0,0,0,0,0,0,0,5,0
290903,2,1,1994,0,0,0,0,5,0,0,0,0,0
290904,1,1,1994,0,0,0,0,0,0,0,0,0,0
290904,2,1,1994,0,26,9,0,17,13,0,0,13,17
290905,0,1,1994,43,43,43,43,43,43,43,43,43,43
290905,1,1,1994,5,0,3,0,24,7,0,22,0,8
290906,1,1,1994,0,0,0,0,0,0,0,0,0,0
290906,2,1,1994,0,0,0,0,0,0,0,0,0,0
290907,1,1,1994,4,4,4,4,4,4,4,4,4,4
290908,1,1,1994,10,10,10,10,10,10,10,10,10,10
290909,1,1,1994,0,0,0,0,0,0,0,0,0,0
290910,1,1,1994,21,21,21,21,21,21,21,21,21,21
290910,2,1,1994,6,0,0,0,0,7,15,0,0,0
290910,3,1,1994,13,0,30,0,0,0,0,0,0,25
290910,4,1,1994,0,0,12,19,0,0,0,9,25,0
290910,5,1,1994,0,0,4,0,0,0,0,15,0,16
290911,2,1,1994,0,0,0,0,0,0,13,0,0,0
290912,1,1,1994,0,0,0,0,0,0,0,0,0,0
290912,2,1,1994,0,0,0,0,0,0,0,0,0,0
290913,1,1,1994,0,0,0,0,0,0,0,0,0,0
290913,2,1,1994,0,0,0,0,0,0,0,0,0,0
290914,1,1,1994,0,0,0,0,0,0,0,0,0,0
290914,2,1,1994,0,0,0,0,0,0,0,0,0,0
290915,1,1,1994,8,8,8,8,8,8,8,8,8,8
290916,1,1,1994,0,0,0,0,0,0,0,0,0,0
290916,2,1,1994,16,0,38,0,0,0,30,0,0,13
290917,1,1,1994,20,20,20,20,20,20,20,20,20,20
290917,2,1,1994,0,0,0,0,0,0,0,0,0,0
290918,1,1,1994,0,0,0,0,0,0,0,0,0,0
290918,2,1,1994,0,0,0,0,0,0,0,0,0,0
290919,1,1,1994,0,0,0,0,0,0,0,0,0,24
290919,2,1,1994,0,0,0,0,0,0,0,0,0,0
290920,1,1,1994,0,0,0,0,0,0,0,0,0,0
290920,2,1,1994,0,0,0,0,0,0,0,13,0,0
290921,1,1,1994,0,0,16,0,0,0,0,12,7,0
290922,1,1,1994,0,0,0,0,0,0,0,0,0,0
290922,2,1,1994,0,22,0,0,12,0,0,0,0,0
290923,1,1,1994,0,0,0,0,36,0,9,18,6,30
290924,1,1,1994,11,25,0,0,0,0,17,0,0,0
290924,2,1,1994,38,38,38,38,38,38,38,38,38,38
290925,1,1,1994,0,0,0,0,0,0,0,0,0,0
290926,1,1,1994,20,20,20,20,20,20,20,20,20,20
290926,2,1,1994,0,0,0,0,0,0,0,0,0,0
290927,1,1,1994,33,33,33,33,33,33,33,33,33,33
290927,2,1,1994,0,0,0,0,0,13,0,0,0,0
290928,1,1,1994,2,2,2,2,2,2,2,2,2,2
290929,1,1,1994,13,13,13,13,13,13,13,13,13,13
290930,1,1,1994,19,19,19,19,19,19,19,19,19,19
290930,2,1,1994,0,0,0,0,0,0,0,0,0,0
290931,1,1,1994,18,23,0,0,23,0,10,6,23,23
290932,1,1,1994,0,0,0,0,0,0,0,0,0,0
290933,1,1,1994,11,11,11,11,11,11,11,11,11,11
290934,1,1,1994,0,0,0,0,0,0,0,0,0,0
290934,2,1,1994,0,0,0,0,0,0,17,0,14,0
290934,3,1,1994,0,0,0,0,0,0,0,0,0,0
290935,1,1,1994,0,0,0,13,0,0,16,0,20,11
290936,1,1,1994,0,0,0,11,22,9,17,0,30,0
290937,1,1,1994,35,17,19,9,16,36,35,21,11,10
290937,2,1,1994,0,0,0,0,0,0,0,0,0,0
290938,1,1,1994,0,0,0,0,0,0,0,18,0,7
290939,1,1,1994,0,0,0,0,0,0,0,0,0,0
290939,2,1,1994,0,0,0,0,0,0,0,0,0,0
290939,3,1,1994,0,0,0,0,0,0,0,0,0,0
290940,1,1,1994,17,17,17,17,17,17,17,17,17,17
290941,1,1,1994,0,0,0,0,0,0,0,0,0,0
290942,1,1,1994,0,0,0,0,0,16,0,0,0,0
290942,2,1,1994,0,0,0,0,0,0,9,0,0,0
290943,1,1,1994,5,5,5,5,5,5,5,5,5,5
290944,1,1,1994,22,18,13,0,0,17,7,17,11,8
290945,1,1,1994,10,0,0,0,0,0,0,0,0,17
290945,2,1,1994,0,0,0,0,0,0,0,0,0,0
290946,0,1,1994,0,0,0,0,0,0,0,0,0,0
290946,1,1,1994,0,19,0,0,0,0,0,0,0,0
290946,2,1,1994,0,0,0,0,0,0,14,0,0,0
290947,1,1,1994,0,0,0,0,20,0,0,0,0,0
290948,1,1,1994,0,0,0,0,0,0,0,0,0,0
290949,1,1,1994,0,0,0,0,0,0,0,10,0,0
290949,2,1,1994,0,0,0,0,7,0,0,0,0,0
290949,3,1,1994,11,0,0,9,0,0,24,0,0,0
290950,0,1,1994,0,0,0,0,0,0,0,0,0,0
290950,1,1,1994,8,0,0,0,0,11,0,0,0,0
290950,2,1,1994,0,0,12,0,0,0,0,0,0,0
290950,3,1,1994,0,0,0,0,11,0,0,6,0,18
290950,4,1,1994,0,0,0,0,0,0,0,0,0,0
290951,1,1,1994,2,0,0,0,0,0,0,0,0,0
290952,1,1,1994,0,0,0,0,0,0,0,0,0,0
290952,2,1,1994,0,0,0,0,0,0,0,0,0,0
290953,0,1,1994,0,0,0,0,0,0,0,0,0,0
290953,1,1,1994,21,14,25,39,32,0,14,20,0,0
290954,1,1,1994,36,41,20,0,27,0,8,0,10,17
290954,2,1,1994,5,5,5,5,5,5,5,5,5,5
290955,1,1,1994,15,15,15,15,15,15,15,15,15,15
290956,1,1,1994,18,18,18,18,18,18,18,18,18,18
290957,1,1,1994,14,12,27,20,49,17,18,0,14,15
290959,0,1,1994,0,0,0,0,0,0,0,0,0,0
290959,1,1,1994,0,0,0,0,16,0,0,0,0,0
300001,1,1,1994,0,0,0,0,0,0,0,0,0,0
300001,2,1,1994,0,0,0,0,0,0,0,0,0,0
300002,1,1,1994,0,0,0,0,0,0,0,0,0,0
300003,1,1,1994,8,0,0,0,0,20,0,0,16,0
300004,0,1,1994,0,0,0,0,0,0,0,0,0,0
300004,1,1,1994,0,0,0,0,0,0,0,0,0,0
300005,1,1,1994,31,31,31,31,31,31,31,31,31,31
300006,0,1,1994,40,40,40,40,40,40,40,40,40,40
300006,1,1,1994,0,0,0,0,0,0,0,0,0,0
300007,1,1,1994,31,31,31,31,31,31,31,31,31,31
300008,1,1,1994,28,28,28,28,28,28,28,28,28,28
300009,1,1,1994,0,0,14,0,0,0,0,0,0,0
300010,1,1,1994,11,11,11,11,11,11,11,11,11,11
300011,1,1,1994,11,11,11,11,11,11,11,11,11,11
300012,1,1,1994,32,32,32,32,32,32,32,32,32,32
300012,2,1,1994,0,0,0,0,0,0,0,0,0,0
300013,1,1,1994,26,26,26,26,26,26,26,26,26,26
300014,1,1,1994,0,0,0,0,0,0,0,0,0,0
300014,2,1,1994,0,0,0,0,0,0,0,0,0,0
300015,1,1,1994,11,11,11,11,11,11,11,11,11,11
300016,1,1,1994,0,0,0,0,0,0,0,0,0,0
300016,2,1,1994,0,0,0,0,0,0,0,0,0,0
300017,1,1,1994,0,0,0,0,0,0,0,0,0,0
300018,1,1,1994,39,39,39,39,39,39,39,39,39,39
300019,1,1,1994,21,21,21,21,21,21,21,21,21,21
300020,1,1,1994,12,54,37,8,22,17,19,15,18,20
300021,1,1,1994,0,0,0,0,0,0,0,0,0,0
300021,2,1,1994,0,0,0,0,0,0,0,0,0,0
300022,1,1,1994,0,0,0,0,0,0,0,0,0,0
300022,2,1,1994,0,0,0,0,0,0,0,0,0,0
300023,1,1,1994,0,0,0,0,0,0,0,0,0,0
300023,2,1,1994,0,0,0,0,0,0,0,0,0,0
300024,1,1,1994,0,0,0,0,0,0,0,0,0,0
300024,2,1,1994,0,0,0,0,0,0,0,0,0,0
300025,1,1,1994,0,0,0,0,0,0,0,9,0,0
300025,2,1,1994,15,0,0,0,0,0,0,0,0,0
300026,1,1,1994,0,0,0,0,0,0,0,0,0,0
300026,2,1,1994,0,0,0,0,0,0,0,0,0,0
300027,1,1,1994,18,18,18,18,18,18,18,18,18,18
300028,1,1,1994,0,0,0,0,0,0,0,0,0,0
300029,1,1,1994,24,24,24,24,24,24,24,24,24,24
300030,1,1,1994,0,0,0,0,0,0,0,0,0,0
300030,2,1,1994,0,0,0,0,10,0,13,0,0,0
300031,1,1,1994,0,0,0,0,0,0,0,0,0,0
300032,1,1,1994,13,13,13,13,13,13,13,13,13,13
300033,1,1,1994,25,25,25,25,25,25,25,25,25,25
300034,1,1,1994,2,2,2,2,2,2,2,2,2,2
300035,1,1,1994,0,0,0,0,0,0,0,0,0,0
300035,2,1,1994,0,0,0,0,0,0,0,0,0,0
300036,1,1,1994,0,0,0,0,0,0,0,0,0,0
300036,2,1,1994,0,0,0,0,0,0,0,0,0,0
300037,1,1,1994,0,0,0,0,0,0,0,0,0,0
300038,1,1,1994,12,12,12,12,12,12,12,12,12,12
300039,1,1,1994,24,24,24,24,24,24,24,24,24,24