ST_CASE,VEH_NO,PER_NO,YEAR,P1,P2,P3,P4,P5,P6,P7,P8,P9,P10
300040,1,1,1994,0,0,0,0,0,0,0,0,0,0
300040,2,1,1994,0,0,0,0,0,0,0,0,0,0
300041,1,1,1994,0,0,0,0,0,0,0,0,0,0
300041,2,1,1994,0,0,0,0,24,0,0,0,0,0
300042,1,1,1994,17,17,17,17,17,17,17,17,17,17
300043,1,1,1994,0,0,0,0,0,0,0,0,0,0
300044,1,1,1994,0,0,0,0,0,0,0,0,0,0
300045,1,1,1994,9,9,9,9,9,9,9,9,9,9
300047,1,1,1994,2,2,2,2,2,2,2,2,2,2
300048,1,1,1994,0,0,0,0,0,0,0,0,0,0
300048,2,1,1994,0,0,0,0,0,0,0,0,0,0
300049,0,1,1994,14,14,14,14,14,14,14,14,14,14
300049,1,1,1994,16,16,16,16,16,16,16,16,16,16
300050,1,1,1994,16,16,16,16,16,16,16,16,16,16
300050,2,1,1994,0,0,0,0,0,0,0,0,0,0
300051,1,1,1994,24,24,24,24,24,24,24,24,24,24
300052,1,1,1994,16,16,16,16,16,16,16,16,16,16
300053,1,1,1994,13,13,13,13,13,13,13,13,13,13
300054,1,1,1994,9,9,9,9,9,9,9,9,9,9
300055,1,1,1994,0,0,0,0,0,0,0,0,0,0
300055,2,1,1994,0,0,0,0,0,0,0,0,0,0
300056,0,1,1994,0,0,0,0,0,0,0,0,0,0
300056,1,1,1994,0,0,0,0,0,0,0,0,0,0
300057,1,1,1994,28,28,28,28,28,28,28,28,28,28
300058,1,1,1994,22,22,22,22,22,22,22,22,22,22
300059,1,1,1994,0,0,0,0,0,0,0,0,0,0
300059,2,1,1994,0,0,0,0,0,0,0,0,0,0
300060,1,1,1994,4,4,4,4,4,4,4,4,4,4
300061,1,1,1994,0,0,0,0,0,0,0,0,0,0
300061,2,1,1994,0,0,0,0,0,6,0,0,0,0
300062,1,1,1994,15,15,15,15,15,15,15,15,15,15
300062,2,1,1994,0,0,0,0,0,0,0,0,0,0
300063,0,1,1994,0,0,0,0,0,0,0,0,0,0
300063,1,1,1994,0,0,0,0,0,0,0,0,0,0
300064,1,1,1994,16,16,16,16,16,16,16,16,16,16
300065,1,1,1994,19,19,19,19,19,19,19,19,19,19
300066,1,1,1994,0,0,0,0,0,0,0,0,0,0
300067,1,1,1994,23,23,23,23,23,23,23,23,23,23
300068,1,1,1994,0,0,0,0,0,0,0,0,0,0
300068,2,1,1994,0,0,0,0,0,0,0,0,0,0
300069,1,1,1994,0,0,0,0,0,0,0,0,0,0
300070,1,1,1994,0,0,0,0,0,0,0,0,18,0
300070,2,1,1994,25,25,25,25,25,25,25,25,25,25
300071,1,1,1994,0,0,0,0,0,0,0,0,0,0
300072,1,1,1994,0,0,0,0,0,0,0,0,0,0
300073,1,1,1994,0,0,0,0,0,0,0,0,0,0
300073,2,1,1994,15,15,15,15,15,15,15,15,15,15
300074,1,1,1994,0,0,0,0,0,0,0,0,0,0
300075,1,1,1994,0,0,0,0,0,0,0,0,0,0
300076,1,1,1994,0,0,0,0,0,0,0,0,0,0
300077,1,1,1994,44,5,0,13,3,21,9,16,0,10
300078,1,1,1994,0,0,0,0,0,0,0,0,0,0
300079,1,1,1994,23,23,23,23,23,23,23,23,23,23
300079,2,1,1994,8,8,8,8,8,8,8,8,8,8
300080,1,1,1994,13,13,13,13,13,13,13,13,13,13
300080,2,1,1994,0,0,0,0,0,0,0,0,0,0
300081,1,1,1994,0,0,0,0,0,0,0,0,0,0
300082,1,1,1994,17,14,12,13,13,26,14,22,4,17
300083,1,1,1994,0,0,0,0,0,0,0,0,0,0
300083,2,1,1994,0,0,0,0,0,0,0,0,0,0
300085,0,1,1994,0,0,0,0,0,0,0,0,0,0
300085,0,2,1994,0,0,0,0,0,2,56,0,0,0
300085,1,1,1994,13,13,13,13,13,13,13,13,13,13
300086,1,1,1994,26,26,26,26,26,26,26,26,26,26
300087,1,1,1994,15,15,15,15,15,15,15,15,15,15
300088,1,1,1994,0,0,0,0,0,0,0,0,0,0
300088,2,1,1994,0,0,0,0,0,0,0,0,0,0
300089,1,1,1994,0,0,0,0,0,0,0,0,0,0
300090,1,1,1994,0,0,0,0,0,0,0,0,0,0
300091,1,1,1994,0,0,0,0,0,0,0,0,0,0
300092,1,1,1994,30,30,30,30,30,30,30,30,30,30
300093,1,1,1994,0,0,0,0,0,0,0,0,0,0
300093,2,1,1994,0,0,0,0,0,0,0,0,0,0
300094,1,1,1994,19,19,19,19,19,19,19,19,19,19
300094,2,1,1994,0,0,0,0,0,0,0,0,0,0
300095,1,1,1994,21,21,21,21,21,21,21,21,21,21
300096,1,1,1994,0,0,0,0,0,0,0,0,0,0
300097,1,1,1994,0,0,0,0,0,0,0,0,0,0
300098,1,1,1994,0,0,0,0,0,0,0,0,0,0
300098,2,1,1994,0,0,0,0,0,0,0,0,0,0
300099,1,1,1994,27,27,27,27,27,27,27,27,27,27
300100,1,1,1994,0,0,0,0,0,0,0,0,0,0
300100,2,1,1994,0,0,0,0,0,0,0,0,0,0
300100,3,1,1994,10,0,0,21,0,0,0,0,0,0
300101,1,1,1994,0,0,0,0,0,0,0,0,0,0
300101,2,1,1994,18,18,18,18,18,18,18,18,18,18
300102,1,1,1994,0,0,0,0,0,0,0,0,0,0
300103,1,1,1994,0,0,0,0,0,0,0,0,0,0
300104,1,1,1994,0,0,0,0,0,0,0,0,0,0
300105,0,1,1994,0,0,0,0,0,0,0,0,0,0
300105,1,1,1994,3,3,3,3,3,3,3,3,3,3
300106,1,1,1994,0,0,0,0,0,0,0,0,0,0
300106,2,1,1994,0,0,0,0,0,0,0,0,0,0
300107,1,1,1994,0,0,0,0,0,0,0,0,0,0
300107,2,1,1994,0,0,0,0,0,0,0,0,0,0
300108,1,1,1994,21,21,21,21,21,21,21,21,21,21
300109,1,1,1994,3,3,3,3,3,3,3,3,3,3
300110,1,1,1994,0,0,0,0,0,0,0,0,0,0
300110,2,1,1994,25,25,25,25,25,25,25,25,25,25
300111,1,1,1994,15,15,15,15,15,15,15,15,15,15
300112,1,1,1994,0,0,0,0,0,0,0,0,0,0
300113,1,1,1994,19,19,19,19,19,19,19,19,19,19
300114,1,1,1994,38,38,38,38,38,38,38,38,38,38
300115,1,1,1994,0,0,0,0,0,0,0,0,0,0
300115,2,1,1994,0,0,0,0,0,0,0,0,0,0
300116,0,1,1994,23,23,23,23,23,23,23,23,23,23
300116,1,1,1994,0,0,0,0,6,0,0,12,0,0
300117,1,1,1994,0,0,0,0,0,0,0,0,0,0
300118,1,1,1994,0,0,0,0,0,0,0,0,0,0
300119,1,1,1994,0,0,0,0,0,0,0,0,0,0
300119,2,1,1994,23,23,23,23,23,23,23,23,23,23
300119,3,1,1994,0,0,0,0,0,0,0,0,0,0
300120,0,1,1994,0,0,0,0,0,0,0,0,0,0
300120,1,1,1994,21,21,21,21,21,21,21,21,21,21
300121,1,1,1994,15,15,15,15,15,15,15,15,15,15
300122,1,1,1994,16,16,16,16,16,16,16,16,16,16
300123,1,1,1994,0,0,0,0,0,0,0,0,0,0
300123,2,1,1994,0,0,0,0,0,0,0,0,0,0
300125,1,1,1994,5,5,5,5,5,5,5,5,5,5
300126,1,1,1994,15,15,15,15,15,15,15,15,15,15
300127,1,1,1994,0,0,0,0,0,0,0,0,0,0
300128,1,1,1994,0,0,0,0,0,0,0,0,0,0
300128,2,1,1994,16,16,16,16,16,16,16,16,16,16
300129,1,1,1994,7,7,7,7,7,7,7,7,7,7
300130,1,1,1994,0,0,0,0,0,0,0,0,0,0
300130,2,1,1994,0,0,0,0,0,0,0,0,0,0
300131,1,1,1994,0,0,0,0,0,0,0,0,0,0
300131,2,1,1994,0,0,0,0,0,0,0,0,0,0
300132,1,1,1994,18,18,18,18,18,18,18,18,18,18
300133,1,1,1994,22,22,22,22,22,22,22,22,22,22
300133,2,1,1994,0,0,0,12,0,0,0,9,0,0
300134,1,1,1994,25,25,25,25,25,25,25,25,25,25
300134,2,1,1994,0,0,0,0,0,0,0,0,0,0
300135,1,1,1994,0,0,0,0,0,0,0,0,0,0
300135,2,1,1994,0,0,0,0,0,0,0,0,0,0
300136,1,1,1994,7,7,7,7,7,7,7,7,7,7
300137,1,1,1994,0,0,0,0,0,0,0,0,0,0
300138,1,1,1994,0,0,0,0,0,0,0,0,0,0
300138,2,1,1994,0,0,0,0,0,0,0,0,0,0
300139,1,1,1994,17,17,17,17,17,17,17,17,17,17
300140,1,1,1994,0,0,0,0,0,0,0,0,0,0
300141,1,1,1994,0,4,8,17,9,13,12,6,14,8
300141,2,1,1994,0,0,0,0,0,0,0,0,0,0
300142,1,1,1994,0,0,0,0,0,0,0,0,0,0
300143,1,1,1994,12,12,12,12,12,12,12,12,12,12
300144,1,1,1994,0,0,0,0,0,0,0,0,0,0
300145,1,1,1994,22,22,22,22,22,22,22,22,22,22
300146,1,1,1994,29,29,29,29,29,29,29,29,29,29
300147,1,1,1994,25,25,25,25,25,25,25,25,25,25
300148,1,1,1994,0,0,0,0,0,0,0,0,0,0
300149,1,1,1994,30,30,30,30,30,30,30,30,30,30
300150,1,1,1994,12,12,12,12,12,12,12,12,12,12
300151,1,1,1994,0,0,0,0,0,0,0,0,0,0
300151,2,1,1994,0,0,0,0,0,0,0,0,0,0
300151,3,1,1994,0,0,0,0,0,0,0,14,0,0
300151,4,1,1994,0,0,0,0,0,0,0,0,0,0
300151,5,1,1994,0,0,0,13,0,0,0,0,0,0
300151,6,1,1994,0,0,0,0,0,0,0,0,0,0
300152,1,1,1994,21,21,21,21,21,21,21,21,21,21
300153,1,1,1994,0,0,0,10,0,0,0,3,0,0
300155,1,1,1994,0,0,0,0,0,0,0,0,0,0
300155,2,1,1994,0,0,0,0,0,0,0,0,0,0
300156,1,1,1994,0,0,0,0,0,0,0,0,0,0
300156,2,1,1994,24,24,24,24,24,24,24,24,24,24
300157,1,1,1994,2,0,0,36,0,12,11,0,34,16
300158,1,1,1994,0,0,0,0,0,0,0,0,0,0
300158,2,1,1994,0,0,0,0,0,0,0,0,0,0
300159,1,1,1994,0,0,0,0,0,0,0,0,0,0
300160,1,1,1994,0,23,0,0,0,0,0,0,0,0
300160,2,1,1994,0,0,0,0,0,0,0,0,0,0
300161,0,1,1994,0,0,0,0,0,0,0,0,0,0
300161,1,1,1994,0,0,0,0,0,0,0,0,0,0
300162,1,1,1994,1,1,1,1,1,1,1,1,1,1
300163,1,1,1994,17,17,17,17,17,17,17,17,17,17
300164,1,1,1994,0,0,0,0,0,0,0,0,0,0
300164,2,1,1994,25,25,25,25,25,25,25,25,25,25
300165,1,1,1994,0,0,0,0,0,0,0,0,0,0
300166,1,1,1994,15,15,15,15,15,15,15,15,15,15
300167,1,1,1994,0,0,0,0,0,0,0,0,0,0
300167,2,1,1994,14,0,0,0,0,0,0,0,0,0
300168,1,1,1994,21,21,21,21,21,21,21,21,21,21
300169,1,1,1994,0,9,0,0,0,0,0,0,0,17
300170,1,1,1994,4,4,4,4,4,4,4,4,4,4
300170,2,1,1994,0,0,0,0,0,0,0,0,0,0
300171,1,1,1994,0,0,0,0,0,0,0,0,0,0
300171,2,1,1994,0,0,0,0,0,0,0,0,0,0
300172,1,1,1994,0,0,0,0,0,0,0,0,0,0
300172,2,1,1994,0,0,0,0,0,0,0,0,0,0
300173,1,1,1994,7,7,7,7,7,7,7,7,7,7
300173,2,1,1994,10,10,10,10,10,10,10,10,10,10
300174,1,1,1994,22,22,22,22,22,22,22,22,22,22
300175,1,1,1994,23,23,23,23,23,23,23,23,23,23
300176,1,1,1994,15,15,15,15,15,15,15,15,15,15
300177,1,1,1994,14,14,14,14,14,14,14,14,14,14
300178,1,1,1994,0,0,0,0,0,0,0,0,0,15
300179,0,1,1994,12,35,21,16,25,49,34,21,30,9
300179,1,1,1994,0,0,0,0,0,0,0,21,0,0
300180,1,1,1994,0,0,0,0,0,0,0,0,0,0
300180,2,1,1994,0,0,0,0,0,0,0,0,0,0
300182,1,1,1994,17,17,17,17,17,17,17,17,17,17
300183,0,1,1994,0,0,0,0,0,0,0,0,0,0
300183,1,1,1994,0,0,0,0,0,0,0,0,0,0
300184,1,1,1994,0,0,0,0,0,0,0,0,0,0
300185,1,1,1994,13,14,12,20,15,20,8,25,28,29
300187,0,1,1994,0,0,0,0,0,0,0,0,0,0
300187,1,1,1994,0,0,0,0,0,0,0,0,0,0
300188,0,1,1994,0,0,0,0,0,0,0,0,0,0
300188,1,1,1994,0,0,0,0,0,0,0,0,0,0
310001,1,1,1994,0,0,0,0,0,0,0,0,0,0
310001,2,1,1994,0,0,0,0,0,0,0,0,0,0
310002,1,1,1994,22,22,22,22,22,22,22,22,22,22
310003,1,1,1994,0,0,0,0,0,0,0,0,0,0
310003,2,1,1994,0,0,0,0,0,0,0,0,0,0
310004,1,1,1994,0,0,0,0,0,0,0,0,0,0
310004,2,1,1994,0,0,0,0,0,0,0,0,0,0
310005,1,1,1994,0,0,0,0,0,0,0,0,0,0
310006,1,1,1994,0,0,0,0,0,0,0,0,0,0
310007,1,1,1994,0,10,7,0,25,0,0,0,0,0
310007,2,1,1994,0,0,0,0,0,0,0,0,0,0
310008,1,1,1994,0,0,0,0,0,0,0,0,0,0
310008,2,1,1994,0,0,0,0,0,0,0,0,0,0
310008,3,1,1994,0,0,0,0,0,0,0,0,0,0
310009,1,1,1994,0,0,0,0,0,0,11,0,0,0
310009,2,1,1994,0,0,0,0,0,0,0,0,0,0
310010,1,1,1994,0,0,0,0,0,0,0,0,0,0
310010,2,1,1994,0,0,0,0,0,0,0,0,0,0
310011,1,1,1994,0,0,0,0,0,0,0,0,0,0
310011,2,1,1994,28,28,28,28,28,28,28,28,28,28
310012,1,1,1994,0,0,0,0,0,0,0,0,0,0
310013,1,1,1994,0,0,0,0,0,0,0,0,0,0
310014,1,1,1994,0,0,0,0,0,0,0,0,0,0
310014,2,1,1994,25,25,25,25,25,25,25,25,25,25
310015,1,1,1994,0,0,0,0,0,0,0,0,0,0
310015,2,1,1994,0,26,16,6,14,13,5,0,0,0
310016,1,1,1994,0,0,0,0,0,0,0,0,0,0
310016,2,1,1994,0,0,0,0,0,0,0,0,0,0
310017,1,1,1994,0,0,0,0,0,0,0,0,0,0
310017,2,1,1994,0,0,0,0,0,0,0,0,0,0
310018,1,1,1994,0,0,0,0,0,0,0,0,0,0
310018,2,1,1994,0,0,0,0,0,0,0,0,0,0
310019,1,1,1994,18,18,18,18,18,18,18,18,18,18
310020,1,1,1994,0,0,0,0,0,0,0,0,0,0
310021,1,1,1994,0,0,0,0,0,0,0,0,0,0
310021,2,1,1994,0,0,0,0,0,0,0,0,0,0
310022,1,1,1994,0,0,0,0,0,0,0,0,0,0
310022,2,1,1994,0,0,0,0,0,0,0,0,0,0
310023,1,1,1994,0,0,0,0,0,0,0,0,0,0
310023,2,1,1994,1,1,1,1,1,1,1,1,1,1
310024,1,1,1994,0,0,0,0,0,0,0,0,0,0
310024,2,1,1994,1,1,1,1,1,1,1,1,1,1
310025,1,1,1994,0,0,0,0,0,0,0,0,0,0
310026,1,1,1994,0,0,0,0,0,0,0,0,0,0
310027,1,1,1994,0,0,0,0,0,0,0,0,0,0
310027,2,1,1994,0,0,0,0,0,0,0,0,0,0
310028,1,1,1994,7,7,7,7,7,7,7,7,7,7
310030,1,1,1994,28,16,14,26,18,4,8,20,17,0
310032,0,1,1994,31,31,31,31,31,31,31,31,31,31
310032,1,1,1994,8,0,14,0,0,0,29,15,0,0
310033,1,1,1994,18,18,18,18,18,18,18,18,18,18
310034,0,1,1994,22,22,22,22,22,22,22,22,22,22
310034,1,1,1994,0,0,0,0,0,0,0,0,0,0
310035,1,1,1994,0,0,0,0,0,0,0,0,0,0
310035,2,1,1994,0,0,0,0,0,0,0,0,0,0
310036,1,1,1994,0,0,0,0,0,0,0,0,0,0
310036,2,1,1994,20,20,20,20,20,20,20,20,20,20
310037,1,1,1994,0,0,0,0,0,0,0,0,0,0
310037,2,1,1994,0,0,0,0,0,0,0,0,0,0
310038,1,1,1994,0,0,0,0,0,0,0,0,0,0
310038,2,1,1994,0,0,0,0,0,0,0,0,0,0
310039,1,1,1994,10,10,10,10,10,10,10,10,10,10
310040,1,1,1994,23,23,23,23,23,23,23,23,23,23
310040,2,1,1994,0,0,0,0,0,0,0,0,0,0
310041,1,1,1994,0,0,0,0,0,0,0,0,0,0
310041,2,1,1994,0,0,0,0,0,0,0,0,0,0
310042,1,1,1994,0,0,0,0,0,0,0,0,0,0
310042,2,1,1994,0,0,0,0,0,0,0,0,0,0
310043,1,1,1994,0,0,0,0,0,0,0,0,0,0
310043,2,1,1994,0,0,0,0,0,0,0,0,0,0
310044,1,1,1994,0,0,0,0,0,0,0,0,0,0
310044,2,1,1994,0,0,0,0,0,0,0,0,0,0
310045,1,1,1994,0,0,0,0,0,0,0,0,0,0
310046,1,1,1994,0,0,0,0,0,0,0,0,0,0
310047,1,1,1994,0,0,0,0,0,0,0,0,0,0
310047,2,1,1994,8,8,8,8,8,8,8,8,8,8
310048,1,1,1994,0,0,0,0,0,0,0,0,0,0
310048,2,1,1994,33,39,8,12,27,9,0,14,13,9
310049,1,1,1994,23,23,23,23,23,23,23,23,23,23
310050,1,1,1994,34,34,34,34,34,34,34,34,34,34
310051,1,1,1994,17,17,17,17,17,17,17,17,17,17
310052,1,1,1994,6,6,6,6,6,6,6,6,6,6
310053,1,1,1994,17,17,17,17,17,17,17,17,17,17
310054,1,1,1994,0,0,0,0,0,0,0,0,0,0
310054,2,1,1994,0,0,0,0,0,0,0,0,0,0
310055,1,1,1994,1,1,1,1,1,1,1,1,1,1
310055,2,1,1994,1,1,1,1,1,1,1,1,1,1
310056,1,1,1994,0,0,0,0,0,0,0,0,0,0
310057,1,1,1994,0,0,0,0,14,0,18,0,0,0
310058,1,1,1994,0,0,0,0,0,0,0,0,0,0
310058,2,1,1994,19,19,19,19,19,19,19,19,19,19
310059,1,1,1994,18,18,18,18,18,18,18,18,18,18
310060,1,1,1994,0,0,0,0,0,0,0,0,0,0
310060,2,1,1994,0,0,0,0,0,0,0,0,0,0
310061,1,1,1994,0,0,0,0,0,0,0,0,0,0
310062,1,1,1994,14,14,14,14,14,14,14,14,14,14
310062,2,1,1994,1,1,1,1,1,1,1,1,1,1
310063,1,1,1994,0,0,0,0,0,0,0,0,0,0
310063,2,1,1994,0,0,0,0,0,0,0,0,0,0
310064,1,1,1994,0,0,0,0,0,0,0,0,0,0
310065,1,1,1994,4,4,4,4,4,4,4,4,4,4
310066,1,1,1994,0,0,0,0,0,0,0,0,0,0
310066,2,1,1994,0,0,0,0,0,0,0,0,0,0
310067,1,1,1994,9,9,9,9,9,9,9,9,9,9
310068,1,1,1994,13,13,13,13,13,13,13,13,13,13
310069,1,1,1994,0,0,0,0,0,0,0,0,0,0
310070,1,1,1994,11,11,11,11,11,11,11,11,11,11
310070,2,1,1994,7,7,7,7,7,7,7,7,7,7
310071,1,1,1994,0,0,11,0,0,0,0,0,0,0
310072,0,1,1994,0,0,0,0,0,0,0,0,0,0
310072,1,1,1994,0,0,0,0,0,0,0,0,0,0
310073,1,1,1994,0,0,0,0,0,0,0,0,0,0
310074,1,1,1994,0,0,0,0,0,0,0,0,0,0
310074,2,1,1994,0,0,0,0,0,0,0,0,0,0
310075,1,1,1994,0,0,0,0,0,0,0,0,0,0
310076,1,1,1994,0,0,0,0,0,0,0,0,0,0
310076,2,1,1994,0,0,0,0,0,0,0,0,0,0
310077,1,1,1994,10,10,10,10,10,10,10,10,10,10
310078,1,1,1994,0,0,0,0,0,0,0,0,0,0
310078,2,1,1994,0,0,0,0,0,0,0,0,0,0
310079,1,1,1994,1,1,1,1,1,1,1,1,1,1
310080,1,1,1994,0,0,0,0,0,0,0,0,0,0
310080,2,1,1994,0,0,0,0,0,0,0,0,0,0
310081,1,1,1994,20,20,20,20,20,20,20,20,20,20
310082,1,1,1994,9,9,9,9,9,9,9,9,9,9
310083,1,1,1994,0,0,0,0,0,0,0,0,0,0
310083,2,1,1994,0,0,0,0,0,0,0,0,0,0
310084,1,1,1994,11,11,11,11,11,11,11,11,11,11
310084,2,1,1994,23,23,23,23,23,23,23,23,23,23
310085,1,1,1994,0,0,0,0,0,28,0,0,0,23
310086,1,1,1994,12,12,12,12,12,12,12,12,12,12
310087,1,1,1994,21,21,21,21,21,21,21,21,21,21
310088,1,1,1994,0,0,0,0,0,0,0,0,0,0
310088,2,1,1994,0,0,0,0,0,0,0,0,0,0
310089,1,1,1994,17,17,17,17,17,17,17,17,17,17
310090,1,1,1994,0,0,0,0,0,0,0,0,0,0
310091,1,1,1994,1,1,1,1,1,1,1,1,1,1
310091,2,1,1994,0,0,0,0,0,0,0,0,0,0
310092,1,1,1994,9,9,9,9,9,9,9,9,9,9
310093,1,1,1994,0,0,0,0,0,0,0,0,0,0
310094,1,1,1994,15,22,17,16,19,18,32,23,21,25
310095,1,1,1994,0,0,22,0,26,0,37,0,14,0
310096,1,1,1994,0,0,0,0,0,0,0,0,0,0
310096,2,1,1994,1,1,1,1,1,1,1,1,1,1
310096,3,1,1994,0,0,0,0,0,0,0,0,0,0
310097,1,1,1994,0,0,0,0,0,0,0,0,0,0
310098,1,1,1994,0,0,0,0,0,0,0,0,0,0
310098,2,1,1994,0,0,0,0,0,0,0,0,0,0
310098,3,1,1994,0,0,0,0,0,0,0,0,0,0
310099,1,1,1994,3,3,3,3,3,3,3,3,3,3
310100,1,1,1994,0,0,0,0,0,0,0,0,0,0
310100,2,1,1994,0,0,0,0,0,0,0,0,0,0
310101,1,1,1994,0,0,0,0,0,0,0,0,0,0
310101,2,1,1994,0,0,0,0,0,0,0,0,0,0
310102,0,1,1994,0,0,0,0,0,0,0,0,0,0
310102,1,1,1994,0,0,0,0,0,0,0,0,0,0
310103,1,1,1994,0,0,0,0,0,0,0,0,0,0
310103,2,1,1994,0,0,0,0,0,0,0,0,0,0
310104,1,1,1994,0,0,0,0,0,0,0,0,0,0
310104,2,1,1994,0,0,0,0,0,0,0,0,0,0
310105,1,1,1994,0,0,0,0,0,0,0,0,0,0
310105,2,1,1994,0,0,0,0,0,0,0,0,0,0
310106,1,1,1994,0,0,0,0,0,0,3,0,0,0
310107,1,1,1994,0,0,0,0,0,0,0,0,0,0
310107,2,1,1994,0,0,0,0,0,0,0,0,0,0
310108,1,1,1994,10,10,10,10,10,10,10,10,10,10
310109,1,1,1994,0,0,0,8,14,18,0,0,0,18
310110,1,1,1994,0,0,0,0,0,0,0,0,0,0
310110,2,1,1994,0,0,0,0,0,0,0,0,0,0
310111,1,1,1994,0,0,0,0,0,0,0,0,0,0
310111,2,1,1994,0,0,0,0,0,0,0,0,0,0
310112,1,1,1994,1,1,1,1,1,1,1,1,1,1
310112,2,1,1994,0,0,0,0,0,0,0,0,0,0
310113,1,1,1994,0,0,0,0,20,0,0,0,0,0
310114,1,1,1994,0,0,0,0,0,0,0,0,0,0
310115,1,1,1994,0,0,0,0,0,0,0,0,0,0
310115,2,1,1994,0,0,0,0,0,0,0,0,0,0
310116,0,1,1994,0,0,0,0,0,0,0,0,0,0
310116,1,1,1994,0,0,0,0,0,0,0,0,0,0
310117,1,1,1994,0,0,0,0,0,0,0,0,0,0
310118,1,1,1994,25,19,19,33,15,0,15,21,18,14
310119,1,1,1994,0,0,0,0,0,0,0,0,0,0
310120,0,1,1994,0,0,0,0,0,0,0,0,0,0
310120,1,1,1994,0,0,0,0,8,0,5,0,0,20
310121,1,1,1994,21,21,21,21,21,21,21,21,21,21
310122,1,1,1994,0,0,13,0,0,18,10,0,0,11
310123,1,1,1994,0,0,0,13,7,0,0,18,0,8
310124,0,1,1994,0,0,0,0,0,0,0,0,0,0
310124,1,1,1994,0,0,0,0,0,0,0,0,0,0
310125,0,1,1994,0,0,0,0,0,0,0,0,0,0
310125,1,1,1994,7,6,10,16,12,11,14,14,16,22
310126,1,1,1994,0,0,0,0,0,0,0,0,0,0
310126,2,1,1994,0,0,0,0,0,0,0,0,0,0
310127,1,1,1994,24,24,24,24,24,24,24,24,24,24
310128,1,1,1994,0,0,0,0,0,0,0,0,0,0
310128,2,1,1994,0,0,0,0,0,0,0,0,0,0
310129,1,1,1994,0,0,0,0,0,0,0,0,0,0
310129,2,1,1994,0,0,0,0,0,0,0,0,0,0
310130,1,1,1994,26,26,26,26,26,26,26,26,26,26
310130,2,1,1994,11,11,11,11,11,11,11,11,11,11
310131,1,1,1994,0,0,0,0,0,0,0,0,0,0
310131,2,1,1994,0,0,0,0,0,0,0,0,0,0
310132,1,1,1994,0,0,0,0,0,0,0,0,0,24
310133,1,1,1994,0,0,21,0,0,0,0,0,0,0
310133,2,1,1994,0,0,0,0,0,0,7,0,13,4
310134,1,1,1994,0,0,0,0,0,0,0,0,0,0
310135,1,1,1994,0,0,0,0,0,0,0,0,0,0
310135,2,2,1994,0,0,0,0,0,0,0,0,0,0
310136,1,1,1994,0,0,14,0,0,0,0,0,0,0
310136,2,1,1994,0,0,0,0,0,0,0,0,0,0
310137,1,1,1994,0,0,0,0,0,0,0,0,0,0
310137,2,1,1994,0,0,0,0,0,0,0,0,0,0
310138,1,1,1994,12,12,12,12,12,12,12,12,12,12
310139,1,1,1994,0,0,0,0,0,0,0,0,0,0
310139,2,1,1994,17,17,17,17,17,17,17,17,17,17
310140,0,1,1994,0,0,0,0,0,0,0,0,0,9
310140,1,1,1994,0,0,0,0,0,0,0,0,0,0
310141,1,1,1994,31,31,31,31,31,31,31,31,31,31
310142,1,1,1994,0,0,0,0,0,0,0,0,0,0
310142,2,1,1994,8,8,8,8,8,8,8,8,8,8
310143,1,1,1994,9,8,11,20,7,14,0,18,5,12
310144,1,1,1994,30,30,30,30,30,30,30,30,30,30
310145,0,1,1994,22,22,22,22,22,22,22,22,22,22
310145,1,1,1994,0,0,0,0,0,0,0,0,0,0
310146,1,1,1994,19,19,19,19,19,19,19,19,19,19
310147,1,1,1994,0,0,0,0,0,0,0,0,0,0
310147,2,1,1994,2,2,2,2,2,2,2,2,2,2
310148,1,1,1994,0,0,0,0,0,0,0,0,0,0
310148,2,1,1994,0,0,0,0,0,0,0,0,0,0
310149,1,1,1994,0,0,0,0,0,0,0,0,0,0
310149,2,1,1994,0,0,0,0,0,0,0,0,0,0
310150,1,1,1994,26,26,26,26,26,26,26,26,26,26
310151,1,1,1994,2,2,2,2,2,2,2,2,2,2
310151,2,1,1994,0,0,0,0,0,0,0,0,0,0
310152,0,1,1994,0,0,0,0,0,0,0,0,0,0
310152,1,1,1994,0,0,0,0,0,0,0,0,0,0
310153,1,1,1994,16,27,15,18,20,12,0,33,0,4
310154,1,1,1994,1,1,1,1,1,1,1,1,1,1
310155,0,1,1994,18,18,18,18,18,18,18,18,18,18
310155,1,1,1994,0,20,0,16,0,0,0,0,0,0
310156,1,1,1994,0,23,12,9,15,6,0,21,8,7
310157,1,1,1994,0,0,0,0,0,0,0,0,0,0
310158,1,1,1994,0,0,0,0,0,0,0,0,0,0
310159,1,1,1994,0,0,0,0,0,0,0,0,0,0
310159,2,1,1994,0,0,0,0,0,0,0,0,0,0
310160,1,2,1994,0,16,19,29,0,0,20,0,0,29
310161,0,1,1994,0,0,0,0,0,0,0,0,0,0
310161,1,1,1994,0,0,0,0,0,0,0,0,0,0