ST_CASE,VEH_NO,PER_NO,YEAR,P1,P2,P3,P4,P5,P6,P7,P8,P9,P10
310162,1,1,1994,18,18,18,18,18,18,18,18,18,18
310162,2,1,1994,0,0,0,0,0,0,0,0,0,5
310162,3,1,1994,0,0,0,0,0,0,0,0,0,0
310163,1,1,1994,0,0,0,0,0,0,0,0,0,0
310165,1,1,1994,5,5,5,5,5,5,5,5,5,5
310165,2,1,1994,25,25,25,25,25,25,25,25,25,25
310166,0,1,1994,21,21,21,21,21,21,21,21,21,21
310166,1,1,1994,0,0,0,0,0,0,0,0,0,0
310166,2,1,1994,0,0,0,0,0,0,0,0,0,0
310167,1,1,1994,13,0,6,0,0,0,0,0,0,2
310168,1,1,1994,31,31,31,31,31,31,31,31,31,31
310168,2,1,1994,1,1,1,1,1,1,1,1,1,1
310169,1,1,1994,15,15,15,15,15,15,15,15,15,15
310169,2,1,1994,0,0,0,0,4,0,0,0,0,0
310170,1,1,1994,0,0,0,0,0,0,0,18,21,0
310170,2,1,1994,0,0,0,0,0,0,0,0,0,0
310170,3,1,1994,0,0,0,0,0,0,0,0,18,0
310171,1,1,1994,0,0,0,0,0,0,0,0,0,15
310171,2,1,1994,0,0,12,0,0,0,0,33,0,0
310172,1,1,1994,0,0,0,0,0,0,0,0,0,0
310173,1,1,1994,0,0,0,0,0,0,0,0,0,0
310173,2,1,1994,0,0,0,0,0,0,0,0,0,0
310174,1,1,1994,0,0,0,0,0,0,0,0,0,0
310174,2,1,1994,0,0,0,0,0,0,0,0,0,0
310175,1,1,1994,0,17,20,14,0,36,0,17,0,18
310176,1,1,1994,0,0,0,0,0,0,0,0,0,0
310176,2,1,1994,0,0,0,0,0,0,0,0,0,0
310177,1,1,1994,0,0,0,0,0,0,0,0,0,0
310177,2,1,1994,3,3,3,3,3,3,3,3,3,3
310177,3,1,1994,0,0,0,0,0,0,0,0,0,0
310178,1,1,1994,17,17,17,17,17,17,17,17,17,17
310179,1,1,1994,0,0,0,0,0,0,0,0,0,0
310179,2,1,1994,0,0,0,0,0,0,0,0,0,0
310180,1,1,1994,0,0,0,0,0,0,0,0,0,0
310180,2,1,1994,0,0,0,0,0,0,0,18,0,0
310181,1,1,1994,0,0,0,13,0,5,0,20,0,0
310181,2,1,1994,0,0,0,0,0,0,0,0,0,0
310182,1,1,1994,0,0,0,0,0,0,0,0,0,0
310182,2,1,1994,29,29,29,29,29,29,29,29,29,29
310183,1,1,1994,0,0,0,0,0,0,0,0,0,0
310183,2,1,1994,0,0,0,0,0,0,0,0,0,0
310184,1,1,1994,0,0,0,0,0,0,0,0,0,0
310185,1,1,1994,36,36,36,36,36,36,36,36,36,36
310186,1,1,1994,0,0,0,0,0,0,0,0,0,0
310186,2,1,1994,9,9,9,9,9,9,9,9,9,9
310187,0,1,1994,0,0,0,0,0,0,0,0,0,0
310187,1,1,1994,0,0,0,0,0,0,0,0,0,0
310188,1,1,1994,0,0,0,0,0,0,0,0,0,0
310188,2,1,1994,0,0,0,0,0,0,0,0,0,0
310189,0,1,1994,16,16,16,16,16,16,16,16,16,16
310189,1,1,1994,6,6,6,6,6,6,6,6,6,6
310190,1,1,1994,0,0,0,0,0,0,0,0,0,0
310191,1,1,1994,0,0,0,0,0,0,0,0,0,0
310191,2,1,1994,1,1,1,1,1,1,1,1,1,1
310192,1,1,1994,0,0,0,0,0,0,0,0,0,0
310192,2,1,1994,0,0,0,0,0,0,0,0,0,0
310193,1,1,1994,0,0,0,0,0,0,0,0,0,0
310193,2,1,1994,0,0,0,0,0,0,0,0,0,0
310194,1,1,1994,0,0,0,0,0,0,0,0,0,0
310194,2,1,1994,0,0,0,0,0,0,0,0,0,0
310194,3,1,1994,15,15,15,15,15,15,15,15,15,15
310195,1,1,1994,16,9,10,20,10,31,11,11,24,6
310195,2,1,1994,7,4,9,9,4,19,19,17,0,30
310196,1,1,1994,0,0,0,0,0,0,0,0,0,0
310197,1,1,1994,0,0,0,0,0,0,0,0,0,0
310198,1,1,1994,21,21,21,21,21,21,21,21,21,21
310199,1,1,1994,13,13,13,13,13,13,13,13,13,13
310200,1,1,1994,0,0,0,0,0,0,0,0,0,0
310200,2,1,1994,0,0,0,0,0,0,0,0,0,0
310201,1,1,1994,1,1,1,1,1,1,1,1,1,1
310201,2,1,1994,0,0,0,0,0,0,0,0,0,0
310202,1,1,1994,0,0,0,0,0,0,0,0,0,0
310202,2,1,1994,0,0,0,0,0,0,0,0,0,0
310203,1,1,1994,0,0,0,0,0,0,0,0,0,0
310203,2,1,1994,0,0,0,0,0,0,0,0,0,0
310204,1,1,1994,0,0,0,0,0,0,0,0,0,0
310204,2,1,1994,16,16,16,16,16,16,16,16,16,16
310205,1,1,1994,0,0,0,0,0,0,0,0,0,0
310205,2,1,1994,18,18,18,18,18,18,18,18,18,18
310206,1,1,1994,15,15,15,15,15,15,15,15,15,15
310207,1,1,1994,23,23,23,23,23,23,23,23,23,23
310208,1,1,1994,18,18,18,18,18,18,18,18,18,18
310208,2,1,1994,13,13,13,13,13,13,13,13,13,13
310209,1,1,1994,0,0,0,0,0,0,0,0,0,0
310209,2,1,1994,0,0,0,13,0,0,0,0,0,0
310210,0,1,1994,1,1,1,1,1,1,1,1,1,1
310210,1,1,1994,0,0,0,0,0,0,0,0,0,0
310211,1,1,1994,0,0,0,0,0,0,0,12,0,0
310211,2,1,1994,0,0,0,0,0,0,0,0,0,0
310212,1,1,1994,0,0,0,0,0,0,0,0,0,0
310212,2,1,1994,0,0,0,0,0,0,0,0,0,0
310213,1,1,1994,0,0,0,0,0,0,0,0,0,0
310214,0,1,1994,0,0,0,0,29,14,0,0,0,0
310214,0,2,1994,0,0,0,0,0,0,0,0,0,0
310214,1,1,1994,0,0,0,0,0,0,0,0,0,0
310215,1,1,1994,0,0,0,0,0,0,0,0,0,0
310215,2,1,1994,0,0,0,0,0,0,0,0,0,0
310215,3,1,1994,0,0,0,0,0,0,0,0,0,0
310216,1,1,1994,0,0,0,0,0,0,0,0,0,0
310216,2,1,1994,0,0,0,0,0,0,0,0,0,0
310217,1,1,1994,0,0,0,29,0,28,0,18,0,18
310218,1,1,1994,10,10,10,10,10,10,10,10,10,10
310219,1,1,1994,0,0,0,0,0,0,0,0,0,0
310220,1,1,1994,0,0,0,0,0,0,0,0,0,0
310220,2,1,1994,0,0,0,0,0,0,0,0,0,0
310221,1,1,1994,22,22,22,22,22,22,22,22,22,22
310222,1,1,1994,0,0,0,0,0,0,0,0,0,0
310222,2,1,1994,0,0,0,0,0,0,0,0,0,0
310223,1,1,1994,21,21,21,21,21,21,21,21,21,21
310224,0,1,1994,39,39,39,39,39,39,39,39,39,39
310224,1,1,1994,0,0,0,0,0,0,0,0,0,0
310225,1,1,1994,17,17,17,17,17,17,17,17,17,17
310226,1,1,1994,0,0,0,0,0,0,0,0,0,0
310227,1,1,1994,0,0,0,0,0,0,0,0,0,0
310228,1,1,1994,0,0,0,0,0,0,0,0,0,0
310228,2,1,1994,0,0,0,0,0,0,0,0,0,0
310228,3,1,1994,0,0,0,0,0,0,0,0,0,0
310229,1,1,1994,5,5,5,5,5,5,5,5,5,5
310229,2,1,1994,0,0,0,0,0,0,0,0,0,0
310230,1,1,1994,0,0,0,0,0,0,0,0,0,0
310230,2,1,1994,0,0,0,0,0,0,0,0,0,0
310231,1,1,1994,5,5,5,5,5,5,5,5,5,5
310232,1,1,1994,0,0,0,0,0,0,0,0,0,0
310232,2,1,1994,0,0,0,0,0,0,0,0,0,0
320001,1,1,1994,0,0,0,0,0,0,0,0,0,0
320001,2,1,1994,0,0,0,0,0,0,0,0,0,0
320002,1,1,1994,0,0,0,0,0,0,0,0,0,0
320003,1,1,1994,9,9,9,9,9,9,9,9,9,9
320004,0,1,1994,0,0,0,0,0,0,0,0,0,0
320004,1,1,1994,0,0,0,0,0,0,0,0,0,0
320005,0,1,1994,21,21,21,21,21,21,21,21,21,21
320005,1,1,1994,13,0,0,12,15,0,0,0,0,19
320006,0,1,1994,29,29,29,29,29,29,29,29,29,29
320006,1,1,1994,0,0,0,0,0,0,0,0,0,0
320007,1,1,1994,0,0,0,0,0,0,0,0,0,0
320008,0,1,1994,0,0,29,0,0,24,0,0,0,0
320008,1,1,1994,0,0,0,0,0,0,0,0,0,0
320009,1,1,1994,0,0,0,0,0,0,0,0,0,0
320010,1,1,1994,0,0,0,0,8,0,0,0,0,0
320011,1,1,1994,14,14,14,14,14,14,14,14,14,14
320011,2,1,1994,0,0,0,0,0,0,0,0,0,0
320012,1,1,1994,0,0,0,0,0,0,0,0,0,0
320012,2,1,1994,0,0,0,0,0,0,0,0,0,0
320013,0,1,1994,25,25,25,25,25,25,25,25,25,25
320013,1,1,1994,0,0,0,0,0,0,0,0,0,0
320014,0,1,1994,0,0,0,0,0,0,0,0,0,0
320014,1,1,1994,0,0,0,0,0,0,0,0,0,0
320015,1,1,1994,14,14,14,14,14,14,14,14,14,14
320015,2,1,1994,0,0,0,0,0,0,0,0,22,0
320016,1,1,1994,2,2,2,2,2,2,2,2,2,2
320017,0,1,1994,18,18,18,18,18,18,18,18,18,18
320017,0,2,1994,12,12,12,12,12,12,12,12,12,12
320017,1,1,1994,25,24,0,23,7,0,6,17,16,6
320018,1,1,1994,27,27,27,27,27,27,27,27,27,27
320018,2,1,1994,0,0,0,0,0,0,0,0,0,0
320019,1,1,1994,0,0,0,0,0,0,0,0,0,0
320019,2,1,1994,0,0,0,0,0,0,0,0,0,0
320020,1,1,1994,0,0,0,0,0,0,0,0,0,0
320020,2,1,1994,0,0,0,0,0,0,0,0,0,0
320021,0,1,1994,15,32,0,0,0,0,0,0,0,0
320021,1,1,1994,0,0,0,0,0,0,0,0,0,0
320022,0,1,1994,0,0,0,0,0,0,0,0,0,0
320022,1,1,1994,43,19,16,28,8,0,0,6,20,23
320023,1,1,1994,22,22,22,22,22,22,22,22,22,22
320024,1,1,1994,0,0,0,0,0,0,0,0,0,0
320025,1,1,1994,0,0,0,0,0,0,0,0,0,0
320025,2,1,1994,0,0,0,0,0,0,0,0,0,0
320026,1,1,1994,2,2,2,2,2,2,2,2,2,2
320027,1,1,1994,21,21,21,21,21,21,21,21,21,21
320027,2,1,1994,2,2,2,2,2,2,2,2,2,2
320028,1,1,1994,0,0,0,0,0,0,0,0,0,0
320029,1,1,1994,0,0,0,0,0,0,0,0,0,0
320029,2,1,1994,0,0,0,0,0,0,0,0,0,0
320030,1,1,1994,26,26,26,26,26,26,26,26,26,26
320031,1,1,1994,19,19,19,19,19,19,19,19,19,19
320032,1,1,1994,14,14,14,14,14,14,14,14,14,14
320033,1,1,1994,0,0,0,0,0,0,0,0,0,0
320034,0,1,1994,0,0,24,0,0,13,17,0,14,0
320034,1,1,1994,40,18,9,11,5,0,21,0,32,13
320035,1,1,1994,21,21,21,21,21,21,21,21,21,21
320035,2,1,1994,0,0,0,0,10,0,18,0,0,0
320036,1,1,1994,0,0,0,0,0,0,0,0,0,0
320036,2,1,1994,6,6,6,6,6,6,6,6,6,6
320037,1,1,1994,0,0,0,0,0,0,0,0,0,0
320038,1,1,1994,0,0,0,0,0,0,0,0,0,0
320039,0,1,1994,0,0,0,0,0,0,0,0,0,0
320039,1,1,1994,6,0,0,0,0,5,0,0,0,0
320040,0,1,1994,0,0,0,0,0,0,0,0,0,0
320040,1,1,1994,0,0,0,0,0,0,0,0,0,0
320041,1,1,1994,21,21,21,21,21,21,21,21,21,21
320042,1,1,1994,5,5,5,5,5,5,5,5,5,5
320043,0,1,1994,0,0,0,0,0,0,0,0,0,0
320043,1,1,1994,0,0,0,0,0,0,0,0,0,0
320044,0,1,1994,0,0,0,0,0,0,0,0,0,0
320044,0,2,1994,0,0,0,0,0,0,0,0,17,0
320044,1,1,1994,0,8,0,0,0,0,0,0,0,0
320045,1,1,1994,0,0,0,0,0,0,0,0,0,0
320045,2,1,1994,0,0,0,0,0,0,0,0,0,0
320046,0,1,1994,29,29,29,29,29,29,29,29,29,29
320046,1,1,1994,0,0,0,0,0,0,0,0,0,1
320047,1,1,1994,0,0,0,0,0,0,0,0,0,0
320047,2,1,1994,0,15,0,0,0,0,0,0,0,0
320048,1,1,1994,23,23,23,23,23,23,23,23,23,23
320048,2,1,1994,0,0,0,0,0,0,0,0,0,0
320049,0,1,1994,0,0,13,2,0,9,15,0,0,0
320049,1,1,1994,0,0,0,0,0,0,0,0,0,0
320050,0,1,1994,30,30,30,30,30,30,30,30,30,30
320050,1,1,1994,23,0,31,26,38,18,0,21,0,0
320051,1,1,1994,29,29,29,29,29,29,29,29,29,29
320052,1,1,1994,0,0,0,0,0,0,0,0,0,0
320052,2,1,1994,0,0,0,0,0,0,0,0,0,0
320053,0,1,1994,0,0,0,0,0,0,0,0,0,0
320053,1,1,1994,0,0,0,0,0,0,0,0,0,0
320054,1,1,1994,0,0,0,0,0,0,0,0,0,0
320055,1,1,1994,14,14,14,14,14,14,14,14,14,14
320055,2,1,1994,25,40,31,28,22,29,23,17,21,30
320056,1,1,1994,24,24,24,24,24,24,24,24,24,24
320057,1,1,1994,0,0,0,0,0,0,0,0,0,0
320058,1,1,1994,0,0,0,0,0,0,0,0,0,0
320058,2,1,1994,0,0,0,0,0,0,0,0,0,0
320059,1,1,1994,21,21,21,21,21,21,21,21,21,21
320059,2,1,1994,0,0,0,0,0,0,0,0,0,0
320059,3,1,1994,0,0,0,0,0,0,0,0,0,0
320060,0,1,1994,25,25,25,25,25,25,25,25,25,25
320060,1,1,1994,0,0,10,0,0,0,0,0,0,0
320061,1,1,1994,13,13,13,13,13,13,13,13,13,13
320061,2,1,1994,9,9,9,9,9,9,9,9,9,9
320062,1,1,1994,0,0,0,0,0,0,0,0,0,0
320062,2,1,1994,0,0,0,0,0,0,33,0,0,11
320063,1,1,1994,0,0,0,0,0,0,0,0,0,0
320064,1,1,1994,34,34,34,34,34,34,34,34,34,34
320065,0,1,1994,0,0,0,0,0,0,0,0,0,0
320065,0,2,1994,0,0,0,27,6,0,0,0,0,0
320065,1,1,1994,0,0,0,0,0,0,0,0,0,0
320066,1,1,1994,0,0,0,0,0,0,0,0,0,0
320066,2,1,1994,0,0,0,0,0,0,0,14,0,0
320066,3,1,1994,0,0,0,17,0,0,0,0,5,12
320067,1,1,1994,0,0,0,0,0,0,0,0,0,0
320067,2,1,1994,0,0,0,0,0,0,0,0,0,0
320068,1,1,1994,0,0,0,0,0,0,0,0,0,20
320068,2,1,1994,4,4,4,4,4,4,4,4,4,4
320069,1,1,1994,0,0,0,0,0,0,0,0,0,0
320069,2,1,1994,0,0,0,0,0,0,0,0,0,0
320070,1,1,1994,14,14,14,14,14,14,14,14,14,14
320071,0,1,1994,0,0,0,19,0,0,0,51,0,0
320071,1,1,1994,17,0,0,0,0,0,6,0,20,0
320072,0,1,1994,16,16,16,16,16,16,16,16,16,16
320072,1,1,1994,22,0,11,0,18,0,24,14,0,0
320073,0,1,1994,0,0,0,0,0,0,0,0,0,0
320073,1,1,1994,0,0,0,3,0,0,0,0,0,0
320074,0,1,1994,0,0,0,0,0,0,0,0,0,0
320074,1,1,1994,8,22,26,27,16,14,11,0,0,28
320075,1,1,1994,21,21,21,21,21,21,21,21,21,21
320075,2,1,1994,0,0,0,0,0,0,0,0,0,0
320075,3,1,1994,0,0,0,0,0,0,0,0,0,0
320075,4,1,1994,0,0,0,0,0,0,0,0,0,0
320076,1,1,1994,0,0,0,0,0,0,0,0,0,0
320076,2,1,1994,0,25,0,0,0,0,2,0,0,23
320077,1,1,1994,0,0,0,0,0,0,0,0,0,0
320078,1,1,1994,0,0,0,0,0,0,0,0,0,0
320078,2,1,1994,0,0,0,0,0,0,0,0,0,0
320079,1,1,1994,0,15,0,0,0,0,0,13,0,0
320079,2,1,1994,0,0,0,0,0,0,0,0,0,0
320080,1,1,1994,12,12,12,12,12,12,12,12,12,12
320080,2,1,1994,0,0,0,0,0,0,0,0,0,0
320081,1,1,1994,0,0,0,0,0,0,0,0,0,0
320082,1,1,1994,17,17,17,17,17,17,17,17,17,17
320082,2,1,1994,0,0,0,0,0,0,0,0,0,0
320083,1,1,1994,0,0,0,0,0,0,0,0,0,0
320084,1,1,1994,0,0,0,0,0,0,0,0,0,0
320084,2,1,1994,0,0,0,0,0,0,0,0,0,0
320084,3,1,1994,0,0,0,0,0,0,0,0,0,0
320085,1,1,1994,0,0,0,0,0,0,0,0,0,0
320086,1,1,1994,0,0,0,0,0,0,0,0,0,0
320087,1,1,1994,0,0,0,0,0,11,0,0,0,20
320088,0,1,1994,0,0,0,0,0,0,0,0,0,0
320088,1,1,1994,0,0,0,0,0,0,0,0,0,0
320089,1,1,1994,0,0,0,0,0,0,0,0,0,0
320089,2,1,1994,0,0,6,13,0,13,0,3,5,0
320090,1,1,1994,0,0,0,0,0,0,0,0,0,0
320091,1,1,1994,0,0,0,0,0,0,0,0,0,0
320091,2,1,1994,16,16,16,16,16,16,16,16,16,16
320092,1,1,1994,0,0,0,10,0,13,29,0,0,21
320093,1,1,1994,0,0,0,0,0,0,0,0,0,0
320093,2,1,1994,4,4,4,4,4,4,4,4,4,4
320093,3,1,1994,0,0,0,0,0,0,21,0,0,0
320094,1,1,1994,3,3,3,3,3,3,3,3,3,3
320094,2,1,1994,0,0,0,0,0,0,0,0,0,0
320095,0,1,1994,0,0,0,0,0,0,0,0,0,0
320095,1,1,1994,0,0,0,0,0,17,0,0,0,0
320096,1,1,1994,0,0,0,0,0,0,0,0,0,0
320097,1,1,1994,0,0,0,0,0,0,0,0,0,0
320098,1,1,1994,0,0,0,0,0,0,0,0,0,0
320098,2,1,1994,0,0,0,0,17,0,0,0,0,0
320099,1,1,1994,34,40,13,0,22,0,26,17,19,0
320100,0,1,1994,26,0,15,23,0,0,0,0,29,0
320100,0,2,1994,0,0,23,0,0,18,16,17,0,0
320100,1,1,1994,0,10,0,0,0,0,0,0,0,13
320101,0,1,1994,17,17,17,17,17,17,17,17,17,17
320101,2,1,1994,0,0,0,0,0,0,0,0,0,0
320102,1,1,1994,19,19,19,19,19,19,19,19,19,19
320102,2,1,1994,0,24,0,0,18,29,0,4,0,19
320103,1,1,1994,0,0,0,0,0,0,0,0,0,0
320104,0,1,1994,0,0,0,0,0,0,0,0,0,0
320104,1,1,1994,20,0,0,0,0,0,0,0,0,0
320105,1,1,1994,0,8,0,27,35,0,17,20,31,2
320106,0,1,1994,0,0,0,0,0,0,0,0,0,0
320106,1,1,1994,0,0,0,0,0,0,0,0,0,0
320107,0,1,1994,0,0,0,0,0,0,0,0,0,0
320107,1,1,1994,0,0,0,0,0,0,10,0,0,0
320108,1,1,1994,23,23,23,23,23,23,23,23,23,23
320108,2,1,1994,0,0,0,0,0,17,9,0,11,14
320109,1,1,1994,37,37,37,37,37,37,37,37,37,37
320110,1,1,1994,0,0,0,0,0,0,0,0,0,0
320111,1,1,1994,31,31,31,31,31,31,31,31,31,31
320112,1,1,1994,37,37,37,37,37,37,37,37,37,37
320113,1,1,1994,26,26,26,26,26,26,26,26,26,26
320114,1,1,1994,5,5,5,5,5,5,5,5,5,5
320115,1,1,1994,18,29,0,0,0,0,5,11,0,12
320116,1,1,1994,0,0,0,0,0,0,0,0,0,0
320116,2,1,1994,0,0,0,0,0,0,0,0,0,11
320117,1,1,1994,0,0,0,0,0,0,0,0,0,0
320118,1,1,1994,0,0,0,0,0,0,0,0,0,12
320119,1,1,1994,0,0,0,0,0,0,0,0,0,0
320119,2,1,1994,0,0,0,0,0,0,0,0,0,0
320120,1,1,1994,0,0,0,0,0,0,0,0,0,0
320121,1,1,1994,9,9,9,9,9,9,9,9,9,9
320122,1,1,1994,18,18,18,18,18,18,18,18,18,18
320123,1,1,1994,10,10,10,10,10,10,10,10,10,10
320124,1,1,1994,7,0,0,0,0,0,22,0,0,0
320124,2,1,1994,0,0,0,0,0,0,0,0,0,0
320125,1,1,1994,18,18,18,18,18,18,18,18,18,18
320126,1,1,1994,18,18,18,18,18,18,18,18,18,18
320126,2,1,1994,1,1,1,1,1,1,1,1,1,1
320127,1,1,1994,26,26,26,26,26,26,26,26,26,26
320127,2,1,1994,24,0,5,0,0,31,13,0,0,17
320127,3,1,1994,0,0,0,0,0,0,12,0,0,0
320128,1,1,1994,0,0,15,15,0,0,0,0,0,18
320129,1,1,1994,0,0,0,0,0,0,0,0,0,0
320130,1,1,1994,0,0,0,0,0,0,0,0,0,0
320131,1,1,1994,2,2,2,2,2,2,2,2,2,2
320132,1,1,1994,21,21,21,21,21,21,21,21,21,21
320133,1,1,1994,0,0,0,0,0,0,0,0,0,0
320134,1,1,1994,6,6,6,6,6,6,6,6,6,6
320134,2,1,1994,0,0,0,0,0,0,0,0,0,0
320135,1,1,1994,0,0,0,0,0,0,0,0,0,0
320136,1,1,1994,0,0,0,0,0,0,0,0,0,0
320137,0,1,1994,0,0,0,0,0,0,0,0,0,0
320137,1,1,1994,0,0,0,0,0,0,0,0,0,0
320138,1,1,1994,0,0,0,0,0,0,0,0,0,0
320138,2,1,1994,0,0,0,0,0,0,0,0,0,0
320139,1,1,1994,0,0,0,0,0,0,0,0,0,0
320140,1,1,1994,0,0,0,0,0,10,0,0,0,0
320141,1,1,1994,20,20,20,20,20,20,20,20,20,20
320142,0,1,1994,0,0,0,0,0,0,0,0,0,0
320142,1,1,1994,0,0,0,0,0,0,0,0,0,0
320143,1,1,1994,0,0,0,33,16,0,0,0,0,7
320144,1,1,1994,0,0,0,0,0,0,0,0,0,0
320145,1,1,1994,17,17,17,17,17,17,17,17,17,17
320146,1,1,1994,0,0,0,0,0,0,0,0,0,0
320147,1,1,1994,0,0,0,0,0,0,0,0,0,22
320148,1,1,1994,0,0,0,0,0,0,0,0,0,0
320149,1,1,1994,32,32,32,32,32,32,32,32,32,32
320150,0,1,1994,16,16,16,16,16,16,16,16,16,16
320150,1,1,1994,20,20,20,20,20,20,20,20,20,20
320151,1,1,1994,0,0,0,0,0,0,0,0,0,0
320152,0,1,1994,0,0,0,0,0,0,0,0,0,0
320152,1,1,1994,0,0,0,0,0,0,0,0,0,0
320153,0,1,1994,0,0,0,0,0,0,0,0,0,0
320153,1,1,1994,5,5,5,5,5,5,5,5,5,5
320154,1,1,1994,0,0,0,0,0,0,0,0,0,0
320155,0,1,1994,0,0,0,0,0,0,0,0,0,0
320155,1,1,1994,0,0,0,0,0,0,0,0,0,0
320156,1,1,1994,27,27,27,27,27,27,27,27,27,27
320157,1,1,1994,0,0,0,0,0,0,0,0,0,0
320157,2,1,1994,0,0,0,0,0,0,0,0,0,0
320158,1,1,1994,14,14,14,14,14,14,14,14,14,14
320159,1,1,1994,21,21,21,21,21,21,21,21,21,21
320160,1,1,1994,27,27,27,27,27,27,27,27,27,27
320161,1,1,1994,18,18,18,18,18,18,18,18,18,18
320162,1,1,1994,0,0,0,0,0,0,0,0,0,0
320162,2,1,1994,0,0,0,0,0,0,18,0,0,0
320163,0,1,1994,40,40,40,40,40,40,40,40,40,40
320163,1,1,1994,0,9,0,0,0,0,0,8,0,0
320164,0,1,1994,0,0,0,0,0,0,0,0,0,0
320164,1,1,1994,0,0,0,0,0,0,0,0,0,0
320165,1,1,1994,0,0,0,0,0,0,0,0,0,0
320165,2,1,1994,0,0,0,0,0,0,0,9,0,0
320166,1,1,1994,0,0,0,0,0,0,0,0,0,0
320166,2,1,1994,0,0,0,0,0,0,0,0,0,0
320167,0,1,1994,24,24,24,24,24,24,24,24,24,24
320167,1,1,1994,0,0,20,29,22,18,16,14,9,0
320168,0,1,1994,36,36,36,36,36,36,36,36,36,36
320168,1,1,1994,7,0,0,0,0,0,0,0,0,0
320168,2,1,1994,0,14,0,0,0,0,0,0,0,0
320169,1,1,1994,0,0,0,0,0,0,0,0,0,0
320170,1,1,1994,29,29,29,29,29,29,29,29,29,29
320171,0,1,1994,26,26,26,26,26,26,26,26,26,26
320171,1,1,1994,0,0,0,0,0,0,0,0,0,0
320172,1,1,1994,0,0,0,0,0,0,0,0,0,0
320172,2,1,1994,0,0,0,0,0,0,0,0,0,0
320173,0,1,1994,9,10,0,0,0,0,32,27,0,0
320173,1,1,1994,0,0,0,0,0,0,0,0,0,0
320174,1,1,1994,0,0,0,0,0,0,0,0,0,0
320175,1,1,1994,0,0,0,0,0,0,0,0,0,0
320176,0,1,1994,20,20,20,20,20,20,20,20,20,20
320176,1,1,1994,0,0,18,0,0,0,0,16,0,0
320177,0,1,1994,0,0,0,0,0,0,0,0,0,0
320177,1,1,1994,0,22,0,32,25,0,0,22,0,0
320178,1,1,1994,0,0,0,0,0,0,0,0,0,0
320178,2,1,1994,0,0,0,0,0,0,0,0,0,0
320179,0,1,1994,0,0,0,0,0,0,0,0,0,0
320179,1,1,1994,12,12,12,12,12,12,12,12,12,12
320180,1,1,1994,19,19,19,19,19,19,19,19,19,19
320181,1,1,1994,16,16,16,16,16,16,16,16,16,16
320182,0,1,1994,0,0,0,0,0,0,0,0,0,0
320182,1,1,1994,0,24,15,0,0,13,0,0,0,0
320183,0,1,1994,0,0,0,0,0,0,0,0,0,0
320183,1,1,1994,17,17,17,17,17,17,17,17,17,17
320184,1,1,1994,0,0,0,0,0,0,0,0,0,0
320185,1,1,1994,21,21,21,21,21,21,21,21,21,21
320186,1,1,1994,23,23,23,23,23,23,23,23,23,23
320187,1,1,1994,0,0,0,0,0,0,0,0,0,0
320187,2,1,1994,0,0,0,0,0,0,0,0,0,0
320188,1,1,1994,12,12,12,12,12,12,12,12,12,12
320189,1,1,1994,0,0,0,0,0,0,0,0,0,0
320189,2,1,1994,0,0,0,0,0,0,0,0,0,0
320190,1,1,1994,0,0,0,0,0,0,0,0,0,0
320191,0,1,1994,32,32,32,32,32,32,32,32,32,32
320191,1,1,1994,0,0,0,0,0,0,0,0,0,0
320192,1,1,1994,0,0,0,0,0,0,0,16,0,0
320192,2,1,1994,0,0,0,0,0,0,0,0,0,0
320193,0,1,1994,0,0,0,0,0,0,0,0,0,0
320193,1,1,1994,0,0,0,0,0,0,28,0,0,0
320193,2,1,1994,0,0,0,0,0,0,0,0,0,0
320194,1,1,1994,0,0,0,0,0,0,0,0,0,0
320195,0,1,1994,21,21,21,21,21,21,21,21,21,21
320195,1,1,1994,1,1,1,1,1,1,1,1,1,1
320196,1,1,1994,0,0,0,0,0,0,0,0,0,0
320196,2,1,1994,0,0,0,0,0,0,0,0,0,0
320196,3,1,1994,0,0,0,0,0,0,0,0,0,3
320197,1,1,1994,0,0,0,0,0,0,0,0,0,0
320198,1,1,1994,0,0,0,0,0,0,0,0,0,0
320199,1,1,1994,0,0,0,0,0,0,0,0,0,0
320199,2,1,1994,0,0,16,0,0,0,0,0,0,0
320200,1,1,1994,11,11,11,11,11,11,11,11,11,11
320200,2,1,1994,0,0,0,0,0,0,0,0,0,0
320201,1,1,1994,10,0,5,4,0,5,16,0,0,0
320202,1,1,1994,16,16,16,16,16,16,16,16,16,16
320203,1,1,1994,0,0,0,0,0,0,0,0,0,0
320204,1,1,1994,0,0,0,0,0,0,0,0,0,0
320205,1,1,1994,24,24,24,24,24,24,24,24,24,24
320206,1,1,1994,0,0,0,0,0,0,0,0,0,0
320207,1,1,1994,0,0,0,0,0,0,0,0,0,0
320208,1,1,1994,0,0,0,0,0,0,0,0,0,0