ST_CASE,VEH_NO,PER_NO,YEAR,P1,P2,P3,P4,P5,P6,P7,P8,P9,P10
320208,2,1,1994,0,0,0,0,0,0,0,0,0,0
320209,1,1,1994,5,5,5,5,5,5,5,5,5,5
320210,1,1,1994,14,14,14,14,14,14,14,14,14,14
320211,0,1,1994,0,0,0,0,0,0,0,0,0,0
320211,1,1,1994,0,0,0,0,0,0,0,0,0,0
320212,1,1,1994,0,0,0,0,0,0,0,0,0,0
320212,2,1,1994,0,0,0,0,0,0,0,0,0,0
320212,3,1,1994,0,0,0,0,0,0,0,0,0,0
320213,1,1,1994,11,11,11,11,11,11,11,11,11,11
320214,1,1,1994,0,0,0,0,0,0,0,0,0,0
320214,2,1,1994,0,0,0,0,27,0,0,0,0,0
320215,1,1,1994,13,0,0,0,0,0,0,0,0,0
320216,0,1,1994,0,0,0,0,0,0,0,0,0,0
320216,1,1,1994,0,0,0,0,0,0,15,11,0,0
320217,0,1,1994,0,0,0,0,0,0,0,0,0,0
320217,1,1,1994,8,8,8,8,8,8,8,8,8,8
320218,1,1,1994,11,0,0,0,0,0,0,0,0,0
320218,2,1,1994,17,0,13,18,0,0,0,13,0,0
320219,0,1,1994,0,0,0,0,0,0,0,0,0,0
320219,1,1,1994,10,0,8,0,23,0,27,9,0,14
320220,1,1,1994,0,0,0,0,0,0,0,0,0,0
320222,1,1,1994,0,0,0,0,0,0,0,0,0,0
320222,2,1,1994,0,0,0,0,0,0,0,0,0,0
320223,1,1,1994,5,12,16,26,14,22,3,7,23,11
320224,1,1,1994,2,2,2,2,2,2,2,2,2,2
320224,2,1,1994,0,0,0,0,0,0,0,0,0,0
320225,1,1,1994,0,0,0,0,0,0,0,0,0,0
320225,2,1,1994,0,0,0,0,0,0,0,0,0,0
320226,1,1,1994,21,21,21,21,21,21,21,21,21,21
320226,2,1,1994,0,0,0,0,0,0,0,0,0,0
320227,1,1,1994,21,21,21,21,21,21,21,21,21,21
320227,2,1,1994,0,6,0,3,0,0,0,17,0,0
320228,1,1,1994,4,4,4,4,4,4,4,4,4,4
320229,1,1,1994,0,0,0,0,0,0,0,0,0,0
320230,0,1,1994,27,27,27,27,27,27,27,27,27,27
320230,1,1,1994,0,0,0,13,0,0,0,0,0,21
320230,2,1,1994,0,0,0,0,15,18,0,32,0,20
320231,1,1,1994,23,21,21,17,0,21,37,0,0,22
320232,0,1,1994,19,19,19,19,19,19,19,19,19,19
320232,1,1,1994,0,6,21,0,0,0,0,0,0,0
320233,1,1,1994,0,0,0,0,0,0,0,0,0,0
320233,2,1,1994,0,0,0,0,13,0,0,0,0,0
320234,1,1,1994,0,0,0,0,0,0,0,0,0,0
320234,2,1,1994,0,0,0,0,0,0,0,0,0,0
320235,0,1,1994,0,0,0,0,0,0,0,0,0,0
320235,0,2,1994,0,22,0,0,0,0,0,0,0,0
320235,1,1,1994,15,15,15,15,15,15,15,15,15,15
320236,1,1,1994,29,29,29,29,29,29,29,29,29,29
320237,1,1,1994,21,21,21,21,21,21,21,21,21,21
320238,1,1,1994,0,0,0,0,0,0,0,0,0,0
320239,1,1,1994,25,25,25,25,25,25,25,25,25,25
320240,1,1,1994,0,0,0,0,0,0,0,0,0,0
320241,1,1,1994,0,0,0,0,0,0,0,0,0,0
320241,2,1,1994,0,0,0,0,0,0,0,0,0,0
320242,1,1,1994,0,0,0,0,0,0,0,0,0,0
320242,2,1,1994,4,0,15,0,0,0,0,0,0,0
320243,1,1,1994,0,0,0,0,0,0,6,0,0,0
320243,2,1,1994,10,0,16,0,7,12,0,0,0,0
320244,0,1,1994,0,0,0,0,0,0,0,0,0,0
320244,1,1,1994,0,0,15,0,0,9,0,0,0,0
320245,1,1,1994,0,0,0,16,0,0,0,0,15,0
320246,1,1,1994,0,0,0,0,0,0,0,0,0,0
320246,2,1,1994,0,0,0,10,0,0,0,12,0,0
320246,3,1,1994,0,0,0,0,0,0,0,0,0,0
320247,1,1,1994,20,20,20,20,20,20,20,20,20,20
320248,1,1,1994,0,0,0,0,0,0,0,0,0,0
320249,1,1,1994,0,0,0,0,0,0,0,12,0,0
320249,2,1,1994,33,33,33,33,33,33,33,33,33,33
320250,1,1,1994,29,29,29,29,29,29,29,29,29,29
320251,0,1,1994,0,0,0,20,0,20,0,0,13,0
320251,1,1,1994,18,18,18,18,18,18,18,18,18,18
320252,1,1,1994,0,0,0,0,0,0,0,0,0,0
320253,1,1,1994,16,16,16,16,16,16,16,16,16,16
320254,1,1,1994,0,0,0,0,0,0,0,0,0,0
320254,2,1,1994,0,0,0,0,0,0,0,0,0,0
320255,1,1,1994,0,0,0,0,0,0,0,0,0,0
320255,2,1,1994,0,0,0,0,0,0,0,0,0,0
320256,1,1,1994,26,26,26,26,26,26,26,26,26,26
320256,2,1,1994,0,0,0,0,0,0,0,0,0,0
320257,1,1,1994,9,9,9,9,9,9,9,9,9,9
320258,1,1,1994,0,0,0,15,0,17,9,16,28,11
320259,1,1,1994,25,25,25,25,25,25,25,25,25,25
320260,1,1,1994,21,9,21,18,0,15,24,14,0,33
320261,1,1,1994,0,0,0,0,0,0,0,0,0,0
320261,2,1,1994,0,0,0,0,0,0,0,0,0,0
320262,1,1,1994,0,0,0,0,0,0,0,0,0,0
320263,1,1,1994,0,0,0,0,9,0,0,0,0,0
320263,2,1,1994,0,0,0,17,0,0,0,0,16,0
320264,0,1,1994,22,22,22,22,22,22,22,22,22,22
320264,1,1,1994,0,0,0,0,0,0,0,0,0,0
320265,1,1,1994,11,11,11,11,11,11,11,11,11,11
320265,2,1,1994,0,0,0,0,0,0,0,0,0,17
320266,1,1,1994,0,0,0,0,0,0,0,0,0,0
320266,2,1,1994,0,0,0,0,0,0,0,0,0,0
320267,0,1,1994,0,21,0,0,0,0,0,0,0,0
320267,1,1,1994,0,0,0,0,0,0,0,0,0,0
320268,1,1,1994,0,0,0,0,0,0,0,0,0,0
320268,2,1,1994,0,0,0,0,13,0,0,0,0,0
320268,3,1,1994,9,0,0,0,0,0,0,0,0,8
320269,1,1,1994,35,35,35,35,35,35,35,35,35,35
320270,1,1,1994,42,10,0,4,0,24,17,0,0,23
320271,1,1,1994,9,0,0,0,0,0,0,0,0,0
320271,2,1,1994,0,0,0,0,0,0,0,0,0,0
320272,1,1,1994,27,17,21,16,18,6,20,19,0,24
320272,2,1,1994,0,0,0,0,0,0,0,0,0,0
320273,1,1,1994,0,0,0,0,0,0,0,0,0,0
330001,0,1,1994,0,0,0,0,0,0,0,0,0,0
330001,1,1,1994,0,0,0,0,0,0,0,0,0,0
330002,1,1,1994,0,0,0,0,0,0,0,0,0,0
330002,2,1,1994,0,0,0,0,0,0,0,0,0,0
330003,1,1,1994,24,24,24,24,24,24,24,24,24,24
330006,0,1,1994,23,23,23,23,23,23,23,23,23,23
330006,1,1,1994,17,19,25,0,0,15,15,0,0,0
330007,1,1,1994,25,25,25,25,25,25,25,25,25,25
330007,2,1,1994,0,0,0,0,0,0,0,0,0,0
330008,0,1,1994,0,0,0,0,0,0,0,0,0,0
330008,1,1,1994,0,0,0,0,0,0,0,0,0,0
330009,1,1,1994,9,9,9,9,9,9,9,9,9,9
330010,1,1,1994,0,0,0,0,0,0,0,0,0,0
330010,2,1,1994,0,0,0,0,0,0,0,0,0,0
330011,1,1,1994,0,0,0,0,0,0,0,0,0,0
330011,2,1,1994,0,0,0,0,0,0,0,0,0,0
330012,0,1,1994,0,0,22,0,19,17,18,0,22,32
330012,1,1,1994,17,17,17,17,17,17,17,17,17,17
330013,1,1,1994,0,0,0,0,0,0,0,0,0,0
330013,2,1,1994,0,0,0,0,0,0,0,0,0,0
330014,1,1,1994,0,0,0,0,0,0,0,0,0,0
330014,2,1,1994,0,0,0,0,0,0,0,0,0,0
330015,1,1,1994,0,0,0,0,0,0,0,0,0,0
330015,2,1,1994,0,0,0,0,0,0,0,0,0,0
330016,1,1,1994,1,1,1,1,1,1,1,1,1,1
330016,2,1,1994,0,0,0,0,0,0,15,0,0,0
330017,1,1,1994,11,11,11,11,11,11,11,11,11,11
330018,1,1,1994,17,17,17,17,17,17,17,17,17,17
330019,1,1,1994,0,0,0,0,0,0,0,0,0,0
330019,2,1,1994,14,14,14,14,14,14,14,14,14,14
330020,1,1,1994,0,0,0,0,0,0,0,0,0,0
330021,1,1,1994,0,18,0,0,0,0,16,0,28,0
330022,1,1,1994,0,0,0,0,0,0,0,0,0,0
330022,2,1,1994,5,5,5,5,5,5,5,5,5,5
330023,1,1,1994,21,21,21,21,21,21,21,21,21,21
330023,2,1,1994,0,0,0,0,0,10,0,0,0,0
330024,0,1,1994,0,0,0,0,0,0,0,0,0,0
330024,1,1,1994,0,0,0,0,0,0,0,0,0,0
330025,1,1,1994,0,0,0,0,0,0,0,0,0,0
330025,2,1,1994,13,13,13,13,13,13,13,13,13,13
330025,3,1,1994,12,10,0,0,0,0,14,0,0,21
330026,1,1,1994,0,38,9,16,17,27,0,0,0,20
330027,1,1,1994,0,0,0,0,0,0,0,0,0,0
330028,1,1,1994,0,0,0,0,0,0,0,0,0,0
330028,2,1,1994,17,17,17,17,17,17,17,17,17,17
330029,1,1,1994,0,0,0,0,0,0,0,0,0,0
330030,1,1,1994,0,0,0,0,0,0,0,0,0,0
330030,2,1,1994,0,0,0,0,0,0,0,0,0,0
330031,1,1,1994,0,0,0,0,0,0,0,0,0,0
330032,1,1,1994,20,20,20,20,20,20,20,20,20,20
330033,1,1,1994,0,0,0,0,0,0,0,0,0,0
330033,2,1,1994,0,0,0,0,0,0,0,0,0,0
330034,1,1,1994,0,0,0,0,0,0,0,0,0,0
330035,0,1,1994,0,0,0,0,0,0,0,0,0,0
330035,1,1,1994,0,0,8,0,0,0,0,0,0,0
330036,1,1,1994,0,0,0,0,0,0,0,0,0,0
330037,1,1,1994,0,0,0,0,0,0,0,0,0,0
330038,1,1,1994,0,0,0,0,0,0,0,0,0,0
330038,2,1,1994,0,0,0,0,0,0,0,0,0,0
330039,1,1,1994,19,19,19,19,19,19,19,19,19,19
330040,1,1,1994,0,19,17,0,0,0,0,10,0,6
330041,1,1,1994,10,10,10,10,10,10,10,10,10,10
330041,2,1,1994,0,10,8,0,0,27,13,0,13,0
330042,1,1,1994,16,16,16,16,16,16,16,16,16,16
330043,1,1,1994,0,0,0,0,0,0,0,0,0,0
330043,2,1,1994,0,0,0,0,0,0,0,0,0,0
330044,1,1,1994,0,0,0,0,0,0,0,0,0,0
330044,2,1,1994,0,0,0,0,0,0,0,0,0,0
330045,1,1,1994,10,10,10,10,10,10,10,10,10,10
330046,1,1,1994,0,0,0,0,0,0,0,0,0,0
330046,2,1,1994,0,0,0,16,0,0,0,0,0,0
330047,1,1,1994,12,12,12,12,12,12,12,12,12,12
330048,1,1,1994,20,20,20,20,20,20,20,20,20,20
330049,0,1,1994,0,0,0,0,0,0,0,0,0,0
330049,1,1,1994,0,0,0,0,0,0,27,0,0,0
330050,1,1,1994,0,0,0,0,0,0,0,0,0,0
330050,2,1,1994,1,1,1,1,1,1,1,1,1,1
330051,1,1,1994,0,0,0,0,0,0,0,0,0,0
330052,1,1,1994,0,0,0,0,0,0,0,0,0,0
330052,2,1,1994,0,0,0,0,0,0,0,0,0,0
330053,1,1,1994,16,16,16,16,16,16,16,16,16,16
330053,2,1,1994,0,0,0,0,0,0,0,0,0,0
330054,1,1,1994,0,0,0,0,0,0,0,0,0,0
330055,1,1,1994,21,21,21,21,21,21,21,21,21,21
330056,1,1,1994,1,1,1,1,1,1,1,1,1,1
330057,1,1,1994,0,0,0,0,0,0,0,0,0,0
330057,2,1,1994,0,0,0,0,0,0,0,0,0,0
330058,1,1,1994,0,0,0,0,0,0,0,0,0,15
330059,1,1,1994,0,0,0,0,0,0,0,0,0,0
330059,2,1,1994,0,0,0,0,0,0,0,0,0,0
330060,1,1,1994,0,0,0,0,0,0,0,0,0,0
330061,1,1,1994,0,0,0,0,0,0,0,0,0,0
330062,1,1,1994,0,0,0,0,0,0,0,0,0,0
330062,2,1,1994,0,0,0,0,0,0,0,0,0,0
330063,1,1,1994,18,37,0,0,15,23,0,0,0,3
330064,0,1,1994,0,13,17,0,0,15,18,13,23,0
330064,1,1,1994,0,43,21,0,0,0,0,15,16,9
330065,1,1,1994,24,24,24,24,24,24,24,24,24,24
330066,1,1,1994,0,0,0,13,0,0,0,0,0,0
330066,2,1,1994,0,0,0,0,0,0,0,0,0,0
330067,1,1,1994,7,7,7,7,7,7,7,7,7,7
330068,1,1,1994,0,0,0,0,0,0,0,0,0,18
330069,1,1,1994,20,20,20,20,20,20,20,20,20,20
330070,1,1,1994,9,9,9,9,9,9,9,9,9,9
330070,2,1,1994,0,0,0,0,0,0,0,0,0,0
330071,0,1,1994,0,0,0,0,0,0,0,0,0,0
330071,1,1,1994,0,0,0,0,0,0,0,0,0,0
330072,1,1,1994,0,0,0,0,0,0,0,0,0,0
330072,2,1,1994,0,0,0,0,0,0,0,0,0,0
330073,1,1,1994,0,0,0,0,0,0,0,0,0,0
330074,1,1,1994,0,16,15,9,40,26,0,0,16,0
330074,2,1,1994,0,0,0,0,0,0,0,0,0,0
330075,1,1,1994,19,19,19,19,19,19,19,19,19,19
330076,1,1,1994,32,32,32,32,32,32,32,32,32,32
330077,1,1,1994,16,16,16,16,16,16,16,16,16,16
330078,0,1,1994,0,0,0,0,0,0,0,0,0,0
330078,1,1,1994,0,0,0,4,0,11,0,0,0,0
330079,1,1,1994,0,0,0,0,0,0,0,0,0,0
330079,2,1,1994,0,0,0,0,0,0,0,0,0,0
330080,2,1,1994,0,0,0,0,0,0,7,0,0,0
330081,1,1,1994,17,17,17,17,17,17,17,17,17,17
330082,1,1,1994,0,0,0,0,0,0,0,0,0,0
330083,1,1,1994,15,18,0,0,0,0,0,0,0,0
330083,2,1,1994,0,0,0,0,0,0,0,0,0,0
330083,3,1,1994,0,0,0,0,0,0,0,0,0,0
330083,4,1,1994,0,0,0,0,0,0,0,0,0,0
330084,1,1,1994,0,0,0,0,0,0,0,0,0,0
330085,1,1,1994,14,14,14,14,14,14,14,14,14,14
330086,1,1,1994,0,0,0,0,0,0,0,0,0,0
330087,1,1,1994,0,0,0,0,0,0,0,0,0,0
330088,1,1,1994,0,0,0,0,0,0,0,0,0,0
330088,2,1,1994,0,0,20,11,0,0,20,0,0,0
330089,1,1,1994,0,13,11,0,20,0,4,39,0,4
330090,0,1,1994,0,0,0,0,0,0,0,0,0,0
330090,1,1,1994,0,0,0,0,0,0,0,0,0,0
330091,1,1,1994,0,0,0,0,0,0,0,0,0,0
330091,2,1,1994,0,0,0,0,0,0,0,0,0,0
330093,0,2,1994,16,0,0,0,0,0,0,0,19,0
330093,1,1,1994,0,0,0,0,0,0,0,0,0,0
330094,1,1,1994,0,0,0,0,0,14,12,0,0,0
330094,2,1,1994,0,0,0,0,0,0,0,0,0,0
330095,1,1,1994,0,0,0,0,0,0,0,0,0,0
330095,2,1,1994,0,0,0,0,0,0,0,0,0,0
330096,1,1,1994,0,0,20,0,0,0,0,0,0,0
330097,1,1,1994,0,0,0,0,0,0,12,0,0,0
330098,1,1,1994,0,0,0,0,0,0,0,0,0,0
330098,2,1,1994,0,0,0,0,15,0,0,0,10,0
330099,1,1,1994,0,0,0,0,0,0,0,0,0,0
330100,1,1,1994,0,0,0,0,0,0,0,0,0,0
330101,1,1,1994,28,28,28,28,28,28,28,28,28,28
330102,0,1,1994,0,0,0,0,0,0,0,0,0,0
330102,1,1,1994,0,0,0,0,0,0,0,0,0,0
330102,2,1,1994,0,0,0,0,0,0,0,0,0,0
330103,1,1,1994,16,16,16,16,16,16,16,16,16,16
330104,1,1,1994,0,0,0,0,0,0,0,0,0,0
330104,2,1,1994,28,28,28,28,28,28,28,28,28,28
330105,1,1,1994,0,0,0,0,0,0,0,0,0,0
330106,1,1,1994,0,0,0,0,0,0,0,0,0,0
330107,1,1,1994,17,17,17,17,17,17,17,17,17,17
330108,0,1,1994,0,0,0,0,0,0,0,0,0,0
330108,1,1,1994,20,9,0,0,0,14,0,0,0,15
340002,1,1,1994,0,0,0,0,0,0,0,0,0,0
340002,2,1,1994,31,31,31,31,31,31,31,31,31,31
340003,1,1,1994,20,26,0,18,0,0,0,0,0,14
340004,1,1,1994,21,15,25,12,11,14,18,16,5,22
340005,1,1,1994,0,0,0,0,0,0,0,0,0,0
340005,2,1,1994,0,0,0,0,0,0,0,0,0,0
340006,0,1,1994,21,21,21,21,21,21,21,21,21,21
340006,1,1,1994,0,0,0,21,0,0,15,0,0,16
340007,1,1,1994,14,30,16,0,22,0,25,0,23,0
340008,1,1,1994,2,2,2,2,2,2,2,2,2,2
340008,2,1,1994,0,0,0,0,0,0,0,0,0,0
340009,1,1,1994,0,0,0,0,0,0,0,0,0,0
340009,2,1,1994,0,0,0,0,0,0,0,19,0,0
340010,1,1,1994,0,0,0,0,0,0,0,0,0,0
340011,1,1,1994,23,23,23,23,23,23,23,23,23,23
340012,1,1,1994,0,0,0,0,0,0,0,0,0,0
340013,1,1,1994,0,0,0,0,14,0,0,0,5,9
340014,1,1,1994,26,26,26,26,26,26,26,26,26,26
340014,2,1,1994,0,0,0,0,0,0,0,0,0,0
340015,0,1,1994,0,0,0,0,0,0,0,0,0,0
340015,1,1,1994,0,0,0,0,0,0,0,0,0,0
340016,0,1,1994,0,0,0,0,0,0,0,0,0,0
340016,1,1,1994,0,0,0,0,0,0,0,0,0,0
340017,1,1,1994,0,0,0,0,0,22,13,0,0,0
340018,0,1,1994,0,0,0,0,0,0,0,0,0,0
340018,1,1,1994,0,0,0,0,0,0,0,0,0,0
340019,0,1,1994,0,0,0,0,0,0,0,0,0,0
340019,1,1,1994,0,0,0,0,0,0,0,0,0,0
340020,1,1,1994,30,30,30,30,30,30,30,30,30,30
340021,1,1,1994,0,0,0,18,0,19,0,0,0,0
340022,1,1,1994,22,22,22,22,22,22,22,22,22,22
340023,1,1,1994,31,31,31,31,31,31,31,31,31,31
340024,0,1,1994,0,0,0,0,0,0,0,0,0,0
340024,1,1,1994,29,0,0,26,0,0,0,0,0,0
340025,0,1,1994,0,0,0,0,0,0,0,0,0,0
340025,0,2,1994,0,0,0,0,0,0,0,0,0,0
340025,1,1,1994,0,0,0,0,0,0,0,0,0,0
340026,1,1,1994,0,0,0,0,0,0,0,0,0,0
340027,1,1,1994,0,0,0,0,0,0,0,0,0,0
340027,2,1,1994,0,0,0,0,0,0,0,0,0,0
340028,1,1,1994,0,0,0,0,0,0,0,0,0,0
340029,1,1,1994,0,0,0,0,0,0,0,0,0,0
340029,2,1,1994,0,0,0,0,0,0,0,0,0,0
340030,1,1,1994,0,0,0,0,0,0,0,0,0,0
340030,2,1,1994,0,0,0,9,17,17,12,0,15,0
340031,0,1,1994,0,0,0,0,0,0,0,0,0,0
340031,1,1,1994,0,0,0,0,0,0,0,0,0,0
340032,1,1,1994,0,0,0,0,0,0,0,0,0,0
340032,2,1,1994,0,0,0,0,0,0,21,0,0,0
340033,1,1,1994,31,31,31,31,31,31,31,31,31,31
340034,1,1,1994,0,0,0,0,0,0,0,0,0,0
340034,2,1,1994,0,0,0,0,0,0,0,0,0,0
340035,1,1,1994,15,15,15,15,15,15,15,15,15,15
340036,0,1,1994,0,0,0,0,0,0,0,0,0,0
340036,1,1,1994,0,0,0,0,0,0,0,0,0,0
340037,1,1,1994,0,0,0,0,0,0,0,0,0,0
340037,2,1,1994,0,0,0,0,0,0,0,0,0,0
340037,3,1,1994,0,0,0,0,0,0,0,0,0,0
340037,4,1,1994,0,0,0,0,0,0,0,0,0,0
340037,5,1,1994,0,0,0,0,0,0,0,0,0,0
340038,1,1,1994,0,0,0,0,0,0,0,0,0,0
340038,2,1,1994,0,0,0,0,0,0,0,0,0,0
340039,1,1,1994,0,16,22,0,0,14,22,26,33,0
340039,2,1,1994,0,0,0,0,0,0,0,0,0,0
340040,1,1,1994,0,0,0,0,0,0,0,0,0,0
340041,1,1,1994,0,0,0,0,0,0,0,0,0,0
340043,1,1,1994,0,0,0,0,0,0,0,0,0,0
340043,2,1,1994,0,0,0,0,0,0,0,0,0,0
340044,1,1,1994,0,0,12,9,0,0,0,0,0,0
340044,2,1,1994,22,22,22,22,22,22,22,22,22,22
340045,0,1,1994,0,0,24,28,0,15,19,0,26,0
340045,1,1,1994,0,0,0,11,0,0,0,0,0,0
340046,1,1,1994,0,0,0,0,0,0,0,0,0,0
340046,2,1,1994,0,0,0,0,0,0,0,0,0,0
340046,3,1,1994,0,0,0,0,0,0,0,14,0,0
340047,1,1,1994,0,0,0,0,0,0,0,0,0,0
340048,1,1,1994,29,29,29,29,29,29,29,29,29,29
340049,1,1,1994,25,25,25,25,25,25,25,25,25,25
340049,2,1,1994,0,0,0,0,0,0,0,0,0,0
340049,3,1,1994,0,19,15,0,13,35,30,20,17,6
340050,0,1,1994,0,0,0,0,0,0,0,0,0,0
340050,0,2,1994,0,0,11,10,0,14,9,0,0,13
340050,1,1,1994,0,0,0,0,0,0,0,0,0,0
340051,1,1,1994,0,0,0,0,8,0,0,0,14,0
340051,2,1,1994,5,5,5,5,5,5,5,5,5,5
340052,0,1,1994,21,21,21,21,21,21,21,21,21,21
340052,1,1,1994,13,13,13,13,13,13,13,13,13,13
340053,1,1,1994,0,0,0,0,0,0,0,0,0,0
340053,2,1,1994,0,0,0,0,0,0,0,0,0,0
340054,1,1,1994,0,0,0,0,0,0,0,0,0,0
340055,0,1,1994,0,0,0,0,0,0,0,0,0,0
340055,1,1,1994,0,0,25,0,0,0,0,0,0,0
340056,1,1,1994,0,0,0,0,0,0,0,0,0,0
340056,2,1,1994,31,0,14,21,9,17,16,18,20,15
340058,1,1,1994,0,0,0,0,0,0,0,0,0,0
340058,2,1,1994,0,19,18,0,0,0,20,2,0,0
340059,1,1,1994,0,0,0,0,0,0,0,0,0,0
340060,1,1,1994,0,0,0,0,0,0,0,0,0,0
340060,2,1,1994,0,0,0,0,0,8,0,0,0,0
340061,0,1,1994,0,0,0,0,0,0,0,0,0,0
340061,1,1,1994,0,0,0,0,0,0,0,0,0,0
340062,0,1,1994,0,0,0,0,0,17,0,0,0,0
340062,1,1,1994,0,16,0,0,0,10,0,0,0,0
340063,1,1,1994,18,18,18,18,18,18,18,18,18,18
340064,1,1,1994,0,0,0,0,0,0,0,0,0,0
340065,1,1,1994,0,0,0,0,0,0,0,0,0,0
340066,1,1,1994,0,0,0,0,0,0,0,0,0,0
340067,0,1,1994,0,0,0,0,0,0,0,0,0,0
340067,1,1,1994,0,0,0,0,0,0,0,0,0,0
340068,0,1,1994,0,0,0,0,0,0,0,0,0,0
340068,1,1,1994,0,0,0,0,0,0,0,0,0,0
340069,1,1,1994,0,0,0,0,0,0,0,0,0,0
340069,2,1,1994,0,0,0,0,0,0,0,0,0,0
340069,3,1,1994,16,0,0,0,29,0,0,0,0,22
340070,1,1,1994,0,0,0,0,0,0,0,0,0,0
340070,2,1,1994,0,0,0,0,0,0,0,0,0,0
340071,1,1,1994,16,0,0,0,9,0,0,34,19,0
340071,2,1,1994,18,0,0,40,0,0,14,0,0,0
340072,0,1,1994,0,0,0,0,0,0,0,0,0,0
340072,1,1,1994,16,0,0,0,0,0,0,0,0,11
340072,2,1,1994,0,0,11,0,0,0,0,0,0,0
340072,3,1,1994,0,0,0,0,0,0,0,0,0,0
340072,4,1,1994,0,0,24,0,14,15,16,0,0,0
340072,5,1,1994,0,0,0,0,0,0,0,0,0,0
340074,1,1,1994,0,0,0,0,21,0,13,0,0,25
340075,1,1,1994,0,0,0,0,0,0,11,0,0,0
340075,2,1,1994,0,0,0,0,0,0,0,0,0,0
340076,1,1,1994,2,2,2,2,2,2,2,2,2,2
340077,1,1,1994,33,33,33,33,33,33,33,33,33,33
340078,1,1,1994,0,0,0,0,0,0,0,0,0,0
340078,2,1,1994,0,5,0,0,0,0,0,0,0,5
340079,1,1,1994,20,20,20,20,20,20,20,20,20,20
340080,0,1,1994,0,0,0,0,0,0,0,0,0,0
340080,1,1,1994,0,34,0,0,0,0,0,0,0,0
340081,1,1,1994,0,0,0,0,0,0,0,0,0,0
340082,1,1,1994,0,0,0,0,0,0,12,0,0,15
340082,2,1,1994,0,0,0,0,0,0,0,0,0,0
340083,1,1,1994,0,0,0,0,0,0,0,0,0,0
340083,2,1,1994,0,0,0,0,0,0,0,0,0,0
340084,1,1,1994,24,24,24,24,24,24,24,24,24,24
340085,1,1,1994,0,0,0,0,0,0,0,0,0,0
340085,2,1,1994,0,0,0,0,0,0,0,0,0,0
340085,3,1,1994,0,0,0,0,0,0,23,0,0,0
340086,1,1,1994,0,0,11,0,0,0,0,0,0,0
340086,2,1,1994,0,0,0,0,0,0,0,0,0,0
340087,1,1,1994,0,0,0,0,0,0,0,0,0,0
340088,1,1,1994,0,0,0,0,0,0,0,0,0,0
340088,2,1,1994,24,24,24,24,24,24,24,24,24,24
340089,0,1,1994,0,0,0,0,0,0,0,0,0,0
340089,1,1,1994,0,0,0,0,0,0,0,0,0,0
340090,1,1,1994,0,0,0,0,0,0,0,0,0,0
340090,2,1,1994,0,0,0,0,0,0,0,0,0,0
340092,1,1,1994,0,0,0,0,0,0,0,0,0,0
340093,1,1,1994,29,29,29,29,29,29,29,29,29,29
340094,0,1,1994,30,30,30,30,30,30,30,30,30,30
340094,1,1,1994,0,0,0,0,0,0,0,0,0,0
340095,1,1,1994,0,0,0,0,0,0,0,0,0,0
340096,0,1,1994,0,0,0,0,0,10,0,0,0,12
340096,1,1,1994,0,5,0,0,0,0,0,0,0,5
340097,1,1,1994,0,0,0,0,0,0,0,0,0,0
340097,2,1,1994,18,18,18,18,18,18,18,18,18,18
340098,1,1,1994,30,30,30,30,30,30,30,30,30,30
340099,1,1,1994,0,0,0,0,0,0,0,0,0,0
340099,2,1,1994,0,0,0,0,0,0,0,0,0,0
340100,0,1,1994,0,0,0,0,0,0,0,0,0,0
340100,1,1,1994,0,0,0,0,0,0,0,0,0,0
340101,1,1,1994,0,0,0,0,0,0,0,0,0,0
340102,1,1,1994,0,0,0,0,0,0,0,0,17,0
340102,2,1,1994,0,0,0,0,0,0,0,0,0,0
340103,1,1,1994,0,0,0,0,0,0,0,0,0,0
340103,2,1,1994,0,0,0,0,0,0,0,0,0,0
340103,3,1,1994,0,0,0,0,0,0,0,0,0,0
340104,0,1,1994,13,13,13,13,13,13,13,13,13,13
340104,0,2,1994,0,0,0,0,0,0,0,0,0,0
340104,1,1,1994,0,0,0,5,0,0,0,0,0,0
340105,0,1,1994,0,0,0,0,0,0,0,0,0,0
340105,1,1,1994,0,0,0,0,0,0,0,0,0,0
340106,1,1,1994,24,24,24,24,24,24,24,24,24,24
340107,1,1,1994,10,10,10,10,10,10,10,10,10,10
340107,2,1,1994,27,27,27,27,27,27,27,27,27,27
340107,3,1,1994,0,0,0,0,0,0,0,0,35,0
340108,1,1,1994,0,0,0,0,0,0,0,0,0,0
340108,2,1,1994,0,0,0,0,0,0,0,0,0,0
340109,1,1,1994,0,0,0,0,0,0,0,0,0,0
340111,0,1,1994,22,22,22,22,22,22,22,22,22,22
340111,1,1,1994,19,19,19,19,19,19,19,19,19,19
340112,0,1,1994,0,0,0,0,0,0,0,0,0,0
340112,1,1,1994,0,0,0,0,0,0,0,0,0,0
340113,1,1,1994,0,0,0,0,9,0,0,0,0,0
340113,2,1,1994,0,0,0,0,0,0,0,0,0,0
340114,1,1,1994,0,0,0,0,0,0,0,0,0,0