ST_CASE,VEH_NO,PER_NO,YEAR,P1,P2,P3,P4,P5,P6,P7,P8,P9,P10
340114,2,1,1994,0,0,0,0,0,0,0,0,0,0
340115,1,1,1994,19,0,18,46,23,9,9,0,24,6
340117,1,1,1994,24,24,24,24,24,24,24,24,24,24
340118,1,1,1994,0,0,0,0,0,0,0,0,0,0
340119,1,1,1994,0,0,0,0,0,0,0,0,0,0
340120,0,1,1994,0,0,0,0,0,0,0,0,0,0
340120,1,1,1994,0,0,0,0,0,0,0,0,0,0
340121,1,1,1994,0,0,0,0,0,0,0,0,0,0
340121,2,1,1994,0,0,0,0,0,0,0,0,0,0
340122,1,1,1994,0,0,0,0,0,0,0,0,0,0
340122,2,1,1994,0,0,0,0,0,0,0,0,0,0
340123,1,1,1994,28,28,28,28,28,28,28,28,28,28
340124,1,1,1994,0,0,0,0,0,0,0,0,0,0
340124,2,1,1994,0,0,0,0,0,0,0,0,0,0
340124,3,1,1994,0,0,0,0,0,0,0,0,0,0
340125,1,1,1994,0,0,0,0,0,0,0,0,22,0
340125,2,1,1994,0,0,0,0,0,0,0,0,0,0
340125,3,1,1994,0,0,0,0,0,0,0,0,0,0
340126,1,1,1994,0,5,0,0,0,0,0,0,0,0
340126,2,1,1994,0,0,0,0,0,0,0,0,0,0
340127,1,1,1994,12,12,12,12,12,12,12,12,12,12
340127,2,1,1994,0,0,0,0,0,0,0,0,0,0
340128,1,1,1994,0,0,0,0,0,0,0,0,0,0
340129,1,1,1994,0,0,0,0,0,2,0,0,0,0
340130,1,1,1994,23,23,23,23,23,23,23,23,23,23
340131,1,1,1994,0,0,0,0,0,0,0,0,0,0
340131,2,1,1994,0,0,0,0,0,0,0,0,0,0
340131,3,1,1994,0,0,0,0,0,0,0,0,0,15
340132,1,1,1994,20,20,20,20,20,20,20,20,20,20
340132,2,1,1994,0,0,0,0,0,0,18,0,0,17
340132,3,1,1994,0,0,0,0,0,0,0,0,0,0
340133,1,1,1994,0,0,0,0,0,0,0,0,0,0
340133,2,1,1994,0,0,3,0,0,0,0,0,0,0
340134,1,1,1994,14,14,14,14,14,14,14,14,14,14
340135,1,1,1994,0,8,0,0,0,0,0,0,0,0
340135,2,1,1994,9,0,0,0,0,0,0,0,0,0
340136,1,1,1994,0,0,0,0,0,0,0,0,0,0
340136,2,1,1994,0,0,0,0,0,0,0,0,0,0
340137,0,1,1994,0,0,0,0,0,0,0,0,0,0
340137,1,1,1994,0,0,0,0,0,0,0,0,0,0
340138,1,1,1994,0,0,0,0,0,0,0,0,0,0
340139,1,1,1994,0,0,0,0,0,0,0,0,0,0
340140,1,1,1994,0,0,0,0,0,0,0,0,0,0
340141,1,1,1994,0,0,0,0,0,0,0,0,0,0
340141,2,1,1994,0,0,7,0,0,0,0,0,0,0
340142,0,1,1994,6,6,6,6,6,6,6,6,6,6
340142,1,1,1994,0,27,0,0,6,18,0,24,0,9
340143,0,1,1994,17,17,17,17,17,17,17,17,17,17
340144,1,1,1994,0,0,0,0,0,0,0,0,0,0
340144,2,1,1994,0,0,0,0,0,0,0,0,0,0
340145,1,1,1994,0,0,0,0,0,0,0,0,0,0
340146,1,1,1994,0,0,0,0,0,0,0,0,0,0
340146,2,1,1994,0,0,0,0,0,0,0,0,0,0
340147,1,1,1994,0,0,0,0,0,0,0,0,0,0
340147,2,1,1994,0,0,0,0,0,0,0,0,0,0
340148,1,1,1994,0,0,0,0,0,0,0,0,0,0
340148,2,1,1994,0,0,0,0,0,0,0,0,0,0
340149,0,1,1994,9,9,9,9,9,9,9,9,9,9
340149,1,1,1994,0,34,11,16,20,10,35,0,0,29
340150,1,1,1994,20,20,20,20,20,20,20,20,20,20
340151,1,1,1994,0,0,0,0,0,0,0,0,0,0
340151,2,1,1994,0,0,0,0,0,0,0,0,0,0
340152,1,1,1994,22,22,22,22,22,22,22,22,22,22
340153,1,1,1994,0,0,0,0,0,0,0,24,0,0
340154,1,1,1994,6,3,0,0,0,0,0,0,0,0
340154,2,1,1994,12,0,0,0,0,0,0,0,0,13
340155,1,1,1994,0,0,0,0,0,15,0,0,0,0
340155,2,1,1994,0,0,0,0,0,0,0,0,0,0
340155,3,1,1994,0,10,0,0,0,5,16,0,0,0
340156,1,1,1994,23,23,23,23,23,23,23,23,23,23
340157,1,1,1994,25,25,25,25,25,25,25,25,25,25
340158,0,1,1994,0,0,0,0,0,0,0,0,0,0
340158,1,1,1994,0,33,0,0,0,19,0,18,26,16
340159,1,1,1994,0,0,0,0,0,0,0,0,0,0
340160,1,1,1994,0,0,0,0,0,0,0,0,0,0
340160,2,1,1994,0,0,0,0,34,0,0,0,0,0
340161,1,1,1994,0,0,0,0,0,0,0,0,0,0
340161,2,1,1994,15,15,15,15,15,15,15,15,15,15
340162,1,1,1994,0,0,0,0,0,0,0,0,0,0
340162,2,1,1994,0,0,0,0,0,0,0,0,0,0
340163,1,1,1994,0,0,0,0,0,0,0,0,0,0
340163,2,1,1994,0,0,0,0,0,0,0,0,0,0
340164,1,1,1994,0,0,0,0,0,0,0,0,0,0
340164,2,1,1994,3,3,3,3,3,3,3,3,3,3
340165,0,1,1994,0,0,0,0,0,0,0,0,0,0
340165,0,2,1994,13,7,14,0,0,0,19,31,0,0
340165,1,1,1994,0,0,0,0,0,0,0,0,0,0
340166,1,1,1994,25,25,25,25,25,25,25,25,25,25
340167,1,1,1994,0,0,0,0,0,0,0,0,0,0
340167,2,1,1994,0,0,0,0,0,0,0,0,0,0
340168,1,1,1994,0,0,0,0,0,0,0,0,0,0
340169,0,2,1994,0,0,0,0,0,0,0,0,0,0
340169,1,1,1994,0,0,0,0,0,0,0,0,0,0
340170,1,1,1994,0,0,0,0,0,0,0,0,0,0
340171,1,1,1994,0,0,0,0,0,0,0,0,0,0
340172,1,1,1994,0,0,0,0,0,0,0,0,0,0
340172,2,1,1994,0,0,0,0,0,0,0,0,0,0
340173,1,1,1994,0,0,0,0,0,0,0,0,0,0
340174,0,1,1994,14,22,0,23,0,26,25,15,6,17
340174,1,1,1994,3,0,0,0,0,0,0,18,0,11
340175,1,1,1994,0,0,0,0,0,0,0,0,0,0
340175,2,1,1994,0,0,21,0,0,0,0,0,0,0
340176,1,1,1994,17,17,17,17,17,17,17,17,17,17
340177,1,1,1994,0,0,0,0,0,0,0,0,0,0
340178,1,1,1994,0,0,0,0,0,0,0,0,0,0
340179,1,1,1994,0,0,0,0,0,0,0,0,0,0
340179,2,1,1994,0,0,0,14,0,0,0,0,0,0
340179,3,1,1994,0,0,0,0,0,0,0,0,0,0
340180,1,1,1994,0,0,0,0,15,0,9,10,0,0
340180,2,1,1994,0,0,0,0,0,0,0,0,0,0
340181,1,1,1994,0,0,0,0,0,0,0,0,0,0
340182,0,1,1994,33,14,22,0,0,0,0,0,29,0
340182,1,1,1994,0,0,8,10,26,17,0,0,0,0
340183,1,1,1994,0,0,0,0,0,0,0,0,0,0
340183,2,1,1994,0,0,0,0,0,0,0,0,0,0
340183,3,1,1994,0,0,0,0,0,0,0,0,0,13
340184,0,1,1994,0,10,16,0,0,0,0,0,0,0
340184,1,1,1994,0,0,0,0,0,0,0,4,0,0
340185,1,1,1994,0,0,0,0,0,0,0,0,0,0
340185,2,1,1994,0,0,0,0,0,0,0,0,0,0
340186,1,1,1994,0,0,0,0,0,0,0,0,0,0
340187,0,1,1994,0,0,0,0,0,0,0,0,0,0
340187,1,1,1994,0,0,0,0,0,0,0,0,0,0
340188,1,1,1994,16,16,16,16,16,16,16,16,16,16
340189,1,1,1994,21,21,21,21,21,21,21,21,21,21
340190,1,1,1994,13,13,13,13,13,13,13,13,13,13
340191,1,1,1994,16,16,16,16,16,16,16,16,16,16
340192,0,1,1994,0,0,0,0,0,0,0,0,0,0
340192,1,1,1994,0,0,0,0,0,0,0,0,0,0
340194,1,1,1994,3,3,3,3,3,3,3,3,3,3
340195,1,1,1994,9,9,9,9,9,9,9,9,9,9
340196,1,1,1994,0,0,0,0,0,0,0,0,0,0
340197,1,1,1994,0,0,0,0,0,0,0,0,0,0
340198,1,1,1994,0,0,0,0,0,0,0,0,0,0
340198,2,1,1994,0,0,0,0,0,0,17,0,0,0
340198,3,1,1994,0,0,0,13,0,21,22,18,0,0
340199,1,1,1994,0,0,0,0,0,0,0,0,0,0
340200,1,1,1994,0,0,0,0,0,0,0,0,0,0
340201,1,1,1994,0,0,0,0,0,0,0,0,0,0
340201,2,1,1994,0,0,0,8,0,0,17,0,0,0
340202,1,1,1994,23,23,23,23,23,23,23,23,23,23
340202,2,1,1994,0,0,0,0,0,0,0,0,0,0
340203,0,1,1994,30,30,30,30,30,30,30,30,30,30
340203,1,1,1994,18,7,10,10,0,0,0,17,0,0
340204,1,1,1994,0,0,0,0,0,0,0,0,0,0
340204,2,1,1994,0,0,0,0,0,0,0,0,0,0
340205,1,1,1994,0,0,0,0,0,0,0,0,0,0
340205,2,1,1994,0,0,0,0,0,0,9,0,0,0
340205,3,1,1994,0,0,23,0,0,0,0,0,0,14
340206,0,1,1994,0,0,0,0,0,0,0,0,0,0
340206,1,1,1994,0,0,0,0,0,0,0,0,0,0
340207,1,1,1994,0,0,0,0,0,0,0,0,0,0
340208,1,1,1994,0,0,0,0,0,0,0,0,0,0
340208,2,1,1994,16,13,0,0,0,0,0,0,0,0
340208,3,1,1994,0,0,0,0,0,0,0,0,0,0
340209,1,1,1994,0,0,0,0,0,0,0,0,0,0
340210,1,1,1994,0,0,0,0,0,0,0,0,0,0
340211,0,1,1994,0,0,0,0,0,0,0,0,0,0
340211,1,1,1994,20,18,0,0,15,41,0,14,39,0
340212,1,1,1994,0,0,0,0,0,0,0,0,0,0
340213,1,1,1994,0,0,0,0,0,0,0,0,0,0
340215,1,1,1994,10,10,10,10,10,10,10,10,10,10
340216,1,1,1994,31,31,31,31,31,31,31,31,31,31
340217,1,1,1994,0,0,0,0,0,0,0,0,0,0
340218,1,1,1994,6,6,6,6,6,6,6,6,6,6
340219,1,1,1994,22,22,22,22,22,22,22,22,22,22
340220,1,1,1994,11,11,11,11,11,11,11,11,11,11
340221,1,1,1994,0,0,0,0,0,0,0,0,0,0
340222,1,1,1994,9,9,9,9,9,9,9,9,9,9
340223,0,1,1994,17,17,17,17,17,17,17,17,17,17
340223,1,1,1994,0,0,0,0,0,0,0,0,0,0
340224,0,1,1994,0,0,0,0,0,0,0,0,0,0
340224,1,1,1994,0,0,0,0,0,0,0,0,0,0
340225,0,1,1994,0,0,0,0,0,0,0,0,0,0
340225,1,1,1994,0,0,0,0,0,0,0,0,0,0
340226,1,1,1994,14,14,14,14,14,14,14,14,14,14
340227,1,1,1994,0,0,0,0,0,0,0,0,0,0
340227,2,1,1994,0,0,0,0,0,0,0,0,0,0
340227,3,1,1994,0,0,0,0,0,0,0,0,0,0
340228,1,1,1994,0,17,0,0,0,0,0,0,0,0
340229,0,1,1994,0,0,0,0,0,0,0,21,8,0
340229,1,1,1994,0,0,0,0,0,0,0,0,0,0
340230,1,1,1994,0,0,0,0,0,0,0,0,0,0
340230,2,1,1994,0,0,0,0,0,0,0,0,0,0
340231,1,1,1994,0,0,0,0,0,0,0,0,0,0
340231,2,1,1994,0,0,0,0,0,0,0,0,0,0
340232,1,1,1994,9,9,9,9,9,9,9,9,9,9
340233,1,1,1994,0,0,0,0,0,0,0,0,0,0
340234,1,1,1994,18,18,18,18,18,18,18,18,18,18
340235,0,1,1994,0,0,0,0,0,0,0,0,0,0
340235,1,1,1994,0,0,0,0,0,0,0,0,0,0
340236,1,1,1994,0,0,0,0,0,0,0,0,0,0
340236,2,1,1994,0,0,0,0,0,0,0,0,0,0
340237,1,1,1994,0,0,0,0,0,0,0,0,0,0
340237,2,1,1994,0,0,0,0,0,0,0,0,0,0
340238,0,1,1994,0,0,0,0,0,0,0,0,0,0
340238,1,1,1994,30,0,0,0,0,0,0,26,0,0
340239,0,1,1994,0,0,0,0,0,0,0,0,0,0
340239,1,1,1994,0,0,0,0,0,0,0,0,0,0
340240,1,1,1994,0,0,0,20,29,0,0,0,0,0
340241,1,1,1994,17,17,17,17,17,17,17,17,17,17
340242,0,1,1994,0,15,0,0,0,10,0,20,0,19
340242,1,1,1994,5,0,11,0,0,0,0,0,0,0
340243,0,1,1994,0,0,0,0,0,0,0,0,0,0
340243,1,1,1994,0,0,0,0,0,0,0,0,0,0
340244,0,1,1994,0,31,14,0,15,9,0,0,30,0
340244,1,1,1994,0,0,0,0,0,0,22,0,0,0
340244,2,1,1994,0,0,0,0,0,0,10,0,0,0
340245,0,1,1994,0,0,0,0,0,0,0,0,0,0
340245,1,1,1994,0,0,0,0,0,0,0,0,0,0
340246,1,1,1994,0,0,0,0,0,0,0,0,0,0
340246,2,1,1994,0,0,0,0,0,0,0,0,0,0
340247,0,1,1994,0,0,0,0,0,0,0,0,0,0
340247,1,1,1994,0,0,0,0,0,0,0,0,0,0
340248,0,1,1994,40,40,40,40,40,40,40,40,40,40
340248,1,1,1994,0,0,0,0,0,0,0,0,0,0
340249,1,1,1994,0,0,0,0,0,0,0,0,0,0
340250,1,1,1994,0,0,0,0,0,0,0,0,0,0
340250,2,1,1994,0,0,0,0,0,0,0,0,0,0
340251,1,1,1994,0,2,0,0,19,0,0,0,18,0
340252,1,1,1994,0,0,0,0,0,0,0,0,0,0
340252,2,1,1994,0,0,0,0,0,0,0,0,0,0
340252,3,1,1994,0,0,0,0,0,0,0,0,0,0
340252,4,1,1994,0,0,0,0,0,0,0,0,0,0
340253,1,1,1994,0,0,0,0,0,0,0,0,0,0
340254,1,1,1994,22,22,22,22,22,22,22,22,22,22
340255,1,1,1994,0,0,0,0,0,0,0,0,0,0
340256,1,1,1994,27,27,27,27,27,27,27,27,27,27
340257,1,1,1994,33,33,33,33,33,33,33,33,33,33
340258,1,1,1994,0,0,0,31,11,0,0,0,0,0
340258,2,1,1994,0,0,0,0,0,0,0,0,0,0
340259,1,1,1994,0,6,21,21,0,19,24,21,0,25
340260,1,1,1994,0,0,0,6,17,0,6,11,0,9
340262,1,1,1994,0,0,0,0,24,0,3,0,0,16
340262,2,1,1994,0,0,0,0,0,0,0,0,0,0
340263,1,1,1994,35,35,35,35,35,35,35,35,35,35
340265,1,1,1994,0,0,0,0,0,0,0,0,0,0
340265,2,1,1994,0,0,0,0,0,0,0,0,0,0
340265,3,1,1994,0,0,0,0,0,0,0,0,0,0
340266,1,1,1994,0,0,0,0,0,0,0,0,0,0
340266,2,1,1994,0,0,0,0,0,0,0,0,0,0
340267,0,1,1994,0,0,0,0,0,0,0,0,0,0
340267,1,1,1994,0,0,0,0,0,0,0,0,0,0
340268,1,1,1994,13,13,13,13,13,13,13,13,13,13
340269,1,1,1994,23,23,23,23,23,23,23,23,23,23
340270,0,1,1994,8,38,14,14,0,5,3,0,15,0
340270,0,2,1994,30,0,11,38,0,0,16,0,0,37
340270,1,1,1994,16,16,16,16,16,16,16,16,16,16
340270,2,1,1994,0,0,19,0,0,26,0,0,4,0
340271,1,1,1994,0,0,0,0,0,0,0,0,0,0
340272,1,1,1994,0,0,12,0,0,0,0,0,0,0
340273,1,1,1994,0,0,0,0,0,0,0,0,0,0
340274,1,1,1994,14,14,14,14,14,14,14,14,14,14
340275,1,1,1994,0,0,0,0,0,0,0,0,0,0
340276,1,1,1994,0,0,0,0,0,0,0,0,18,0
340276,2,1,1994,0,0,0,0,0,0,0,0,0,0
340277,1,1,1994,0,0,0,0,0,0,0,0,0,0
340277,2,1,1994,0,0,3,0,0,0,0,0,0,0
340277,3,1,1994,0,0,0,0,0,0,0,0,0,0
340278,1,1,1994,0,0,0,0,0,0,0,0,0,0
340279,1,1,1994,13,13,13,13,13,13,13,13,13,13
340280,0,1,1994,32,32,32,32,32,32,32,32,32,32
340280,1,1,1994,13,9,9,0,0,0,0,0,0,0
340281,0,1,1994,0,0,0,0,19,0,0,0,0,0
340281,1,1,1994,0,0,0,0,0,0,0,0,0,0
340282,1,1,1994,18,18,18,18,18,18,18,18,18,18
340282,2,1,1994,0,0,0,0,0,0,0,0,0,0
340282,3,1,1994,0,0,0,0,0,0,0,0,0,0
340283,1,1,1994,19,19,19,19,19,19,19,19,19,19
340284,1,1,1994,30,30,30,30,30,30,30,30,30,30
340285,1,1,1994,0,0,0,0,0,0,0,0,0,0
340285,2,1,1994,0,0,0,0,0,0,0,0,0,0
340286,1,1,1994,0,0,0,0,0,0,0,0,0,0
340286,2,1,1994,0,0,0,0,0,0,0,0,0,0
340287,1,1,1994,0,0,0,0,0,0,0,26,0,0
340288,0,1,1994,7,7,7,7,7,7,7,7,7,7
340288,1,1,1994,0,0,0,0,0,0,0,4,0,0
340289,0,1,1994,16,16,16,16,16,16,16,16,16,16
340289,1,1,1994,0,0,7,0,0,0,0,0,0,8
340290,0,1,1994,0,0,0,0,0,0,0,0,0,0
340290,1,1,1994,0,0,0,0,0,0,0,0,0,0
340291,0,1,1994,21,21,21,21,21,21,21,21,21,21
340291,1,1,1994,0,0,0,0,0,0,3,0,0,0
340291,2,1,1994,0,0,0,0,0,0,26,0,0,0
340293,0,1,1994,0,0,0,0,0,0,0,0,0,0
340293,1,1,1994,11,11,11,11,11,11,11,11,11,11
340294,0,1,1994,0,0,0,0,0,0,0,0,0,0
340294,1,1,1994,0,13,0,0,7,0,0,18,0,0
340295,1,1,1994,0,0,0,0,0,0,0,0,0,0
340295,2,1,1994,0,0,0,0,0,0,0,0,0,0
340296,1,1,1994,0,0,20,0,0,0,16,0,0,26
340297,0,1,1994,0,0,0,0,0,0,0,0,0,0
340297,1,1,1994,0,0,0,0,6,30,0,21,0,24
340298,0,1,1994,0,0,0,0,0,0,0,0,0,0
340298,1,1,1994,11,11,11,11,11,11,11,11,11,11
340299,0,1,1994,30,30,30,30,30,30,30,30,30,30
340299,1,1,1994,0,0,0,0,0,0,0,0,0,0
340300,1,1,1994,0,0,0,0,0,0,0,0,0,0
340300,2,1,1994,0,0,0,0,0,0,21,0,0,0
340301,1,1,1994,0,0,0,0,0,0,0,0,0,0
340301,2,1,1994,0,0,0,0,0,0,0,0,0,0
340302,1,1,1994,0,0,0,0,0,0,0,0,0,0
340303,1,1,1994,4,4,4,4,4,4,4,4,4,4
340304,1,1,1994,0,0,0,0,0,0,0,0,0,0
340304,2,1,1994,0,0,0,0,0,0,20,0,0,0
340305,1,1,1994,0,0,0,0,0,0,0,0,0,0
340306,0,1,1994,0,0,0,0,0,0,0,0,0,0
340306,1,1,1994,3,0,13,0,19,25,0,13,0,32
340307,0,1,1994,0,0,0,0,0,0,0,0,0,0
340307,1,1,1994,0,0,0,0,0,0,0,0,0,0
340308,1,1,1994,0,0,0,0,0,0,0,0,0,0
340309,1,1,1994,0,0,0,0,0,0,0,0,0,0
340309,2,1,1994,0,0,0,0,0,0,0,0,0,23
340310,1,1,1994,0,0,0,0,0,0,0,0,0,0
340310,2,1,1994,0,0,0,0,0,0,0,0,0,0
340311,1,1,1994,0,0,0,0,0,0,0,0,0,0
340311,2,1,1994,0,0,0,0,0,0,0,0,0,0
340312,1,1,1994,24,24,24,24,24,24,24,24,24,24
340313,1,1,1994,19,19,19,19,19,19,19,19,19,19
340314,1,1,1994,0,0,0,0,0,0,0,0,0,0
340315,1,1,1994,36,36,36,36,36,36,36,36,36,36
340316,1,1,1994,13,13,13,13,13,13,13,13,13,13
340316,2,1,1994,0,0,0,0,0,0,0,0,0,0
340318,1,1,1994,16,7,0,28,0,0,29,0,34,0
340318,2,1,1994,0,0,0,0,0,0,0,0,0,0
340319,1,1,1994,0,0,0,0,0,0,0,0,0,0
340319,2,1,1994,6,0,10,0,0,0,0,0,0,39
340320,0,1,1994,7,7,7,7,7,7,7,7,7,7
340320,1,1,1994,23,0,18,21,17,16,24,19,28,22
340321,0,1,1994,5,5,5,5,5,5,5,5,5,5
340321,0,2,1994,3,3,3,3,3,3,3,3,3,3
340321,1,1,1994,0,0,0,0,0,0,0,0,0,0
340322,0,1,1994,0,0,19,0,0,21,6,0,0,0
340322,1,1,1994,23,0,0,0,0,0,0,0,0,0
340323,1,1,1994,0,0,0,0,0,0,0,0,0,0
340323,2,1,1994,0,0,0,0,0,0,0,0,0,0
340323,3,1,1994,0,0,0,0,0,0,0,0,0,0
340324,1,1,1994,0,0,0,0,0,0,0,0,0,0
340326,1,1,1994,20,20,20,20,20,20,20,20,20,20
340326,2,1,1994,4,4,4,4,4,4,4,4,4,4
340327,1,1,1994,29,29,29,29,29,29,29,29,29,29
340328,1,1,1994,0,0,0,0,0,0,0,0,0,0
340328,2,1,1994,0,0,0,0,0,0,0,0,0,0
340329,1,1,1994,0,0,0,0,0,0,0,0,4,0
340329,2,1,1994,0,0,15,0,0,0,4,0,0,0
340330,1,1,1994,0,0,0,0,0,0,0,0,0,0
340331,1,1,1994,0,0,0,0,0,0,0,0,0,0
340331,2,1,1994,0,0,0,0,0,5,0,0,0,0
340332,0,1,1994,0,0,0,0,0,0,0,0,0,0
340332,1,1,1994,11,11,11,11,11,11,11,11,11,11
340333,0,1,1994,0,0,0,0,0,0,0,0,0,0
340333,1,1,1994,0,0,0,0,0,0,0,0,0,0
340336,1,1,1994,0,0,0,0,0,0,0,0,0,0
340337,1,1,1994,0,0,0,0,0,0,0,0,0,0
340337,2,1,1994,0,0,0,0,0,0,0,0,0,0
340338,0,1,1994,0,0,0,0,0,0,0,0,0,0
340338,1,1,1994,0,0,0,0,0,0,0,0,0,0
340339,1,1,1994,0,0,0,0,0,0,0,0,0,0
340339,2,1,1994,2,2,2,2,2,2,2,2,2,2
340339,3,1,1994,0,0,0,0,0,0,0,0,0,0
340340,1,1,1994,10,10,10,10,10,10,10,10,10,10
340341,1,1,1994,0,0,0,0,0,0,0,0,0,0
340341,2,1,1994,0,12,2,0,0,0,0,0,0,0
340342,1,1,1994,0,0,0,0,0,0,0,0,0,0
340342,2,1,1994,0,0,0,0,0,0,0,0,0,0
340343,0,1,1994,0,0,0,0,0,0,0,0,0,0
340343,1,1,1994,0,0,0,0,0,0,0,0,0,0
340344,1,1,1994,18,18,18,18,18,18,18,18,18,18
340345,0,1,1994,0,0,26,0,0,4,0,0,0,0
340345,0,2,1994,0,0,0,0,0,0,0,0,0,0
340345,1,1,1994,0,0,0,0,0,0,0,0,0,0
340346,1,1,1994,0,0,0,0,0,0,0,0,0,0
340346,2,1,1994,0,0,0,0,0,0,0,0,0,0
340347,0,1,1994,0,0,0,0,0,0,0,0,0,0
340347,1,1,1994,0,0,0,0,0,0,0,0,0,0
340348,1,2,1994,32,12,19,13,18,29,20,30,0,4
340349,1,1,1994,0,0,0,0,0,0,0,0,0,0
340349,2,1,1994,13,13,13,13,13,13,13,13,13,13
340350,1,1,1994,0,0,0,0,0,0,0,0,0,0
340350,2,1,1994,0,0,0,0,0,0,0,0,0,0
340350,3,1,1994,0,0,0,0,0,12,0,0,0,0
340351,0,1,1994,0,0,0,0,0,0,0,0,0,0
340351,1,1,1994,0,0,0,0,0,0,0,0,0,0
340353,0,1,1994,0,0,0,0,0,0,0,0,0,0
340353,1,1,1994,0,0,0,0,0,0,0,0,0,0
340354,0,1,1994,51,51,51,51,51,51,51,51,51,51
340354,1,1,1994,0,0,0,0,0,0,0,0,0,0
340355,1,1,1994,0,0,0,0,0,0,0,0,0,0
340356,1,1,1994,14,14,14,14,14,14,14,14,14,14
340357,1,1,1994,14,0,11,0,0,0,0,3,0,0
340357,2,1,1994,0,0,0,0,0,0,0,0,0,0
340358,1,1,1994,9,9,9,9,9,9,9,9,9,9
340359,1,1,1994,0,0,0,0,0,0,0,0,0,0
340360,1,1,1994,23,23,23,23,23,23,23,23,23,23
340360,2,1,1994,0,0,0,0,0,0,0,0,7,0
340360,3,1,1994,0,0,0,0,0,0,0,0,0,0
340361,1,1,1994,0,0,0,0,0,0,0,0,0,0
340362,0,1,1994,0,0,0,0,0,0,0,0,0,0
340362,1,1,1994,0,0,0,0,16,17,0,0,0,0
340364,1,1,1994,0,0,0,0,0,0,0,0,0,0
340364,2,1,1994,0,0,0,0,0,0,0,0,0,0
340365,1,1,1994,0,0,0,0,0,0,0,0,0,0
340365,2,1,1994,0,0,0,0,0,0,0,0,0,0
340366,1,1,1994,9,9,9,9,9,9,9,9,9,9
340367,1,1,1994,13,13,13,13,13,13,13,13,13,13
340368,1,1,1994,23,23,23,23,23,23,23,23,23,23
340369,1,1,1994,0,0,0,0,0,0,0,0,0,0
340370,1,1,1994,11,11,11,11,11,11,11,11,11,11
340371,1,1,1994,0,0,0,0,0,0,17,0,0,4
340371,2,1,1994,0,0,0,0,0,0,0,0,0,0
340372,1,1,1994,4,4,4,4,4,4,4,4,4,4
340373,1,1,1994,0,0,0,0,0,0,0,0,0,0
340373,2,1,1994,14,14,14,14,14,14,14,14,14,14
340374,1,1,1994,13,13,13,13,13,13,13,13,13,13
340375,0,1,1994,0,0,0,0,0,0,0,0,0,0
340375,1,1,1994,11,0,0,23,0,0,32,13,10,15
340376,1,1,1994,8,8,8,8,8,8,8,8,8,8
340377,0,1,1994,5,5,5,5,5,5,5,5,5,5
340377,1,1,1994,17,17,17,17,17,17,17,17,17,17
340378,1,1,1994,17,17,17,17,17,17,17,17,17,17
340379,1,1,1994,33,33,33,33,33,33,33,33,33,33
340380,1,1,1994,0,0,0,0,0,0,0,0,0,0
340381,1,1,1994,0,0,0,0,0,0,0,0,0,0
340381,2,1,1994,0,0,0,0,0,0,0,0,0,0
340382,0,1,1994,0,0,0,0,0,0,0,0,0,0
340382,1,1,1994,0,0,0,0,0,0,0,0,0,0
340383,1,1,1994,0,0,0,0,0,0,0,0,0,0
340384,0,1,1994,34,0,0,0,8,11,0,0,0,46
340384,1,1,1994,0,0,33,0,0,11,0,0,0,15
340385,1,1,1994,0,0,0,0,0,0,0,0,0,0
340385,2,1,1994,0,0,0,0,0,0,0,0,0,0
340386,1,1,1994,1,1,1,1,1,1,1,1,1,1
340386,2,1,1994,11,11,11,11,11,11,11,11,11,11
340387,1,1,1994,0,0,0,0,0,0,0,0,0,0
340388,1,1,1994,21,0,0,16,0,11,0,0,20,28
340389,1,1,1994,0,0,0,0,0,0,0,0,0,0
340391,1,1,1994,16,16,16,16,16,16,16,16,16,16
340392,1,1,1994,0,0,0,0,0,0,0,0,0,0
340392,2,1,1994,0,0,0,0,0,0,0,0,0,0
340392,3,1,1994,0,0,0,0,0,0,0,0,0,0
340392,4,1,1994,0,0,0,0,0,0,31,0,0,0
340393,1,1,1994,0,0,0,0,0,0,0,0,0,0
340393,2,1,1994,0,0,0,0,0,0,0,0,0,0
340394,0,1,1994,0,33,0,0,0,0,0,0,0,0
340394,1,1,1994,24,0,0,0,0,0,0,0,0,0
340395,1,1,1994,0,0,0,0,0,0,0,0,0,0
340397,1,1,1994,13,13,13,13,13,13,13,13,13,13
340398,1,1,1994,0,0,0,0,0,0,0,0,0,0
340398,2,1,1994,0,0,0,0,0,0,0,0,0,0
340398,3,1,1994,0,0,0,0,0,0,0,0,0,0
340398,4,1,1994,0,0,0,0,0,0,0,0,0,0
340398,5,1,1994,0,0,0,4,0,0,0,0,0,0
340398,6,1,1994,0,0,0,0,0,0,6,0,0,0
340398,7,1,1994,0,0,0,0,0,0,0,0,0,0
340399,1,1,1994,0,0,0,0,0,0,0,0,0,0
340399,2,1,1994,0,0,0,0,0,0,0,0,0,0
340400,1,1,1994,12,12,12,12,12,12,12,12,12,12
340400,2,1,1994,0,0,0,0,0,0,0,0,0,0
340400,3,1,1994,0,0,0,0,0,18,0,0,0,0
340401,0,1,1994,3,3,3,3,3,3,3,3,3,3
340401,1,1,1994,15,30,13,0,17,0,0,0,0,20
340401,2,1,1994,0,8,0,0,0,0,0,0,0,0