ST_CASE,VEH_NO,PER_NO,YEAR,P1,P2,P3,P4,P5,P6,P7,P8,P9,P10
360101,1,1,1994,0,0,0,0,0,0,0,0,0,0
360102,0,1,1994,0,0,0,0,0,0,0,0,0,0
360102,1,1,1994,19,0,0,0,0,0,0,0,0,0
360103,0,1,1994,23,23,23,23,23,23,23,23,23,23
360103,2,1,1994,0,0,0,12,9,5,14,0,0,0
360104,0,1,1994,16,16,16,16,16,16,16,16,16,16
360104,1,1,1994,0,0,0,0,0,0,0,0,0,0
360105,0,1,1994,11,11,11,11,11,11,11,11,11,11
360105,1,1,1994,0,0,0,0,0,0,0,0,0,0
360106,0,1,1994,14,0,9,15,0,0,22,13,18,0
360106,0,2,1994,0,0,13,0,16,0,15,0,7,0
360106,1,1,1994,12,0,17,0,15,20,0,0,0,0
360108,0,1,1994,0,0,0,0,0,0,0,0,0,0
360108,1,1,1994,0,0,0,0,0,0,0,0,0,0
360109,0,1,1994,16,0,0,0,0,0,0,0,0,0
360109,1,1,1994,0,0,0,0,0,0,0,0,0,0
360110,0,1,1994,0,0,0,0,0,0,0,0,0,0
360110,1,1,1994,0,0,0,0,0,0,0,0,0,0
360111,0,1,1994,0,0,0,0,0,0,0,0,0,0
360111,0,2,1994,0,0,0,0,0,0,0,0,0,0
360111,1,1,1994,14,14,14,14,14,14,14,14,14,14
360115,0,1,1994,0,0,0,0,0,0,0,0,0,0
360115,1,1,1994,0,0,0,0,0,0,0,0,0,0
360116,0,1,1994,0,0,0,0,0,0,0,0,0,0
360116,1,1,1994,0,0,0,0,0,0,0,0,0,0
360116,2,1,1994,0,0,0,0,0,0,0,0,4,0
360117,0,1,1994,0,21,8,15,16,2,12,0,0,28
360117,1,1,1994,43,35,15,16,17,24,16,14,6,18
360118,1,1,1994,0,0,0,0,0,0,0,0,0,0
360119,1,1,1994,0,0,0,0,0,0,0,0,0,0
360119,2,1,1994,0,0,0,0,0,0,0,0,0,0
360120,0,1,1994,0,0,0,0,0,0,0,0,0,0
360120,1,1,1994,0,0,0,0,0,0,0,0,0,0
360121,0,1,1994,0,0,0,0,0,0,0,0,0,0
360121,1,1,1994,0,0,0,0,0,0,0,0,0,0
360122,1,1,1994,0,0,0,0,0,0,11,0,0,0
360122,2,1,1994,0,0,0,0,0,0,0,0,15,0
360124,0,1,1994,0,0,0,0,0,0,0,0,0,0
360124,1,1,1994,0,0,0,0,0,0,0,0,0,0
360125,0,1,1994,23,23,23,23,23,23,23,23,23,23
360125,1,1,1994,5,0,0,0,0,13,0,0,0,0
360125,2,1,1994,0,29,0,0,0,0,0,11,0,0
360126,1,1,1994,16,14,10,17,0,10,15,22,0,7
360127,1,1,1994,0,0,0,0,0,0,0,0,0,0
360127,2,1,1994,0,0,0,0,0,0,8,0,0,0
360128,1,1,1994,0,0,0,0,0,0,0,0,0,0
360128,2,1,1994,0,0,0,0,0,0,0,0,0,0
360128,3,1,1994,0,0,0,0,0,0,0,9,0,0
360129,1,1,1994,0,0,0,0,0,0,0,0,0,0
360129,2,1,1994,0,0,0,0,0,0,0,0,0,0
360129,3,1,1994,0,0,0,0,0,0,0,0,0,0
360130,1,1,1994,20,20,20,20,20,20,20,20,20,20
360131,1,1,1994,7,7,7,7,7,7,7,7,7,7
360132,1,1,1994,0,0,0,0,17,0,0,0,0,0
360132,2,1,1994,0,0,0,0,0,0,0,0,0,0
360133,1,1,1994,0,0,1,0,10,0,0,0,0,0
360133,2,1,1994,21,0,0,0,0,0,0,0,0,0
360134,0,1,1994,32,32,32,32,32,32,32,32,32,32
360134,1,1,1994,0,0,0,0,0,0,0,0,0,0
360135,0,1,1994,0,0,0,0,0,0,0,0,0,0
360135,0,2,1994,9,0,15,1,3,6,13,19,0,0
360135,2,1,1994,18,18,30,10,9,0,14,8,19,13
360136,0,1,1994,0,0,0,0,0,0,0,0,0,35
360136,1,1,1994,0,0,0,0,0,0,0,0,0,0
360136,2,1,1994,0,0,0,0,0,0,0,0,0,0
360137,0,1,1994,0,0,0,0,0,0,0,0,0,0
360137,1,1,1994,0,0,0,0,0,0,0,0,0,0
360138,0,1,1994,0,0,0,0,0,0,0,0,0,0
360138,1,1,1994,0,0,0,0,0,0,0,0,0,0
360139,0,1,1994,0,0,0,0,0,0,0,0,0,0
360139,1,1,1994,0,0,0,0,0,0,0,0,0,0
360140,1,1,1994,0,0,0,0,0,0,0,0,0,0
360140,2,1,1994,0,0,0,0,0,0,0,0,0,0
360140,3,1,1994,0,0,0,0,0,0,0,0,0,0
360140,4,1,1994,0,0,0,0,0,0,19,6,0,0
360140,5,1,1994,14,0,0,4,0,0,0,0,0,0
360141,0,1,1994,10,10,10,10,10,10,10,10,10,10
360141,1,1,1994,0,0,0,0,0,0,0,11,0,0
360141,2,1,1994,7,0,0,0,0,0,0,0,0,0
360142,0,1,1994,0,0,0,0,0,0,0,0,0,0
360142,1,1,1994,0,0,0,0,0,0,0,0,0,0
360143,0,1,1994,18,18,18,18,18,18,18,18,18,18
360143,1,1,1994,12,36,18,16,15,8,12,21,22,18
360144,1,1,1994,9,0,0,0,0,0,0,9,0,0
360145,1,1,1994,7,7,7,7,7,7,7,7,7,7
360146,1,1,1994,17,17,17,17,17,17,17,17,17,17
360146,2,1,1994,0,0,0,0,0,0,0,0,0,0
360147,1,1,1994,0,0,0,0,0,0,0,0,0,0
360147,2,1,1994,0,0,0,0,0,0,0,0,0,0
360148,1,1,1994,0,0,0,0,0,0,0,0,0,0
360148,2,1,1994,0,0,0,0,0,0,0,0,0,0
360148,3,1,1994,0,0,0,0,0,0,0,0,0,0
360149,1,1,1994,0,0,0,0,0,0,0,0,0,0
360150,1,1,1994,0,0,0,0,0,0,0,0,0,0
360150,2,1,1994,0,0,0,0,10,0,0,0,0,0
360151,1,1,1994,13,20,11,27,34,22,18,13,0,26
360151,2,1,1994,16,0,0,0,0,14,0,0,0,0
360152,1,1,1994,0,0,0,0,0,0,0,0,0,0
360152,2,1,1994,0,0,0,0,0,0,0,0,0,6
360152,3,1,1994,0,0,0,0,0,19,0,0,0,0
360153,1,1,1994,7,7,7,7,7,7,7,7,7,7
360154,1,1,1994,0,0,0,0,0,0,0,0,0,0
360154,2,1,1994,2,2,2,2,2,2,2,2,2,2
360155,1,1,1994,0,0,0,0,0,0,0,0,0,0
360155,2,1,1994,0,0,0,15,0,0,0,0,0,0
360156,1,1,1994,0,0,0,0,8,0,13,0,0,0
360156,2,1,1994,0,0,0,0,0,0,0,0,0,0
360157,1,1,1994,0,0,0,0,0,0,0,0,0,0
360157,2,1,1994,0,0,0,0,0,0,0,0,0,0
360158,0,1,1994,26,26,26,26,26,26,26,26,26,26
360158,1,1,1994,0,0,0,0,0,0,0,0,0,0
360159,0,1,1994,0,0,0,0,0,0,0,0,0,0
360159,1,1,1994,0,0,0,0,0,13,0,0,0,0
360160,0,1,1994,11,11,11,11,11,11,11,11,11,11
360160,1,1,1994,0,0,0,0,0,0,0,0,0,0
360161,0,1,1994,0,0,0,0,0,0,0,0,0,0
360161,1,1,1994,0,0,0,0,0,0,0,0,0,0
360162,0,1,1994,0,0,0,0,0,0,0,0,0,0
360162,1,1,1994,0,0,0,0,0,0,0,0,0,0
360163,1,1,1994,0,0,0,0,0,0,0,0,0,0
360164,0,1,1994,13,0,14,22,0,13,0,0,7,0
360164,1,1,1994,0,0,22,9,0,0,25,0,0,0
360165,1,1,1994,0,0,0,0,0,0,0,0,0,0
360165,2,1,1994,0,0,0,0,0,0,0,0,0,0
360166,1,1,1994,21,0,0,0,20,0,0,0,0,0
360166,2,1,1994,1,1,1,1,1,1,1,1,1,1
360167,1,1,1994,0,0,0,0,0,0,0,0,0,0
360168,0,1,1994,0,0,0,0,0,0,0,0,0,0
360168,1,1,1994,0,0,0,0,0,0,0,0,0,0
360169,0,1,1994,0,0,0,0,0,20,0,0,0,0
360169,1,1,1994,0,0,0,0,0,0,0,0,0,0
360170,0,1,1994,0,0,0,0,0,0,0,0,0,0
360170,1,1,1994,0,0,0,0,0,0,0,0,0,21
360171,0,1,1994,0,0,0,0,0,0,0,0,0,0
360171,1,1,1994,0,0,0,0,0,0,0,0,0,0
360172,0,1,1994,0,0,0,0,0,0,0,0,0,0
360172,0,2,1994,0,0,0,0,0,0,0,0,0,0
360172,1,1,1994,20,20,20,20,20,20,20,20,20,20
360173,0,1,1994,0,0,0,0,0,0,0,0,0,0
360173,1,1,1994,0,0,0,0,0,0,0,0,0,0
360174,0,1,1994,0,0,0,0,0,0,0,0,0,0
360174,1,1,1994,12,19,2,0,13,20,11,0,17,0
360175,1,1,1994,0,0,0,0,0,0,0,0,0,0
360175,2,1,1994,0,0,0,0,0,0,0,0,0,0
360176,1,1,1994,5,0,0,0,0,0,0,0,0,0
360177,0,1,1994,0,0,0,0,0,0,0,0,0,0
360177,1,1,1994,0,0,15,0,13,0,0,3,0,0
360178,1,1,1994,8,8,8,8,8,8,8,8,8,8
360179,1,1,1994,0,0,0,0,0,0,0,0,0,0
360180,1,1,1994,0,0,0,0,4,30,0,0,0,0
360180,2,1,1994,0,0,0,0,0,0,0,0,0,0
360181,0,1,1994,0,0,0,0,0,0,0,0,0,0
360181,1,1,1994,0,0,0,0,0,0,3,0,0,0
360182,1,1,1994,0,0,0,0,0,0,0,0,0,0
360183,1,1,1994,0,0,0,0,0,0,0,0,0,0
360183,2,1,1994,0,0,0,0,0,0,0,0,0,0
360184,0,1,1994,0,0,0,0,0,0,0,0,0,0
360184,1,1,1994,0,0,0,0,0,0,0,0,5,0
360185,1,1,1994,0,0,0,41,0,0,0,0,0,0
360185,2,1,1994,0,0,0,0,0,0,0,0,0,0
360186,1,1,1994,12,12,12,12,12,12,12,12,12,12
360187,1,1,1994,27,27,27,27,27,27,27,27,27,27
360188,1,1,1994,0,0,0,0,0,0,0,0,0,0
360188,2,1,1994,0,0,0,0,0,0,0,0,0,0
360189,0,1,1994,34,0,0,0,14,0,22,14,0,14
360189,1,1,1994,2,0,0,0,10,6,0,0,0,0
360190,1,1,1994,16,16,16,16,16,16,16,16,16,16
360191,1,1,1994,0,0,0,13,0,0,0,0,0,0
360191,2,1,1994,0,0,0,0,0,0,0,0,0,0
360192,0,1,1994,33,0,0,0,0,0,0,0,0,0
360192,1,1,1994,0,0,0,0,0,0,0,0,0,0
360193,1,1,1994,0,0,0,0,0,0,0,0,0,0
360193,2,1,1994,0,0,0,0,0,0,0,0,0,0
360194,1,1,1994,0,0,0,0,0,0,0,0,0,0
360194,2,1,1994,0,0,0,0,0,0,0,0,0,0
360195,0,1,1994,0,0,0,0,0,0,0,0,0,0
360195,1,1,1994,0,0,0,17,0,0,0,11,0,3
360196,1,1,1994,0,0,0,0,0,0,0,0,0,0
360196,2,1,1994,0,0,0,0,0,0,0,0,0,0
360197,1,1,1994,0,0,0,0,0,0,0,0,0,0
360197,2,1,1994,0,0,0,0,0,0,0,0,0,0
360198,1,1,1994,4,4,4,4,4,4,4,4,4,4
360199,1,1,1994,0,0,0,0,0,0,0,0,0,0
360200,1,1,1994,0,0,0,0,0,0,0,0,0,0
360200,2,1,1994,0,0,0,0,0,0,0,0,0,0
360201,0,1,1994,0,0,0,0,0,0,0,0,0,0
360201,1,1,1994,0,0,0,0,0,0,0,0,0,0
360202,1,1,1994,0,0,0,0,0,0,0,0,0,0
360203,1,1,1994,0,0,3,0,0,0,0,0,0,0
360204,0,1,1994,0,0,0,0,0,0,0,0,0,0
360204,1,1,1994,0,0,0,0,0,0,0,15,0,0
360205,0,1,1994,0,0,0,0,0,0,0,0,0,0
360205,1,1,1994,16,11,0,0,18,0,0,0,0,16
360206,1,1,1994,0,14,13,0,0,0,20,0,0,0
360207,1,1,1994,0,0,0,0,0,0,0,0,0,0
360207,2,1,1994,0,0,0,0,0,0,0,0,0,0
360208,1,1,1994,0,0,0,0,0,0,0,0,0,0
360209,1,1,1994,20,20,20,20,20,20,20,20,20,20
360210,1,1,1994,17,21,18,14,18,22,11,21,18,12
360210,2,1,1994,0,0,0,0,0,0,0,0,0,0
360210,3,1,1994,0,0,0,0,0,0,0,21,0,0
360210,4,1,1994,0,0,0,0,0,0,0,0,0,5
360210,5,1,1994,0,0,0,0,16,0,0,0,0,0
360210,6,1,1994,0,0,0,0,0,0,0,0,0,0
360211,0,1,1994,23,23,23,23,23,23,23,23,23,23
360211,1,1,1994,0,0,0,0,0,0,0,0,0,0
360212,1,1,1994,33,33,33,33,33,33,33,33,33,33
360212,2,1,1994,0,0,0,0,0,0,0,0,0,21
360213,1,1,1994,12,12,12,12,12,12,12,12,12,12
360213,2,1,1994,0,0,0,0,0,0,0,0,0,0
360214,1,1,1994,0,0,0,0,0,0,0,0,0,0
360215,1,1,1994,0,0,0,0,0,0,0,0,0,0
360215,2,1,1994,0,0,0,0,0,0,0,0,0,0
360215,3,1,1994,23,14,0,10,3,5,11,0,13,5
360216,1,1,1994,0,0,0,0,0,0,0,0,0,0
360216,2,1,1994,0,0,0,0,0,0,0,0,0,0
360217,1,1,1994,16,16,16,16,16,16,16,16,16,16
360217,2,1,1994,0,0,0,0,12,0,0,0,0,0
360218,1,1,1994,21,21,21,21,21,21,21,21,21,21
360219,1,1,1994,0,0,0,0,0,0,0,0,0,0
360219,2,1,1994,18,18,18,18,18,18,18,18,18,18
360220,1,1,1994,18,18,18,18,18,18,18,18,18,18
360221,1,1,1994,0,0,0,0,0,0,0,0,0,0
360222,1,1,1994,0,0,0,0,0,0,0,0,0,0
360222,2,1,1994,0,0,0,0,0,0,0,0,0,0
360223,1,1,1994,0,0,0,0,0,0,0,0,0,0
360224,1,1,1994,5,0,0,21,37,5,0,20,0,0
360224,2,1,1994,0,0,0,0,0,0,0,0,0,0
360225,1,1,1994,0,0,0,0,0,0,0,0,0,0
360225,2,1,1994,0,0,0,0,0,0,0,0,4,0
360226,1,1,1994,15,15,15,15,15,15,15,15,15,15
360227,0,1,1994,0,0,0,0,0,0,0,0,0,0
360227,1,1,1994,0,0,0,0,0,0,0,0,0,0
360228,1,1,1994,9,9,9,9,9,9,9,9,9,9
360229,0,1,1994,0,0,0,0,0,0,0,0,0,0
360229,1,1,1994,0,0,0,0,0,0,0,0,0,0
360230,1,1,1994,0,0,0,0,0,0,0,0,0,0
360230,2,1,1994,0,0,0,0,0,0,0,0,0,0
360231,1,1,1994,0,0,0,0,0,0,0,0,0,0
360231,2,1,1994,0,0,0,0,0,0,0,0,0,0
360231,3,1,1994,22,0,0,0,0,0,0,0,0,0
360232,0,1,1994,0,0,10,15,0,16,0,0,0,0
360232,1,1,1994,0,0,0,0,0,0,0,0,0,0
360233,0,1,1994,0,0,0,0,0,0,0,0,0,0
360233,1,1,1994,0,0,0,0,0,0,0,0,0,0
360234,0,1,1994,0,0,0,0,0,0,0,0,0,0
360234,1,1,1994,0,0,0,0,0,10,0,0,9,0
360235,1,1,1994,14,6,19,16,15,20,24,24,36,21
360235,2,1,1994,0,0,0,0,0,0,0,0,0,0
360236,0,1,1994,0,0,0,0,0,0,0,0,0,0
360237,0,1,1994,0,0,0,0,0,0,0,0,0,0
360237,1,1,1994,0,0,0,0,0,0,0,0,0,0
360238,0,1,1994,0,0,0,0,0,0,12,0,0,0
360238,1,1,1994,0,0,0,0,0,0,0,0,0,0
360239,1,1,1994,0,0,0,0,0,0,0,0,0,0
360240,1,1,1994,0,0,12,0,22,0,0,17,0,0
360240,2,1,1994,0,0,0,0,0,0,0,0,0,0
360241,1,1,1994,0,0,0,0,0,0,0,0,0,0
360242,1,1,1994,0,0,0,0,0,0,0,0,0,0
360242,2,1,1994,0,0,0,0,0,0,0,0,0,0
360243,0,1,1994,0,0,0,0,0,0,0,0,0,0
360243,1,1,1994,0,0,0,0,10,0,0,0,0,0
360244,0,1,1994,0,0,0,0,0,0,0,0,0,0
360244,1,1,1994,0,0,0,0,0,0,0,0,0,0
360245,0,1,1994,0,0,0,0,0,0,0,0,0,0
360245,1,1,1994,0,0,0,0,0,0,0,0,0,0
360246,0,1,1994,36,36,36,36,36,36,36,36,36,36
360246,0,2,1994,35,25,24,0,0,0,0,9,7,0
360246,1,1,1994,0,0,0,0,20,25,15,22,19,6
360247,1,1,1994,3,26,23,12,14,0,23,24,16,18
360247,2,1,1994,0,0,0,0,0,0,0,0,0,0
360248,1,1,1994,0,0,0,0,0,0,0,0,0,0
360248,2,1,1994,0,0,0,0,0,0,0,0,0,0
360249,0,1,1994,0,0,0,0,0,0,0,0,0,0
360249,1,1,1994,0,17,0,0,0,0,0,0,0,12
360250,0,1,1994,0,0,0,0,0,0,0,0,0,0
360250,1,1,1994,6,0,0,8,0,0,0,0,0,0
360251,0,1,1994,0,0,0,0,0,0,0,0,0,0
360251,0,2,1994,0,23,0,0,23,0,0,16,0,0
360251,1,1,1994,0,0,0,0,0,0,0,0,0,0
360252,0,1,1994,3,3,3,3,3,3,3,3,3,3
360252,1,1,1994,0,26,16,18,5,0,16,0,0,16
360253,1,1,1994,0,0,0,0,0,0,0,0,0,0
360254,0,1,1994,0,0,0,0,0,0,0,0,0,0
360254,1,1,1994,0,0,0,0,0,0,0,0,0,0
360255,1,1,1994,0,0,0,0,0,0,0,0,0,0
360255,2,1,1994,0,0,0,0,0,0,0,0,0,0
360256,1,1,1994,0,0,0,0,0,0,0,0,0,0
360256,2,1,1994,0,0,0,0,0,0,0,0,0,0
360257,1,1,1994,0,0,0,0,0,0,0,0,0,0
360257,2,1,1994,0,0,0,0,0,0,0,0,0,0
360258,1,1,1994,18,18,18,18,18,18,18,18,18,18
360259,1,1,1994,0,0,0,0,0,0,0,0,0,0
360260,1,1,1994,0,0,0,0,0,0,0,0,0,0
360261,1,1,1994,0,0,0,0,0,0,0,0,0,0
360261,2,1,1994,0,0,0,0,0,0,0,0,0,0
360261,3,1,1994,0,0,0,0,0,0,0,0,0,0
360262,1,1,1994,0,0,0,0,0,0,16,0,0,0
360262,2,1,1994,0,0,0,0,0,0,0,0,0,0
360263,1,1,1994,0,0,0,0,0,0,0,0,0,0
360264,1,1,1994,0,0,0,0,0,0,0,0,0,0
360265,1,1,1994,26,0,0,31,15,10,9,11,21,0
360266,1,1,1994,17,17,17,17,17,17,17,17,17,17
360267,0,1,1994,0,0,0,0,0,0,0,0,0,0
360267,1,1,1994,0,0,0,0,0,0,0,0,0,0
360268,1,1,1994,0,0,0,0,0,0,0,0,0,0
360268,2,1,1994,0,0,0,0,0,0,0,0,0,0
360269,1,1,1994,0,0,0,0,0,0,0,0,0,0
360269,2,1,1994,0,0,5,0,0,0,0,0,0,0
360270,1,1,1994,0,0,0,0,0,0,0,0,0,0
360271,1,1,1994,0,0,0,0,0,0,0,0,0,0
360271,2,1,1994,0,0,0,0,0,0,0,0,0,0
360272,1,1,1994,0,0,0,0,0,0,0,0,0,0
360272,2,1,1994,0,0,0,0,0,0,0,0,0,0
360272,3,1,1994,0,0,0,0,0,0,0,0,0,0
360273,0,1,1994,8,8,8,8,8,8,8,8,8,8
360273,1,1,1994,0,0,4,0,0,0,0,0,0,0
360274,1,1,1994,0,0,0,0,0,0,0,0,0,0
360274,2,1,1994,0,0,0,0,0,0,0,4,0,0
360275,1,1,1994,20,20,20,20,20,20,20,20,20,20
360275,2,1,1994,0,0,0,0,0,0,0,0,0,0
360276,0,1,1994,23,9,10,35,27,7,32,18,33,28
360276,1,1,1994,0,0,0,17,0,0,0,0,0,0
360277,1,1,1994,0,0,0,0,0,0,0,0,0,0
360277,2,1,1994,0,0,0,0,0,0,0,0,0,0
360278,1,1,1994,0,0,0,0,0,0,0,0,0,0
360279,1,1,1994,0,0,0,0,0,0,0,0,0,0
360279,2,1,1994,0,0,0,0,0,0,0,0,0,0
360279,3,1,1994,0,0,0,0,0,0,0,0,11,0
360280,1,1,1994,2,2,2,2,2,2,2,2,2,2
360280,2,1,1994,0,0,0,0,0,2,0,0,0,0
360281,1,1,1994,37,37,37,37,37,37,37,37,37,37
360282,1,1,1994,0,0,0,0,0,0,0,0,0,0
360282,2,1,1994,0,0,4,0,0,0,0,0,0,0
360283,1,1,1994,0,0,0,0,0,0,0,0,0,0
360283,2,1,1994,0,0,0,0,0,0,0,0,0,0
360284,1,1,1994,15,15,15,15,15,15,15,15,15,15
360285,1,1,1994,0,0,0,0,0,0,0,0,0,0
360285,2,1,1994,0,13,0,0,0,0,0,11,0,0
360286,1,1,1994,18,18,18,18,18,18,18,18,18,18
360287,1,1,1994,0,0,0,0,0,0,0,0,0,0
360287,2,1,1994,0,0,0,0,0,0,0,0,0,0
360288,0,1,1994,0,0,0,0,0,0,0,0,0,0
360288,1,1,1994,15,17,9,19,12,18,13,4,16,13
360289,1,1,1994,0,0,0,0,0,0,0,0,0,0
360290,1,1,1994,22,41,26,14,6,11,24,10,19,15
360290,2,1,1994,10,0,0,0,4,0,0,0,0,0
360291,1,1,1994,0,0,3,0,0,0,0,0,0,9
360292,0,1,1994,0,0,0,0,0,0,0,0,0,0
360292,1,1,1994,23,9,21,25,19,26,0,26,36,0
360293,1,1,1994,0,9,25,9,8,13,12,14,15,10
360293,2,1,1994,0,0,0,0,0,0,0,0,0,0
360294,1,1,1994,0,0,0,0,0,0,0,0,0,0
360294,2,1,1994,0,0,0,0,0,0,0,0,0,0
360295,1,1,1994,1,1,1,1,1,1,1,1,1,1
360295,2,1,1994,0,0,0,0,25,0,10,0,0,0
360295,3,1,1994,0,0,0,0,0,0,0,0,0,0
360296,0,1,1994,2,13,0,11,0,0,32,0,0,0
360296,1,1,1994,0,0,0,0,7,0,0,0,0,0
360297,0,1,1994,0,6,19,0,12,0,0,18,0,19
360297,1,1,1994,0,0,0,0,0,0,0,0,0,0
360297,2,1,1994,0,0,0,0,0,0,0,0,0,0
360298,1,1,1994,0,0,0,0,0,0,0,0,0,0
360298,2,1,1994,0,0,0,0,0,0,0,0,0,0
360299,1,1,1994,0,0,0,0,0,0,0,0,0,0
360299,2,1,1994,0,0,0,0,0,0,0,0,0,0
360300,1,1,1994,26,26,26,26,26,26,26,26,26,26
360300,2,1,1994,0,0,9,0,0,15,0,7,15,0
360301,1,1,1994,16,19,16,0,0,3,20,0,0,6
360302,1,1,1994,0,0,0,0,0,0,0,0,0,0
360303,0,1,1994,0,0,0,0,0,0,0,0,0,0
360303,1,1,1994,0,0,12,20,0,0,17,0,0,0
360304,0,1,1994,22,22,22,22,22,22,22,22,22,22
360304,1,1,1994,0,0,0,0,0,0,0,0,0,0
360305,0,1,1994,9,9,9,9,9,9,9,9,9,9
360305,1,1,1994,0,0,0,0,0,0,3,0,0,0
360306,1,1,1994,0,0,0,0,0,0,0,0,0,0
360306,2,1,1994,0,0,0,0,0,0,0,0,0,0
360307,1,1,1994,1,14,0,0,0,0,5,0,0,0
360307,2,1,1994,0,0,0,0,0,0,0,0,0,0
360308,1,1,1994,14,14,14,14,14,14,14,14,14,14
360309,1,1,1994,0,0,0,0,0,11,0,0,0,0
360309,2,1,1994,0,0,0,11,0,0,0,0,0,0
360310,1,1,1994,0,18,0,0,0,0,20,6,0,0
360310,2,1,1994,0,0,0,0,0,0,0,0,0,0
360311,0,1,1994,0,0,0,0,0,0,0,0,0,0
360311,1,1,1994,0,0,0,0,0,0,0,0,0,0
360313,1,1,1994,12,12,12,12,12,12,12,12,12,12
360314,1,1,1994,18,0,0,0,0,11,14,0,0,14
360315,1,1,1994,0,0,0,0,0,0,15,0,0,0
360315,2,1,1994,0,0,0,0,0,0,0,0,0,0
360316,1,1,1994,1,1,1,1,1,1,1,1,1,1
360317,0,1,1994,0,13,18,0,0,0,0,18,0,18
360317,1,1,1994,0,9,0,0,0,0,0,0,0,0
360318,1,1,1994,0,0,0,0,0,0,0,0,0,0
360318,2,1,1994,0,0,0,0,0,0,0,0,0,0
360319,1,1,1994,0,0,0,0,0,0,0,0,0,0
360319,2,1,1994,0,0,0,0,0,0,0,0,0,0
360320,0,1,1994,0,0,23,0,21,14,24,0,0,13
360320,1,1,1994,0,0,0,27,0,15,18,0,0,0
360321,0,1,1994,0,0,0,0,0,0,0,0,0,0
360321,1,1,1994,0,0,0,0,0,0,0,0,5,0
360322,0,1,1994,0,0,0,0,0,0,0,0,0,0
360322,1,1,1994,0,0,0,0,0,0,0,0,0,0
360323,1,1,1994,0,0,0,0,0,13,22,0,0,0
360324,1,1,1994,38,38,38,38,38,38,38,38,38,38
360325,1,1,1994,6,10,0,2,0,17,11,17,0,0
360325,2,1,1994,0,0,0,0,0,0,0,0,0,0
360326,1,1,1994,0,0,0,0,0,0,0,0,0,9
360327,0,1,1994,0,0,0,0,0,0,0,0,0,0
360327,1,1,1994,0,0,0,16,0,0,0,0,0,0
360328,0,1,1994,0,0,0,0,0,0,0,0,0,0
360328,1,1,1994,0,0,0,0,0,0,0,0,0,0
360329,1,1,1994,0,0,0,0,0,0,0,0,0,0
360329,2,1,1994,0,0,0,0,0,0,0,0,0,0
360330,1,1,1994,0,0,0,0,0,0,0,0,0,0
360331,0,1,1994,26,26,26,26,26,26,26,26,26,26
360331,1,1,1994,26,6,13,20,22,39,10,9,24,14
360332,0,1,1994,9,9,9,9,9,9,9,9,9,9
360332,1,1,1994,0,0,0,0,0,0,20,0,0,0
360333,1,1,1994,0,12,0,0,11,0,0,0,0,17
360333,2,1,1994,0,0,0,0,0,0,36,0,0,0
360334,0,1,1994,18,18,18,18,18,18,18,18,18,18
360334,1,1,1994,0,0,0,0,0,0,0,0,0,0
360335,1,1,1994,0,0,10,0,4,0,0,0,0,0
360335,2,1,1994,0,0,0,0,0,0,0,0,0,0
360336,1,1,1994,20,20,20,20,20,20,20,20,20,20
360337,1,1,1994,8,8,8,8,8,8,8,8,8,8
360337,2,1,1994,0,0,0,0,0,0,0,0,0,0
360338,1,1,1994,6,6,6,6,6,6,6,6,6,6
360338,2,1,1994,0,0,0,0,0,0,0,0,0,0
360339,1,1,1994,14,14,14,14,14,14,14,14,14,14
360340,1,1,1994,19,30,11,14,23,23,16,11,35,26
360341,0,1,1994,0,0,0,0,0,0,0,0,0,0
360341,1,1,1994,0,0,0,0,0,0,17,0,0,0
360342,0,1,1994,0,0,0,0,0,0,0,0,0,0
360342,1,1,1994,0,0,0,0,0,0,0,0,0,0
360343,1,1,1994,0,0,0,0,0,0,0,0,16,0
360343,2,1,1994,0,0,0,19,0,0,0,0,0,11
360344,1,1,1994,0,0,0,0,0,0,0,0,0,0
360344,2,1,1994,0,0,3,0,0,0,0,0,0,0
360345,1,1,1994,0,0,0,0,0,0,0,0,0,0
360346,1,1,1994,0,0,0,0,0,0,0,0,0,0
360346,2,1,1994,0,0,0,0,0,0,0,0,0,0
360346,3,1,1994,0,0,0,0,0,0,0,0,0,0
360347,1,1,1994,0,3,0,0,25,0,0,0,0,0
360348,1,1,1994,18,18,18,18,18,18,18,18,18,18
360348,2,1,1994,0,0,0,0,4,0,0,0,0,0
360349,1,1,1994,10,10,10,10,10,10,10,10,10,10
360350,1,1,1994,0,0,0,0,4,0,0,2,0,6
360350,2,1,1994,0,0,0,0,0,0,0,0,0,0
360351,1,1,1994,0,0,0,0,0,0,7,6,0,0
360351,2,1,1994,0,17,0,0,0,0,0,0,0,0
360352,1,1,1994,0,5,0,0,0,0,0,4,0,0
360353,0,1,1994,0,0,0,0,0,0,0,0,0,0
360353,1,1,1994,0,0,0,0,0,0,0,0,0,0
360354,1,1,1994,0,0,0,0,0,0,0,0,0,0
360355,1,1,1994,0,0,0,0,0,0,0,0,0,0
360355,2,1,1994,0,0,0,0,0,0,0,0,0,0
360356,1,1,1994,0,0,20,0,0,0,0,0,0,0
360356,2,1,1994,0,0,0,0,0,8,0,0,9,0
360357,1,1,1994,0,0,0,0,0,0,0,0,0,0
360357,2,1,1994,0,0,0,0,0,0,0,0,0,0
360357,3,1,1994,0,0,0,0,0,0,0,0,0,0
360358,1,1,1994,0,0,0,0,0,0,0,0,0,0
360359,1,1,1994,4,4,4,4,4,4,4,4,4,4
360360,1,1,1994,0,0,0,0,0,0,0,0,0,0