ST_CASE,VEH_NO,PER_NO,YEAR,P1,P2,P3,P4,P5,P6,P7,P8,P9,P10
360620,1,1,1994,0,0,0,0,0,3,0,0,0,0
360620,2,1,1994,0,0,0,0,0,0,0,0,0,0
360621,1,1,1994,13,22,5,0,23,10,23,12,12,37
360621,2,1,1994,0,0,0,0,0,0,0,0,0,0
360622,1,1,1994,0,0,0,0,0,0,0,0,0,0
360623,1,1,1994,0,0,0,0,0,0,0,0,0,0
360623,2,1,1994,9,11,16,5,11,12,13,0,12,12
360623,3,1,1994,0,0,0,0,0,0,0,0,0,0
360624,1,1,1994,26,26,26,26,26,26,26,26,26,26
360625,0,1,1994,0,0,0,0,0,0,0,0,0,0
360625,1,1,1994,0,0,0,0,0,0,0,0,0,0
360626,1,1,1994,0,0,0,0,0,0,0,0,0,0
360626,2,1,1994,0,0,0,0,0,0,0,0,0,0
360627,0,1,1994,0,0,0,0,0,0,0,0,0,0
360627,1,1,1994,6,0,0,0,0,0,0,0,0,0
360628,1,1,1994,0,0,0,0,0,0,0,0,0,0
360629,0,1,1994,0,0,0,0,0,0,0,0,0,0
360629,1,1,1994,0,6,0,20,0,0,0,0,0,0
360630,0,1,1994,0,0,0,7,0,0,0,0,0,0
360630,1,1,1994,0,0,0,0,0,0,15,0,0,0
360631,1,1,1994,23,23,23,23,23,23,23,23,23,23
360632,1,1,1994,0,11,8,0,0,0,0,0,0,0
360632,2,1,1994,0,0,0,0,0,0,5,0,0,5
360633,1,1,1994,6,6,6,6,6,6,6,6,6,6
360634,1,1,1994,0,14,3,25,0,20,13,9,0,0
360635,1,1,1994,0,0,0,0,0,0,0,0,0,0
360635,2,1,1994,0,0,0,0,0,0,0,0,0,0
360635,3,1,1994,0,0,0,0,0,0,0,0,0,0
360636,0,1,1994,0,0,0,0,0,0,0,0,0,0
360636,1,1,1994,0,11,0,0,0,0,0,0,0,0
360637,1,1,1994,0,0,0,0,0,0,0,0,0,0
360638,1,1,1994,0,0,0,0,0,0,17,0,0,0
360639,1,1,1994,14,0,0,0,0,0,0,0,0,0
360639,2,1,1994,0,0,0,0,0,0,0,0,0,0
360639,3,1,1994,0,0,0,0,4,0,0,0,0,0
360640,1,1,1994,0,0,0,0,0,0,0,0,0,0
360640,2,1,1994,0,0,0,0,0,0,0,0,0,0
360641,1,1,1994,0,0,0,0,0,0,0,0,0,0
360641,2,1,1994,0,0,0,0,0,0,0,0,0,0
360641,3,1,1994,0,0,0,0,0,0,0,0,0,0
360642,0,1,1994,0,0,0,0,0,0,0,0,0,0
360642,1,1,1994,0,0,0,0,0,0,0,0,0,0
360643,1,1,1994,27,27,27,27,27,27,27,27,27,27
360644,1,1,1994,0,0,0,0,0,0,0,0,0,0
360644,2,1,1994,0,0,0,0,0,0,0,0,0,0
360645,1,1,1994,0,0,0,0,0,0,0,0,0,0
360645,2,1,1994,0,0,0,0,0,0,0,0,0,0
360646,1,1,1994,0,0,0,0,0,0,0,0,0,0
360646,2,1,1994,0,0,0,0,0,0,0,0,0,0
360647,1,1,1994,22,0,16,10,18,21,22,0,7,27
360648,1,1,1994,0,0,0,0,0,0,0,0,0,0
360648,2,1,1994,0,0,0,0,0,0,0,0,0,0
360649,1,1,1994,0,0,0,0,0,0,0,0,0,0
360649,2,1,1994,0,0,0,0,0,0,0,0,0,0
360650,1,1,1994,0,0,0,0,0,0,0,0,0,0
360651,1,1,1994,13,13,13,13,13,13,13,13,13,13
360651,2,1,1994,0,0,0,0,0,0,0,0,0,0
360652,1,1,1994,1,1,1,1,1,1,1,1,1,1
360652,2,1,1994,0,0,0,0,0,0,0,0,0,12
360653,1,1,1994,0,0,9,0,3,19,0,0,13,0
360653,2,1,1994,0,0,18,0,0,0,0,0,0,0
360654,1,1,1994,19,19,19,19,19,19,19,19,19,19
360655,1,1,1994,0,0,0,0,0,0,0,0,0,0
360655,2,1,1994,0,0,0,0,0,0,0,0,0,0
360656,1,1,1994,0,0,0,0,0,0,0,0,0,0
360657,0,1,1994,0,0,0,0,0,3,0,13,0,0
360657,1,1,1994,14,14,14,14,14,14,14,14,14,14
360658,0,1,1994,8,8,8,8,8,8,8,8,8,8
360658,1,1,1994,0,0,0,8,0,0,18,0,5,0
360659,0,1,1994,11,11,11,11,11,11,11,11,11,11
360659,1,1,1994,0,0,0,0,0,0,11,0,9,0
360660,1,1,1994,0,0,0,0,0,0,0,0,0,0
360660,2,1,1994,0,0,0,0,0,0,0,0,0,0
360660,3,1,1994,0,0,0,0,0,0,0,0,0,0
360661,1,1,1994,0,0,0,0,0,0,0,12,14,5
360662,0,1,1994,0,0,0,0,0,0,0,0,0,0
360662,1,1,1994,0,0,0,0,0,0,0,0,0,9
360663,1,1,1994,0,0,0,0,0,0,0,0,0,0
360664,1,1,1994,10,10,10,10,10,10,10,10,10,10
360665,1,1,1994,0,23,0,24,0,0,0,0,0,23
360666,0,1,1994,0,0,0,0,0,0,0,0,0,0
360666,1,1,1994,0,0,0,0,0,0,0,0,0,0
360667,1,1,1994,0,0,0,0,0,0,0,0,0,0
360667,2,1,1994,20,11,14,13,13,0,19,12,11,12
360668,1,1,1994,0,0,0,0,0,0,0,13,0,0
360668,2,1,1994,0,0,0,0,0,11,0,0,0,0
360669,1,1,1994,0,0,0,0,0,0,0,0,0,0
360669,2,1,1994,0,0,0,0,0,0,0,0,0,0
360670,1,1,1994,39,20,31,13,24,22,29,32,22,28
360671,1,1,1994,0,0,0,0,0,0,0,0,0,0
360672,0,1,1994,0,0,0,17,16,0,14,7,0,0
360672,1,1,1994,0,0,0,20,0,0,0,0,0,5
360673,0,1,1994,28,28,28,28,28,28,28,28,28,28
360673,1,1,1994,0,0,0,0,0,23,0,0,0,0
360674,1,1,1994,0,0,0,0,0,0,0,0,0,0
360675,0,1,1994,0,0,0,0,0,0,0,0,0,0
360675,1,1,1994,0,0,0,0,0,0,0,0,0,0
360676,1,1,1994,0,0,0,0,0,0,0,0,0,0
360677,1,1,1994,0,0,0,11,0,9,16,0,5,0
360678,1,1,1994,0,0,0,0,0,0,0,0,0,0
360678,2,1,1994,0,0,0,0,0,0,0,0,0,0
360679,1,1,1994,19,0,0,0,0,0,0,14,0,0
360679,2,1,1994,0,0,0,15,0,5,15,7,0,46
360680,0,1,1994,0,0,0,0,0,0,0,0,0,0
360680,1,1,1994,0,0,0,0,0,0,0,0,0,0
360681,1,1,1994,0,0,0,0,0,0,0,0,0,0
360681,2,1,1994,0,0,0,0,0,0,0,0,0,0
360681,3,1,1994,0,0,0,0,0,0,0,0,0,0
360682,1,1,1994,13,13,13,13,13,13,13,13,13,13
360683,1,1,1994,0,9,0,0,0,0,0,0,0,0
360683,2,1,1994,0,0,0,0,0,0,0,0,0,0
360684,1,1,1994,0,0,0,0,0,0,0,0,0,0
360685,1,1,1994,0,0,0,0,0,0,0,0,0,0
360686,1,1,1994,13,17,25,30,29,18,20,11,17,14
360687,1,1,1994,0,0,0,0,0,3,0,0,0,0
360687,2,1,1994,0,0,0,0,0,0,0,0,0,0
360688,0,1,1994,0,0,0,0,0,0,0,0,0,0
360688,1,1,1994,0,0,0,0,0,0,0,0,0,0
360689,1,1,1994,0,0,0,0,0,0,0,0,0,5
360690,1,1,1994,0,0,0,0,0,0,0,0,0,0
360691,1,1,1994,13,8,9,8,16,29,8,17,15,9
360692,0,1,1994,9,9,9,9,9,9,9,9,9,9
360692,1,1,1994,9,0,24,0,0,0,0,22,0,0
360693,1,1,1994,14,14,14,14,14,14,14,14,14,14
360694,1,1,1994,25,25,25,25,25,25,25,25,25,25
360695,0,1,1994,0,0,0,0,0,0,0,0,0,0
360695,1,1,1994,0,0,0,0,0,0,0,0,0,0
360696,0,1,1994,1,1,1,1,1,1,1,1,1,1
360696,0,2,1994,0,0,0,0,0,0,0,0,0,0
360696,0,3,1994,0,0,14,8,23,0,0,0,8,0
360696,1,1,1994,0,29,22,0,0,18,7,9,26,24
360697,1,1,1994,0,0,0,13,0,0,0,0,0,0
360697,2,1,1994,0,0,0,0,0,0,0,0,0,0
360698,0,1,1994,28,28,28,28,28,28,28,28,28,28
360698,1,1,1994,0,0,0,0,0,0,0,0,36,9
360699,1,1,1994,0,0,0,0,0,0,0,0,0,0
360700,1,1,1994,6,20,12,5,7,20,24,22,0,18
360701,0,1,1994,0,0,0,0,0,0,0,0,0,0
360701,1,1,1994,0,0,0,0,0,0,0,0,0,0
360702,1,1,1994,22,0,27,14,14,41,24,16,11,27
360702,2,1,1994,0,0,0,0,22,13,0,0,0,12
360703,1,1,1994,8,17,10,11,0,22,5,10,0,0
360704,1,1,1994,0,0,0,0,0,0,19,0,0,0
360705,0,1,1994,0,0,0,0,0,0,0,0,0,0
360705,1,1,1994,0,0,0,0,0,0,0,0,0,0
360706,1,1,1994,0,0,0,0,0,0,0,0,0,0
360707,1,1,1994,0,0,0,0,0,0,0,0,0,0
360707,2,1,1994,10,10,10,10,10,10,10,10,10,10
360708,1,1,1994,0,0,0,0,0,0,0,0,0,0
360709,1,1,1994,27,10,6,13,18,18,22,6,24,10
360709,2,1,1994,0,0,0,10,0,0,0,0,0,0
360710,1,1,1994,0,0,0,0,0,0,0,0,0,0
360710,2,1,1994,0,0,0,0,0,0,0,0,0,0
360711,1,1,1994,0,0,0,0,0,0,0,0,0,0
360712,1,1,1994,0,0,0,0,0,0,0,0,0,0
360713,0,1,1994,11,11,11,11,11,11,11,11,11,11
360713,1,1,1994,0,0,0,19,0,0,0,0,0,10
360714,1,1,1994,6,22,0,0,29,19,15,9,26,26
360715,1,1,1994,20,20,20,20,20,20,20,20,20,20
360716,1,1,1994,11,11,11,11,11,11,11,11,11,11
360716,2,1,1994,7,0,0,0,0,43,0,0,0,0
360717,1,1,1994,0,0,0,0,0,0,0,0,0,0
360717,2,1,1994,0,0,0,0,0,0,0,0,9,0
360718,1,1,1994,0,0,0,13,11,0,0,0,0,0
360718,2,1,1994,10,10,10,10,10,10,10,10,10,10
360719,0,1,1994,0,0,0,0,0,0,0,0,0,0
360719,1,1,1994,18,24,3,10,0,8,20,18,10,13
360720,0,1,1994,21,21,21,21,21,21,21,21,21,21
360720,1,1,1994,0,0,0,0,0,18,0,0,0,0
360721,1,1,1994,30,30,30,30,30,30,30,30,30,30
360722,0,1,1994,0,0,0,0,0,0,0,0,0,0
360722,1,1,1994,0,0,16,0,0,0,0,15,0,0
360723,1,1,1994,0,0,0,0,0,0,0,0,0,0
360723,2,1,1994,0,0,0,0,0,0,0,0,0,0
360724,0,1,1994,16,16,16,16,16,16,16,16,16,16
360724,1,1,1994,0,9,0,0,0,3,0,0,10,0
360725,0,1,1994,29,15,12,0,9,16,0,0,30,5
360725,0,2,1994,25,19,16,0,18,0,11,21,0,0
360725,0,3,1994,31,0,0,0,0,11,0,0,0,0
360725,0,4,1994,25,34,0,0,0,0,0,0,0,0
360725,0,5,1994,12,0,14,0,24,15,15,0,0,16
360725,0,6,1994,0,16,0,0,0,5,14,0,0,0
360725,0,7,1994,0,0,33,0,0,0,0,12,0,0
360725,0,8,1994,0,0,14,0,0,18,0,0,0,0
360725,0,9,1994,11,0,14,2,5,0,0,4,0,0
360725,0,10,1994,17,0,22,0,14,3,19,8,0,0
360725,0,11,1994,0,0,0,0,0,0,0,0,0,15
360725,0,12,1994,25,0,6,0,8,4,20,8,0,0
360725,0,13,1994,0,0,0,0,0,0,0,0,0,0
360725,0,14,1994,0,9,0,0,21,14,8,0,0,21
360725,0,15,1994,0,0,0,0,12,6,0,0,0,0
360725,0,16,1994,0,0,0,0,0,0,0,0,0,0
360725,0,17,1994,0,0,2,0,0,0,0,0,8,6
360725,0,18,1994,0,0,0,0,22,0,0,17,0,0
360725,0,19,1994,0,0,0,0,0,0,0,0,0,0
360725,1,1,1994,0,0,0,0,0,0,0,0,0,0
360726,1,1,1994,0,0,0,0,0,0,0,0,0,0
360727,1,1,1994,0,0,0,0,0,0,0,15,0,0
360727,2,1,1994,0,0,0,0,0,0,0,0,0,0
360728,1,1,1994,0,0,0,7,0,0,0,0,0,0
360728,2,1,1994,0,0,0,0,0,0,0,0,0,0
360729,0,1,1994,3,3,3,3,3,3,3,3,3,3
360729,1,1,1994,0,22,0,0,0,0,0,0,0,11
360730,0,1,1994,0,0,0,0,0,0,0,0,0,0
360730,1,1,1994,0,11,0,0,14,4,10,0,18,0
360731,1,1,1994,0,0,0,0,0,0,0,0,0,0
360732,1,1,1994,0,0,0,0,0,0,0,0,0,0
360732,2,1,1994,0,0,0,0,0,0,0,0,0,0
360733,1,1,1994,3,3,3,3,3,3,3,3,3,3
360734,1,1,1994,20,20,20,20,20,20,20,20,20,20
360735,1,1,1994,0,0,0,0,0,0,0,0,0,0
360735,2,1,1994,0,0,0,0,0,0,0,0,0,0
360736,1,1,1994,0,7,0,0,0,0,0,0,0,0
360736,2,1,1994,0,0,0,0,0,0,0,0,0,0
360737,1,1,1994,0,0,0,0,0,0,0,0,0,0
360737,2,1,1994,0,0,0,0,0,0,0,0,0,0
360738,0,1,1994,0,0,0,0,0,0,0,0,0,0
360738,0,2,1994,0,25,0,0,6,0,0,0,3,0
360738,1,1,1994,0,9,9,9,0,0,0,6,13,11
360739,0,1,1994,0,0,0,0,0,0,0,0,0,0
360739,1,1,1994,0,0,0,0,0,12,0,0,0,6
360740,1,1,1994,0,0,0,0,0,0,0,0,0,0
360740,2,1,1994,0,0,0,0,0,0,0,0,0,0
360741,1,1,1994,0,0,0,0,0,0,0,0,0,0
360741,2,1,1994,0,0,0,0,0,0,0,0,0,0
360742,0,1,1994,0,0,0,0,0,0,0,0,0,0
360742,1,1,1994,0,0,0,2,0,0,0,0,0,0
360743,1,1,1994,0,0,0,0,0,0,0,0,0,0
360744,1,1,1994,0,0,0,0,0,0,0,0,0,0
360745,1,1,1994,0,0,0,0,0,0,0,0,0,0
360745,2,1,1994,0,0,34,14,0,0,18,0,11,0
360746,1,1,1994,0,0,0,0,0,0,0,0,0,0
360747,1,1,1994,13,13,13,13,13,13,13,13,13,13
360747,2,1,1994,0,11,0,0,11,0,0,0,0,0
360748,1,1,1994,0,0,0,0,17,0,0,0,0,0
360748,2,1,1994,13,0,14,0,11,4,0,22,17,29
360749,0,1,1994,0,0,0,0,0,0,0,0,0,0
360749,0,2,1994,0,0,0,0,0,0,0,0,0,0
360749,1,1,1994,0,0,0,0,0,0,0,0,0,0
360750,0,1,1994,0,0,0,0,0,0,0,0,0,0
360750,1,1,1994,0,0,0,0,0,0,0,0,0,0
360751,0,1,1994,41,0,0,0,0,0,0,0,0,0
360751,1,1,1994,0,0,13,21,0,0,0,0,0,0
360752,1,1,1994,0,0,0,0,7,0,0,0,0,16
360752,2,1,1994,0,0,0,0,0,0,0,0,0,0
360753,1,1,1994,0,0,0,0,0,0,0,0,12,0
360753,2,1,1994,0,0,0,0,0,0,0,0,0,19
360754,1,1,1994,20,11,16,0,6,14,8,20,22,6
360755,0,1,1994,0,0,0,0,0,0,0,0,0,0
360755,1,1,1994,0,0,0,0,0,0,0,0,0,0
360756,0,1,1994,0,0,0,0,0,0,15,0,0,0
360756,1,1,1994,0,0,0,0,0,0,0,0,0,0
360757,1,1,1994,7,21,32,28,20,11,0,9,14,14
360758,1,1,1994,0,0,0,0,0,0,0,0,0,0
360758,2,1,1994,0,0,0,0,0,0,0,0,0,0
360759,0,1,1994,20,20,20,20,20,20,20,20,20,20
360759,1,1,1994,0,0,0,14,0,9,0,0,0,0
360760,1,1,1994,0,0,2,0,0,0,0,0,0,0
360760,2,1,1994,0,0,0,0,0,0,0,0,0,0
360761,1,1,1994,0,0,0,0,0,0,0,0,0,0
360761,2,1,1994,16,0,0,0,0,0,14,8,0,0
360762,1,1,1994,0,0,0,0,0,0,0,0,0,0
360762,2,1,1994,0,0,0,0,0,0,0,0,0,0
360762,3,1,1994,0,0,0,0,0,0,0,0,0,0
360763,0,1,1994,0,0,0,0,0,0,0,0,0,0
360763,1,1,1994,0,0,0,0,19,14,9,0,0,0
360764,1,1,1994,10,0,24,0,12,16,17,33,18,21
360764,2,1,1994,0,0,0,0,0,0,0,0,0,0
360765,1,1,1994,0,0,0,22,16,37,0,0,0,0
360766,1,1,1994,0,0,0,0,0,0,0,0,0,0
360767,1,1,1994,0,0,0,0,13,0,0,0,0,0
360767,2,1,1994,0,0,0,0,0,0,0,0,0,0
360768,1,1,1994,20,20,20,20,20,20,20,20,20,20
360769,0,1,1994,28,0,0,25,0,0,0,0,0,0
360769,1,1,1994,0,0,0,0,0,0,0,0,0,0
360770,0,1,1994,0,0,0,0,0,0,0,0,0,0
360770,1,1,1994,0,0,0,0,0,0,0,0,0,0
360771,1,1,1994,0,0,5,0,0,0,0,0,0,3
360772,1,1,1994,0,0,0,0,0,0,0,0,0,0
360772,2,1,1994,0,0,0,0,0,0,0,0,0,0
360773,0,1,1994,0,0,0,0,0,0,0,0,0,0
360773,1,1,1994,0,0,0,0,0,0,0,0,0,0
360774,1,1,1994,18,18,18,18,18,18,18,18,18,18
360775,0,1,1994,24,24,24,24,24,24,24,24,24,24
360775,1,1,1994,0,0,0,0,0,0,0,0,0,0
360775,2,1,1994,0,0,0,0,0,0,0,0,0,0
360776,1,1,1994,0,0,0,0,0,0,0,0,0,0
360776,2,1,1994,0,0,0,0,0,0,0,0,0,0
360777,0,1,1994,0,0,0,0,0,0,0,0,0,0
360777,1,1,1994,0,0,7,0,0,0,0,0,0,0
360778,1,1,1994,0,26,30,19,27,15,11,15,28,10
360779,1,1,1994,0,0,0,0,0,0,0,0,0,0
360780,1,1,1994,0,0,0,0,0,20,0,0,0,0
360780,2,1,1994,0,0,16,0,0,0,0,0,0,12
360781,1,1,1994,20,0,0,27,0,0,0,5,12,0
360782,1,1,1994,0,0,0,0,0,0,0,0,0,0
360782,2,1,1994,0,0,0,0,0,0,0,0,0,0
360783,0,1,1994,0,0,0,0,0,0,0,0,0,0
360783,1,1,1994,0,0,0,0,0,0,0,0,0,0
360784,0,1,1994,0,0,0,0,0,0,0,0,0,0
360784,1,1,1994,0,0,0,0,0,0,0,0,0,0
360785,0,1,1994,0,0,0,0,0,0,0,0,0,0
360785,1,1,1994,0,25,0,0,0,0,0,26,0,7
360786,0,1,1994,0,0,0,0,0,0,0,0,0,0
360786,1,1,1994,0,0,12,0,0,0,0,0,0,0
360787,0,1,1994,0,0,0,0,0,0,0,0,0,0
360787,1,1,1994,10,0,0,0,0,0,0,0,0,0
360788,1,1,1994,25,28,19,0,0,0,0,0,0,0
360789,1,1,1994,0,0,0,0,0,0,0,0,0,0
360789,2,1,1994,0,0,0,0,0,0,0,0,0,0
360790,1,1,1994,0,0,0,0,0,0,0,0,0,0
360791,0,1,1994,0,0,0,0,0,0,0,0,0,0
360791,1,1,1994,0,12,15,0,0,6,0,0,0,0
360792,1,1,1994,24,24,24,24,24,24,24,24,24,24
360793,1,1,1994,0,0,0,0,0,0,0,0,0,0
360794,1,1,1994,0,0,0,0,0,0,0,0,0,0
360794,2,1,1994,0,0,0,0,0,0,0,0,0,0
360795,0,1,1994,0,0,0,0,0,0,0,0,0,0
360795,1,1,1994,0,0,0,0,0,0,0,0,0,0
360796,1,1,1994,21,21,21,21,21,21,21,21,21,21
360796,2,1,1994,0,0,0,0,0,0,0,0,0,0
360797,1,1,1994,0,0,0,0,0,0,0,0,4,0
360798,0,1,1994,7,0,4,47,21,26,0,0,9,6
360798,0,2,1994,0,0,0,0,0,0,0,0,0,0
360798,1,1,1994,5,29,32,13,22,0,12,12,7,0
360799,1,1,1994,0,3,0,0,0,0,0,12,0,0
360800,1,1,1994,0,0,0,0,0,0,0,0,0,0
360800,2,1,1994,1,1,1,1,1,1,1,1,1,1
360801,1,1,1994,17,17,17,17,17,17,17,17,17,17
360802,1,1,1994,0,0,0,0,0,0,0,0,0,0
360802,2,1,1994,0,0,0,0,0,17,0,31,0,0
360803,1,1,1994,19,2,10,21,34,20,13,16,25,38
360803,2,1,1994,0,0,0,0,0,0,0,0,0,0
360804,1,1,1994,0,0,0,0,0,0,5,0,0,0
360805,0,1,1994,0,0,0,0,0,0,0,0,0,0
360805,2,1,1994,0,0,0,0,0,0,0,0,0,0
360806,1,1,1994,8,8,8,8,8,8,8,8,8,8
360807,0,1,1994,0,0,0,0,0,0,0,0,0,0
360807,1,1,1994,0,0,0,0,0,0,0,0,0,0
360808,1,1,1994,0,0,0,0,4,0,0,0,0,0
360808,2,1,1994,0,0,0,0,0,0,0,0,0,0
360809,1,1,1994,0,0,0,0,0,0,0,0,0,0
360809,2,1,1994,0,0,0,0,0,0,0,0,0,0
360810,1,1,1994,6,6,6,6,6,6,6,6,6,6
360811,1,1,1994,19,19,19,19,19,19,19,19,19,19
360812,1,1,1994,0,0,0,0,0,0,0,0,0,0
360812,2,1,1994,0,0,0,0,0,0,0,0,0,0
360813,1,1,1994,0,0,0,0,0,0,0,0,0,0
360814,1,1,1994,0,0,0,0,0,0,0,0,0,0
360814,2,1,1994,0,0,0,0,0,0,0,0,0,0
360815,1,1,1994,27,27,27,27,27,27,27,27,27,27
360816,1,1,1994,21,21,21,21,21,21,21,21,21,21
360817,1,1,1994,0,0,0,0,0,0,0,0,0,0
360817,2,1,1994,0,0,0,0,0,0,0,0,0,0
360817,3,1,1994,0,0,4,0,0,0,0,0,0,0
360817,4,1,1994,0,0,0,0,0,0,0,0,0,0
360818,0,1,1994,0,0,0,0,0,0,0,0,0,0
360818,1,1,1994,0,0,0,0,0,0,0,0,0,0
360819,1,1,1994,0,0,0,0,0,0,0,0,0,0
360820,0,1,1994,1,1,1,1,1,1,1,1,1,1
360820,1,1,1994,33,16,15,30,20,10,27,11,24,44
360821,1,1,1994,0,0,0,0,0,0,0,0,0,0
360821,2,1,1994,0,0,0,0,0,0,0,0,0,0
360822,0,1,1994,17,17,17,17,17,17,17,17,17,17
360822,1,1,1994,0,0,0,0,0,0,0,0,0,0
360823,1,1,1994,0,0,0,0,0,0,0,0,0,0
360823,2,1,1994,0,0,0,0,0,0,0,0,0,0
360823,3,1,1994,0,0,0,0,0,0,0,0,0,0
360824,1,1,1994,0,0,0,0,0,0,0,0,18,0
360825,1,1,1994,0,0,0,0,0,0,4,0,0,0
360826,1,1,1994,0,0,0,0,15,0,8,0,9,0
360826,2,1,1994,0,0,0,0,0,0,0,0,0,0
360827,1,1,1994,0,0,0,0,0,0,0,0,0,0
360827,2,1,1994,0,0,0,0,0,0,0,0,0,0
360828,1,1,1994,0,0,0,0,0,0,0,0,0,0
360828,2,1,1994,0,0,0,0,0,0,0,0,0,0
360828,3,1,1994,0,0,0,0,0,0,0,0,0,0
360829,1,1,1994,20,19,6,30,7,20,12,24,25,22
360830,1,1,1994,0,0,0,0,0,0,0,0,0,0
360830,2,1,1994,0,0,0,0,0,0,0,0,0,0
360831,1,1,1994,0,0,0,30,0,0,0,0,0,0
360832,1,1,1994,0,0,0,0,0,0,0,0,0,0
360833,1,1,1994,9,9,9,9,9,9,9,9,9,9
360834,1,1,1994,0,0,0,0,0,0,0,0,0,0
360834,2,1,1994,0,0,0,0,0,0,0,0,0,0
360835,0,1,1994,0,0,0,0,0,0,0,0,0,13
360836,0,1,1994,0,0,0,0,0,0,0,0,0,0
360836,1,1,1994,0,0,0,0,0,0,0,0,0,8
360837,1,1,1994,22,33,14,12,32,9,19,13,14,15
360838,0,1,1994,23,23,23,23,23,23,23,23,23,23
360838,1,1,1994,0,0,0,0,0,0,0,0,0,0
360839,1,1,1994,8,0,0,0,0,0,0,0,0,0
360839,2,1,1994,0,0,0,0,0,0,0,0,0,0
360840,1,1,1994,0,0,0,0,0,0,0,0,0,0
360840,2,1,1994,0,0,0,0,0,0,0,0,0,0
360841,1,1,1994,0,0,0,0,0,0,0,0,0,0
360842,1,1,1994,24,20,6,14,14,7,8,40,14,6
360843,1,1,1994,0,0,0,0,0,0,0,0,0,0
360843,2,1,1994,0,0,0,0,0,0,0,7,0,0
360843,3,1,1994,0,0,0,0,0,0,0,0,0,0
360844,1,1,1994,0,0,0,0,0,0,3,0,0,0
360844,2,1,1994,0,0,0,0,0,0,0,0,0,0
360845,1,1,1994,0,0,0,0,0,0,0,0,0,0
360845,2,1,1994,0,0,0,0,0,0,0,0,0,0
360845,3,1,1994,0,0,0,0,0,0,0,0,0,0
360846,0,1,1994,0,0,0,0,0,0,0,0,16,0
360846,1,1,1994,0,0,0,0,0,0,0,0,0,0
360847,0,1,1994,9,18,24,11,0,0,0,0,17,29
360847,1,1,1994,25,3,22,5,26,29,20,33,10,35
360848,1,1,1994,0,0,0,0,0,0,0,0,0,0
360849,0,1,1994,0,0,0,0,0,0,0,0,0,0
360849,1,1,1994,0,0,0,0,0,0,0,0,0,0
360851,1,1,1994,25,25,25,25,25,25,25,25,25,25
360851,2,1,1994,0,0,0,0,0,9,8,0,0,17
360852,1,1,1994,0,0,17,13,0,0,0,0,0,0
360852,2,1,1994,0,0,16,0,10,0,0,0,0,0
360853,1,1,1994,19,5,28,13,28,9,6,9,34,11
360854,0,1,1994,0,0,0,0,0,0,21,0,0,0
360854,1,1,1994,0,0,0,0,0,0,0,0,0,5
360855,1,1,1994,0,0,0,0,0,0,0,0,0,0
360856,1,1,1994,0,0,0,0,0,0,0,0,0,0
360856,2,1,1994,0,0,0,0,0,0,0,0,0,0
360857,1,1,1994,15,14,7,25,25,19,11,21,12,16
360858,0,1,1994,0,0,0,0,0,0,0,0,0,0
360858,0,2,1994,0,0,0,0,0,0,0,0,0,0
360858,1,1,1994,0,0,0,0,0,0,0,0,0,0
360859,1,1,1994,0,0,0,0,0,0,0,0,0,0
360859,2,1,1994,0,0,0,0,0,0,0,0,0,0
360860,1,1,1994,11,11,11,11,11,11,11,11,11,11
360861,1,1,1994,18,35,14,18,39,19,32,12,17,24
360862,1,1,1994,10,10,10,10,10,10,10,10,10,10
360863,1,1,1994,0,0,0,0,0,0,0,0,0,0
360863,2,1,1994,0,0,0,0,0,0,0,0,0,9
360864,0,1,1994,10,10,10,10,10,10,10,10,10,10
360864,1,1,1994,0,0,0,0,0,0,0,0,0,0
360865,0,1,1994,0,0,0,0,0,0,0,0,0,0
360865,1,1,1994,20,33,0,0,23,0,0,13,0,23
360866,1,1,1994,0,0,0,0,0,0,0,0,0,0
360866,2,1,1994,0,0,0,0,0,0,0,0,0,0
360867,1,1,1994,0,0,0,0,0,0,0,0,0,0
360867,2,1,1994,0,0,0,0,0,0,0,0,0,0
360868,1,1,1994,0,0,0,0,0,0,0,0,0,0
360868,2,1,1994,0,0,0,0,0,0,0,0,0,0
360869,1,1,1994,0,0,0,0,0,0,0,0,0,0
360870,1,1,1994,5,5,5,5,5,5,5,5,5,5
360871,1,1,1994,0,0,0,0,0,0,0,0,0,0
360871,2,1,1994,0,0,0,0,0,0,0,0,0,0
360872,0,1,1994,0,0,0,0,0,0,0,0,0,0
360872,1,1,1994,0,0,0,0,0,0,0,0,0,0
360873,1,1,1994,18,18,18,18,18,18,18,18,18,18
360874,1,1,1994,0,0,0,0,0,0,0,0,0,0
360874,2,1,1994,0,0,0,0,0,0,0,0,0,0
360875,1,1,1994,13,13,13,13,13,13,13,13,13,13
360876,1,1,1994,0,0,0,0,17,0,0,0,31,0
360877,0,1,1994,0,0,0,0,0,0,0,0,0,0
360877,1,1,1994,0,0,0,0,0,0,0,0,0,0
360878,0,1,1994,0,0,0,0,0,0,0,0,0,0
360878,1,1,1994,37,32,23,12,24,7,0,26,10,10
360879,1,1,1994,0,0,0,0,0,0,0,0,0,0
360880,1,1,1994,0,0,0,0,0,0,0,0,0,0
360880,2,1,1994,0,0,0,0,0,0,0,0,0,0
360881,1,1,1994,0,0,0,0,0,0,0,0,0,0
360881,2,1,1994,0,0,0,0,0,0,0,0,0,0
360881,3,1,1994,0,0,0,0,0,0,0,0,0,0