ST_CASE,VEH_NO,PER_NO,YEAR,P1,P2,P3,P4,P5,P6,P7,P8,P9,P10
360882,1,1,1994,0,0,0,0,0,0,0,0,0,0
360882,2,1,1994,0,0,0,0,0,0,0,0,0,0
360883,1,1,1994,0,0,0,0,0,0,0,0,0,0
360883,2,1,1994,0,0,0,0,0,0,0,0,0,0
360884,1,1,1994,0,0,0,0,0,0,0,0,0,0
360884,2,1,1994,0,0,0,0,0,0,0,0,0,0
360885,1,1,1994,0,0,0,0,0,0,0,0,0,0
360885,2,1,1994,0,0,0,0,0,0,0,0,0,0
360886,1,1,1994,0,0,0,0,0,0,0,0,0,0
360886,2,1,1994,0,0,0,0,0,0,0,0,0,0
360887,1,1,1994,23,23,23,23,23,23,23,23,23,23
360888,1,1,1994,0,0,0,0,0,0,0,0,0,0
360888,2,1,1994,0,0,0,0,0,0,0,0,0,0
360889,0,1,1994,0,0,0,0,0,0,0,0,0,0
360889,1,1,1994,0,0,0,0,0,0,0,0,0,0
360889,2,1,1994,0,0,0,0,6,0,0,0,0,0
360890,1,1,1994,0,0,0,0,0,0,0,0,0,0
360890,2,1,1994,0,0,0,0,0,0,0,0,0,0
360891,1,1,1994,29,19,16,27,21,14,18,26,9,10
360892,1,1,1994,0,0,0,14,11,0,0,0,0,0
360892,2,1,1994,22,0,0,0,0,0,0,0,0,0
360893,1,1,1994,19,13,16,14,10,6,10,6,21,17
360894,0,1,1994,0,24,14,0,0,0,0,0,43,0
360894,1,1,1994,0,0,0,0,0,0,0,0,0,0
360895,1,1,1994,0,0,0,0,0,0,0,0,0,0
360896,1,1,1994,0,0,0,0,0,0,0,0,0,0
360896,2,1,1994,0,0,0,0,0,0,0,0,0,0
360897,1,1,1994,15,15,15,15,15,15,15,15,15,15
360897,2,1,1994,0,0,0,0,0,0,0,0,0,0
360898,1,1,1994,15,15,15,15,15,15,15,15,15,15
360899,1,1,1994,0,0,0,0,0,0,0,0,0,0
360900,1,1,1994,0,0,0,0,0,0,0,0,0,0
360900,2,1,1994,0,0,0,0,0,0,0,0,0,0
360901,1,1,1994,8,8,8,8,8,8,8,8,8,8
360901,2,1,1994,0,0,0,0,0,0,0,0,0,0
360902,1,1,1994,31,31,31,31,31,31,31,31,31,31
360903,1,1,1994,0,0,0,0,0,0,0,0,0,0
360904,1,1,1994,19,19,19,19,19,19,19,19,19,19
360905,1,1,1994,0,0,0,0,0,0,0,0,0,0
360906,0,1,1994,0,0,0,0,0,0,0,0,0,0
360906,1,1,1994,0,0,0,0,0,0,0,0,0,0
360907,1,1,1994,3,3,3,3,3,3,3,3,3,3
360908,1,1,1994,0,0,0,0,0,0,0,0,0,13
360908,2,1,1994,0,0,0,0,0,0,0,0,0,0
360908,3,1,1994,0,0,0,0,0,0,0,0,0,0
360909,1,1,1994,0,0,0,0,0,0,0,0,0,0
360909,2,1,1994,0,0,0,0,0,0,0,0,0,0
360910,0,1,1994,0,0,0,0,0,0,0,0,0,0
360910,1,1,1994,0,0,0,0,0,0,0,0,0,0
360911,1,1,1994,19,19,19,19,19,19,19,19,19,19
360912,1,1,1994,0,0,0,0,0,0,0,0,0,0
360912,2,1,1994,0,4,0,0,0,0,0,0,0,0
360913,1,1,1994,0,0,0,0,0,0,0,0,0,0
360913,2,1,1994,0,0,0,0,0,0,0,0,0,0
360914,1,1,1994,0,0,0,0,0,0,0,0,0,0
360914,2,1,1994,0,0,0,0,17,0,0,0,0,0
360914,3,1,1994,0,0,0,0,0,0,0,0,0,0
360915,1,1,1994,0,0,0,0,0,0,0,0,0,0
360915,2,1,1994,0,0,0,0,0,0,0,0,0,0
360916,1,1,1994,0,0,0,0,0,0,6,17,16,20
360917,0,1,1994,0,0,0,0,0,0,0,0,0,0
360917,1,1,1994,0,0,0,0,0,0,0,0,0,0
360918,1,1,1994,0,0,0,0,0,0,0,0,0,0
360919,1,1,1994,0,0,0,0,0,0,0,0,0,0
360919,2,1,1994,0,0,0,0,0,0,0,0,0,0
360920,1,1,1994,0,0,0,0,0,0,0,0,0,0
360920,2,1,1994,0,0,0,0,0,0,0,0,0,0
360921,1,1,1994,0,0,0,0,0,0,0,0,0,0
360922,0,1,1994,0,0,0,0,0,0,0,0,0,0
360922,1,1,1994,0,0,0,0,0,0,0,0,0,0
360923,0,1,1994,21,21,21,21,21,21,21,21,21,21
360923,1,1,1994,32,0,0,0,0,4,0,0,0,0
360923,2,1,1994,10,9,20,24,0,16,0,12,0,8
360924,1,1,1994,0,0,0,7,0,0,0,0,0,0
360924,2,1,1994,0,0,0,0,0,0,0,0,0,0
360925,0,1,1994,0,19,18,0,12,8,29,28,0,0
360925,1,1,1994,0,0,0,0,0,0,0,0,0,0
360926,1,1,1994,0,0,0,0,0,0,0,0,0,0
360927,1,1,1994,14,15,13,21,14,14,22,14,13,27
360928,1,1,1994,13,13,13,13,13,13,13,13,13,13
360928,2,1,1994,0,0,12,0,0,0,0,0,0,0
360929,1,1,1994,0,0,0,0,0,19,0,0,0,7
360930,1,1,1994,12,9,0,14,0,0,0,0,7,0
360931,1,1,1994,18,0,0,0,0,0,0,0,0,0
360931,2,1,1994,26,0,0,0,0,0,0,0,0,0
360932,1,1,1994,0,0,0,0,0,0,0,19,0,2
360932,2,1,1994,0,0,4,0,0,0,0,0,0,0
360933,1,1,1994,29,29,29,29,29,29,29,29,29,29
360933,2,1,1994,0,0,0,0,0,0,0,0,0,0
360934,1,1,1994,15,15,15,15,15,15,15,15,15,15
360935,1,1,1994,0,0,0,0,0,0,0,0,0,0
360935,2,1,1994,0,0,0,0,0,0,0,0,0,0
360936,1,1,1994,0,0,0,0,0,0,0,0,0,0
360936,2,1,1994,0,0,0,0,0,0,0,0,0,0
360937,1,1,1994,12,12,12,12,12,12,12,12,12,12
360937,2,1,1994,0,0,0,0,0,0,0,0,0,0
360937,3,1,1994,0,0,0,0,0,0,0,0,0,0
360938,1,1,1994,18,18,18,18,18,18,18,18,18,18
360939,0,1,1994,0,0,0,0,0,0,0,0,0,0
360939,1,1,1994,0,0,0,23,0,0,18,0,0,14
360939,2,1,1994,0,0,0,0,0,0,0,0,0,0
360940,1,1,1994,0,0,0,0,0,0,0,0,0,0
360940,2,1,1994,0,0,0,0,0,0,0,0,0,0
360941,1,1,1994,0,0,0,0,0,0,0,0,0,0
360941,2,1,1994,0,0,0,0,0,0,0,0,0,0
360941,3,1,1994,0,0,0,0,0,0,0,0,0,0
360942,0,1,1994,0,0,0,0,0,0,0,0,0,0
360942,1,1,1994,0,0,0,8,0,0,0,0,0,0
360943,1,1,1994,6,0,0,0,0,0,0,0,0,0
360943,2,1,1994,0,0,0,0,0,0,0,0,0,0
360943,3,1,1994,0,0,0,0,0,0,0,0,0,0
360944,1,1,1994,0,0,0,0,0,0,0,0,0,0
360944,2,1,1994,0,0,0,0,0,0,0,0,0,0
360944,3,1,1994,0,0,0,0,0,0,0,0,0,0
360944,4,1,1994,0,0,0,0,0,0,0,0,0,9
360945,1,1,1994,0,0,0,0,0,0,0,0,0,0
360945,2,1,1994,0,0,0,0,0,0,0,0,0,0
360945,3,1,1994,0,0,0,0,0,0,0,0,0,0
360945,4,1,1994,0,0,0,0,0,0,0,0,0,0
360945,5,1,1994,0,0,0,0,0,0,0,0,0,0
360946,1,1,1994,0,0,0,0,0,0,0,0,0,0
360946,2,1,1994,0,0,0,0,0,0,0,0,0,0
360947,1,1,1994,0,0,0,0,0,0,0,0,0,0
360948,1,1,1994,0,0,0,0,0,0,0,0,0,0
360948,2,1,1994,0,0,0,0,0,0,0,0,0,0
360949,0,1,1994,21,20,26,0,0,22,17,0,0,34
360949,1,1,1994,0,0,0,13,0,0,0,0,0,0
360950,1,1,1994,0,0,0,0,0,0,0,14,0,0
360951,0,1,1994,0,0,0,0,0,0,0,0,0,0
360951,1,1,1994,0,0,0,0,15,0,0,0,0,0
360952,1,1,1994,0,0,0,0,0,0,0,0,0,0
360953,0,1,1994,0,0,12,0,0,0,0,0,0,18
360953,1,1,1994,28,8,18,20,25,10,26,11,26,25
360954,1,1,1994,0,8,0,0,0,0,0,0,0,0
360954,2,1,1994,9,0,0,0,0,8,0,9,20,0
360954,3,1,1994,0,0,0,0,0,0,0,0,0,0
360955,1,1,1994,10,22,21,0,0,0,19,11,7,19
360956,1,1,1994,0,0,0,0,0,0,0,0,0,0
360956,2,1,1994,0,0,0,0,0,0,0,0,0,0
360957,1,1,1994,0,0,0,0,0,0,0,0,0,0
360957,2,1,1994,0,0,27,0,0,0,0,0,0,0
360958,0,1,1994,0,0,0,0,0,0,0,0,0,0
360958,1,1,1994,0,0,0,0,0,0,0,0,0,0
360959,1,1,1994,0,6,7,12,0,29,17,8,0,0
360960,1,1,1994,7,7,7,7,7,7,7,7,7,7
360960,2,1,1994,0,0,0,0,0,7,0,2,0,0
360961,0,1,1994,15,44,13,16,24,5,15,30,26,25
360961,1,1,1994,0,0,16,0,0,0,0,14,0,0
360962,1,1,1994,0,0,0,0,0,0,0,0,0,0
360962,2,1,1994,0,0,0,0,0,0,0,0,0,0
360962,3,1,1994,0,0,0,0,0,0,0,0,0,0
360963,1,1,1994,14,14,14,14,14,14,14,14,14,14
360963,2,1,1994,0,0,0,0,0,0,0,0,0,0
360964,1,1,1994,0,0,6,0,0,0,13,0,6,0
360964,2,1,1994,0,0,0,0,0,18,0,0,0,0
360965,1,1,1994,0,0,0,0,0,0,0,0,0,0
360965,2,1,1994,0,0,0,0,0,0,0,0,0,0
360966,1,1,1994,0,0,0,0,0,0,0,0,0,0
360966,2,1,1994,0,0,0,0,0,0,0,0,0,0
360967,0,1,1994,12,0,0,0,0,3,0,22,35,0
360967,1,1,1994,9,8,8,2,17,16,14,17,26,32
360968,1,1,1994,0,0,0,0,0,0,0,0,0,0
360968,2,1,1994,0,0,0,0,0,0,0,0,0,0
360969,1,1,1994,10,10,10,10,10,10,10,10,10,10
360970,1,1,1994,0,0,0,0,0,0,0,0,0,0
360970,2,1,1994,0,0,0,0,0,0,0,0,0,0
360971,1,1,1994,14,14,14,14,14,14,14,14,14,14
360972,1,1,1994,16,17,29,38,15,29,17,33,13,21
360973,0,1,1994,0,0,0,0,0,0,0,0,0,0
360973,1,1,1994,0,0,0,0,0,0,0,0,0,0
360974,1,1,1994,0,0,0,0,0,0,0,0,0,0
360975,1,1,1994,10,23,36,25,44,12,23,16,11,16
360976,0,1,1994,0,0,0,0,0,0,0,0,0,0
360976,1,1,1994,0,0,0,0,0,0,0,0,20,0
360977,1,1,1994,16,16,16,16,16,16,16,16,16,16
360977,2,1,1994,0,0,0,0,12,0,0,48,0,0
360978,1,1,1994,0,0,0,0,0,0,0,0,0,0
360979,1,1,1994,0,0,0,0,0,0,0,0,0,0
360980,1,1,1994,20,5,9,11,17,18,15,24,13,7
360980,2,1,1994,10,10,10,10,10,10,10,10,10,10
360981,0,1,1994,12,12,12,12,12,12,12,12,12,12
360981,1,1,1994,0,0,0,0,0,0,0,0,0,0
360982,0,1,1994,0,0,0,0,0,0,0,0,0,0
360982,1,1,1994,0,0,0,0,0,0,0,0,0,0
360983,0,1,1994,0,0,0,0,0,0,0,0,0,0
360983,1,1,1994,0,0,0,0,0,0,0,0,0,0
360984,1,1,1994,0,0,0,0,0,0,0,0,0,0
360984,2,1,1994,19,0,0,0,0,0,0,0,0,0
360985,0,1,1994,5,5,5,5,5,5,5,5,5,5
360985,1,1,1994,0,0,0,0,0,0,0,0,0,0
360986,1,1,1994,0,0,0,0,0,0,0,0,0,0
360986,2,1,1994,0,0,0,0,0,0,0,0,0,0
360987,1,1,1994,0,0,0,0,0,15,0,0,0,0
360987,2,1,1994,0,0,0,0,0,0,0,0,0,0
360988,0,1,1994,0,0,0,0,0,0,0,0,0,0
360988,1,1,1994,0,0,0,0,0,0,0,0,0,6
360989,1,1,1994,0,0,0,0,0,0,0,0,0,0
360990,1,1,1994,0,0,0,0,0,0,0,0,0,0
360990,2,1,1994,0,0,0,0,0,0,0,0,0,0
360991,1,1,1994,0,0,0,0,0,0,0,0,0,0
360991,2,1,1994,0,0,0,0,0,0,0,0,0,0
360992,1,1,1994,0,0,0,0,0,0,5,0,0,0
360992,2,1,1994,4,4,4,4,4,4,4,4,4,4
360993,1,1,1994,0,0,0,0,0,0,0,0,0,0
360993,2,1,1994,0,0,0,0,0,0,0,0,0,0
360994,1,1,1994,32,32,32,32,32,32,32,32,32,32
360994,2,1,1994,0,0,0,0,0,0,0,0,0,0
360995,1,1,1994,21,16,17,20,19,18,22,33,35,17
360995,2,1,1994,4,11,17,3,5,9,31,25,13,22
360996,1,1,1994,0,0,0,0,0,0,0,0,0,0
360996,2,1,1994,0,0,0,0,0,0,0,0,0,0
360997,0,1,1994,0,0,0,0,0,0,0,0,0,0
360997,1,1,1994,0,0,0,0,0,0,0,0,0,0
360998,0,1,1994,0,0,0,0,0,0,0,0,0,0
360998,1,1,1994,0,0,0,0,0,0,0,11,0,0
360999,0,1,1994,0,0,0,0,0,0,0,0,0,0
360999,1,1,1994,0,0,0,0,0,0,0,0,0,0
361000,0,1,1994,0,0,0,0,0,0,0,0,0,0
361000,1,1,1994,0,0,0,0,25,0,0,0,0,0
361001,1,1,1994,0,0,0,0,0,0,0,0,0,0
361001,2,1,1994,0,0,0,0,0,0,0,0,0,0
361002,1,1,1994,18,13,24,18,14,13,14,14,19,5
361003,1,1,1994,0,0,0,0,0,0,0,0,0,0
361004,0,1,1994,12,12,12,12,12,12,12,12,12,12
361004,1,1,1994,0,0,0,0,0,0,0,25,0,0
361005,1,1,1994,16,11,7,26,31,12,11,14,22,27
361006,0,1,1994,0,0,0,0,0,0,0,0,0,0
361006,1,1,1994,0,0,0,0,0,0,0,0,0,0
361007,1,1,1994,20,20,20,20,20,20,20,20,20,20
361008,1,1,1994,0,0,0,0,0,0,0,0,0,0
361008,2,1,1994,0,0,0,0,0,0,0,0,0,0
361009,1,1,1994,0,0,0,0,0,0,0,0,0,0
361009,2,1,1994,0,0,0,0,0,0,0,0,0,0
361009,3,1,1994,0,0,0,0,0,0,0,8,0,0
361010,1,1,1994,0,0,0,0,0,0,0,0,0,0
361010,2,1,1994,0,0,0,0,0,0,0,0,0,0
361011,0,1,1994,0,0,0,0,0,0,0,0,0,0
361011,1,1,1994,0,0,0,0,0,0,0,0,0,0
361012,1,1,1994,0,0,0,0,0,0,0,0,0,0
361012,2,1,1994,0,0,0,0,0,0,0,0,0,0
361013,0,1,1994,0,0,0,0,0,0,0,0,0,0
361013,1,1,1994,15,10,43,0,0,29,3,23,15,10
361014,0,1,1994,0,0,0,0,0,0,0,0,0,0
361014,1,1,1994,0,0,0,0,0,0,0,0,0,0
361015,1,1,1994,0,0,0,0,0,0,0,0,0,0
361016,0,1,1994,0,0,0,0,0,0,0,0,0,0
361016,1,1,1994,0,0,0,0,0,0,0,0,0,0
361017,1,1,1994,2,2,2,2,2,2,2,2,2,2
361018,1,1,1994,0,0,0,0,0,0,0,0,0,0
361018,2,1,1994,0,0,0,0,0,0,0,0,0,0
361019,0,1,1994,0,0,0,0,0,0,0,0,0,0
361019,1,1,1994,0,22,0,0,0,0,12,9,0,0
361020,1,1,1994,0,33,0,0,0,0,0,0,0,0
361021,1,1,1994,0,0,0,0,0,0,11,0,0,10
361021,2,1,1994,0,0,0,0,0,0,0,0,0,0
361022,1,1,1994,0,0,0,0,0,0,0,0,0,0
361023,1,1,1994,0,0,0,0,0,0,0,0,0,0
361024,1,1,1994,0,0,0,0,0,0,0,0,0,0
361024,2,1,1994,0,0,0,0,0,0,0,0,0,0
361025,1,1,1994,0,0,0,0,0,0,0,0,0,0
361026,1,1,1994,0,0,0,0,0,0,0,0,0,0
361027,0,1,1994,27,22,23,33,18,18,25,19,25,33
361027,1,1,1994,0,0,0,0,10,0,0,0,0,0
361028,1,1,1994,0,0,0,0,0,0,0,0,0,0
361030,0,1,1994,0,0,0,0,0,0,0,0,0,0
361030,1,1,1994,0,0,0,0,0,0,0,0,0,4
361031,1,1,1994,0,0,0,0,0,0,0,0,0,0
361031,2,1,1994,13,0,0,0,0,0,0,0,5,0
361032,0,1,1994,0,0,0,0,0,0,0,0,0,0
361032,0,2,1994,34,0,8,7,0,0,26,0,0,0
361032,0,3,1994,9,9,9,22,25,14,41,0,12,23
361032,1,1,1994,18,10,16,30,22,15,55,22,12,15
361032,2,1,1994,0,0,0,0,0,0,0,0,0,0
361033,1,1,1994,0,0,0,0,0,0,0,0,0,0
361033,2,1,1994,7,7,7,7,7,7,7,7,7,7
361034,0,1,1994,0,0,0,0,0,0,0,0,0,0
361034,1,1,1994,0,0,0,0,8,0,0,0,0,0
361035,0,1,1994,6,6,6,6,6,6,6,6,6,6
361035,1,1,1994,0,0,0,0,0,0,0,9,0,0
361036,1,1,1994,32,20,7,0,25,25,20,14,13,5
361037,1,1,1994,0,0,0,0,0,0,0,0,0,0
361037,2,1,1994,0,0,0,0,0,0,0,0,0,0
361037,3,1,1994,0,0,0,0,0,0,0,0,0,0
361038,0,1,1994,9,9,9,9,9,9,9,9,9,9
361038,1,1,1994,25,8,19,17,30,0,0,0,0,0
361038,2,1,1994,0,23,0,0,0,0,8,0,0,0
361039,1,1,1994,0,0,0,0,0,0,0,0,0,0
361040,1,1,1994,13,0,26,0,0,0,0,0,0,4
361041,1,1,1994,10,10,10,10,10,10,10,10,10,10
361042,1,1,1994,24,24,24,24,24,24,24,24,24,24
361043,1,1,1994,0,0,0,0,0,0,0,0,0,0
361043,2,1,1994,0,0,0,0,0,0,0,0,0,0
361044,0,1,1994,0,0,0,0,0,0,0,0,0,0
361044,1,1,1994,0,0,0,0,7,0,0,0,0,0
361045,1,1,1994,0,0,16,0,0,0,0,0,0,0
361045,2,1,1994,0,0,0,0,0,0,0,0,0,0
361045,3,1,1994,0,0,0,0,0,0,0,0,0,0
361046,1,1,1994,16,16,16,16,16,16,16,16,16,16
361047,1,1,1994,0,8,0,0,0,0,0,9,0,0
361048,1,1,1994,0,0,0,0,0,0,0,0,0,0
361048,2,1,1994,0,0,0,0,0,0,0,0,0,0
361049,1,1,1994,21,21,21,21,21,21,21,21,21,21
361050,1,1,1994,26,26,26,26,26,26,26,26,26,26
361051,1,1,1994,13,13,13,13,13,13,13,13,13,13
361052,1,1,1994,4,4,4,4,4,4,4,4,4,4
361053,1,1,1994,0,0,0,0,0,0,0,0,0,0
361053,2,1,1994,0,16,0,0,10,0,0,0,0,0
361054,1,1,1994,0,0,0,0,0,0,0,0,0,0
361054,2,1,1994,0,0,0,0,0,0,0,0,0,0
361055,1,1,1994,14,14,14,14,14,14,14,14,14,14
361056,1,1,1994,19,19,19,19,19,19,19,19,19,19
361057,1,1,1994,0,0,0,0,0,0,0,0,0,0
361058,1,1,1994,0,0,0,0,0,0,0,0,0,0
361059,1,1,1994,0,0,0,0,0,0,0,0,0,0
361060,1,1,1994,19,19,19,19,19,19,19,19,19,19
361061,1,1,1994,0,0,0,0,0,0,0,0,0,0
361061,2,1,1994,0,0,0,0,0,0,0,0,0,0
361062,0,1,1994,0,0,0,0,0,0,0,0,0,0
361062,1,1,1994,0,0,0,0,0,0,0,0,0,0
361063,1,1,1994,22,22,22,22,22,22,22,22,22,22
361064,1,1,1994,19,19,19,19,19,19,19,19,19,19
361065,1,1,1994,0,0,0,0,0,0,0,0,0,0
361065,2,1,1994,0,0,0,0,0,0,11,0,0,0
361066,1,1,1994,39,39,39,39,39,39,39,39,39,39
361067,1,1,1994,20,20,20,20,20,20,20,20,20,20
361068,1,1,1994,0,0,0,0,0,0,0,0,0,0
361069,1,1,1994,0,0,0,0,0,8,0,11,24,14
361070,1,1,1994,0,0,0,0,0,0,17,0,14,0
361071,1,1,1994,0,0,0,0,0,0,0,0,0,0
361071,2,1,1994,0,0,0,0,0,0,0,0,0,0
361072,0,1,1994,0,0,0,0,0,0,0,0,0,0
361072,1,1,1994,0,0,0,0,0,0,0,0,0,0
361073,1,1,1994,0,0,0,0,0,0,0,0,0,0
361073,2,1,1994,0,0,0,0,0,0,0,0,0,12
361074,0,1,1994,0,0,0,0,0,0,0,0,0,0
361074,1,1,1994,0,0,0,0,0,0,0,0,0,0
361075,1,1,1994,0,0,0,0,0,0,0,0,0,8
361075,2,1,1994,0,0,0,0,0,0,0,0,0,0
361076,1,1,1994,0,0,0,0,0,0,0,0,0,0
361077,0,1,1994,0,0,0,0,0,0,0,0,0,0
361077,1,1,1994,0,0,0,0,0,0,0,0,0,0
361078,1,1,1994,0,0,0,0,0,0,0,0,0,0
361078,2,1,1994,0,0,0,0,0,0,0,0,0,0
361079,1,1,1994,0,0,0,0,0,0,14,0,0,6
361080,0,1,1994,0,0,0,0,0,0,0,0,0,0
361080,1,1,1994,0,0,0,0,0,0,0,0,0,0
361081,1,1,1994,0,0,0,0,0,0,0,0,0,0
361082,1,1,1994,0,0,26,0,0,0,0,0,0,22
361082,2,1,1994,0,0,0,0,0,0,0,0,0,0
361083,0,1,1994,0,0,0,0,0,0,0,0,0,0
361083,1,1,1994,0,0,0,0,0,0,0,0,0,0
361084,1,1,1994,22,22,22,22,22,22,22,22,22,22
361085,1,1,1994,0,0,0,0,0,0,0,0,12,0
361085,2,1,1994,0,0,0,0,0,0,0,0,0,0
361086,0,1,1994,0,0,0,0,0,0,0,23,9,0
361086,1,1,1994,0,0,15,0,0,0,0,0,0,0
361087,0,1,1994,24,24,24,24,24,24,24,24,24,24
361087,1,1,1994,0,0,0,0,0,0,0,13,0,0
361088,1,1,1994,0,0,0,0,0,0,0,0,0,0
361088,2,1,1994,0,0,0,0,0,0,0,0,0,0
361089,1,1,1994,0,0,0,0,0,0,0,0,0,0
361090,1,1,1994,0,0,0,0,0,0,0,0,0,0
361090,2,1,1994,0,0,0,0,0,0,0,0,0,0
361091,1,1,1994,12,12,12,12,12,12,12,12,12,12
361091,2,1,1994,0,0,0,0,0,0,0,0,0,0
361092,1,1,1994,0,0,0,0,0,0,0,0,0,0
361093,0,1,1994,0,0,0,0,0,0,0,0,0,0
361093,1,1,1994,0,0,0,0,0,0,0,7,0,0
361094,1,1,1994,0,0,0,0,0,0,0,0,0,0
361094,2,1,1994,0,0,0,0,0,14,0,0,0,0
361095,1,1,1994,0,0,0,0,0,0,0,0,0,0
361095,2,1,1994,17,17,17,17,17,17,17,17,17,17
361096,1,1,1994,0,0,0,0,0,0,0,0,0,0
361097,1,1,1994,0,0,0,0,0,0,0,21,0,0
361098,0,1,1994,0,0,0,0,0,0,0,0,0,0
361098,1,1,1994,0,0,0,0,0,0,0,0,0,0
361099,1,1,1994,24,24,24,24,24,24,24,24,24,24
361100,1,1,1994,0,0,9,19,0,34,18,0,0,0
361100,2,1,1994,0,0,0,0,0,0,0,0,0,0
361101,1,1,1994,0,0,0,0,0,0,0,0,0,0
361101,2,1,1994,0,0,0,0,0,0,0,0,0,0
361102,1,1,1994,0,0,25,13,35,23,16,30,0,15
361102,2,1,1994,0,0,0,0,0,0,0,0,0,0
361103,1,1,1994,0,0,0,0,0,0,0,0,0,0
361103,2,1,1994,0,4,0,0,0,0,0,0,0,0
361104,0,2,1994,0,0,0,0,0,0,0,0,0,0
361104,0,3,1994,0,30,0,0,0,0,0,0,0,31
361104,0,4,1994,8,0,0,0,0,0,12,0,0,0
361104,1,1,1994,0,0,17,0,0,27,0,0,0,0
361104,2,1,1994,0,0,0,0,0,0,0,0,0,0
361105,1,1,1994,0,0,0,0,0,0,0,0,0,0
361106,1,1,1994,0,0,0,0,0,0,0,0,0,0
361106,2,1,1994,0,0,0,0,0,0,0,0,0,0
361107,1,1,1994,0,0,0,0,0,0,0,0,0,0
361108,1,1,1994,0,0,0,0,0,0,0,0,0,0
361108,2,1,1994,0,0,0,0,0,0,0,0,0,0
361109,1,1,1994,14,14,14,14,14,14,14,14,14,14
361110,1,1,1994,0,0,0,0,0,0,0,0,0,0
361110,2,1,1994,0,0,0,0,0,0,0,0,0,0
361111,1,1,1994,0,0,0,0,0,0,0,0,0,0
361111,2,1,1994,0,0,0,0,0,0,0,0,0,0
361112,1,1,1994,0,0,0,0,0,0,0,0,0,0
361112,2,1,1994,0,0,0,0,0,0,0,0,0,0
361113,1,1,1994,0,0,0,0,0,0,0,0,0,0
361114,1,1,1994,0,0,0,0,0,0,0,0,0,0
361114,2,1,1994,0,0,0,0,0,0,0,0,0,0
361115,1,1,1994,0,0,0,0,0,0,14,0,0,0
361115,2,1,1994,27,19,23,25,16,10,7,10,26,31
361116,1,1,1994,7,7,7,7,7,7,7,7,7,7
361116,2,1,1994,0,0,7,0,0,0,0,0,0,0
361116,3,1,1994,0,0,0,0,0,0,0,0,0,0
361117,0,1,1994,7,0,13,12,16,9,24,0,33,8
361117,1,1,1994,0,0,0,0,0,0,0,0,0,3
361118,0,1,1994,0,0,0,0,0,0,0,0,0,0
361118,1,1,1994,0,0,0,0,0,0,0,0,0,0
361118,2,1,1994,0,0,0,0,0,0,0,0,0,0
361119,1,1,1994,0,0,0,0,0,0,0,0,0,0
361119,2,1,1994,0,0,0,0,0,0,0,0,0,0
361120,1,1,1994,0,0,0,0,0,0,0,0,9,0
361121,1,1,1994,0,0,0,0,0,0,0,0,0,0
361121,2,1,1994,0,0,0,0,0,0,0,0,0,0
361122,1,1,1994,0,0,0,0,0,0,0,0,0,0
361122,2,1,1994,0,0,0,0,0,0,0,0,0,13
361123,0,1,1994,0,0,0,0,0,0,0,0,0,0
361123,1,1,1994,0,0,0,0,0,0,0,0,0,0
361124,0,1,1994,0,0,0,0,0,0,0,0,0,0
361124,0,2,1994,0,0,0,0,0,0,0,0,11,15
361124,0,3,1994,0,0,0,0,0,6,0,0,0,0
361124,1,1,1994,0,0,0,0,0,0,0,0,0,0
361125,1,1,1994,17,17,17,17,17,17,17,17,17,17
361126,0,1,1994,0,0,0,0,0,0,0,0,0,0
361126,1,1,1994,0,0,0,0,15,0,0,0,0,0
361127,1,1,1994,0,0,0,0,0,0,0,0,0,0
361127,2,1,1994,0,0,0,0,0,0,0,0,0,0
361127,3,1,1994,6,6,6,6,6,6,6,6,6,6
361127,4,1,1994,0,0,0,0,0,0,0,0,0,0
361127,5,1,1994,0,36,0,0,0,0,0,0,0,0
361127,6,1,1994,0,0,0,0,0,0,0,0,0,0
361128,0,1,1994,0,0,0,0,0,0,0,0,0,0
361128,1,1,1994,0,0,0,0,0,0,0,0,0,0
361129,1,1,1994,0,0,0,0,0,0,0,0,0,0
361130,1,1,1994,0,0,0,0,0,17,0,5,0,0
361130,2,1,1994,0,0,0,0,0,0,0,0,0,0
361131,1,1,1994,0,0,0,0,0,0,0,0,0,0
361131,2,1,1994,0,0,0,0,0,0,0,0,0,0
361131,3,1,1994,29,18,14,17,11,23,8,11,14,9
361132,0,1,1994,23,23,23,23,23,23,23,23,23,23
361132,1,1,1994,0,0,0,0,0,0,0,0,0,0
361132,2,1,1994,0,0,0,0,0,0,0,0,0,0
361133,1,1,1994,0,3,14,5,11,11,0,0,3,20
361134,1,1,1994,23,23,23,23,23,23,23,23,23,23
361135,1,1,1994,17,30,20,15,25,21,16,15,4,13
361135,2,1,1994,0,0,0,0,0,0,0,0,0,0
361136,1,1,1994,0,0,0,0,0,0,0,0,0,0
361136,2,1,1994,0,0,0,0,0,0,0,0,0,0
361136,3,1,1994,0,0,0,0,0,0,0,0,0,0
361137,1,1,1994,0,0,0,0,0,0,0,0,0,0
361137,2,1,1994,0,0,0,0,0,0,0,0,0,0
361138,1,1,1994,38,38,38,38,38,38,38,38,38,38
361139,1,1,1994,0,0,0,0,0,0,0,0,0,0
361140,1,1,1994,0,0,0,0,0,0,0,0,0,0
361140,2,1,1994,0,0,0,0,0,0,0,0,0,0
361141,0,1,1994,0,19,4,0,0,0,0,11,28,8
361141,1,1,1994,0,16,0,0,10,0,0,0,0,0
361142,1,1,1994,0,0,0,0,0,0,11,0,0,0
361142,2,1,1994,0,0,0,0,0,0,0,0,11,0
361143,1,1,1994,26,0,0,0,0,0,0,25,0,0