ST_CASE,VEH_NO,PER_NO,YEAR,P1,P2,P3,P4,P5,P6,P7,P8,P9,P10
361405,0,1,1994,0,0,0,0,0,0,0,0,0,0
361405,1,1,1994,0,0,0,0,0,0,0,0,0,7
361406,0,1,1994,0,0,0,0,0,0,0,0,0,0
361406,1,1,1994,0,0,0,0,0,0,7,0,0,13
361407,0,1,1994,14,0,46,0,12,0,33,13,17,0
361407,1,1,1994,0,0,0,0,0,0,0,0,0,0
361408,1,1,1994,0,0,0,0,0,0,0,0,0,0
361408,2,1,1994,0,0,0,0,0,0,0,6,0,0
361409,1,1,1994,28,28,28,28,28,28,28,28,28,28
361410,1,1,1994,0,0,0,0,0,0,0,0,0,0
361410,2,1,1994,0,0,0,0,0,0,0,0,0,0
361411,1,1,1994,32,32,32,32,32,32,32,32,32,32
361412,1,1,1994,12,12,12,12,12,12,12,12,12,12
361413,0,1,1994,0,0,0,0,0,0,0,0,0,0
361413,1,1,1994,0,0,0,0,0,0,0,0,0,0
361414,1,1,1994,0,0,0,0,0,0,30,0,25,0
361415,1,1,1994,0,0,0,0,0,0,0,0,0,0
361416,0,1,1994,0,0,0,0,0,0,0,0,0,0
361416,1,1,1994,0,0,0,0,0,0,0,0,0,0
361417,0,1,1994,0,0,0,0,0,0,0,0,0,0
361417,1,1,1994,0,0,0,0,0,0,0,0,0,0
361418,1,1,1994,0,0,0,0,0,0,0,0,0,0
361419,0,1,1994,0,0,0,0,0,0,0,0,0,0
361419,1,1,1994,0,0,0,0,0,0,0,0,0,0
361420,0,1,1994,33,33,33,33,33,33,33,33,33,33
361420,1,1,1994,0,0,0,0,0,0,0,0,0,0
361421,1,1,1994,0,0,0,0,0,0,0,0,0,0
361421,2,1,1994,0,0,0,0,0,0,0,0,0,22
361421,3,1,1994,0,0,0,0,0,0,0,0,0,0
361421,4,1,1994,0,0,0,0,0,0,0,0,0,0
361421,5,1,1994,0,0,0,0,0,0,0,0,0,0
361422,1,1,1994,0,0,0,0,0,0,0,0,0,0
361423,0,1,1994,0,0,0,0,0,0,0,0,0,0
361423,1,1,1994,0,0,0,0,0,0,0,0,0,0
361424,0,1,1994,0,0,0,0,0,0,0,0,0,0
361424,1,1,1994,0,0,0,0,0,0,0,0,0,0
361425,1,1,1994,0,0,0,0,0,0,0,0,0,0
361425,2,1,1994,0,0,0,0,0,0,0,0,0,0
361426,1,1,1994,0,0,0,0,0,0,0,0,0,0
361427,0,1,1994,0,0,0,0,15,0,0,0,0,30
361427,1,1,1994,0,0,0,0,18,0,0,0,0,0
361428,0,1,1994,0,0,0,0,0,0,0,0,0,0
361428,1,1,1994,0,0,0,0,0,0,0,0,0,0
361429,1,1,1994,0,8,0,0,0,0,0,0,0,0
361430,1,1,1994,0,0,0,0,0,0,0,0,0,0
361430,2,1,1994,0,0,0,0,0,0,0,0,0,0
361431,0,1,1994,0,0,0,0,0,0,0,0,0,0
361431,1,1,1994,0,20,0,0,0,0,0,0,12,0
361432,1,1,1994,0,0,0,0,0,0,0,0,0,0
361432,2,1,1994,0,0,0,0,0,0,0,0,0,0
361433,0,1,1994,0,0,0,0,0,0,0,0,0,0
361433,1,1,1994,0,0,0,0,0,0,0,0,0,0
361434,0,1,1994,35,35,35,35,35,35,35,35,35,35
361434,1,1,1994,0,0,0,0,0,0,0,0,0,0
361435,1,1,1994,0,0,0,0,0,0,0,0,0,0
361435,2,1,1994,0,0,0,0,0,0,0,0,0,0
361435,3,1,1994,0,0,0,0,15,0,0,0,0,0
361435,4,1,1994,0,0,0,0,0,0,0,0,0,0
361436,1,1,1994,0,0,0,0,0,0,0,0,0,0
361436,2,1,1994,17,17,17,17,17,17,17,17,17,17
361437,1,1,1994,0,13,32,10,35,20,16,21,18,15
361438,0,1,1994,0,0,0,0,0,0,0,0,0,0
361438,1,1,1994,0,0,7,0,0,0,0,0,0,0
361439,0,1,1994,0,0,0,0,0,0,0,0,14,0
361439,1,1,1994,0,0,0,0,0,0,6,0,0,0
361440,1,1,1994,24,24,24,24,24,24,24,24,24,24
361441,0,1,1994,16,16,16,16,16,16,16,16,16,16
361441,1,1,1994,36,0,0,0,0,0,0,0,0,0
361442,0,1,1994,0,0,19,0,0,0,0,0,0,0
361442,0,2,1994,0,0,0,0,0,0,0,0,0,0
361442,1,1,1994,0,0,0,0,0,0,0,0,0,0
361443,0,1,1994,0,0,0,0,0,0,0,0,0,0
361443,1,1,1994,0,0,0,0,0,0,0,0,0,0
361444,1,1,1994,0,0,0,0,0,0,0,0,0,0
361445,0,1,1994,0,0,0,0,0,0,0,0,0,0
361445,1,1,1994,0,0,0,0,0,0,0,0,0,0
361446,0,1,1994,0,0,0,0,0,0,0,0,0,0
361446,1,1,1994,0,18,13,2,10,5,9,19,6,16
361446,2,1,1994,0,0,0,0,0,0,0,0,0,0
361447,1,1,1994,13,0,0,0,22,11,0,19,0,0
361447,2,1,1994,0,29,0,10,19,7,11,0,21,0
361448,1,1,1994,0,0,0,0,0,0,0,0,0,0
361448,2,1,1994,0,0,0,0,0,15,0,12,0,0
361449,0,1,1994,0,11,10,0,0,0,0,0,0,36
361449,1,1,1994,0,0,0,0,0,0,0,0,0,0
361450,1,1,1994,0,0,0,0,0,0,0,0,0,0
361450,2,1,1994,0,0,0,0,0,0,0,0,0,0
361451,1,1,1994,0,0,0,0,0,0,0,0,0,0
361451,2,1,1994,0,0,0,0,0,0,0,0,0,0
361452,1,1,1994,0,0,0,0,0,0,0,0,0,0
361453,1,1,1994,21,21,21,21,21,21,21,21,21,21
361454,0,1,1994,0,0,0,0,0,0,0,0,0,0
361454,1,1,1994,0,0,0,9,0,0,0,0,0,0
361454,2,1,1994,0,0,0,0,0,0,0,0,0,0
361455,1,1,1994,0,0,0,0,0,0,0,0,0,0
361455,2,1,1994,0,14,0,0,0,0,0,0,12,0
361455,3,1,1994,0,0,0,0,0,0,0,0,0,0
361455,4,1,1994,0,0,0,0,0,18,0,0,0,0
361456,0,1,1994,0,0,0,0,0,0,0,0,0,0
361456,1,1,1994,0,0,0,0,0,0,0,0,0,0
361457,1,1,1994,0,0,6,0,25,0,0,0,17,7
361457,2,1,1994,0,0,0,0,0,0,0,0,0,0
361458,1,1,1994,0,0,0,0,0,0,0,0,0,0
361459,1,1,1994,0,0,0,0,0,0,0,0,0,0
361459,2,1,1994,0,0,0,0,0,0,0,0,0,0
361460,0,1,1994,0,0,0,0,0,0,0,0,0,0
361460,1,1,1994,0,0,0,0,13,0,0,0,0,0
361461,0,1,1994,0,0,0,0,0,0,0,0,0,0
361461,1,1,1994,0,0,12,0,0,0,8,0,0,0
361461,2,1,1994,0,0,0,0,0,0,0,0,0,0
361462,1,1,1994,10,12,0,10,0,0,16,19,0,17
361462,2,1,1994,0,0,0,0,0,0,8,0,20,0
361462,3,1,1994,21,0,15,0,0,22,0,0,15,0
361463,1,1,1994,0,0,0,0,0,0,0,0,0,0
361464,1,1,1994,0,0,0,0,0,0,0,0,0,0
361464,2,1,1994,0,0,0,0,0,0,0,0,0,0
361465,0,1,1994,0,0,0,0,0,0,0,0,0,0
361465,1,1,1994,0,0,0,0,0,0,0,0,0,0
361466,0,1,1994,0,0,0,0,0,0,0,0,0,0
361466,0,2,1994,8,18,3,17,9,23,26,22,0,33
361466,2,1,1994,0,0,7,0,0,11,0,9,0,16
361467,0,1,1994,12,27,0,0,0,31,0,0,0,22
361467,1,1,1994,0,0,0,0,0,0,0,0,0,0
361468,0,1,1994,0,0,0,0,0,0,0,0,0,0
361468,1,1,1994,0,0,0,0,0,0,0,0,0,0
361469,0,1,1994,0,0,0,0,0,0,0,0,0,0
361469,1,1,1994,0,0,14,0,14,0,0,0,0,0
361469,2,1,1994,0,25,0,0,0,0,0,0,0,0
361470,0,1,1994,0,0,0,0,29,0,0,0,0,0
361470,0,2,1994,0,0,0,0,0,0,0,0,0,0
361470,0,3,1994,0,0,0,0,0,0,0,0,0,24
361470,0,4,1994,0,0,0,0,0,16,0,0,11,9
361470,0,5,1994,0,0,0,21,0,0,0,0,0,0
361470,1,1,1994,0,0,0,0,0,0,0,0,0,0
361470,2,1,1994,0,0,0,0,0,0,0,0,0,0
361470,3,1,1994,0,0,0,0,10,0,0,0,0,0
361471,1,1,1994,0,0,0,0,0,0,0,0,0,0
361471,2,1,1994,0,0,0,0,8,0,0,0,0,0
361472,0,1,1994,0,0,0,0,0,0,0,0,0,0
361472,1,1,1994,9,0,0,0,0,0,0,0,0,0
361473,1,1,1994,0,0,0,0,0,0,0,0,0,0
361473,2,1,1994,0,0,0,0,0,12,0,0,0,0
361475,1,1,1994,16,9,11,0,0,14,6,0,18,10
361475,2,1,1994,0,0,6,0,15,0,0,10,14,3
361476,0,1,1994,0,0,0,0,0,0,0,0,0,0
361476,0,2,1994,0,0,30,0,0,0,0,11,0,24
361476,1,1,1994,0,0,0,0,0,0,0,0,0,0
361477,1,1,1994,22,22,22,22,22,22,22,22,22,22
361478,0,1,1994,7,7,7,7,7,7,7,7,7,7
361478,0,2,1994,40,0,21,0,0,15,26,0,11,29
361478,1,1,1994,14,14,14,14,14,14,14,14,14,14
361479,0,1,1994,0,0,0,0,0,0,0,0,0,0
361479,1,1,1994,0,0,0,0,0,0,0,0,0,0
361480,1,1,1994,0,11,0,0,15,0,13,25,0,0
361481,0,1,1994,0,18,0,0,13,6,16,0,0,26
361481,1,1,1994,0,0,0,0,0,0,0,0,30,0
361482,1,1,1994,0,0,0,0,0,0,0,0,0,0
361482,2,1,1994,0,0,0,0,0,0,0,0,0,0
361483,0,1,1994,0,0,0,0,0,0,0,0,0,0
361483,1,1,1994,0,0,0,0,0,0,0,0,0,0
361484,0,1,1994,0,0,0,0,0,0,0,0,0,0
361484,1,1,1994,0,0,0,0,8,0,0,0,4,0
361485,0,1,1994,0,0,0,0,0,0,0,0,0,0
361485,1,1,1994,0,0,0,11,8,0,0,12,0,0
361486,1,1,1994,0,0,10,0,0,0,0,0,0,0
361487,1,1,1994,0,0,0,0,0,0,0,0,0,0
361487,2,1,1994,0,0,0,0,0,0,0,0,12,0
361488,0,1,1994,0,0,0,0,0,0,0,0,0,0
361488,1,1,1994,0,7,0,0,0,0,0,0,0,0
361489,0,1,1994,0,0,0,0,0,0,0,0,0,0
361489,1,1,1994,0,0,16,0,0,0,0,0,21,9
361490,0,1,1994,0,0,0,0,0,0,0,0,0,0
361490,1,1,1994,0,0,0,17,0,0,0,0,0,0
361491,0,1,1994,0,0,0,0,0,8,0,0,0,0
361491,1,1,1994,0,0,0,0,0,0,0,0,0,0
361492,0,1,1994,0,0,0,0,0,0,0,0,0,0
361492,1,1,1994,0,0,0,0,0,0,0,0,0,0
361493,0,1,1994,0,0,0,0,0,0,0,0,0,0
361493,1,1,1994,0,0,0,0,0,0,0,0,0,0
361494,1,1,1994,0,0,0,15,0,0,0,17,0,0
361494,2,1,1994,0,0,0,0,0,0,0,0,0,0
361495,0,1,1994,0,0,0,0,0,0,0,0,0,0
361495,1,1,1994,0,0,0,0,0,0,0,0,0,0
361496,1,1,1994,42,42,42,42,42,42,42,42,42,42
361497,1,1,1994,0,0,0,0,0,0,0,0,0,0
361497,2,1,1994,0,0,0,0,0,0,0,0,0,0
361497,3,1,1994,0,0,0,0,0,0,0,0,0,0
361497,4,1,1994,0,0,0,0,0,0,0,0,0,0
361498,0,1,1994,0,0,0,0,0,0,0,0,0,0
361498,1,1,1994,0,0,0,0,0,0,0,0,0,0
361499,1,1,1994,25,0,0,0,0,0,0,11,0,0
361500,0,1,1994,11,24,0,0,0,7,0,0,9,30
361500,1,1,1994,0,0,0,0,0,0,0,0,0,0
361500,2,1,1994,0,0,28,0,11,0,0,0,24,35
361501,0,1,1994,0,0,0,0,0,0,0,0,0,0
361501,1,1,1994,0,0,0,0,0,12,0,0,0,0
361502,1,1,1994,13,14,9,25,15,13,17,2,27,16
361502,2,1,1994,0,0,0,0,0,0,0,0,0,0
361502,3,1,1994,0,0,0,0,0,0,0,0,0,0
361502,4,1,1994,25,22,0,0,10,0,16,8,0,2
361503,1,1,1994,0,0,0,0,0,0,0,0,0,0
361504,1,1,1994,0,0,0,8,0,0,0,0,0,0
361504,2,1,1994,0,0,0,0,0,0,0,0,0,0
361505,1,1,1994,24,0,19,2,16,21,16,0,8,19
361506,0,1,1994,0,0,0,0,0,0,0,0,0,0
361506,1,1,1994,0,0,0,0,0,0,0,0,0,0
361507,0,1,1994,0,0,0,0,0,0,0,0,0,0
361507,1,1,1994,0,0,0,0,0,0,0,0,0,0
361507,2,1,1994,0,0,0,0,0,0,0,0,0,0
361508,1,1,1994,24,23,0,43,22,16,15,8,13,9
361509,1,1,1994,9,20,7,10,2,14,5,4,5,3
361509,2,1,1994,0,0,0,0,0,0,0,0,0,6
361510,1,1,1994,0,0,0,0,0,0,0,0,0,0
361510,2,1,1994,0,0,0,0,0,0,0,0,0,0
361511,1,1,1994,0,0,0,0,0,0,0,0,0,0
361511,2,1,1994,0,0,0,0,0,0,0,0,0,0
361512,1,1,1994,0,21,28,0,0,0,0,0,0,0
361513,1,1,1994,0,0,0,0,0,0,0,0,0,0
361514,0,1,1994,0,0,0,0,0,0,0,0,0,0
361514,1,1,1994,0,0,0,0,0,0,0,0,0,0
361515,1,1,1994,0,0,0,0,0,0,0,0,0,0
361516,0,1,1994,22,22,22,22,22,22,22,22,22,22
361516,1,1,1994,0,12,0,0,19,16,12,0,0,0
361517,1,1,1994,0,0,0,17,0,0,0,0,0,0
361517,2,1,1994,0,0,0,0,0,0,0,0,0,0
361518,0,1,1994,0,0,0,0,0,0,0,0,0,0
361518,1,1,1994,0,0,21,0,0,0,0,6,0,0
361519,0,1,1994,0,0,0,0,0,0,0,0,0,0
361519,1,1,1994,0,0,0,0,0,0,0,0,0,0
361520,1,1,1994,0,0,0,0,0,0,0,0,0,0
361521,1,1,1994,0,0,0,0,0,0,0,0,0,0
361522,0,1,1994,0,0,0,0,0,0,0,0,0,0
361522,1,1,1994,0,0,0,0,0,18,0,0,20,19
361523,0,1,1994,0,0,0,0,0,0,0,0,0,0
361523,1,1,1994,10,17,18,13,33,0,28,26,13,28
361524,1,1,1994,0,6,0,0,0,0,26,0,0,0
361525,1,1,1994,0,0,0,0,0,0,0,0,11,0
361525,2,1,1994,0,0,0,0,0,14,8,0,11,12
361526,1,1,1994,0,0,0,0,0,0,0,0,0,0
361526,2,1,1994,0,0,0,0,0,0,0,0,0,0
361526,3,1,1994,0,0,0,0,0,0,0,0,0,0
361526,4,1,1994,0,0,0,0,0,0,0,0,0,0
361527,1,1,1994,14,14,14,14,14,14,14,14,14,14
361528,0,1,1994,0,0,0,0,0,0,0,0,9,23
361528,1,1,1994,0,0,0,0,0,0,0,0,0,0
361529,1,1,1994,0,0,0,0,0,0,0,0,0,0
361530,0,1,1994,0,0,0,0,0,0,0,0,0,0
361530,1,1,1994,22,0,0,0,34,28,17,0,0,34
361531,1,1,1994,0,0,0,0,0,0,0,0,0,0
361531,2,1,1994,0,0,0,0,20,14,0,15,18,0
361532,0,1,1994,0,0,0,0,0,0,0,0,0,0
361532,1,1,1994,0,0,0,0,0,0,0,0,0,0
361533,1,1,1994,0,0,0,0,0,0,0,0,0,0
361534,0,1,1994,11,25,0,0,0,0,0,17,0,0
361534,1,1,1994,0,0,11,0,0,0,0,0,0,0
361535,0,1,1994,2,2,2,2,2,2,2,2,2,2
361535,1,1,1994,0,0,0,0,0,0,0,0,0,0
361536,0,1,1994,15,28,9,0,25,19,38,15,14,19
361536,1,1,1994,0,10,0,0,0,0,7,0,0,20
361537,1,1,1994,0,0,0,0,0,0,0,0,0,0
361537,2,1,1994,0,0,0,0,0,0,0,0,0,21
361537,3,1,1994,0,0,0,0,0,0,0,0,0,0
361538,0,1,1994,0,0,0,0,0,0,0,0,0,0
361538,1,1,1994,0,0,0,0,0,0,0,0,0,0
361539,1,1,1994,0,0,0,0,0,0,0,0,0,0
361540,0,1,1994,0,0,0,0,0,0,0,0,0,0
361540,1,1,1994,0,0,0,0,0,0,0,0,0,0
361541,1,1,1994,0,0,0,0,0,0,0,0,0,0
361541,2,1,1994,0,0,0,0,0,0,0,0,0,0
361542,0,1,1994,0,0,0,0,0,0,7,0,0,23
361542,1,1,1994,0,0,0,0,0,0,0,0,0,0
361543,0,1,1994,24,0,0,0,0,11,15,0,0,0
361543,1,1,1994,0,0,0,0,0,0,0,0,0,0
361544,1,1,1994,0,0,0,0,0,0,0,0,0,0
361545,1,1,1994,0,0,0,0,0,0,0,0,0,0
361547,0,1,1994,0,0,0,0,0,0,0,0,0,0
361547,1,1,1994,0,0,0,35,0,0,0,0,0,0
361548,0,1,1994,0,0,0,0,0,0,0,0,0,0
361548,1,1,1994,0,0,0,0,0,0,0,0,0,0
361548,2,1,1994,0,0,0,0,0,0,0,0,0,0
361548,3,1,1994,0,0,0,0,0,0,0,0,0,0
370001,1,1,1994,0,0,0,0,0,0,0,0,0,0
370001,2,1,1994,0,0,0,0,0,0,0,0,0,0
370002,1,1,1994,35,35,35,35,35,35,35,35,35,35
370003,1,1,1994,0,0,0,0,0,0,0,0,0,0
370004,0,1,1994,0,0,0,0,0,0,0,0,0,0
370004,1,1,1994,0,0,0,0,0,0,0,0,0,0
370005,1,1,1994,0,0,0,0,0,0,0,0,0,0
370006,1,1,1994,0,0,0,0,0,0,17,0,0,0
370007,1,1,1994,0,0,0,0,0,0,0,0,0,0
370008,1,1,1994,0,0,0,0,0,0,0,0,0,4
370008,2,1,1994,0,0,0,0,0,0,0,0,0,0
370009,1,1,1994,0,0,0,0,0,0,0,0,0,0
370010,1,1,1994,0,0,0,0,0,0,0,0,0,0
370010,2,1,1994,0,0,0,0,0,0,0,0,0,0
370011,1,1,1994,0,0,0,0,0,0,0,0,0,0
370011,2,1,1994,0,0,0,0,0,0,0,0,0,0
370012,0,1,1994,0,0,0,0,0,0,0,0,0,0
370012,1,1,1994,0,0,0,0,0,0,0,0,0,0
370013,0,1,1994,37,37,37,37,37,37,37,37,37,37
370013,1,1,1994,23,15,27,28,28,19,5,18,8,20
370014,1,1,1994,0,0,0,0,0,0,0,0,0,0
370014,2,1,1994,0,0,0,0,0,0,0,0,0,0
370014,3,1,1994,0,0,0,0,0,0,0,0,6,0
370015,1,1,1994,8,0,0,0,0,0,0,0,11,0
370015,2,1,1994,0,0,0,0,0,0,0,0,0,0
370016,1,1,1994,0,0,0,0,0,0,0,0,0,0
370016,2,1,1994,0,0,0,0,0,0,0,0,0,0
370017,1,1,1994,0,0,0,9,0,0,11,0,0,0
370017,2,1,1994,0,0,0,0,0,0,0,0,0,0
370018,0,1,1994,23,23,23,23,23,23,23,23,23,23
370018,1,1,1994,0,0,0,0,0,0,19,3,0,0
370019,1,1,1994,27,27,27,27,27,27,27,27,27,27
370020,1,1,1994,0,0,0,0,0,0,0,0,0,0
370021,1,1,1994,22,22,22,22,22,22,22,22,22,22
370022,0,1,1994,0,0,0,0,0,0,0,0,0,0
370022,1,1,1994,0,0,0,0,0,0,0,0,0,0
370023,1,1,1994,0,0,0,0,0,0,0,0,0,0
370024,1,1,1994,0,0,0,0,0,0,0,0,0,0
370025,1,1,1994,0,0,0,0,0,0,0,0,0,0
370025,2,1,1994,0,0,0,0,0,0,0,0,0,0
370026,1,1,1994,0,0,0,0,0,0,0,0,0,0
370026,2,1,1994,0,0,0,0,0,0,0,0,0,0
370027,1,1,1994,27,27,27,27,27,27,27,27,27,27
370027,2,1,1994,0,0,0,0,0,0,0,0,0,0
370028,1,1,1994,0,0,0,0,0,0,0,0,0,0
370028,2,1,1994,0,0,0,0,0,0,0,0,0,0
370029,1,1,1994,0,0,0,0,0,0,0,0,0,0
370029,2,1,1994,0,0,0,0,0,0,0,0,0,0
370030,1,1,1994,0,0,0,0,0,0,0,0,0,0
370030,2,1,1994,0,0,0,0,0,0,0,0,0,0
370030,3,1,1994,0,0,0,0,0,0,0,0,0,0
370031,1,1,1994,0,0,0,0,0,0,0,0,0,0
370031,2,1,1994,0,0,0,0,0,0,0,0,0,0
370032,1,1,1994,0,0,0,0,0,0,0,0,0,0
370032,2,1,1994,0,0,0,0,0,0,0,0,0,0
370033,0,1,1994,0,0,0,0,0,0,0,0,0,0
370033,1,1,1994,0,0,0,0,0,0,0,0,0,0
370034,0,1,1994,0,0,0,0,0,4,0,0,0,0
370034,1,1,1994,0,0,0,0,0,0,0,0,0,0
370035,1,1,1994,0,0,0,0,0,0,0,0,0,0
370035,2,1,1994,0,0,0,0,0,0,0,0,0,0
370036,1,1,1994,0,6,0,0,0,0,0,18,0,0
370037,1,1,1994,0,0,0,0,0,0,0,0,0,0
370037,2,1,1994,0,0,0,0,0,0,0,0,0,0
370038,1,1,1994,13,13,13,13,13,13,13,13,13,13
370039,1,1,1994,22,22,22,22,22,22,22,22,22,22
370040,0,1,1994,0,0,0,0,0,0,0,0,0,0
370040,0,2,1994,0,0,0,0,0,0,0,0,0,0
370040,1,1,1994,0,0,0,0,0,0,0,0,0,0
370041,1,1,1994,0,0,0,0,0,0,0,0,0,0
370041,2,1,1994,0,0,0,0,0,0,0,0,0,0
370042,1,1,1994,17,17,17,17,17,17,17,17,17,17
370043,1,1,1994,0,0,0,0,0,0,0,0,0,0
370044,1,1,1994,0,0,0,0,0,0,0,0,0,0
370044,2,1,1994,9,0,9,0,0,0,14,0,0,0
370045,1,1,1994,0,0,0,0,0,0,0,0,0,0
370045,2,1,1994,0,0,0,0,0,0,0,0,0,9
370046,1,1,1994,0,0,0,0,0,0,0,0,0,0
370046,2,1,1994,0,0,0,0,0,0,0,0,0,0
370047,1,1,1994,19,19,19,19,19,19,19,19,19,19
370048,1,1,1994,0,0,0,0,0,0,0,0,0,0
370048,2,1,1994,0,0,0,0,0,0,0,0,0,0
370049,1,1,1994,0,0,0,0,0,0,0,0,0,0
370049,2,1,1994,0,0,0,0,0,0,0,0,0,0
370050,1,1,1994,37,37,37,37,37,37,37,37,37,37
370051,1,1,1994,14,14,14,14,14,14,14,14,14,14
370052,1,1,1994,0,0,0,0,0,0,0,0,0,0
370052,2,1,1994,0,0,0,0,0,0,0,0,0,0
370053,0,1,1994,17,17,17,17,17,17,17,17,17,17
370053,1,1,1994,0,0,0,0,0,0,0,0,0,0
370054,1,1,1994,0,0,0,0,0,0,0,0,0,0
370055,1,1,1994,19,23,4,12,16,12,10,41,11,22
370056,1,1,1994,0,0,12,0,0,24,0,0,0,0
370056,2,1,1994,0,0,0,0,0,0,0,0,0,0
370056,3,1,1994,0,0,0,0,0,0,0,0,0,0
370057,1,1,1994,11,8,14,15,10,5,17,15,29,16
370058,1,1,1994,0,0,0,0,0,0,0,0,0,0
370058,2,1,1994,0,0,0,0,4,0,0,0,0,0
370059,1,1,1994,0,0,0,0,0,0,0,0,0,0
370059,2,1,1994,0,0,0,0,0,0,0,0,0,0
370060,1,1,1994,0,0,0,0,0,0,0,0,0,0
370061,1,1,1994,12,12,12,12,12,12,12,12,12,12
370061,2,1,1994,0,0,0,0,0,0,0,0,0,0
370062,1,1,1994,0,0,0,0,0,0,0,0,0,0
370062,2,1,1994,0,0,0,0,0,0,0,0,0,0
370063,1,1,1994,0,0,0,0,0,0,0,0,0,0
370064,1,1,1994,0,0,0,0,0,0,0,0,0,0
370064,2,1,1994,0,0,0,0,0,0,0,0,0,0
370065,1,1,1994,0,19,0,0,0,0,0,0,0,0
370066,1,1,1994,31,31,31,31,31,31,31,31,31,31
370067,1,1,1994,14,39,17,13,20,45,28,39,28,23
370068,1,1,1994,0,0,0,0,0,0,0,0,0,0
370068,2,1,1994,0,0,0,0,0,0,0,0,0,0
370069,1,1,1994,52,52,52,52,52,52,52,52,52,52
370070,1,1,1994,18,25,18,28,18,24,13,7,18,18
370071,1,1,1994,25,25,25,25,25,25,25,25,25,25
370072,1,1,1994,0,0,0,0,0,0,0,0,0,0
370073,1,1,1994,12,12,12,12,12,12,12,12,12,12
370073,2,1,1994,6,21,21,27,8,0,4,29,9,29
370074,1,1,1994,0,18,0,25,0,14,0,23,0,9
370075,1,1,1994,0,0,0,0,0,0,0,0,3,0
370076,1,1,1994,0,0,0,0,0,0,0,0,0,0
370076,2,1,1994,0,0,0,0,0,0,0,0,0,0
370077,0,1,1994,17,17,17,17,17,17,17,17,17,17
370077,1,1,1994,0,0,19,0,16,0,0,0,0,2
370078,0,1,1994,0,0,0,0,0,0,0,0,0,0
370078,1,1,1994,0,0,0,0,0,20,0,0,0,0
370079,1,1,1994,0,0,0,0,0,0,0,0,0,0
370080,0,1,1994,0,0,0,0,0,0,0,0,0,0
370080,1,1,1994,0,0,0,0,0,0,0,0,0,0
370080,2,1,1994,0,0,0,0,0,0,0,0,9,0
370081,1,1,1994,0,0,0,0,0,0,0,0,0,0
370082,0,1,1994,0,0,0,0,0,0,0,0,0,0
370082,1,1,1994,23,3,23,5,17,16,10,17,6,5
370083,1,1,1994,0,0,0,0,0,0,0,0,0,0
370084,1,1,1994,25,25,25,25,25,25,25,25,25,25
370084,2,1,1994,0,0,0,0,0,0,0,0,0,0
370085,1,1,1994,8,8,8,8,8,8,8,8,8,8
370085,2,1,1994,0,0,0,0,0,0,0,0,0,0
370086,1,1,1994,6,6,6,6,6,6,6,6,6,6
370087,1,1,1994,11,0,0,0,0,0,0,0,0,0
370087,2,1,1994,6,6,6,6,6,6,6,6,6,6
370088,1,1,1994,0,0,0,0,0,0,0,0,0,0
370088,2,1,1994,0,0,0,0,0,0,0,0,0,0
370089,1,1,1994,0,0,0,0,0,0,0,0,0,0
370089,2,1,1994,0,0,0,0,0,0,0,0,0,0
370090,1,1,1994,0,0,0,0,0,0,0,0,0,0
370091,1,1,1994,0,0,0,0,0,0,0,0,0,0
370092,1,1,1994,0,0,0,0,0,0,0,0,0,0
370092,2,1,1994,0,0,0,0,0,0,0,0,0,0
370093,1,1,1994,0,0,0,0,0,0,0,0,0,0
370093,2,1,1994,0,0,0,0,0,0,0,0,0,0
370094,1,1,1994,0,0,0,0,0,0,0,0,0,0
370095,0,1,1994,22,22,22,22,22,22,22,22,22,22
370095,1,1,1994,0,0,0,0,0,0,15,0,0,0
370096,1,1,1994,0,0,8,0,0,0,0,0,0,0
370096,2,1,1994,0,0,0,0,0,0,0,0,0,0
370097,1,1,1994,0,0,0,0,0,0,0,0,0,0
370097,2,1,1994,0,0,0,0,0,0,0,0,0,0
370098,1,1,1994,11,16,32,9,9,16,0,23,13,36
370099,1,1,1994,0,0,0,0,0,0,0,0,0,13
370100,1,1,1994,28,28,28,28,28,28,28,28,28,28
370101,1,1,1994,0,0,0,0,0,0,0,0,0,0
370101,2,1,1994,0,0,0,0,0,0,0,0,0,0
370102,1,1,1994,9,7,37,22,23,24,25,14,0,14
370103,1,1,1994,18,11,7,17,0,0,0,5,17,20
370104,1,1,1994,0,0,0,0,0,0,0,0,0,0
370104,2,1,1994,0,0,0,0,0,0,0,0,0,0
370105,0,1,1994,0,0,0,0,0,0,0,0,0,0
370105,1,1,1994,0,0,0,0,16,0,0,0,0,0
370106,1,1,1994,0,0,0,0,0,0,0,14,0,0
370107,1,1,1994,0,0,0,0,0,0,0,0,0,0
370107,2,1,1994,0,0,0,0,0,0,0,0,0,18
370108,1,1,1994,0,0,0,0,0,0,0,0,0,0
370108,2,1,1994,0,0,0,0,0,0,0,0,0,0
370109,1,1,1994,0,0,0,0,0,0,0,0,0,0
370110,1,1,1994,0,0,0,0,0,12,0,0,0,0
370110,2,1,1994,0,0,0,0,0,0,0,17,0,0
370111,0,1,1994,0,0,0,0,0,0,0,0,0,0
370111,1,1,1994,0,0,0,0,0,0,0,0,0,0
370112,0,1,1994,38,38,38,38,38,38,38,38,38,38
370112,1,1,1994,0,0,0,0,0,0,0,0,0,0
370113,0,1,1994,0,0,0,0,0,0,0,0,0,0
370113,1,1,1994,0,0,0,0,0,0,0,0,0,0
370114,1,1,1994,0,10,0,0,0,0,0,0,0,0
370114,2,1,1994,0,0,0,0,0,0,0,0,0,0
370115,1,1,1994,0,0,0,0,0,0,0,0,0,0