ST_CASE,VEH_NO,PER_NO,YEAR,P1,P2,P3,P4,P5,P6,P7,P8,P9,P10
370116,1,1,1994,0,0,3,6,4,29,0,58,19,0
370116,2,1,1994,0,0,0,0,0,0,0,0,0,0
370117,0,1,1994,0,0,0,0,2,30,0,20,0,0
370117,1,1,1994,0,0,0,38,0,0,0,0,20,0
370118,1,1,1994,0,0,0,0,0,0,0,0,0,0
370118,2,1,1994,0,0,0,0,0,0,0,0,0,0
370119,1,1,1994,0,0,0,0,0,0,0,0,0,0
370120,1,1,1994,0,0,0,0,0,0,0,0,0,0
370120,2,1,1994,28,28,28,28,28,28,28,28,28,28
370121,1,1,1994,0,0,0,0,0,0,0,0,0,0
370121,2,1,1994,0,20,4,0,12,0,0,0,0,13
370122,1,1,1994,46,46,46,46,46,46,46,46,46,46
370123,1,1,1994,26,22,27,15,19,9,26,14,0,14
370124,1,1,1994,0,0,0,0,0,0,0,0,0,0
370124,2,1,1994,14,14,14,14,14,14,14,14,14,14
370125,1,1,1994,26,10,14,21,15,18,13,25,27,30
370126,1,1,1994,14,0,0,0,0,0,0,0,0,0
370126,2,1,1994,12,12,12,12,12,12,12,12,12,12
370127,1,1,1994,0,0,0,0,0,0,0,0,0,0
370128,1,1,1994,20,20,20,20,20,20,20,20,20,20
370128,2,1,1994,0,0,0,0,0,0,0,0,0,0
370128,3,1,1994,0,0,0,0,0,0,0,0,0,0
370129,1,1,1994,0,0,0,0,0,0,0,0,0,0
370130,0,1,1994,13,27,22,16,17,25,25,9,13,10
370130,1,1,1994,0,0,0,0,0,0,0,0,0,0
370131,1,1,1994,9,21,20,4,13,27,23,27,36,25
370132,1,1,1994,0,0,0,0,0,0,0,0,0,0
370132,2,1,1994,0,0,0,0,0,0,0,0,0,0
370133,1,1,1994,0,0,0,0,0,0,0,0,0,0
370134,1,1,1994,0,0,0,0,0,0,0,0,0,0
370134,2,1,1994,24,24,24,24,24,24,24,24,24,24
370135,1,1,1994,0,0,0,0,0,0,0,0,0,0
370135,2,1,1994,0,0,0,0,0,0,0,0,0,0
370136,0,1,1994,39,39,39,39,39,39,39,39,39,39
370136,1,1,1994,0,0,9,0,10,0,0,0,0,21
370136,2,1,1994,0,0,0,0,0,0,0,0,0,0
370137,1,1,1994,28,20,18,16,17,25,13,18,26,31
370137,2,1,1994,0,0,0,0,0,0,0,0,0,0
370138,0,1,1994,0,0,0,0,0,0,0,0,0,0
370138,1,1,1994,0,0,0,0,0,0,0,0,0,0
370138,2,1,1994,0,0,0,0,0,3,0,0,0,0
370139,1,1,1994,0,0,0,0,0,0,0,0,0,0
370139,2,1,1994,0,0,0,0,0,0,0,0,0,0
370140,1,1,1994,0,0,11,3,0,0,0,0,0,0
370140,2,1,1994,0,0,0,0,0,0,0,0,0,0
370141,1,1,1994,0,0,0,0,0,0,0,0,0,0
370141,2,1,1994,0,0,0,0,0,0,0,0,18,0
370142,0,1,1994,0,0,0,0,0,0,0,0,0,0
370142,1,1,1994,0,0,0,0,0,0,0,0,0,6
370143,0,1,1994,0,0,0,0,0,0,0,0,0,0
370143,0,2,1994,0,0,0,0,0,0,0,0,0,0
370143,1,1,1994,0,0,0,0,0,0,0,0,0,0
370144,1,1,1994,0,0,0,0,0,0,0,0,0,0
370144,2,1,1994,0,0,9,0,0,0,0,0,0,0
370145,1,1,1994,19,19,19,19,19,19,19,19,19,19
370145,2,1,1994,0,0,0,0,0,0,0,0,0,0
370146,1,1,1994,0,0,0,0,0,0,0,0,0,0
370146,2,1,1994,24,24,24,24,24,24,24,24,24,24
370147,0,1,1994,0,0,0,0,0,0,0,0,0,0
370147,1,1,1994,0,0,0,0,0,0,0,7,0,0
370148,1,1,1994,0,0,0,0,0,0,0,0,0,0
370148,2,1,1994,0,0,0,0,0,0,0,0,0,0
370149,1,1,1994,19,19,19,19,19,19,19,19,19,19
370150,1,1,1994,14,14,17,17,17,10,16,18,9,5
370151,1,1,1994,25,25,25,25,25,25,25,25,25,25
370152,1,1,1994,23,23,23,23,23,23,23,23,23,23
370153,0,1,1994,31,31,31,31,31,31,31,31,31,31
370153,1,1,1994,0,0,6,0,0,0,0,0,0,0
370154,1,1,1994,0,0,0,0,0,0,0,0,0,0
370155,1,1,1994,15,22,22,18,18,14,22,15,10,16
370156,0,1,1994,36,36,36,36,36,36,36,36,36,36
370156,1,1,1994,0,0,0,0,0,0,0,0,0,0
370157,1,1,1994,0,0,0,0,0,0,0,0,0,0
370157,2,1,1994,0,0,0,0,0,0,0,0,0,0
370158,1,1,1994,20,20,20,20,20,20,20,20,20,20
370159,1,1,1994,0,0,0,0,0,0,0,0,0,0
370159,2,1,1994,0,0,0,0,0,0,0,0,0,0
370159,3,1,1994,0,0,0,0,0,0,0,0,0,0
370160,1,1,1994,25,25,25,25,25,25,25,25,25,25
370161,0,1,1994,2,2,2,2,2,2,2,2,2,2
370161,1,1,1994,29,16,0,0,28,0,29,0,0,0
370162,1,1,1994,0,0,0,0,0,0,0,0,0,17
370162,2,1,1994,11,11,11,11,11,11,11,11,11,11
370163,1,1,1994,13,13,13,13,13,13,13,13,13,13
370164,1,1,1994,10,10,10,10,10,10,10,10,10,10
370165,0,1,1994,0,5,28,0,0,0,0,0,0,0
370165,1,1,1994,0,0,0,0,0,0,0,0,0,0
370166,1,1,1994,0,0,0,0,0,0,0,0,0,0
370166,2,1,1994,0,0,0,0,0,0,0,0,0,0
370167,0,1,1994,19,19,19,19,19,19,19,19,19,19
370167,1,1,1994,0,0,0,34,0,0,0,0,0,0
370168,1,1,1994,0,0,0,0,0,0,0,0,0,0
370168,2,1,1994,0,0,0,0,0,0,0,0,0,0
370169,1,1,1994,0,0,0,0,0,0,0,0,0,0
370169,2,1,1994,0,0,0,0,0,0,0,9,0,0
370170,0,1,1994,16,16,16,16,16,16,16,16,16,16
370170,1,1,1994,17,16,47,16,9,14,11,18,31,8
370171,1,1,1994,0,0,0,0,0,0,0,0,0,0
370172,1,1,1994,0,0,0,0,0,0,0,0,0,0
370172,2,1,1994,0,0,0,0,0,0,0,0,0,0
370173,1,1,1994,0,0,0,0,0,0,0,0,0,0
370173,2,1,1994,0,0,0,0,0,0,0,0,0,0
370174,1,1,1994,25,25,25,25,25,25,25,25,25,25
370175,0,1,1994,27,27,27,27,27,27,27,27,27,27
370175,1,1,1994,0,0,0,0,0,0,0,0,0,0
370176,1,1,1994,0,0,10,0,0,0,0,0,0,0
370176,2,1,1994,0,0,0,0,0,0,0,0,0,0
370177,1,1,1994,0,0,0,0,0,0,0,0,0,0
370177,2,1,1994,0,0,0,0,6,0,4,0,0,0
370178,1,1,1994,0,0,0,0,0,0,0,0,0,15
370178,2,1,1994,0,0,0,0,0,0,0,0,0,0
370179,1,1,1994,0,0,0,0,0,0,0,0,0,0
370179,2,1,1994,0,0,0,0,0,0,0,0,0,0
370180,1,1,1994,0,0,0,0,0,0,0,0,0,0
370180,2,1,1994,0,0,0,0,0,0,0,0,0,0
370181,1,1,1994,0,0,0,0,0,0,0,0,0,0
370182,1,1,1994,0,0,0,0,0,0,0,0,0,0
370182,2,1,1994,0,0,0,0,0,0,0,0,0,0
370182,3,1,1994,0,0,0,0,0,0,0,0,0,0
370183,1,1,1994,0,0,19,0,0,0,0,0,0,0
370183,2,1,1994,20,20,20,20,20,20,20,20,20,20
370184,1,1,1994,13,20,18,18,18,14,27,24,13,13
370185,0,1,1994,0,0,0,0,0,0,0,0,0,0
370185,1,1,1994,0,0,12,0,0,0,0,0,0,14
370186,1,1,1994,39,39,39,39,39,39,39,39,39,39
370187,1,1,1994,0,0,0,0,0,0,0,0,0,0
370187,2,1,1994,0,0,0,0,0,0,0,0,0,0
370188,1,1,1994,33,33,33,33,33,33,33,33,33,33
370189,1,1,1994,22,22,22,22,22,22,22,22,22,22
370190,1,1,1994,0,0,0,0,0,0,0,0,0,0
370190,2,1,1994,0,0,0,0,0,0,0,0,0,0
370191,1,1,1994,22,22,22,22,22,22,22,22,22,22
370192,1,1,1994,12,19,9,10,9,9,12,16,25,12
370192,2,1,1994,0,0,0,0,0,0,0,0,0,0
370193,1,1,1994,21,21,21,21,21,21,21,21,21,21
370194,1,1,1994,0,0,0,0,0,0,22,0,0,0
370194,2,1,1994,0,0,0,0,0,0,0,0,0,0
370195,1,1,1994,0,0,0,0,0,0,0,0,0,0
370195,2,1,1994,0,0,0,0,0,0,0,0,0,0
370195,3,1,1994,0,0,0,0,0,0,0,0,0,0
370196,1,1,1994,0,0,0,0,0,0,0,0,0,0
370197,1,1,1994,12,0,0,0,0,0,0,0,0,0
370198,1,1,1994,0,0,0,0,0,0,0,0,0,0
370198,2,1,1994,0,0,0,0,0,0,0,0,0,0
370199,1,1,1994,0,0,0,0,0,0,0,0,0,0
370199,2,1,1994,0,0,0,0,0,0,0,0,0,10
370200,1,1,1994,0,0,0,0,0,0,0,0,0,0
370201,1,1,1994,0,0,0,0,0,0,0,0,0,0
370202,1,1,1994,0,0,0,0,0,0,0,0,0,0
370202,2,1,1994,0,0,0,0,0,0,0,0,0,0
370203,1,1,1994,0,0,0,0,0,0,0,0,0,0
370204,1,1,1994,0,0,0,0,0,0,0,0,0,0
370204,2,1,1994,0,0,0,0,0,0,0,0,0,0
370205,0,1,1994,0,0,0,0,0,0,0,0,0,0
370205,1,1,1994,0,0,0,0,0,0,0,0,0,0
370206,1,1,1994,0,0,0,0,0,0,0,0,0,0
370206,2,1,1994,0,0,0,0,0,0,0,0,0,0
370207,1,1,1994,0,0,0,0,0,11,0,0,0,0
370207,2,1,1994,0,0,0,0,0,0,0,0,0,0
370208,1,1,1994,0,0,0,0,0,0,0,0,0,0
370208,2,1,1994,0,0,0,0,0,0,0,0,0,0
370209,1,1,1994,0,0,0,0,0,0,0,0,0,0
370209,2,1,1994,16,10,14,20,9,12,6,10,8,17
370210,1,1,1994,27,27,27,27,27,27,27,27,27,27
370211,0,1,1994,0,10,29,0,11,0,16,21,23,24
370211,1,1,1994,0,0,6,0,0,0,0,0,0,0
370211,2,1,1994,0,0,0,0,0,0,0,0,0,0
370212,1,1,1994,0,0,0,8,0,0,19,15,13,0
370212,2,1,1994,0,0,0,6,0,0,0,0,0,0
370212,3,1,1994,0,0,0,0,0,0,0,11,0,0
370213,1,1,1994,14,14,14,14,14,14,14,14,14,14
370214,1,1,1994,0,0,0,0,0,0,0,0,0,0
370214,2,1,1994,0,0,0,0,0,0,0,0,0,0
370215,1,1,1994,0,0,0,0,0,0,0,0,0,0
370215,2,1,1994,0,0,0,0,0,0,0,0,0,0
370216,1,1,1994,0,0,0,0,0,0,0,0,0,0
370217,1,1,1994,0,0,0,0,0,0,0,0,0,0
370217,2,1,1994,0,0,0,0,0,0,0,0,0,0
370217,3,1,1994,0,0,0,0,0,0,0,0,0,0
370218,1,1,1994,11,19,12,12,14,22,9,15,18,20
370218,2,1,1994,0,0,0,0,0,0,0,0,0,0
370219,1,1,1994,24,17,28,27,25,19,0,13,1,19
370220,0,1,1994,0,0,0,0,0,0,0,0,0,0
370220,1,1,1994,0,0,0,0,0,0,0,0,0,0
370221,1,1,1994,9,9,9,9,9,9,9,9,9,9
370222,1,1,1994,0,0,15,12,19,1,10,8,19,11
370222,2,1,1994,0,0,0,0,0,0,0,0,0,0
370223,0,1,1994,0,0,0,0,0,0,0,0,0,0
370223,0,2,1994,0,0,0,0,0,0,0,36,0,0
370223,1,1,1994,0,4,0,0,0,0,0,0,0,0
370223,2,1,1994,0,0,0,0,0,0,0,0,0,0
370224,1,1,1994,0,0,0,0,0,0,0,0,0,0
370224,2,1,1994,0,0,0,0,0,0,0,0,0,0
370225,1,1,1994,0,0,0,0,0,0,0,0,0,0
370225,2,1,1994,0,0,0,0,0,0,0,0,0,0
370226,1,1,1994,0,0,0,0,0,0,0,0,0,0
370227,1,1,1994,0,0,0,0,0,0,0,0,0,0
370227,2,1,1994,0,0,0,0,0,0,0,0,0,0
370228,0,1,1994,0,0,0,0,0,0,0,0,0,0
370228,1,1,1994,0,0,0,0,0,0,0,0,0,0
370229,1,1,1994,0,0,0,0,0,0,0,0,0,0
370229,2,1,1994,0,0,0,0,0,0,0,0,0,0
370230,1,1,1994,0,0,0,0,0,0,0,0,0,0
370230,2,1,1994,15,0,0,0,9,8,0,14,3,0
370231,1,1,1994,0,0,0,0,0,0,0,0,0,0
370231,2,1,1994,0,0,0,0,0,0,0,0,0,0
370232,1,1,1994,30,30,30,30,30,30,30,30,30,30
370233,0,1,1994,0,0,0,0,0,0,0,0,0,0
370233,1,1,1994,0,0,0,0,0,0,0,0,0,0
370234,1,1,1994,23,3,13,10,8,0,11,20,34,12
370235,1,1,1994,0,0,0,0,0,0,0,0,0,0
370236,1,1,1994,0,0,0,0,0,0,0,0,0,0
370236,2,1,1994,20,13,0,0,0,0,0,0,0,0
370237,0,1,1994,0,0,0,0,0,0,0,0,0,0
370237,0,2,1994,0,0,13,0,0,0,0,0,0,0
370237,1,1,1994,0,0,0,0,0,0,0,0,0,0
370238,1,1,1994,21,21,21,21,21,21,21,21,21,21
370238,2,1,1994,0,0,0,0,0,0,0,0,0,0
370239,1,1,1994,0,0,0,0,0,0,0,0,0,0
370239,2,1,1994,24,0,0,18,0,0,0,0,0,0
370240,1,1,1994,0,0,0,0,0,0,0,0,0,0
370240,2,1,1994,0,0,0,0,0,0,0,0,0,0
370241,1,1,1994,31,31,31,31,31,31,31,31,31,31
370242,1,1,1994,0,0,0,0,0,0,0,0,0,0
370243,0,1,1994,0,0,0,0,0,0,0,0,0,0
370243,1,1,1994,14,19,11,4,19,17,17,13,15,7
370244,1,1,1994,17,31,10,19,0,5,30,12,23,20
370244,2,1,1994,0,27,0,4,0,0,0,0,7,0
370245,1,1,1994,13,18,12,17,7,20,8,18,0,23
370246,1,1,1994,0,0,0,0,0,0,0,0,0,0
370246,2,1,1994,0,0,0,0,0,0,0,0,0,0
370247,0,1,1994,0,6,7,0,0,0,0,0,0,0
370247,1,1,1994,0,0,0,0,0,0,0,0,0,0
370248,1,1,1994,19,0,0,0,0,0,0,0,0,31
370250,1,1,1994,23,23,23,23,23,23,23,23,23,23
370251,1,1,1994,10,0,0,14,0,10,0,15,0,0
370251,2,1,1994,0,0,0,0,0,0,0,0,0,0
370252,1,1,1994,0,0,0,0,0,0,0,0,0,0
370252,2,1,1994,0,0,0,0,0,0,0,0,0,0
370253,1,1,1994,0,0,0,0,0,0,0,0,0,0
370254,1,1,1994,38,38,38,38,38,38,38,38,38,38
370255,1,1,1994,14,14,14,14,14,14,14,14,14,14
370256,1,1,1994,0,0,0,0,0,0,0,0,0,0
370257,1,1,1994,0,0,0,0,0,0,0,0,0,0
370257,2,1,1994,0,0,0,0,0,0,0,0,0,0
370258,0,1,1994,0,0,0,0,0,0,0,0,0,0
370258,1,1,1994,0,17,0,0,0,0,0,0,0,0
370259,1,1,1994,0,0,0,0,0,0,0,0,0,0
370259,2,1,1994,0,0,0,0,0,0,0,0,0,0
370259,3,1,1994,0,0,0,0,0,0,0,0,0,0
370260,1,1,1994,0,0,0,0,0,0,0,0,0,0
370260,2,1,1994,0,0,0,0,0,0,0,0,0,0
370261,1,1,1994,0,0,0,0,0,0,0,0,0,0
370261,2,1,1994,0,0,0,0,0,0,0,0,0,0
370262,1,1,1994,0,0,0,0,0,0,0,0,0,0
370262,2,1,1994,0,0,0,0,0,0,0,0,0,0
370263,0,1,1994,0,0,0,0,0,0,0,0,0,0
370263,1,1,1994,0,0,0,9,0,0,0,0,0,0
370264,1,1,1994,0,0,0,0,0,0,0,0,0,0
370264,2,1,1994,0,0,0,0,0,0,0,0,0,0
370265,1,1,1994,0,0,0,0,0,0,0,0,0,0
370266,0,1,1994,0,0,0,0,0,0,0,0,0,0
370266,1,1,1994,0,0,0,0,0,0,0,0,0,0
370267,1,1,1994,18,18,18,18,18,18,18,18,18,18
370268,1,1,1994,0,27,0,0,0,6,0,0,13,0
370268,2,1,1994,0,0,0,0,0,0,0,0,0,0
370268,3,1,1994,0,0,0,0,0,0,0,0,0,0
370269,1,1,1994,0,0,0,41,0,0,21,0,0,0
370270,1,1,1994,8,8,8,8,8,8,8,8,8,8
370271,1,1,1994,0,0,0,0,0,0,0,0,0,0
370271,2,1,1994,0,0,0,0,0,0,0,0,0,0
370272,1,1,1994,0,0,0,0,0,0,0,0,0,0
370273,1,1,1994,0,0,0,0,0,0,0,0,0,0
370274,1,1,1994,6,0,32,20,27,14,8,0,20,0
370275,1,1,1994,0,0,0,0,0,0,0,0,7,0
370276,1,1,1994,0,0,0,0,0,0,0,0,0,0
370276,2,1,1994,0,0,0,0,0,0,0,0,0,0
370277,1,1,1994,0,0,0,0,0,0,0,0,0,0
370277,2,1,1994,0,0,0,0,0,0,0,0,0,0
370278,1,1,1994,0,0,0,0,0,0,0,0,0,0
370278,2,1,1994,0,0,0,0,11,0,0,0,0,0
370279,1,1,1994,0,0,0,0,0,0,0,0,0,0
370279,2,1,1994,0,0,0,0,15,0,0,0,0,0
370280,1,1,1994,16,16,16,16,16,16,16,16,16,16
370281,1,1,1994,0,0,0,0,0,0,0,0,0,0
370281,2,1,1994,0,0,0,0,0,0,0,0,0,0
370282,0,1,1994,9,9,9,9,9,9,9,9,9,9
370282,1,1,1994,11,12,14,0,9,0,33,22,0,0
370283,1,1,1994,24,24,24,24,24,24,24,24,24,24
370284,1,1,1994,0,0,0,0,0,0,0,0,0,0
370285,1,1,1994,0,0,0,0,0,0,0,0,0,0
370285,2,1,1994,23,23,23,23,23,23,23,23,23,23
370286,0,1,1994,0,0,0,0,0,0,0,0,0,0
370286,1,1,1994,0,0,0,0,0,0,0,0,0,0
370287,1,1,1994,0,0,0,0,0,0,0,0,0,0
370287,2,1,1994,0,0,0,0,0,0,0,0,0,0
370288,0,1,1994,0,0,0,0,0,0,0,0,0,0
370288,1,1,1994,0,0,0,0,0,0,0,6,0,0
370289,1,1,1994,0,0,0,0,0,0,0,0,0,0
370290,0,1,1994,0,0,0,0,0,0,0,0,0,0
370290,1,1,1994,0,0,0,0,0,0,0,6,0,0
370291,1,1,1994,0,0,0,0,0,0,0,0,0,0
370291,2,1,1994,0,0,0,0,0,0,0,0,0,0
370292,1,1,1994,27,27,27,27,27,27,27,27,27,27
370293,1,1,1994,0,0,7,0,14,0,0,0,0,0
370294,0,1,1994,31,31,31,31,31,31,31,31,31,31
370294,1,1,1994,0,0,0,0,0,0,0,0,0,0
370295,1,1,1994,0,0,0,0,0,0,0,0,0,0
370295,2,1,1994,0,0,18,0,0,0,0,0,0,0
370296,0,1,1994,0,0,0,0,0,0,0,0,0,0
370296,1,1,1994,0,0,0,0,0,0,0,0,0,0
370297,1,1,1994,0,0,0,0,0,0,0,0,0,0
370297,2,1,1994,0,0,0,0,0,0,0,0,0,0
370298,1,1,1994,11,22,21,2,16,12,15,16,14,13
370298,2,1,1994,0,0,0,0,0,0,0,0,0,0
370299,1,1,1994,20,15,19,10,2,6,39,10,9,38
370300,1,1,1994,0,0,0,0,0,0,0,0,0,0
370300,2,1,1994,0,0,0,0,0,0,0,0,0,0
370301,1,1,1994,0,0,0,0,16,0,0,15,0,0
370301,2,1,1994,0,0,0,0,0,0,0,0,0,0
370302,0,1,1994,0,0,0,0,0,0,0,0,0,0
370302,1,1,1994,0,0,0,0,0,0,0,0,0,0
370303,0,1,1994,0,0,0,0,0,0,0,0,0,0
370303,1,1,1994,26,0,0,0,0,0,0,0,0,0
370304,1,1,1994,0,0,0,0,0,0,0,0,0,0
370304,2,1,1994,0,0,0,0,0,0,0,0,0,0
370305,0,1,1994,0,0,0,0,0,0,0,0,0,0
370305,1,1,1994,0,12,0,0,0,0,0,0,0,0
370306,1,1,1994,21,0,25,21,36,21,8,24,23,4
370306,2,1,1994,0,0,0,0,0,0,0,0,0,0
370307,1,1,1994,0,0,0,0,0,0,0,0,0,0
370307,2,1,1994,0,0,0,0,0,0,0,0,0,0
370308,0,1,1994,30,30,30,30,30,30,30,30,30,30
370308,1,1,1994,0,4,0,0,0,0,11,0,0,0
370309,1,1,1994,24,24,24,24,24,24,24,24,24,24
370310,0,1,1994,0,0,0,0,0,0,0,0,0,0
370310,1,1,1994,0,0,0,0,0,0,0,0,0,0
370311,1,1,1994,0,0,0,0,0,0,0,0,0,0
370311,2,1,1994,0,0,0,0,0,0,0,0,0,0
370312,1,1,1994,0,0,0,16,0,0,36,0,0,0
370312,2,1,1994,0,0,0,0,0,0,0,0,0,0
370313,0,1,1994,0,0,0,0,0,0,0,0,0,0
370313,1,1,1994,0,0,0,0,0,9,0,0,0,0
370313,2,1,1994,0,0,0,0,13,0,0,0,0,21
370314,1,1,1994,0,0,0,0,0,0,0,0,0,0
370314,2,1,1994,0,0,0,0,0,0,0,0,0,0
370315,1,1,1994,18,26,19,21,9,19,22,15,18,24
370316,1,1,1994,0,0,0,0,0,0,0,0,0,0
370317,0,1,1994,14,14,14,14,14,14,14,14,14,14
370317,1,1,1994,10,0,0,0,22,0,0,0,0,0
370318,1,1,1994,0,0,0,0,0,0,0,0,0,0
370318,2,1,1994,0,0,0,0,0,0,0,0,0,0
370319,1,1,1994,0,0,0,0,0,0,0,0,0,0
370320,1,1,1994,0,0,0,0,9,0,0,18,0,0
370321,1,1,1994,0,0,0,0,0,0,0,0,0,0
370322,1,1,1994,0,0,0,0,0,0,0,0,0,0
370322,2,1,1994,16,13,7,8,17,12,13,8,15,16
370323,1,1,1994,23,3,22,8,0,11,0,7,10,0
370323,2,1,1994,20,19,23,10,30,4,14,11,18,0
370324,1,1,1994,19,19,19,19,19,19,19,19,19,19
370325,1,1,1994,0,0,0,0,0,0,0,0,0,0
370326,1,1,1994,0,0,0,0,0,0,0,0,0,0
370327,0,1,1994,0,0,0,0,0,0,0,0,0,0
370327,1,1,1994,0,0,0,0,0,0,0,0,0,0
370328,0,1,1994,22,22,22,22,22,22,22,22,22,22
370328,1,1,1994,0,9,0,25,8,22,6,0,20,16
370328,2,1,1994,14,15,5,11,18,3,23,13,15,15
370329,1,1,1994,0,0,0,0,0,0,0,0,0,0
370329,2,1,1994,0,0,0,0,0,0,0,0,0,0
370330,1,1,1994,0,0,0,0,0,0,0,0,0,0
370330,2,1,1994,0,0,0,0,0,0,0,0,0,0
370331,1,1,1994,0,0,0,0,0,0,0,0,0,0
370332,1,1,1994,0,0,0,0,0,0,0,0,0,0
370332,2,1,1994,0,0,0,0,0,0,0,0,0,0
370332,3,1,1994,0,0,0,0,0,0,0,0,0,0
370333,1,1,1994,0,0,0,0,0,0,0,0,0,0
370333,2,1,1994,0,0,0,0,0,0,0,0,0,0
370334,1,1,1994,0,0,0,0,0,0,0,0,0,0
370334,2,1,1994,0,0,0,0,0,0,0,0,0,0
370335,0,1,1994,18,0,0,0,0,0,0,0,0,0
370335,1,1,1994,0,0,0,0,0,0,0,0,7,0
370336,1,1,1994,0,0,0,0,0,0,0,0,0,0
370336,2,1,1994,0,0,0,0,0,0,0,0,0,0
370336,3,1,1994,0,0,0,0,0,0,0,0,0,0
370337,1,1,1994,0,0,0,6,0,16,0,27,0,0
370338,1,1,1994,0,0,0,0,0,0,0,0,0,0
370339,1,1,1994,16,16,16,16,16,16,16,16,16,16
370340,1,1,1994,0,0,0,0,0,0,0,0,0,0
370341,1,1,1994,0,0,0,0,0,0,0,0,0,0
370342,1,1,1994,0,0,0,0,0,0,0,0,0,0
370342,2,1,1994,0,0,0,0,0,17,0,0,0,0
370343,1,1,1994,18,18,18,18,18,18,18,18,18,18
370343,2,1,1994,10,10,10,10,10,10,10,10,10,10
370344,1,1,1994,0,0,0,0,0,0,0,0,0,0
370344,2,1,1994,0,0,0,0,0,0,0,0,0,0
370345,1,1,1994,0,0,0,0,0,0,0,0,0,0
370346,1,1,1994,27,27,27,27,27,27,27,27,27,27
370347,1,1,1994,0,0,0,0,0,0,0,0,0,0
370347,2,1,1994,0,0,0,0,0,0,0,0,0,0
370348,1,1,1994,0,0,0,0,0,0,0,0,0,0
370348,2,1,1994,0,0,0,0,28,0,0,0,0,20
370349,1,1,1994,0,0,0,0,0,0,0,0,0,0
370349,2,1,1994,0,0,0,0,0,0,0,0,0,0
370350,1,1,1994,21,19,16,14,37,28,14,31,18,10
370351,1,1,1994,0,0,0,0,0,0,0,0,0,0
370351,2,1,1994,0,0,0,0,0,0,0,0,0,0
370352,1,1,1994,3,8,10,4,18,4,23,11,13,18
370352,2,1,1994,0,0,0,0,0,0,0,0,0,0
370353,1,1,1994,13,13,13,13,13,13,13,13,13,13
370354,1,1,1994,16,18,14,23,12,21,4,34,27,25
370355,1,1,1994,0,0,0,0,0,0,0,0,0,0
370355,2,1,1994,9,26,19,5,19,27,27,26,26,9
370356,1,1,1994,22,22,22,22,22,22,22,22,22,22
370357,1,1,1994,4,4,4,4,4,4,4,4,4,4
370358,1,1,1994,0,0,0,0,0,0,0,0,0,0
370359,1,1,1994,0,0,0,0,0,0,0,0,0,0
370359,2,1,1994,0,0,0,0,0,0,0,0,0,0
370360,1,1,1994,0,0,0,0,0,0,0,0,0,0
370361,1,1,1994,24,24,24,24,24,24,24,24,24,24
370362,1,1,1994,0,0,0,0,0,0,0,0,0,0
370362,2,1,1994,0,0,0,0,0,0,0,0,0,0
370363,1,1,1994,0,0,0,0,0,0,0,0,0,0
370363,2,1,1994,0,0,0,0,0,0,0,0,0,0
370364,1,1,1994,0,0,0,0,0,0,0,0,0,0
370364,2,1,1994,0,0,0,0,0,0,0,0,0,0
370365,1,1,1994,0,0,0,0,0,0,0,0,0,0
370365,2,1,1994,0,0,0,0,0,0,0,0,12,0
370366,1,1,1994,0,0,0,5,0,0,0,0,0,0
370366,2,1,1994,0,0,0,0,0,0,0,0,0,0
370367,1,1,1994,0,0,0,0,0,0,0,0,0,0
370367,2,1,1994,0,0,0,0,0,0,0,0,0,0
370368,1,1,1994,0,0,0,0,0,0,0,0,0,0
370368,2,1,1994,0,0,0,0,0,0,0,0,0,0
370369,0,1,1994,23,23,23,23,23,23,23,23,23,23
370369,1,1,1994,0,0,0,0,0,0,0,0,0,0
370370,1,1,1994,0,0,0,0,0,0,0,0,0,0
370370,2,1,1994,0,0,0,0,0,0,0,0,0,0
370371,1,1,1994,0,0,0,0,0,0,0,0,0,0
370371,2,1,1994,0,0,0,0,0,0,0,0,0,0
370371,3,1,1994,0,0,0,0,0,0,0,0,3,0
370371,4,1,1994,0,0,0,0,0,0,0,0,0,0
370372,1,1,1994,0,0,0,0,0,0,0,0,0,0
370372,2,1,1994,0,0,0,0,0,0,0,0,0,0
370373,1,1,1994,17,17,17,17,17,17,17,17,17,17
370374,1,1,1994,0,0,0,0,0,0,0,0,0,0
370374,2,1,1994,0,0,0,0,0,0,0,0,0,0
370375,0,1,1994,0,0,0,0,0,0,0,0,0,0
370375,0,2,1994,14,0,0,0,14,0,0,10,0,0
370375,1,1,1994,0,0,0,0,0,0,0,0,37,0
370376,1,1,1994,9,5,7,14,16,16,27,13,10,9
370377,1,1,1994,0,0,0,0,0,0,0,0,0,0
370378,1,1,1994,2,2,2,2,2,2,2,2,2,2
370378,2,1,1994,0,0,0,0,0,0,0,0,0,0
370379,1,1,1994,0,0,0,0,0,0,0,0,0,0
370380,1,1,1994,0,0,0,0,0,0,0,0,0,0
370380,2,1,1994,0,0,0,0,0,0,0,0,0,0
370381,1,1,1994,29,29,29,29,29,29,29,29,29,29
370382,1,1,1994,0,0,0,0,0,0,0,0,0,0
370382,2,1,1994,21,21,21,21,21,21,21,21,21,21
370383,1,1,1994,0,0,0,0,0,0,0,11,0,0
370383,2,1,1994,0,0,0,0,0,0,0,0,0,0