ST_CASE,VEH_NO,PER_NO,YEAR,P1,P2,P3,P4,P5,P6,P7,P8,P9,P10
370384,1,1,1994,0,0,0,0,0,0,0,0,0,0
370384,2,1,1994,0,0,0,0,0,0,0,0,0,0
370385,1,1,1994,0,0,0,0,0,0,0,0,0,0
370385,2,1,1994,0,0,0,0,0,0,0,0,0,0
370386,1,1,1994,21,21,21,21,21,21,21,21,21,21
370386,2,1,1994,0,0,0,0,0,0,0,0,0,0
370387,1,1,1994,0,0,0,0,0,0,0,0,0,0
370387,2,1,1994,0,0,0,0,0,0,0,0,0,0
370388,1,1,1994,0,0,0,0,0,0,0,0,0,0
370388,2,1,1994,0,0,0,0,0,0,0,0,0,0
370389,1,1,1994,3,3,3,3,3,3,3,3,3,3
370390,1,1,1994,0,0,0,0,0,0,0,0,0,0
370390,2,1,1994,0,0,0,0,0,0,0,0,0,0
370391,1,1,1994,21,21,21,21,21,21,21,21,21,21
370392,1,1,1994,0,0,0,0,0,0,0,0,0,0
370393,1,1,1994,9,18,13,0,33,9,5,0,11,19
370394,1,1,1994,21,21,21,21,21,21,21,21,21,21
370395,1,1,1994,0,0,4,0,0,0,0,0,0,0
370395,2,1,1994,0,0,0,0,0,0,0,0,0,0
370396,1,1,1994,0,0,0,0,0,0,0,0,0,0
370397,1,1,1994,0,0,0,0,0,0,0,0,0,0
370397,2,1,1994,3,3,3,3,3,3,3,3,3,3
370398,1,1,1994,0,0,0,0,0,0,0,0,0,0
370398,2,1,1994,0,4,0,0,0,0,0,0,0,0
370399,1,1,1994,0,0,0,0,0,0,0,0,0,0
370400,1,1,1994,5,5,5,5,5,5,5,5,5,5
370401,1,1,1994,0,0,0,0,0,0,0,0,0,0
370402,1,1,1994,24,24,24,24,24,24,24,24,24,24
370403,1,1,1994,0,0,0,0,0,0,0,0,0,0
370403,2,1,1994,0,0,0,0,0,0,0,0,0,0
370404,1,1,1994,8,8,8,8,8,8,8,8,8,8
370405,1,1,1994,0,0,0,0,0,0,0,0,0,0
370405,2,1,1994,0,0,0,0,0,0,0,0,0,0
370406,1,1,1994,14,22,24,0,0,0,26,3,0,14
370407,1,1,1994,0,0,0,0,0,0,0,0,0,0
370408,1,1,1994,8,8,8,8,8,8,8,8,8,8
370409,1,1,1994,12,12,12,12,12,12,12,12,12,12
370410,1,1,1994,13,0,0,0,0,0,0,0,0,0
370410,2,1,1994,0,0,0,0,0,0,0,0,0,0
370411,1,1,1994,0,0,0,0,0,0,0,0,0,0
370412,1,1,1994,0,0,0,0,0,0,0,0,0,0
370413,1,1,1994,0,0,0,0,0,0,0,0,0,0
370413,2,1,1994,0,0,0,0,0,0,0,0,0,0
370414,1,1,1994,27,27,27,27,27,27,27,27,27,27
370415,1,1,1994,0,0,0,0,0,0,0,0,0,0
370415,2,1,1994,32,0,0,0,0,0,0,0,0,0
370416,1,1,1994,7,7,7,7,7,7,7,7,7,7
370417,1,1,1994,24,24,24,24,24,24,24,24,24,24
370417,2,1,1994,0,0,0,0,0,0,6,0,0,0
370418,1,1,1994,0,0,0,0,0,0,0,0,0,0
370418,2,1,1994,0,0,0,0,0,0,0,0,0,0
370419,1,1,1994,0,22,0,0,0,13,0,0,0,0
370419,2,1,1994,0,0,0,0,0,0,0,0,0,0
370419,3,1,1994,0,0,0,0,0,0,0,12,0,0
370420,1,1,1994,0,0,0,0,0,0,0,0,0,0
370421,0,1,1994,0,0,0,0,0,0,0,0,0,0
370421,1,1,1994,19,6,0,29,0,23,5,8,5,10
370422,1,1,1994,0,0,0,0,0,0,0,0,0,0
370422,2,1,1994,0,0,0,0,0,0,0,0,0,0
370422,3,1,1994,0,0,0,0,0,0,0,0,0,0
370423,1,1,1994,0,0,0,0,0,0,0,0,0,0
370423,2,1,1994,0,0,0,0,0,0,23,0,0,0
370424,0,1,1994,17,17,17,17,17,17,17,17,17,17
370424,1,1,1994,13,25,28,28,33,15,18,21,4,5
370425,1,1,1994,29,29,29,29,29,29,29,29,29,29
370425,2,1,1994,0,0,0,0,0,0,0,0,0,0
370426,1,1,1994,19,19,19,19,19,19,19,19,19,19
370427,1,1,1994,0,0,0,0,0,0,0,0,0,0
370427,2,1,1994,13,0,0,0,0,0,0,0,0,0
370428,1,1,1994,21,22,11,25,20,20,17,22,19,30
370430,1,1,1994,0,0,0,0,0,0,0,0,0,0
370430,2,1,1994,0,0,0,0,0,0,0,0,0,0
370430,3,1,1994,0,0,0,0,0,0,0,0,0,0
370431,1,1,1994,0,0,0,0,0,0,0,0,0,0
370432,1,1,1994,0,0,0,0,0,0,0,0,0,0
370433,1,1,1994,0,0,0,0,0,0,0,0,21,0
370434,1,1,1994,8,24,31,12,13,15,21,0,16,0
370435,0,1,1994,31,31,31,31,31,31,31,31,31,31
370435,1,1,1994,0,0,0,0,0,0,0,0,0,0
370436,1,1,1994,0,0,0,0,0,0,0,0,0,0
370436,2,1,1994,0,0,0,0,0,0,0,0,0,0
370437,1,1,1994,0,0,0,0,0,0,0,0,0,0
370437,2,1,1994,0,0,0,0,0,0,0,0,0,0
370438,1,1,1994,0,0,0,0,0,0,0,0,0,0
370438,2,1,1994,0,0,0,0,0,0,0,0,0,0
370439,1,1,1994,0,0,0,0,0,0,0,0,0,0
370439,2,1,1994,0,0,0,0,0,0,0,0,0,0
370440,1,1,1994,0,0,0,0,0,0,0,0,0,0
370441,1,1,1994,0,0,0,0,0,0,0,0,11,0
370442,1,1,1994,0,0,0,0,0,0,0,0,0,0
370443,1,1,1994,0,0,0,0,0,0,0,0,0,0
370444,1,1,1994,0,0,10,0,0,0,0,0,0,0
370444,2,1,1994,0,0,0,0,0,0,0,0,0,0
370445,1,1,1994,26,26,15,0,33,21,19,22,18,25
370446,0,1,1994,0,0,0,0,0,0,0,0,0,0
370446,1,1,1994,0,0,0,0,0,0,0,0,0,0
370447,0,1,1994,0,0,0,0,0,0,0,0,0,0
370447,1,1,1994,0,0,0,0,0,0,0,0,0,0
370448,1,1,1994,13,13,13,13,13,13,13,13,13,13
370449,1,1,1994,0,0,13,22,0,5,0,0,0,0
370450,1,1,1994,0,0,0,0,0,0,0,0,0,0
370451,1,1,1994,0,0,0,0,0,0,0,0,0,0
370451,2,1,1994,0,0,0,0,0,0,0,0,0,0
370452,1,1,1994,0,0,0,0,0,0,0,0,0,0
370452,2,1,1994,0,0,0,0,0,0,0,0,0,0
370453,1,1,1994,0,0,0,0,0,0,9,0,0,0
370454,1,1,1994,0,0,0,0,0,0,0,0,0,0
370455,1,1,1994,0,0,0,0,0,0,0,0,0,0
370456,1,1,1994,0,0,0,0,0,0,0,0,0,0
370456,2,1,1994,13,10,0,13,0,12,31,8,12,35
370457,1,1,1994,7,7,7,7,7,7,7,7,7,7
370458,1,1,1994,29,23,14,20,22,29,29,23,17,35
370459,1,1,1994,0,0,0,0,0,0,0,0,0,0
370459,2,1,1994,0,0,0,0,0,0,0,0,0,0
370460,1,1,1994,0,0,0,0,0,0,0,0,0,0
370460,2,1,1994,0,0,0,0,0,0,0,0,0,0
370461,0,1,1994,0,0,0,0,0,0,0,0,0,0
370461,1,1,1994,0,0,0,0,0,0,0,0,0,0
370462,0,1,1994,29,29,29,29,29,29,29,29,29,29
370462,0,2,1994,0,17,9,16,0,16,0,0,26,0
370462,1,1,1994,0,0,0,0,0,0,0,0,0,0
370463,1,1,1994,0,0,0,10,0,0,0,0,0,0
370463,2,1,1994,0,0,0,0,0,0,0,0,0,0
370464,0,1,1994,3,3,3,3,3,3,3,3,3,3
370464,1,1,1994,0,0,0,0,0,0,0,0,0,0
370465,0,1,1994,0,0,0,0,0,0,0,0,0,0
370465,1,1,1994,0,0,0,0,0,0,0,0,0,0
370466,1,1,1994,0,0,0,0,0,0,0,0,0,0
370466,2,1,1994,0,0,0,0,0,0,0,0,0,0
370467,1,1,1994,0,0,0,0,0,0,0,0,0,0
370467,2,1,1994,0,0,0,0,0,0,0,0,0,0
370468,1,1,1994,20,14,13,26,12,7,7,8,19,0
370469,1,1,1994,14,0,0,0,0,0,0,0,0,0
370470,1,1,1994,0,0,0,0,0,0,0,0,0,0
370470,2,1,1994,0,0,0,0,0,0,0,0,0,0
370471,1,1,1994,0,0,0,0,0,0,0,0,0,0
370471,2,1,1994,0,0,0,0,0,0,0,0,0,0
370472,1,1,1994,0,0,0,0,0,0,0,0,0,0
370472,2,1,1994,0,0,0,0,0,0,0,0,0,0
370473,0,1,1994,26,26,26,26,26,26,26,26,26,26
370473,1,1,1994,20,0,0,17,26,0,20,7,0,12
370474,1,1,1994,12,12,12,12,12,12,12,12,12,12
370475,0,1,1994,32,32,32,32,32,32,32,32,32,32
370475,1,1,1994,0,0,0,12,0,23,15,0,0,0
370476,1,1,1994,11,11,11,11,11,11,11,11,11,11
370477,1,1,1994,21,21,21,21,21,21,21,21,21,21
370478,0,1,1994,0,0,0,0,0,0,0,0,0,0
370478,1,1,1994,28,25,19,28,17,17,23,14,0,13
370479,1,1,1994,8,8,8,8,8,8,8,8,8,8
370480,1,1,1994,4,4,4,4,4,4,4,4,4,4
370481,1,1,1994,0,0,0,0,0,0,0,0,0,0
370481,2,1,1994,0,0,0,0,0,0,0,0,0,0
370482,1,1,1994,0,0,0,0,0,0,0,0,0,0
370482,2,1,1994,0,0,0,0,0,0,0,0,0,0
370483,1,1,1994,0,0,0,0,0,0,0,0,0,0
370483,2,1,1994,0,0,0,0,0,0,0,0,0,0
370484,1,1,1994,2,0,0,0,0,0,0,0,6,0
370485,0,1,1994,0,0,0,0,0,0,0,0,0,0
370485,1,1,1994,0,0,0,0,0,0,0,0,0,0
370486,1,1,1994,0,0,0,0,0,0,0,0,0,0
370486,2,1,1994,0,0,0,0,0,0,0,0,0,0
370487,1,1,1994,0,0,0,0,0,0,0,0,0,0
370487,2,1,1994,0,0,0,0,0,0,0,0,0,0
370488,1,1,1994,5,5,5,5,5,5,5,5,5,5
370490,1,1,1994,0,0,0,0,0,0,0,0,0,0
370490,2,1,1994,0,0,14,0,0,0,0,0,0,0
370491,0,1,1994,20,20,20,20,20,20,20,20,20,20
370491,1,1,1994,0,0,0,0,0,0,0,0,0,0
370492,1,1,1994,13,13,13,13,13,13,13,13,13,13
370493,1,1,1994,22,22,22,22,22,22,22,22,22,22
370494,0,1,1994,0,0,0,0,0,0,0,0,0,0
370494,1,1,1994,0,0,0,9,0,0,0,0,0,0
370494,2,1,1994,0,0,0,0,0,0,0,0,0,0
370494,3,1,1994,0,11,0,0,0,0,0,0,0,0
370495,1,1,1994,0,0,0,0,0,0,0,0,0,0
370495,2,1,1994,0,0,0,0,0,0,0,0,0,0
370495,3,1,1994,0,0,0,0,0,0,0,0,0,15
370496,0,1,1994,0,0,0,0,0,0,0,0,0,0
370496,1,1,1994,0,0,0,0,0,0,0,0,0,0
370496,2,1,1994,0,0,0,0,0,21,0,0,0,0
370496,3,1,1994,0,0,0,0,0,0,10,0,0,0
370497,1,1,1994,0,0,24,0,11,23,32,9,12,29
370498,1,1,1994,0,0,0,0,0,0,0,0,0,0
370499,1,1,1994,0,0,0,0,0,0,0,0,0,0
370500,1,1,1994,17,17,17,17,17,17,17,17,17,17
370501,1,1,1994,0,0,0,0,0,0,0,0,0,0
370501,2,1,1994,0,31,0,9,0,0,0,0,0,0
370501,3,1,1994,3,13,16,0,17,17,7,10,17,15
370502,1,1,1994,0,0,0,0,0,0,0,0,0,0
370502,2,1,1994,14,14,14,14,14,14,14,14,14,14
370503,1,1,1994,17,17,17,17,17,17,17,17,17,17
370504,1,1,1994,34,0,10,12,0,0,19,10,8,14
370504,2,1,1994,0,0,0,0,0,12,0,0,0,0
370505,1,1,1994,10,10,10,10,10,10,10,10,10,10
370506,0,1,1994,0,0,0,0,0,0,0,0,0,0
370506,1,1,1994,0,0,0,0,0,0,0,0,0,0
370507,1,1,1994,28,0,0,22,0,23,23,11,0,29
370507,2,1,1994,0,0,10,12,0,0,0,0,0,0
370508,1,1,1994,0,0,0,0,0,0,0,0,0,0
370509,0,1,1994,0,0,0,0,0,0,0,0,0,0
370509,1,1,1994,0,0,0,0,0,12,0,0,0,0
370510,1,1,1994,0,0,0,0,0,0,0,0,0,0
370510,2,1,1994,0,0,0,0,0,0,0,0,0,0
370510,3,1,1994,11,0,0,0,0,6,0,14,0,0
370511,1,1,1994,29,29,29,29,29,29,29,29,29,29
370511,2,1,1994,0,0,0,0,0,0,0,0,0,0
370512,1,1,1994,0,0,0,0,0,0,0,0,0,0
370512,2,1,1994,0,0,0,0,0,0,0,0,0,0
370513,0,1,1994,0,0,0,0,0,0,0,0,0,0
370513,1,1,1994,0,0,0,0,0,0,0,0,0,0
370514,1,1,1994,0,0,0,0,0,0,0,0,0,0
370514,2,1,1994,0,0,0,0,0,0,0,0,0,0
370514,3,1,1994,0,0,0,0,0,0,0,0,0,0
370514,4,1,1994,0,0,0,22,0,0,0,0,0,0
370515,1,1,1994,0,0,0,0,0,0,0,0,0,0
370515,2,1,1994,0,0,0,0,0,0,0,0,0,0
370516,1,1,1994,0,0,0,0,0,0,0,0,0,0
370517,1,1,1994,0,0,0,0,0,0,0,0,0,0
370518,1,1,1994,6,6,6,6,6,6,6,6,6,6
370519,1,1,1994,0,0,0,0,0,0,0,0,0,0
370520,1,1,1994,3,11,9,14,0,21,9,8,11,11
370520,2,1,1994,0,0,0,0,0,0,0,0,0,0
370521,1,1,1994,0,6,9,17,9,8,11,8,11,4
370522,1,1,1994,0,0,0,0,0,0,0,0,0,0
370522,2,1,1994,0,0,0,0,0,0,0,0,0,0
370523,1,1,1994,0,0,0,0,0,0,0,0,0,0
370524,1,1,1994,0,0,0,0,0,0,0,0,0,0
370524,2,1,1994,0,0,0,0,0,0,0,0,0,0
370525,1,1,1994,0,0,0,0,0,0,0,0,0,0
370525,2,1,1994,0,0,0,0,0,0,0,0,0,0
370526,1,1,1994,0,0,0,0,0,0,0,0,0,0
370527,1,1,1994,0,0,0,0,0,0,0,0,0,0
370527,2,1,1994,0,0,0,0,0,0,0,0,0,0
370527,3,1,1994,0,0,0,0,0,0,0,0,0,0
370528,1,1,1994,27,27,27,27,27,27,27,27,27,27
370529,1,1,1994,23,23,23,23,23,23,23,23,23,23
370529,2,1,1994,0,0,0,0,0,0,0,0,0,0
370530,1,1,1994,0,0,0,0,0,0,0,0,0,0
370530,2,1,1994,18,0,0,0,0,0,0,0,0,0
370531,1,1,1994,0,0,0,0,0,0,0,0,0,0
370531,2,1,1994,0,0,0,0,0,0,0,0,0,0
370532,1,1,1994,0,0,0,0,0,0,0,0,0,0
370532,2,1,1994,0,0,0,0,0,0,0,0,0,0
370533,0,1,1994,0,0,0,0,0,0,0,0,0,0
370533,1,1,1994,0,0,0,0,0,0,0,0,0,0
370534,1,1,1994,0,0,0,0,0,0,0,0,0,0
370534,2,1,1994,0,0,0,0,0,0,0,0,0,0
370535,1,1,1994,0,0,0,0,0,0,0,0,0,0
370535,2,1,1994,0,0,0,0,0,0,0,0,0,0
370536,1,1,1994,13,13,13,13,13,13,13,13,13,13
370537,1,1,1994,7,0,17,24,23,14,24,16,27,21
370537,2,1,1994,0,0,0,0,0,0,0,0,0,0
370538,1,1,1994,0,0,0,0,0,0,0,0,0,0
370538,2,1,1994,0,0,0,0,0,0,0,0,0,0
370539,1,1,1994,0,0,0,0,0,15,0,27,0,17
370539,2,1,1994,0,0,0,0,0,0,0,0,0,0
370540,1,1,1994,4,20,14,6,5,0,15,6,25,18
370540,2,1,1994,0,0,0,0,0,0,0,0,0,0
370541,0,1,1994,0,0,0,0,0,0,0,0,0,0
370541,1,1,1994,0,0,0,0,0,0,0,0,0,0
370542,1,1,1994,0,0,0,0,0,0,0,0,0,0
370543,0,1,1994,0,0,0,0,0,0,0,0,0,0
370543,1,1,1994,0,0,0,0,0,9,0,0,0,0
370544,1,1,1994,0,0,0,0,0,0,0,0,0,0
370545,1,1,1994,0,0,0,0,0,0,0,0,0,0
370545,2,1,1994,29,29,29,29,29,29,29,29,29,29
370546,1,1,1994,0,0,0,0,15,0,0,0,0,0
370547,1,1,1994,0,0,0,0,0,0,0,0,0,0
370547,2,1,1994,0,0,0,0,0,0,0,0,0,0
370547,3,1,1994,0,0,0,0,0,0,0,0,0,0
370548,1,1,1994,0,0,0,0,0,0,0,0,0,0
370548,2,1,1994,0,0,0,0,0,0,0,0,0,0
370549,1,1,1994,0,0,0,0,0,0,0,0,0,0
370549,2,1,1994,0,0,0,0,0,0,0,0,0,0
370550,1,1,1994,0,0,0,0,0,0,0,0,0,0
370550,2,1,1994,0,0,0,0,0,0,0,0,0,0
370551,1,1,1994,4,4,4,4,4,4,4,4,4,4
370552,1,1,1994,0,0,0,0,0,0,0,0,0,0
370553,1,1,1994,15,15,15,15,15,15,15,15,15,15
370554,1,1,1994,19,16,12,24,20,17,17,25,19,30
370554,2,1,1994,0,0,0,0,0,0,0,0,0,0
370555,1,1,1994,27,27,27,27,27,27,27,27,27,27
370556,1,1,1994,0,0,0,0,0,0,0,0,0,0
370556,2,1,1994,0,0,0,0,0,0,0,0,0,0
370557,1,1,1994,0,0,0,0,0,0,0,0,0,0
370557,2,1,1994,0,0,0,0,0,0,0,0,0,0
370558,1,1,1994,0,0,0,0,0,0,0,0,0,0
370559,1,1,1994,0,0,0,0,0,0,0,0,0,0
370560,1,1,1994,0,0,0,0,0,0,0,0,0,0
370560,2,1,1994,0,0,0,0,0,0,0,0,0,0
370561,1,1,1994,0,0,8,0,0,0,0,0,0,0
370561,2,1,1994,0,0,14,0,0,0,5,0,0,0
370562,1,1,1994,0,0,0,0,0,0,0,0,0,0
370562,2,1,1994,0,0,0,0,0,0,0,0,0,0
370563,1,1,1994,0,0,0,0,0,0,0,0,0,0
370563,2,1,1994,0,0,0,0,0,0,0,0,0,0
370563,3,1,1994,0,0,0,0,0,0,0,0,0,0
370563,4,1,1994,0,0,0,0,0,0,0,0,0,0
370564,1,1,1994,0,0,0,0,0,0,0,0,0,0
370565,1,1,1994,0,0,0,0,0,0,0,0,0,0
370566,1,1,1994,2,2,2,2,2,2,2,2,2,2
370567,0,1,1994,11,11,11,11,11,11,11,11,11,11
370567,1,1,1994,5,21,19,19,0,0,0,0,0,17
370568,0,1,1994,26,26,26,26,26,26,26,26,26,26
370568,1,1,1994,26,8,7,20,10,21,11,18,6,6
370569,1,1,1994,11,11,11,11,11,11,11,11,11,11
370570,0,1,1994,7,0,0,13,35,15,0,14,0,0
370570,1,1,1994,0,0,0,0,0,0,0,0,0,0
370571,1,1,1994,0,0,0,0,0,0,0,0,0,0
370571,2,1,1994,0,0,0,0,0,0,0,0,0,0
370571,3,1,1994,0,0,0,0,0,0,0,0,0,0
370572,1,1,1994,0,0,0,0,0,0,0,0,0,0
370572,2,1,1994,0,0,0,0,0,0,0,0,0,0
370572,3,1,1994,26,26,26,26,26,26,26,26,26,26
370573,1,1,1994,37,32,13,2,13,11,21,10,24,21
370573,2,1,1994,0,0,0,0,0,0,0,0,0,0
370574,1,1,1994,32,31,24,0,36,10,14,9,16,9
370575,1,1,1994,0,0,0,0,0,0,0,0,0,0
370575,2,1,1994,0,0,0,0,0,0,0,0,0,0
370576,1,1,1994,0,0,0,0,0,0,0,0,0,0
370576,2,1,1994,0,0,0,0,0,0,0,0,0,0
370577,1,1,1994,0,0,0,0,0,0,7,0,0,0
370577,2,1,1994,0,0,0,0,0,0,0,0,0,0
370578,1,1,1994,0,25,0,0,0,0,0,0,0,0
370579,1,1,1994,15,15,15,15,15,15,15,15,15,15
370580,1,1,1994,0,0,0,0,0,0,0,0,0,0
370580,2,1,1994,0,0,0,0,0,0,0,0,0,0
370581,0,1,1994,19,19,19,19,19,19,19,19,19,19
370581,1,1,1994,0,0,0,0,0,0,0,0,0,0
370582,1,1,1994,0,0,0,0,0,0,0,0,0,0
370582,2,1,1994,0,0,0,0,0,0,0,0,0,0
370583,1,1,1994,21,21,21,21,21,21,21,21,21,21
370584,1,1,1994,0,0,0,0,0,0,0,0,0,0
370584,2,1,1994,0,0,0,0,0,0,0,0,0,0
370585,1,1,1994,0,0,0,0,0,0,0,0,0,0
370586,1,1,1994,0,0,0,0,0,0,0,0,0,0
370587,1,1,1994,16,16,16,16,16,16,16,16,16,16
370588,1,1,1994,0,0,0,0,0,0,0,0,0,0
370588,2,1,1994,0,0,0,0,0,0,0,0,0,0
370589,0,1,1994,0,0,0,0,0,0,0,0,0,0
370589,1,1,1994,0,0,0,0,15,0,0,0,0,0
370590,1,1,1994,10,0,15,18,14,5,22,0,17,9
370591,1,1,1994,0,0,0,0,0,0,21,0,0,0
370591,2,1,1994,31,27,22,24,30,8,21,20,21,8
370592,1,1,1994,5,5,5,5,5,5,5,5,5,5
370593,1,1,1994,0,0,0,0,0,0,0,0,0,0
370593,2,1,1994,0,16,0,0,0,0,0,0,0,0
370593,3,1,1994,0,0,0,0,0,0,0,0,0,0
370594,1,1,1994,0,2,19,27,0,11,10,21,23,16
370594,2,1,1994,0,0,0,0,0,0,0,0,0,0
370595,0,1,1994,0,0,0,0,0,0,0,0,0,0
370595,1,1,1994,0,0,0,0,0,0,0,0,0,0
370596,1,1,1994,13,14,10,6,19,7,7,23,23,17
370597,0,1,1994,27,27,27,27,27,27,27,27,27,27
370597,1,1,1994,0,23,0,0,18,0,0,0,0,0
370598,1,1,1994,4,4,4,4,4,4,4,4,4,4
370599,1,1,1994,0,0,0,0,0,0,0,0,0,0
370600,1,1,1994,0,0,0,0,0,0,0,0,0,0
370600,2,1,1994,0,0,0,0,0,0,0,0,0,0
370601,1,1,1994,0,0,0,0,0,0,0,0,0,0
370602,0,1,1994,26,26,26,26,26,26,26,26,26,26
370602,1,1,1994,0,12,16,0,37,0,10,0,0,0
370603,1,1,1994,17,3,8,0,0,10,6,14,0,12
370603,2,1,1994,10,11,28,9,11,30,17,18,17,11
370604,1,1,1994,0,0,0,0,0,0,0,0,0,0
370605,1,1,1994,0,0,0,0,0,0,0,0,0,0
370605,2,1,1994,0,0,0,0,0,0,0,0,0,0
370606,1,1,1994,0,0,0,0,0,0,0,0,0,0
370607,1,1,1994,29,29,29,29,29,29,29,29,29,29
370608,1,1,1994,22,0,0,0,0,0,22,0,0,15
370608,2,1,1994,6,21,0,19,14,20,16,16,0,8
370609,1,1,1994,26,26,26,26,26,26,26,26,26,26
370609,2,1,1994,0,0,0,0,0,0,0,0,0,0
370609,3,1,1994,0,0,0,0,0,0,0,0,0,0
370609,4,1,1994,0,0,0,0,0,0,0,0,10,0
370610,1,1,1994,0,0,0,0,0,0,0,0,0,0
370610,2,1,1994,0,0,0,14,0,0,0,0,0,0
370611,1,1,1994,0,0,0,0,0,0,0,0,0,0
370611,2,1,1994,0,0,0,0,0,0,0,0,0,0
370612,0,1,1994,20,20,20,20,20,20,20,20,20,20
370612,0,2,1994,22,3,19,15,25,0,31,20,0,24
370612,1,1,1994,5,10,0,0,10,0,0,0,0,0
370613,1,1,1994,0,0,0,0,0,0,0,0,0,0
370613,2,1,1994,0,0,0,0,13,0,0,0,0,0
370613,3,1,1994,0,0,0,0,0,0,0,0,0,0
370614,1,1,1994,0,0,0,0,0,0,0,0,0,0
370615,1,1,1994,0,0,0,0,0,2,0,0,0,0
370615,2,1,1994,0,0,0,0,0,0,0,0,0,0
370616,1,1,1994,0,0,15,0,20,20,18,0,0,0
370617,0,1,1994,17,0,0,28,15,0,22,0,11,6
370617,1,1,1994,0,0,0,12,0,0,0,0,0,0
370618,1,1,1994,0,20,0,0,0,0,22,18,28,0
370619,0,1,1994,0,0,0,0,0,0,0,0,0,0
370619,1,1,1994,0,0,0,0,0,0,0,0,0,0
370620,0,1,1994,13,19,0,21,20,22,10,28,15,34
370620,1,1,1994,0,0,0,0,0,0,0,0,0,0
370620,2,1,1994,0,0,0,0,0,0,0,11,0,0
370621,1,1,1994,20,20,20,20,20,20,20,20,20,20
370621,2,1,1994,0,0,0,0,0,0,0,0,0,0
370622,1,1,1994,0,0,0,0,0,0,0,0,0,0
370622,2,1,1994,0,0,0,0,0,0,0,0,0,0
370623,1,1,1994,0,0,0,0,0,0,0,0,0,0
370623,2,1,1994,0,28,0,0,0,0,0,0,0,0
370624,1,1,1994,0,0,0,0,0,0,0,0,0,0
370624,2,1,1994,0,0,0,0,0,0,0,0,0,0
370625,1,1,1994,0,0,0,0,0,0,0,0,0,0
370625,2,1,1994,0,0,0,0,0,0,0,0,0,0
370626,1,1,1994,0,0,0,0,0,0,0,0,0,0
370626,2,1,1994,0,0,0,0,0,0,0,0,0,0
370627,1,1,1994,0,0,0,0,0,0,0,0,0,0
370628,1,1,1994,4,14,8,2,5,6,11,12,23,13
370629,1,1,1994,0,0,0,0,0,0,0,0,0,0
370630,1,1,1994,0,0,0,0,0,0,0,0,0,0
370630,2,1,1994,0,0,0,0,0,0,0,0,0,0
370631,1,1,1994,0,0,0,0,0,15,0,0,0,0
370631,2,1,1994,0,0,0,0,0,0,0,0,0,0
370632,1,1,1994,0,0,0,0,0,0,0,0,0,0
370632,2,1,1994,0,0,0,0,0,0,0,0,0,0
370633,1,1,1994,0,0,0,0,0,0,0,0,0,0
370633,2,1,1994,0,0,0,0,0,0,0,0,0,0
370634,0,1,1994,0,0,0,0,0,0,0,0,0,0
370634,0,2,1994,0,0,0,0,0,0,0,0,0,0
370634,1,1,1994,17,0,28,0,0,0,0,0,0,0
370635,0,1,1994,0,0,0,0,0,0,0,0,0,0
370635,1,1,1994,0,0,0,0,38,19,27,12,5,0
370636,1,1,1994,0,0,0,0,0,0,0,0,0,0
370636,2,1,1994,0,0,0,0,0,0,0,0,0,0
370637,1,1,1994,19,14,8,23,12,15,7,10,23,24
370639,1,1,1994,29,21,13,11,16,4,22,26,22,14
370640,0,1,1994,13,28,55,17,0,0,5,51,34,19
370640,1,1,1994,5,31,26,11,10,24,36,10,10,14
370641,1,1,1994,0,0,0,0,0,0,0,0,0,0
370641,2,1,1994,0,0,0,0,0,0,0,0,0,0
370642,0,1,1994,26,26,26,26,26,26,26,26,26,26
370642,1,1,1994,18,24,16,19,18,31,28,22,17,19
370643,1,1,1994,0,0,0,0,0,0,0,0,0,0
370644,1,1,1994,10,10,10,10,10,10,10,10,10,10
370645,1,1,1994,0,0,0,0,0,0,0,0,0,0
370645,2,1,1994,0,0,0,0,0,0,0,0,0,0
370646,0,1,1994,16,16,16,16,16,16,16,16,16,16
370646,1,1,1994,0,0,0,5,0,0,0,3,7,0
370647,1,1,1994,14,0,14,12,19,28,20,15,14,22
370647,2,1,1994,7,7,7,7,7,7,7,7,7,7
370648,1,1,1994,16,16,16,16,16,16,16,16,16,16
370649,1,1,1994,0,0,0,0,0,0,0,0,0,0
370649,2,1,1994,0,0,0,0,0,0,0,0,0,0
370650,1,1,1994,0,0,0,0,0,0,0,0,0,0
370650,2,1,1994,0,0,0,0,0,0,0,0,0,0
370650,3,1,1994,0,0,0,0,0,0,0,0,0,0
370651,1,1,1994,0,0,0,0,0,0,0,0,0,0
370652,1,1,1994,25,16,0,7,9,13,11,12,0,0
370653,1,1,1994,0,0,0,0,0,0,0,0,0,0
370654,1,1,1994,0,0,0,0,0,0,0,0,0,0
370655,1,1,1994,0,0,0,0,0,0,0,0,0,0
370656,0,1,1994,0,0,8,0,0,0,20,0,0,0
370656,1,1,1994,0,0,0,0,0,0,0,0,0,0
370656,2,1,1994,0,0,0,0,0,0,0,0,0,0
370657,1,1,1994,5,5,5,5,5,5,5,5,5,5
370658,1,1,1994,0,0,0,0,0,0,0,0,0,0
370659,1,1,1994,0,0,0,0,0,0,0,0,0,0
370660,1,1,1994,0,0,0,0,0,0,0,0,0,0
370661,1,1,1994,0,0,0,0,0,0,0,0,0,0
370662,0,1,1994,17,17,17,17,17,17,17,17,17,17