ST_CASE,VEH_NO,PER_NO,YEAR,P1,P2,P3,P4,P5,P6,P7,P8,P9,P10
370662,1,1,1994,0,0,0,0,0,0,0,0,0,0
370663,1,1,1994,0,0,0,0,0,0,0,0,0,0
370663,2,1,1994,0,0,4,0,0,0,0,0,0,0
370664,1,1,1994,9,9,9,9,9,9,9,9,9,9
370665,1,1,1994,18,0,27,32,30,19,0,0,7,0
370666,1,1,1994,0,0,0,0,0,0,0,0,0,0
370666,2,1,1994,6,15,0,7,22,15,26,15,0,0
370667,1,1,1994,0,0,0,0,0,0,0,0,0,0
370667,2,1,1994,0,0,0,0,0,0,0,0,0,0
370667,3,1,1994,0,0,0,0,0,0,0,0,0,0
370668,1,1,1994,9,9,9,9,9,9,9,9,9,9
370669,1,1,1994,0,0,0,0,0,0,0,0,0,0
370669,2,1,1994,0,0,0,0,0,0,0,0,0,0
370669,3,1,1994,0,0,0,0,0,0,0,0,0,0
370670,0,1,1994,0,0,0,0,0,0,0,0,0,0
370670,1,1,1994,0,0,0,0,0,0,0,0,0,0
370671,1,1,1994,0,0,0,0,0,0,0,0,0,0
370671,2,1,1994,0,0,0,0,0,0,0,0,0,0
370673,1,1,1994,11,11,11,11,11,11,11,11,11,11
370673,2,1,1994,0,0,0,0,0,0,0,0,0,0
370674,1,1,1994,0,0,0,0,0,0,0,0,0,0
370674,2,1,1994,0,0,0,0,0,0,0,0,0,0
370675,1,1,1994,22,22,22,22,22,22,22,22,22,22
370676,1,1,1994,0,0,0,0,0,0,0,0,0,0
370677,1,1,1994,0,0,0,0,0,0,0,0,0,0
370677,2,1,1994,0,0,0,0,0,0,0,0,0,0
370677,3,1,1994,0,0,0,0,0,0,0,0,0,0
370677,4,1,1994,0,0,0,0,0,0,0,0,0,0
370678,1,1,1994,13,13,13,13,13,13,13,13,13,13
370678,2,1,1994,0,0,0,0,0,0,0,0,0,0
370679,0,1,1994,0,0,0,0,0,0,0,0,0,0
370679,1,1,1994,0,0,0,0,0,0,0,0,0,0
370680,0,1,1994,7,7,7,7,7,7,7,7,7,7
370680,1,1,1994,0,0,0,0,0,0,0,0,0,0
370681,0,1,1994,2,2,2,2,2,2,2,2,2,2
370681,1,1,1994,0,0,0,0,0,0,0,0,0,0
370682,1,1,1994,0,0,0,0,0,0,0,0,0,0
370682,2,1,1994,0,0,0,0,0,0,0,0,0,0
370683,1,1,1994,0,0,0,0,0,0,0,0,0,0
370683,2,1,1994,0,0,0,0,0,0,0,0,0,0
370683,3,1,1994,0,0,0,0,0,0,0,0,0,0
370684,0,1,1994,0,0,0,0,0,0,0,0,0,0
370684,1,1,1994,0,0,0,0,0,0,0,0,0,0
370684,2,1,1994,0,0,0,0,0,0,0,0,0,0
370685,1,1,1994,0,0,0,0,0,0,0,0,5,0
370686,1,1,1994,13,13,13,13,13,13,13,13,13,13
370687,1,1,1994,0,0,0,0,0,0,0,0,0,0
370688,1,1,1994,0,0,0,0,0,0,0,0,0,0
370688,2,1,1994,0,0,0,0,0,0,0,0,0,0
370689,1,1,1994,3,13,15,0,6,16,10,10,0,19
370690,1,1,1994,0,0,0,0,0,0,0,0,0,0
370691,0,1,1994,0,0,0,0,0,0,0,0,0,0
370691,1,1,1994,0,0,0,0,0,0,0,0,0,0
370692,1,1,1994,0,0,0,0,0,0,0,0,0,0
370693,1,1,1994,0,0,0,0,0,0,0,0,0,0
370693,2,1,1994,0,0,0,0,0,0,0,0,0,0
370694,1,1,1994,18,10,14,22,20,15,17,11,10,17
370695,1,1,1994,0,0,0,0,0,0,0,0,0,0
370696,1,1,1994,30,30,30,30,30,30,30,30,30,30
370697,1,1,1994,0,0,6,0,0,0,0,0,0,0
370697,2,1,1994,0,0,0,0,0,0,0,0,0,0
370698,1,1,1994,0,0,0,0,0,0,0,0,0,0
370698,2,1,1994,0,0,0,0,0,0,0,0,0,0
370699,1,1,1994,17,17,17,17,17,17,17,17,17,17
370700,0,1,1994,0,0,0,0,0,0,0,0,0,0
370700,1,1,1994,0,0,0,0,0,0,0,0,0,0
370701,1,1,1994,0,0,0,0,0,0,0,0,0,0
370701,2,1,1994,0,0,14,9,19,0,6,8,20,21
370702,1,1,1994,0,0,0,0,0,0,0,0,0,0
370703,1,1,1994,10,10,10,10,10,10,10,10,10,10
370704,1,1,1994,0,0,0,0,0,0,0,0,0,0
370704,2,1,1994,0,0,0,0,0,0,0,0,0,0
370705,1,1,1994,0,0,0,0,0,0,0,0,0,0
370706,1,1,1994,0,0,25,0,0,0,0,0,0,0
370706,2,1,1994,0,0,0,0,0,0,0,0,0,0
370707,1,1,1994,0,0,0,0,0,0,0,0,0,0
370707,2,1,1994,0,0,0,0,0,0,0,0,0,0
370707,3,1,1994,0,0,0,0,0,0,0,0,0,0
370708,1,1,1994,0,0,0,0,0,0,0,0,0,0
370708,2,1,1994,0,0,0,0,0,0,0,0,0,19
370708,3,1,1994,0,0,0,0,0,0,0,0,0,0
370709,0,1,1994,2,2,2,2,2,2,2,2,2,2
370709,1,1,1994,0,0,0,0,0,0,0,0,0,0
370710,1,1,1994,0,0,0,0,0,0,0,0,0,0
370710,2,1,1994,0,0,0,0,0,0,0,0,0,0
370711,1,1,1994,0,0,0,0,0,0,0,0,0,0
370711,2,1,1994,0,0,0,0,0,0,0,0,0,0
370712,1,1,1994,5,5,5,5,5,5,5,5,5,5
370713,1,1,1994,13,0,7,10,12,11,19,14,9,24
370714,1,1,1994,0,0,0,0,0,0,0,0,0,0
370715,1,1,1994,0,0,0,0,16,0,0,0,0,0
370715,2,1,1994,0,0,0,0,12,0,0,0,0,0
370715,3,1,1994,0,0,0,0,0,0,0,0,0,0
370715,4,1,1994,0,0,0,0,0,0,0,0,0,0
370715,5,1,1994,0,0,0,0,0,0,0,0,0,0
370715,6,1,1994,0,0,0,0,0,0,0,0,0,0
370715,7,1,1994,0,0,0,0,0,0,0,0,0,0
370716,1,1,1994,0,0,0,0,0,15,0,0,0,0
370717,1,1,1994,0,0,0,0,0,0,0,0,0,0
370717,2,1,1994,0,0,0,0,0,0,0,0,0,0
370718,1,1,1994,0,0,0,0,0,0,0,9,0,0
370718,2,1,1994,0,0,0,0,0,0,0,19,0,0
370719,1,1,1994,6,6,6,6,6,6,6,6,6,6
370720,1,1,1994,0,0,0,0,0,0,0,0,0,0
370720,2,1,1994,0,5,11,16,13,15,16,12,7,15
370721,1,1,1994,30,30,30,30,30,30,30,30,30,30
370721,2,1,1994,5,0,13,0,0,0,6,0,0,0
370722,1,1,1994,0,0,0,0,0,0,0,0,0,0
370722,2,1,1994,0,0,0,0,0,0,0,0,0,0
370723,1,1,1994,0,0,0,0,6,0,0,0,0,0
370724,1,1,1994,0,0,0,0,0,0,0,0,0,0
370724,2,1,1994,0,0,0,0,0,0,0,0,0,0
370725,1,1,1994,0,0,0,0,0,0,0,0,0,0
370725,2,1,1994,0,0,0,0,0,0,0,0,0,0
370726,1,1,1994,0,0,0,0,0,0,0,0,0,0
370726,2,1,1994,0,0,0,0,0,0,0,0,0,0
370727,1,1,1994,21,21,21,21,21,21,21,21,21,21
370728,0,1,1994,0,0,0,0,0,0,0,0,0,0
370728,1,1,1994,0,0,0,0,0,0,0,0,0,0
370729,1,1,1994,0,0,0,0,14,0,0,0,0,0
370730,1,1,1994,6,15,19,21,24,17,23,18,26,16
370730,2,1,1994,0,0,0,0,0,0,0,0,0,0
370731,1,1,1994,0,0,0,0,0,0,0,0,0,0
370732,1,1,1994,22,22,22,22,22,22,22,22,22,22
370733,1,1,1994,20,0,5,0,0,0,0,0,0,0
370734,1,1,1994,0,0,0,0,0,0,0,0,0,0
370734,2,1,1994,10,14,0,21,14,24,14,12,25,0
370735,0,1,1994,38,38,38,38,38,38,38,38,38,38
370735,1,1,1994,0,0,0,0,8,0,0,0,0,0
370736,1,1,1994,0,12,0,0,0,0,0,0,0,0
370736,2,1,1994,0,0,0,0,0,0,0,0,0,0
370737,0,1,1994,0,0,0,0,0,0,0,0,0,0
370737,1,1,1994,0,0,0,0,0,0,0,0,0,8
370738,1,1,1994,0,0,0,0,0,0,0,0,0,0
370738,2,1,1994,0,0,0,0,0,0,27,0,0,0
370739,0,1,1994,15,15,15,15,15,15,15,15,15,15
370739,0,2,1994,6,0,0,23,3,0,12,27,35,21
370739,1,1,1994,0,0,0,0,0,0,0,0,0,0
370739,2,1,1994,0,0,0,4,0,0,0,0,0,0
370740,0,1,1994,0,0,0,0,0,0,0,0,0,0
370740,1,1,1994,0,0,0,0,0,0,0,0,0,0
370740,2,1,1994,0,0,0,0,0,0,0,0,0,0
370741,1,1,1994,28,28,28,28,28,28,28,28,28,28
370741,2,1,1994,0,11,0,0,0,14,0,0,0,0
370742,1,1,1994,0,0,0,0,0,0,0,0,0,0
370742,2,1,1994,0,0,0,0,0,0,0,0,0,0
370743,1,1,1994,15,26,18,25,13,0,0,22,32,20
370744,1,1,1994,20,20,20,20,20,20,20,20,20,20
370745,1,1,1994,23,23,23,23,23,23,23,23,23,23
370746,0,1,1994,27,27,27,27,27,27,27,27,27,27
370746,1,1,1994,0,0,0,0,0,12,0,0,5,0
370747,1,1,1994,0,0,0,0,0,0,0,0,0,0
370748,0,1,1994,14,14,14,14,14,14,14,14,14,14
370748,1,1,1994,0,16,0,0,15,0,0,0,0,0
370749,1,1,1994,22,22,22,22,22,22,22,22,22,22
370749,2,1,1994,0,0,0,0,0,0,0,0,0,0
370750,1,1,1994,10,0,0,0,18,0,0,0,0,0
370751,1,1,1994,0,0,0,0,0,0,0,0,0,0
370751,2,1,1994,0,0,20,0,0,0,0,0,0,0
370751,3,1,1994,0,0,0,0,0,9,0,0,0,0
370752,1,1,1994,0,0,0,0,0,0,0,0,0,0
370752,2,1,1994,0,0,0,0,0,0,0,0,0,0
370752,3,1,1994,0,0,0,0,0,0,0,0,0,0
370753,1,1,1994,0,0,0,0,0,0,0,0,0,0
370753,2,1,1994,0,0,0,0,0,0,0,0,0,0
370754,1,1,1994,0,0,0,0,0,0,0,0,0,0
370754,2,1,1994,0,0,0,0,0,0,0,0,0,0
370755,1,1,1994,0,0,0,0,0,0,0,0,0,0
370755,2,1,1994,0,0,0,0,0,0,0,0,0,0
370756,1,1,1994,0,0,0,0,0,0,0,0,0,0
370756,2,1,1994,0,0,0,0,0,0,0,0,0,0
370756,3,1,1994,0,0,0,0,0,0,0,0,0,0
370757,1,1,1994,0,0,0,0,0,0,0,0,0,0
370757,2,1,1994,0,0,0,0,0,0,0,0,0,0
370758,0,1,1994,0,0,0,0,0,0,0,0,0,0
370758,1,1,1994,0,0,0,0,0,0,0,0,0,0
370759,1,1,1994,0,0,0,0,0,0,0,0,0,0
370759,2,1,1994,0,0,9,0,0,0,0,0,0,0
370760,1,1,1994,0,0,0,0,0,0,0,0,0,0
370761,1,1,1994,0,0,0,0,0,0,0,0,0,0
370762,1,1,1994,2,2,2,2,2,2,2,2,2,2
370762,2,1,1994,0,0,0,0,0,0,0,0,0,0
370763,0,1,1994,0,0,0,0,0,0,0,0,0,0
370763,1,1,1994,0,0,0,0,0,0,0,0,0,0
370764,1,1,1994,13,13,13,13,13,13,13,13,13,13
370765,1,1,1994,0,16,0,0,0,0,0,0,0,0
370766,1,1,1994,0,0,0,0,0,0,0,0,0,0
370767,1,1,1994,23,10,18,11,13,27,10,18,10,12
370768,1,1,1994,12,12,12,12,12,12,12,12,12,12
370769,1,1,1994,21,21,21,21,21,21,21,21,21,21
370770,1,1,1994,0,0,0,0,0,0,0,0,0,0
370771,1,1,1994,17,17,17,17,17,17,17,17,17,17
370771,2,1,1994,0,0,0,0,0,0,0,0,0,0
370772,1,1,1994,0,9,0,0,0,0,0,0,0,0
370773,1,1,1994,26,26,26,26,26,26,26,26,26,26
370773,2,1,1994,0,0,0,0,0,0,0,0,0,0
370774,1,1,1994,16,30,21,0,30,0,27,0,0,33
370774,2,1,1994,29,11,22,10,0,0,0,0,0,0
370775,1,1,1994,0,0,14,0,0,0,0,0,0,0
370776,1,1,1994,0,0,0,0,0,0,0,0,0,0
370776,2,1,1994,0,0,0,0,0,0,0,0,0,0
370777,1,1,1994,25,7,8,17,10,2,10,0,14,0
370778,1,1,1994,20,20,20,20,20,20,20,20,20,20
370779,0,1,1994,18,18,18,18,18,18,18,18,18,18
370779,1,1,1994,28,10,31,17,0,0,9,25,24,12
370780,1,1,1994,0,0,0,0,0,0,0,0,0,0
370780,2,1,1994,32,0,0,0,9,0,12,19,0,10
370781,1,1,1994,14,11,0,16,23,32,26,15,10,21
370782,1,1,1994,0,0,0,0,0,0,0,0,0,0
370782,2,1,1994,0,0,0,0,0,0,0,0,0,0
370783,1,1,1994,0,0,0,0,0,0,0,0,0,0
370783,2,1,1994,0,0,0,0,0,0,0,0,0,0
370783,3,1,1994,0,0,0,0,0,0,0,0,0,0
370784,1,1,1994,0,0,0,0,0,0,0,0,0,0
370785,1,1,1994,0,0,0,0,0,0,0,0,0,0
370786,1,1,1994,0,0,0,0,0,0,0,0,0,0
370786,2,1,1994,0,0,0,0,0,0,0,0,0,0
370787,0,1,1994,34,34,34,34,34,34,34,34,34,34
370787,1,1,1994,0,0,5,0,36,0,0,2,0,0
370788,1,1,1994,0,0,0,0,0,0,0,0,0,0
370788,2,1,1994,0,0,0,0,0,0,0,0,0,0
370789,1,1,1994,24,24,24,24,24,24,24,24,24,24
370789,2,1,1994,0,0,0,0,0,0,0,0,0,0
370790,1,1,1994,0,0,0,0,0,0,0,0,0,0
370791,1,1,1994,21,12,23,24,38,21,19,7,14,26
370792,1,1,1994,0,0,0,0,0,0,0,0,0,0
370792,2,1,1994,0,0,0,0,0,0,0,0,0,0
370793,1,1,1994,15,15,15,15,15,15,15,15,15,15
370794,1,1,1994,0,0,0,0,0,0,0,0,0,0
370794,2,1,1994,0,0,0,0,0,0,0,0,0,0
370795,1,1,1994,0,0,0,0,0,0,0,0,0,0
370795,2,1,1994,0,0,0,0,0,0,0,0,0,0
370796,1,1,1994,0,0,0,0,0,0,0,0,0,0
370796,2,1,1994,0,0,0,0,0,0,0,0,0,0
370797,1,1,1994,23,23,23,23,23,23,23,23,23,23
370798,1,1,1994,0,0,0,0,0,0,0,0,0,0
370799,0,1,1994,0,0,0,0,0,0,0,0,0,0
370799,1,1,1994,0,0,0,0,0,0,0,0,0,0
370800,1,1,1994,0,0,0,0,0,0,0,0,0,0
370800,2,1,1994,0,0,0,0,0,0,0,0,0,0
370801,1,1,1994,7,25,0,0,9,14,21,18,12,12
370802,1,1,1994,0,12,9,0,0,0,0,13,0,0
370803,0,1,1994,0,0,0,0,0,0,0,0,0,0
370803,1,1,1994,0,0,0,0,0,0,0,0,0,0
370804,1,1,1994,7,0,0,0,0,0,0,24,0,0
370805,0,1,1994,12,16,25,0,51,0,0,0,0,24
370805,1,1,1994,0,0,0,0,0,0,0,0,0,0
370807,1,1,1994,0,0,0,0,0,0,0,0,0,0
370808,1,1,1994,0,0,0,0,0,0,0,0,0,0
370808,2,1,1994,3,3,3,3,3,3,3,3,3,3
370809,1,1,1994,0,0,0,0,0,0,0,0,0,0
370809,2,1,1994,0,0,0,0,0,0,0,0,0,0
370810,1,1,1994,25,25,25,25,25,25,25,25,25,25
370810,2,1,1994,0,0,0,0,0,0,0,0,0,0
370811,1,1,1994,0,0,0,0,0,0,0,0,0,0
370812,1,1,1994,0,0,0,0,0,0,0,0,0,0
370813,1,1,1994,0,0,0,0,0,0,0,0,0,0
370813,2,1,1994,0,0,0,0,0,0,0,0,0,0
370814,1,1,1994,0,0,0,0,0,0,0,0,0,0
370814,2,1,1994,0,0,0,0,0,0,0,0,0,0
370815,0,1,1994,0,0,0,0,0,0,0,0,0,0
370815,1,1,1994,6,0,0,0,0,0,0,0,0,0
370816,1,1,1994,0,0,0,0,0,0,0,0,0,0
370817,1,1,1994,45,45,45,45,45,45,45,45,45,45
370819,1,1,1994,18,18,18,18,18,18,18,18,18,18
370820,0,1,1994,14,14,14,14,14,14,14,14,14,14
370820,1,1,1994,0,22,16,24,0,0,16,0,0,0
370821,1,1,1994,21,21,21,21,21,21,21,21,21,21
370822,1,1,1994,0,0,14,0,0,0,0,0,0,0
370822,2,1,1994,0,0,0,0,0,0,0,0,0,0
370823,1,1,1994,38,38,38,38,38,38,38,38,38,38
370823,2,1,1994,0,0,0,18,0,0,0,0,0,0
370823,3,1,1994,0,0,0,0,0,0,0,0,0,0
370824,1,1,1994,0,0,0,0,0,0,0,0,0,0
370824,2,1,1994,0,0,0,0,0,0,0,0,0,0
370825,1,1,1994,0,0,0,0,0,0,0,0,0,0
370825,2,1,1994,0,0,0,0,0,0,0,0,0,0
370826,0,1,1994,0,0,0,0,0,0,0,0,0,0
370826,1,1,1994,0,0,0,0,0,0,0,0,0,0
370827,1,1,1994,16,16,16,16,16,16,16,16,16,16
370828,1,1,1994,11,11,11,11,11,11,11,11,11,11
370829,1,1,1994,0,0,0,0,0,0,0,0,0,0
370830,1,1,1994,0,0,0,0,0,0,0,0,0,0
370831,1,1,1994,0,0,0,0,0,0,0,0,0,0
370831,2,1,1994,17,8,17,5,6,5,31,18,3,9
370832,0,1,1994,8,8,8,8,8,8,8,8,8,8
370832,1,1,1994,0,0,0,0,0,0,0,0,0,0
370833,1,1,1994,0,0,0,0,0,0,0,0,0,0
370833,2,1,1994,2,2,2,2,2,2,2,2,2,2
370834,0,1,1994,10,10,10,10,10,10,10,10,10,10
370834,1,1,1994,0,0,11,0,0,0,0,0,0,0
370835,1,1,1994,0,0,0,0,0,0,0,0,0,0
370835,2,1,1994,0,0,0,0,0,0,0,0,0,0
370836,1,1,1994,12,0,0,0,0,0,0,0,0,0
370836,2,1,1994,0,0,0,0,0,0,0,0,0,0
370837,1,1,1994,0,0,31,0,0,24,0,0,0,0
370837,2,1,1994,0,0,0,25,19,0,0,0,15,0
370838,0,1,1994,11,11,11,11,11,11,11,11,11,11
370838,1,1,1994,0,0,0,0,0,0,0,0,0,0
370839,1,1,1994,0,0,0,0,0,0,0,0,0,0
370839,2,1,1994,0,0,0,0,0,0,0,0,0,0
370840,1,1,1994,0,0,0,0,0,0,0,0,0,0
370840,2,1,1994,0,0,0,0,0,0,0,0,0,0
370842,1,1,1994,20,20,20,20,20,20,20,20,20,20
370842,2,1,1994,0,0,0,0,0,0,0,0,0,0
370843,1,1,1994,0,0,0,0,0,0,0,0,0,0
370844,1,1,1994,0,0,0,0,0,0,0,0,0,0
370845,1,1,1994,0,0,0,0,0,0,0,0,7,0
370845,2,1,1994,0,0,0,0,0,0,0,0,0,0
370846,0,1,1994,23,23,23,23,23,23,23,23,23,23
370846,1,1,1994,0,0,0,0,0,0,0,0,0,0
370847,1,1,1994,0,0,0,0,0,0,0,0,0,0
370848,1,1,1994,0,0,0,0,0,0,0,0,0,0
370848,2,1,1994,0,15,0,0,0,0,0,0,0,0
370849,1,1,1994,0,0,0,0,0,0,0,0,0,0
370850,1,1,1994,21,25,9,9,11,10,18,12,18,3
370851,1,1,1994,11,6,12,17,29,24,12,6,17,23
370851,2,1,1994,0,0,0,0,0,22,0,16,14,18
370853,0,1,1994,0,0,0,0,0,0,0,0,0,0
370853,1,1,1994,0,0,0,0,0,0,0,0,0,0
370854,1,1,1994,10,10,10,10,10,10,10,10,10,10
370855,1,1,1994,0,0,0,0,0,0,0,0,0,0
370856,1,1,1994,16,0,27,23,0,27,14,0,0,0
370856,2,1,1994,0,0,0,0,0,0,0,0,0,0
370857,1,1,1994,0,0,0,0,0,0,0,0,0,0
370857,2,1,1994,0,0,0,0,0,0,0,0,0,0
370858,1,1,1994,0,0,0,0,0,0,0,0,0,0
370858,2,1,1994,0,0,0,0,0,0,0,0,0,0
370859,1,1,1994,33,33,33,33,33,33,33,33,33,33
370860,1,1,1994,35,35,35,35,35,35,35,35,35,35
370860,2,1,1994,0,0,0,0,0,0,0,0,0,10
370861,1,1,1994,14,22,27,18,21,20,21,24,14,16
370862,0,1,1994,35,35,35,35,35,35,35,35,35,35
370862,1,1,1994,0,0,0,0,0,0,0,0,0,0
370862,2,1,1994,0,0,0,0,0,0,0,0,0,0
370863,1,1,1994,0,0,0,0,0,0,0,0,0,0
370863,2,1,1994,0,0,0,0,0,0,0,0,0,0
370864,1,1,1994,0,0,0,0,0,0,0,0,0,0
370864,2,1,1994,0,0,0,0,0,0,0,0,0,0
370865,1,1,1994,0,0,0,0,0,0,0,0,0,0
370866,0,1,1994,0,0,0,0,0,0,0,0,0,0
370866,1,1,1994,0,0,0,0,0,0,0,0,0,0
370867,1,1,1994,0,0,0,0,0,0,0,0,0,0
370867,2,1,1994,0,0,0,0,0,0,0,0,0,0
370868,1,1,1994,0,0,0,0,0,0,0,0,0,0
370868,2,1,1994,0,0,0,0,0,0,0,0,0,0
370870,1,1,1994,0,27,29,0,10,7,0,0,0,0
370871,1,1,1994,0,0,0,0,0,0,0,0,0,0
370871,2,1,1994,0,0,0,0,0,0,0,0,0,0
370872,1,1,1994,16,16,16,16,16,16,16,16,16,16
370873,0,1,1994,0,19,15,9,13,0,0,15,10,16
370873,1,1,1994,0,0,0,0,0,0,12,0,0,0
370874,1,1,1994,0,0,0,0,0,0,0,0,0,0
370875,0,1,1994,19,19,19,19,19,19,19,19,19,19
370875,1,1,1994,0,0,0,0,0,0,0,0,0,0
370876,1,1,1994,0,0,0,0,0,0,0,0,0,0
370877,1,1,1994,0,0,0,0,0,0,0,0,0,0
370877,2,1,1994,0,0,0,0,0,0,0,0,0,0
370878,1,1,1994,0,14,18,0,0,0,0,0,0,14
370878,2,1,1994,12,30,14,11,11,21,9,16,33,19
370879,0,1,1994,0,0,0,0,0,0,0,0,0,0
370879,1,1,1994,0,0,0,0,0,0,0,0,0,0
370880,1,1,1994,0,0,0,0,0,0,0,0,0,0
370880,2,1,1994,0,0,0,0,0,0,0,0,0,0
370881,1,1,1994,0,0,0,0,0,0,0,0,0,0
370881,2,1,1994,0,0,0,0,0,0,0,0,0,0
370882,1,1,1994,0,0,0,0,0,0,6,0,0,0
370882,2,1,1994,0,0,0,0,0,0,0,0,0,0
370883,1,1,1994,0,0,0,0,0,0,0,0,0,0
370883,2,1,1994,0,0,0,0,0,0,0,0,0,0
370884,0,1,1994,0,0,0,0,0,0,0,0,0,0
370884,1,1,1994,0,0,0,0,0,0,0,0,0,0
370885,0,1,1994,18,18,18,18,18,18,18,18,18,18
370885,1,1,1994,0,0,0,0,0,0,10,0,0,0
370886,0,1,1994,0,0,0,0,0,0,0,0,0,0
370886,1,1,1994,0,0,0,0,0,0,0,0,0,0
370887,1,1,1994,0,0,0,0,0,0,0,0,0,0
370888,1,1,1994,0,0,0,0,0,0,0,0,0,0
370888,2,1,1994,0,0,0,0,0,0,0,0,0,0
370889,1,1,1994,0,0,0,0,0,0,0,0,0,0
370890,1,1,1994,0,0,0,0,0,0,0,0,0,0
370891,1,1,1994,0,0,0,0,0,0,0,0,0,0
370891,2,1,1994,0,0,0,0,0,0,0,0,0,0
370892,1,1,1994,22,22,22,22,22,22,22,22,22,22
370892,2,1,1994,0,0,10,0,0,0,10,0,0,0
370893,1,1,1994,20,14,10,31,52,22,21,27,18,15
370894,1,1,1994,26,26,26,26,26,26,26,26,26,26
370895,1,1,1994,35,3,5,17,28,23,15,28,15,23
370896,1,1,1994,19,19,19,19,19,19,19,19,19,19
370897,0,1,1994,22,22,22,22,22,22,22,22,22,22
370897,0,2,1994,19,35,0,29,11,13,0,12,16,54
370897,1,1,1994,0,0,0,0,0,0,0,0,0,0
370898,1,1,1994,0,0,0,0,0,0,0,0,0,0
370898,2,1,1994,0,0,0,0,0,0,0,0,0,0
370899,1,1,1994,0,0,0,0,0,0,0,0,12,0
370899,2,1,1994,10,19,0,0,17,18,0,0,0,0
370900,0,1,1994,30,30,30,30,30,30,30,30,30,30
370900,1,1,1994,0,0,11,0,0,0,0,0,0,0
370901,1,1,1994,0,0,0,0,0,0,0,0,0,0
370901,2,1,1994,0,0,0,0,0,0,0,0,0,0
370902,1,1,1994,0,0,0,0,0,0,0,0,0,0
370902,2,1,1994,0,0,0,0,0,0,0,0,0,0
370903,1,1,1994,19,19,19,19,19,19,19,19,19,19
370904,1,1,1994,0,0,0,0,0,0,0,0,0,0
370904,2,1,1994,0,0,0,0,0,0,0,0,0,0
370905,1,1,1994,0,0,0,0,0,0,0,0,0,0
370906,0,1,1994,0,0,0,0,0,0,0,0,0,0
370906,1,1,1994,0,0,0,0,0,10,0,0,0,0
370907,1,1,1994,0,0,0,0,0,0,0,0,0,0
370908,1,1,1994,0,0,0,0,0,0,0,0,0,0
370908,2,1,1994,0,0,0,0,0,0,0,0,0,0
370909,1,1,1994,0,0,0,0,0,0,0,0,0,0
370910,1,1,1994,0,0,0,0,0,0,0,0,0,0
370910,2,1,1994,0,0,0,0,0,0,0,0,0,0
370910,3,1,1994,0,0,0,0,0,0,0,0,0,0
370911,0,1,1994,0,0,0,0,0,0,0,0,14,0
370911,1,1,1994,0,0,0,0,0,0,0,0,0,0
370912,1,1,1994,0,0,0,0,0,0,0,0,0,0
370912,2,1,1994,0,0,0,0,0,0,0,0,0,0
370913,0,1,1994,20,20,20,20,20,20,20,20,20,20
370913,1,1,1994,0,0,0,0,0,0,0,0,0,0
370914,1,1,1994,0,0,0,0,0,0,0,0,0,0
370915,1,1,1994,0,0,0,0,0,0,0,0,0,0
370915,2,1,1994,0,0,0,0,21,0,0,0,0,0
370916,1,1,1994,0,0,0,0,0,0,0,0,0,0
370917,1,1,1994,0,0,0,0,0,0,0,0,0,0
370918,1,1,1994,0,0,0,0,0,0,0,0,0,0
370918,2,1,1994,0,0,0,0,0,0,0,0,0,0
370919,1,1,1994,12,12,12,12,12,12,12,12,12,12
370921,0,1,1994,13,13,13,13,13,13,13,13,13,13
370921,1,1,1994,26,17,16,9,7,0,19,6,0,5
370922,1,1,1994,0,0,0,0,0,0,0,0,0,0
370922,2,1,1994,0,0,0,0,0,0,0,0,0,0
370923,1,1,1994,0,0,0,0,0,0,0,0,0,0
370923,2,1,1994,0,0,0,0,0,0,0,0,0,0
370924,1,1,1994,0,0,0,0,0,0,0,0,0,0
370924,2,1,1994,0,0,0,0,0,0,5,0,0,0
370925,0,1,1994,0,0,0,0,0,0,0,0,0,0
370925,1,1,1994,0,3,0,0,0,0,0,0,0,0
370926,1,1,1994,0,0,0,0,0,0,0,0,0,0
370926,2,1,1994,0,0,0,0,0,0,0,0,0,0
370927,1,1,1994,0,0,0,0,0,0,0,0,0,0
370927,2,1,1994,0,0,0,0,0,0,0,0,0,0
370928,1,1,1994,0,0,0,0,0,0,0,0,0,6
370928,2,1,1994,0,0,0,6,0,0,0,0,0,0
370928,3,1,1994,0,0,0,0,13,0,0,0,0,0
370929,1,1,1994,0,0,0,0,0,0,0,0,0,0
370930,1,1,1994,0,0,0,0,0,0,0,0,0,0
370930,2,1,1994,10,14,14,6,13,18,10,2,0,12
370931,0,1,1994,22,22,22,22,22,22,22,22,22,22
370931,1,1,1994,0,0,0,0,0,0,0,2,0,0
370932,1,1,1994,26,13,25,13,21,26,26,0,24,18
370932,2,1,1994,17,0,0,0,0,0,0,0,0,0
370933,1,1,1994,4,17,23,35,15,31,16,20,8,14
370934,0,1,1994,0,0,0,0,0,0,0,0,0,0
370934,1,1,1994,0,0,0,0,0,0,0,0,0,0
370935,0,1,1994,6,6,6,6,6,6,6,6,6,6
370935,1,1,1994,23,0,0,0,17,0,22,7,0,15
370936,1,1,1994,0,0,0,0,0,0,0,0,0,0
370937,1,1,1994,21,21,21,21,21,21,21,21,21,21
370938,0,1,1994,0,0,0,0,0,0,0,0,0,0
370938,0,2,1994,0,0,0,0,13,28,0,13,20,13