ST_CASE,VEH_NO,PER_NO,YEAR,P1,P2,P3,P4,P5,P6,P7,P8,P9,P10
370938,1,1,1994,0,0,0,0,0,12,0,0,0,0
370939,1,1,1994,16,16,16,16,16,16,16,16,16,16
370940,1,1,1994,9,21,16,29,9,11,10,6,30,10
370941,1,1,1994,30,30,30,30,30,30,30,30,30,30
370942,1,1,1994,0,18,0,0,13,11,0,33,5,0
370942,2,1,1994,0,0,0,0,0,0,0,0,0,0
370943,0,1,1994,24,24,24,24,24,24,24,24,24,24
370943,1,1,1994,0,0,0,0,0,0,0,0,0,0
370944,1,1,1994,22,22,22,22,22,22,22,22,22,22
370945,1,1,1994,20,20,20,20,20,20,20,20,20,20
370946,1,1,1994,25,25,25,25,25,25,25,25,25,25
370947,1,1,1994,0,0,0,0,18,0,0,0,0,0
370947,2,1,1994,0,6,24,0,0,0,0,0,0,0
370948,1,1,1994,0,9,0,0,0,0,0,0,0,0
370948,2,1,1994,0,0,0,0,0,0,0,0,0,0
370949,1,1,1994,0,0,0,0,0,0,0,0,0,0
370949,2,1,1994,0,0,0,0,0,0,0,0,0,0
370950,1,1,1994,0,0,0,0,0,0,0,0,0,0
370951,1,1,1994,0,0,0,0,0,0,0,0,0,0
370952,1,1,1994,0,0,0,0,0,0,0,0,0,0
370952,2,1,1994,0,0,0,0,0,0,0,0,0,0
370953,1,1,1994,0,0,0,0,0,0,0,0,0,0
370953,2,1,1994,24,24,24,24,24,24,24,24,24,24
370954,1,1,1994,19,24,10,19,5,0,18,10,34,15
370955,1,1,1994,0,0,0,0,0,0,0,0,0,0
370955,2,1,1994,0,0,0,0,0,0,0,0,0,0
370956,1,1,1994,0,0,0,0,0,0,0,0,0,0
370957,1,1,1994,0,0,0,0,0,0,0,0,0,0
370957,2,1,1994,0,0,0,0,0,0,0,0,0,0
370958,1,1,1994,0,0,0,0,0,0,0,0,0,0
370958,2,1,1994,0,0,0,0,0,0,0,0,0,0
370959,1,1,1994,0,0,0,0,0,0,0,0,0,0
370959,2,1,1994,0,0,0,0,0,0,0,0,0,0
370960,1,1,1994,0,0,0,0,0,0,0,0,0,0
370960,2,1,1994,0,0,0,0,0,0,0,0,0,0
370961,1,1,1994,5,0,0,0,0,0,0,0,0,0
370962,1,1,1994,0,0,0,0,0,0,25,0,0,0
370962,2,1,1994,15,15,15,15,15,15,15,15,15,15
370963,1,1,1994,23,23,23,23,23,23,23,23,23,23
370964,1,1,1994,0,0,0,0,0,0,0,0,0,0
370965,1,1,1994,0,0,0,0,0,0,0,0,0,0
370965,2,1,1994,25,25,25,25,25,25,25,25,25,25
370966,1,1,1994,0,0,0,0,0,0,0,0,0,0
370966,2,1,1994,0,0,0,0,0,0,0,0,0,0
370967,1,1,1994,26,26,26,26,26,26,26,26,26,26
370967,2,1,1994,0,26,17,0,15,12,0,13,26,12
370968,1,1,1994,17,17,17,17,17,17,17,17,17,17
370969,1,1,1994,0,0,0,0,0,0,0,0,0,0
370970,1,1,1994,0,0,0,0,0,0,0,0,0,0
370971,1,1,1994,0,0,0,0,0,0,0,0,0,0
370971,2,1,1994,0,0,0,0,0,0,0,0,0,0
370971,3,1,1994,0,0,0,0,0,0,0,0,0,0
370971,4,1,1994,0,0,0,0,0,0,0,0,0,0
370972,0,1,1994,0,0,0,0,0,0,0,0,0,0
370972,1,1,1994,0,0,0,0,0,0,0,0,0,0
370973,1,1,1994,26,14,17,32,16,14,10,22,5,16
370974,1,1,1994,28,28,28,28,28,28,28,28,28,28
370974,2,1,1994,0,0,0,0,0,0,0,0,0,0
370975,1,1,1994,0,0,0,0,0,0,0,0,0,0
370975,2,1,1994,0,0,0,0,0,0,0,0,0,0
370976,1,1,1994,13,15,8,4,4,16,15,9,16,10
370977,1,1,1994,0,0,0,0,0,0,0,0,0,0
370977,2,1,1994,0,0,0,0,0,0,0,0,0,0
370978,1,1,1994,0,0,0,0,0,0,0,0,0,0
370978,2,1,1994,21,0,0,0,18,0,0,0,0,0
370979,1,1,1994,0,0,0,0,0,0,0,0,0,0
370980,1,1,1994,0,0,0,0,0,0,0,0,0,0
370981,0,1,1994,12,12,12,12,12,12,12,12,12,12
370981,1,1,1994,0,0,0,18,0,0,0,0,0,0
370982,0,1,1994,32,32,32,32,32,32,32,32,32,32
370982,1,1,1994,21,0,15,11,11,13,7,13,15,17
370983,0,1,1994,18,18,18,18,18,18,18,18,18,18
370983,1,1,1994,0,0,0,0,0,0,0,0,0,0
370984,1,1,1994,6,6,6,6,6,6,6,6,6,6
370985,1,1,1994,0,0,0,0,0,0,0,0,0,0
370985,2,1,1994,0,0,0,0,0,0,0,0,0,0
370986,1,1,1994,0,0,0,0,0,0,0,0,0,0
370986,2,1,1994,0,0,0,0,0,0,0,0,0,0
370987,0,1,1994,21,21,21,21,21,21,21,21,21,21
370987,1,1,1994,0,0,0,0,0,0,0,0,21,0
370988,1,1,1994,0,0,0,0,0,0,0,0,0,0
370989,1,1,1994,0,0,0,0,0,0,0,0,0,0
370989,2,1,1994,0,0,0,0,0,0,0,0,0,0
370990,1,1,1994,23,23,23,23,23,23,23,23,23,23
370991,1,1,1994,0,0,0,0,0,0,0,0,0,0
370991,2,1,1994,0,0,0,0,0,0,0,0,0,0
370992,1,1,1994,0,0,0,0,0,16,0,0,0,0
370992,2,1,1994,0,0,0,0,6,0,0,0,0,0
370993,1,1,1994,0,0,0,0,0,0,0,0,0,0
370993,2,1,1994,0,0,0,0,0,0,19,11,0,0
370994,1,1,1994,27,27,27,27,27,27,27,27,27,27
370994,2,1,1994,28,21,20,22,19,32,19,22,19,22
370995,1,1,1994,0,0,0,0,0,0,0,0,0,0
370996,1,1,1994,0,0,0,0,0,0,0,0,0,0
370997,1,1,1994,17,10,29,25,26,12,22,0,17,32
370998,1,1,1994,0,0,0,0,0,0,0,0,0,0
370999,1,1,1994,14,14,14,14,14,14,14,14,14,14
371000,1,1,1994,0,0,0,0,0,0,0,0,0,0
371001,1,1,1994,0,0,0,0,0,0,0,0,0,0
371001,2,1,1994,0,0,0,0,0,0,0,0,0,0
371002,1,1,1994,28,28,28,28,28,28,28,28,28,28
371003,0,1,1994,11,11,19,7,17,52,16,17,35,29
371003,1,1,1994,0,24,17,0,0,25,0,31,16,9
371004,1,1,1994,0,0,0,0,0,0,0,0,0,0
371005,1,1,1994,14,14,14,14,14,14,14,14,14,14
371005,2,1,1994,0,0,0,0,0,0,0,0,0,0
371006,1,1,1994,0,0,0,0,0,0,0,0,0,0
371006,2,1,1994,0,0,0,0,0,0,0,0,0,0
371007,1,1,1994,0,0,0,0,0,0,0,0,0,0
371007,2,1,1994,0,0,0,0,0,0,0,0,0,0
371008,1,1,1994,0,0,0,0,17,0,0,0,0,0
371008,2,1,1994,0,0,0,0,0,0,0,0,0,0
371008,3,1,1994,0,0,0,0,0,0,0,0,0,0
371009,0,1,1994,0,0,0,0,0,0,0,0,0,0
371009,1,1,1994,0,0,0,0,0,0,0,0,0,0
371009,2,1,1994,0,0,0,0,0,0,0,0,0,0
371009,3,1,1994,0,0,0,0,0,0,0,0,0,0
371010,0,1,1994,0,0,0,0,0,0,0,0,0,0
371010,1,1,1994,0,0,0,0,0,0,0,0,0,6
371011,1,1,1994,0,0,0,0,0,0,0,0,0,0
371011,2,1,1994,0,0,0,0,0,0,0,0,0,0
371012,1,1,1994,19,19,19,19,19,19,19,19,19,19
371013,1,1,1994,0,0,0,0,0,0,0,0,0,0
371014,1,1,1994,0,0,0,0,0,0,0,0,0,0
371014,2,1,1994,0,0,0,0,0,0,0,0,0,0
371015,0,1,1994,28,28,28,28,28,28,28,28,28,28
371015,1,1,1994,0,0,0,0,0,0,0,0,0,0
371016,1,1,1994,22,22,22,22,22,22,22,22,22,22
371017,1,1,1994,0,0,0,0,0,0,0,0,0,0
371018,1,1,1994,0,0,0,0,0,0,0,0,0,0
371018,2,1,1994,0,0,0,0,0,0,0,0,0,0
371019,1,1,1994,0,0,0,0,0,0,0,0,0,0
371020,1,1,1994,0,0,0,0,0,0,0,0,0,0
371021,1,1,1994,0,0,0,0,0,0,0,0,0,13
371021,2,1,1994,0,0,0,0,0,0,0,0,0,0
371023,1,1,1994,0,0,0,0,0,0,0,0,0,0
371023,2,1,1994,0,0,0,0,0,0,0,0,0,0
371024,1,1,1994,0,0,0,0,0,0,0,0,0,0
371024,2,1,1994,0,0,0,0,0,0,0,0,0,0
371026,0,1,1994,25,25,25,25,25,25,25,25,25,25
371026,1,1,1994,0,0,0,0,0,0,0,0,0,0
371027,1,1,1994,0,0,0,0,0,0,0,0,0,0
371028,1,1,1994,0,0,0,0,0,0,0,0,0,0
371028,2,1,1994,0,0,0,0,0,0,0,0,0,0
371029,1,1,1994,0,13,24,18,3,11,19,2,13,19
371029,2,1,1994,0,0,0,0,0,0,0,0,0,0
371030,1,1,1994,29,29,29,29,29,29,29,29,29,29
371031,1,1,1994,0,11,0,0,0,0,0,0,0,0
371032,1,1,1994,0,0,0,0,12,5,0,0,0,0
371032,2,1,1994,0,0,0,0,0,0,0,0,0,0
371033,1,1,1994,17,17,17,17,17,17,17,17,17,17
371034,1,1,1994,0,0,0,0,0,0,0,0,0,0
371034,2,1,1994,0,0,0,0,0,0,0,0,0,0
371035,1,1,1994,0,0,0,0,0,0,0,0,0,0
371035,2,1,1994,0,0,0,0,0,0,0,0,0,0
371036,1,1,1994,0,23,32,17,0,0,25,12,10,0
371037,1,1,1994,0,0,0,0,0,0,0,0,0,0
371038,1,1,1994,19,19,19,19,19,19,19,19,19,19
371038,2,1,1994,0,0,0,0,4,0,0,0,0,0
371038,3,1,1994,0,0,0,0,0,0,7,0,0,6
371039,1,1,1994,0,0,0,0,0,0,0,0,0,0
371040,1,1,1994,19,19,19,19,19,19,19,19,19,19
371041,1,1,1994,0,0,0,0,0,0,0,0,0,0
371042,0,1,1994,0,0,0,0,0,0,0,0,0,0
371042,0,2,1994,0,0,0,11,0,0,0,0,11,15
371042,1,1,1994,0,0,0,0,0,0,0,0,0,0
371043,0,1,1994,29,29,29,29,29,29,29,29,29,29
371043,1,1,1994,0,0,0,0,0,0,0,0,0,0
371044,1,1,1994,0,0,0,0,0,0,0,0,0,0
371044,2,1,1994,0,0,0,0,0,0,0,0,0,0
371044,3,1,1994,0,0,0,0,0,0,0,0,0,0
371045,1,1,1994,0,0,0,0,0,0,0,0,0,26
371045,2,1,1994,0,0,0,0,0,0,0,0,0,0
371046,1,1,1994,0,0,0,0,0,0,0,0,0,0
371046,2,1,1994,0,0,0,0,0,0,0,0,0,0
371047,1,1,1994,0,0,0,0,0,0,0,0,0,0
371048,1,1,1994,0,0,0,0,0,0,0,0,0,0
371049,1,1,1994,7,17,16,15,12,0,27,23,8,19
371049,2,1,1994,0,0,0,0,0,0,0,0,0,0
371050,0,1,1994,0,0,0,0,0,0,0,0,0,0
371050,1,1,1994,0,0,0,11,0,0,0,0,0,19
371051,1,1,1994,15,0,0,0,0,0,3,0,0,0
371052,1,1,1994,0,0,0,0,0,0,0,0,0,0
371052,2,1,1994,0,0,0,0,0,0,0,0,0,0
371053,1,1,1994,0,0,0,0,0,0,0,0,0,0
371054,1,1,1994,0,0,0,0,0,0,0,0,0,0
371054,2,1,1994,32,32,32,32,32,32,32,32,32,32
371055,1,1,1994,27,27,27,27,27,27,27,27,27,27
371055,2,1,1994,0,0,0,0,0,0,0,0,0,0
371056,1,1,1994,0,0,0,0,0,0,0,0,0,0
371057,1,1,1994,4,4,4,4,4,4,4,4,4,4
371058,0,1,1994,30,30,30,30,30,30,30,30,30,30
371058,1,1,1994,0,0,0,0,0,0,0,0,0,0
371059,1,1,1994,0,0,0,0,0,0,0,0,0,0
371059,2,1,1994,0,0,0,0,0,0,0,0,0,0
371060,1,1,1994,0,0,0,0,0,0,0,0,0,0
371060,2,1,1994,10,10,10,10,10,10,10,10,10,10
371061,1,1,1994,0,0,0,0,0,0,0,0,0,0
371061,2,1,1994,0,0,0,0,0,0,0,0,0,0
371061,3,1,1994,0,0,0,6,0,0,0,0,0,0
371062,1,1,1994,41,41,41,41,41,41,41,41,41,41
371063,1,1,1994,0,0,0,0,0,0,0,0,0,0
371063,2,1,1994,0,0,0,0,0,0,0,0,0,0
371063,3,1,1994,0,0,0,0,0,0,0,0,0,0
371063,4,1,1994,0,0,0,0,0,0,0,0,0,0
371063,5,1,1994,0,0,0,0,0,0,0,0,0,0
371064,0,1,1994,0,0,0,0,0,0,0,0,0,0
371064,1,1,1994,0,0,0,0,0,0,0,0,0,0
371065,1,1,1994,0,0,0,0,0,0,0,6,0,0
371065,2,1,1994,2,2,17,10,33,13,19,20,19,30
371066,1,1,1994,13,13,13,13,13,13,13,13,13,13
371067,1,1,1994,0,0,0,0,0,0,0,0,0,0
371067,2,1,1994,0,0,0,0,0,0,0,0,0,0
371068,1,1,1994,0,0,0,0,0,0,0,0,0,0
371069,1,1,1994,0,0,0,0,0,0,0,0,0,0
371070,1,1,1994,0,0,0,0,0,0,0,0,0,0
371070,2,1,1994,0,0,0,0,0,0,0,0,0,0
371071,1,1,1994,0,0,0,0,0,0,0,0,0,0
371072,0,1,1994,0,0,0,0,0,0,0,0,0,0
371072,1,1,1994,0,0,0,0,0,0,0,0,0,0
371073,1,1,1994,0,0,0,0,0,0,0,0,0,0
371073,2,1,1994,0,0,22,0,0,0,0,0,0,0
371074,1,1,1994,0,37,32,11,11,13,10,18,20,11
371074,2,1,1994,0,0,0,0,0,0,0,0,0,0
371075,1,1,1994,13,13,13,13,13,13,13,13,13,13
371076,1,1,1994,0,0,0,0,0,0,0,0,0,0
371077,1,1,1994,0,0,0,0,0,0,0,0,0,0
371077,2,1,1994,0,0,0,0,0,0,0,0,0,0
371078,1,1,1994,0,0,0,0,0,0,0,0,0,0
371078,2,1,1994,0,0,0,0,0,0,0,0,0,0
371079,1,1,1994,31,31,31,31,31,31,31,31,31,31
371080,1,1,1994,28,28,28,28,28,28,28,28,28,28
371081,1,1,1994,11,0,0,26,0,0,13,0,0,0
371081,2,1,1994,0,0,0,0,3,0,0,0,0,0
371082,1,1,1994,6,6,6,6,6,6,6,6,6,6
371083,1,1,1994,21,21,21,21,21,21,21,21,21,21
371084,0,1,1994,47,47,47,47,47,47,47,47,47,47
371084,1,1,1994,0,22,0,33,12,0,14,0,25,18
371085,1,1,1994,20,20,20,20,20,20,20,20,20,20
371086,1,1,1994,7,10,12,5,6,13,11,17,17,3
371086,2,1,1994,14,14,14,14,14,14,14,14,14,14
371087,1,1,1994,0,0,0,0,0,0,0,0,0,10
371088,0,1,1994,0,0,0,0,0,0,0,0,0,0
371088,0,2,1994,0,0,0,0,0,0,0,0,0,0
371088,1,1,1994,0,0,0,0,0,0,0,0,0,0
371089,1,1,1994,0,0,0,0,0,0,0,0,0,0
371089,2,1,1994,0,0,0,0,0,0,0,0,0,0
371090,1,1,1994,0,0,0,0,0,0,0,0,0,0
371090,2,1,1994,0,0,0,0,0,0,0,0,0,0
371091,0,1,1994,0,0,0,0,0,0,0,0,0,0
371091,1,1,1994,0,0,0,0,0,0,0,0,0,0
371092,0,1,1994,46,46,46,46,46,46,46,46,46,46
371092,1,1,1994,24,29,0,0,34,0,0,0,0,0
371093,1,1,1994,0,0,0,0,0,0,14,0,0,0
371094,1,1,1994,0,0,0,0,0,0,0,0,0,0
371094,2,1,1994,0,0,0,0,0,0,0,0,0,0
371095,1,1,1994,6,6,6,6,6,6,6,6,6,6
371095,2,1,1994,0,0,0,0,0,0,0,0,0,0
371096,1,1,1994,23,23,23,23,23,23,23,23,23,23
371097,0,1,1994,0,0,0,0,0,0,0,0,0,0
371097,1,1,1994,0,0,0,0,0,0,0,0,0,0
371098,1,1,1994,0,0,0,0,0,0,0,0,0,0
371098,2,1,1994,0,0,0,0,0,0,0,0,0,0
371099,1,1,1994,0,0,0,0,0,0,0,0,0,0
371099,2,1,1994,5,0,0,0,0,0,0,0,0,0
371099,3,1,1994,0,0,0,0,0,6,0,0,0,0
371101,1,1,1994,0,0,0,12,12,19,0,0,0,0
371102,1,1,1994,0,0,0,0,0,0,0,0,0,0
371102,2,1,1994,0,0,0,0,0,0,0,10,0,0
371103,1,1,1994,10,13,25,15,42,18,9,19,8,20
371104,1,1,1994,0,0,0,0,0,0,0,0,0,0
371104,2,1,1994,0,0,0,0,0,0,0,0,0,0
371104,3,1,1994,0,0,0,0,0,0,0,0,0,0
371105,1,1,1994,13,12,15,8,16,7,13,24,12,32
371106,1,1,1994,0,13,25,0,0,0,0,0,0,23
371107,1,1,1994,0,0,0,0,0,0,0,0,0,0
371107,2,1,1994,0,0,0,0,0,0,0,0,0,0
371108,1,1,1994,0,0,0,0,0,0,0,0,0,0
371109,1,1,1994,0,0,0,0,0,0,0,0,0,0
371109,2,1,1994,0,0,0,0,0,0,0,0,0,0
371110,1,1,1994,0,0,0,0,0,0,0,0,0,0
371110,2,1,1994,0,0,0,0,0,0,0,0,0,0
371111,0,1,1994,0,0,0,0,0,0,0,0,0,0
371111,0,2,1994,0,0,0,0,0,0,0,0,9,0
371111,1,1,1994,0,0,0,0,0,0,0,0,0,0
371112,1,1,1994,0,0,0,0,0,0,0,0,0,0
371112,2,1,1994,0,0,0,0,0,0,0,0,0,0
371113,1,1,1994,0,0,0,0,0,0,0,0,0,0
371114,1,1,1994,0,0,0,0,0,0,0,0,0,0
371114,2,1,1994,0,0,0,0,0,0,0,0,0,0
371115,1,1,1994,34,28,37,0,7,0,0,18,17,0
371116,0,1,1994,23,23,23,23,23,23,23,23,23,23
371116,1,1,1994,7,35,0,0,13,0,0,0,0,0
371117,1,1,1994,0,0,0,0,0,0,0,0,0,0
371118,1,1,1994,0,0,0,0,0,0,0,0,0,0
371119,1,1,1994,16,16,17,27,19,6,7,36,22,11
371120,1,1,1994,0,0,0,0,0,0,0,0,0,0
371120,2,1,1994,0,0,0,0,0,0,0,0,0,0
371121,1,1,1994,0,0,0,0,0,0,0,0,0,15
371122,0,1,1994,0,0,0,0,0,0,0,0,0,0
371122,1,1,1994,0,0,0,0,0,10,0,0,0,0
371123,0,1,1994,0,0,0,0,0,0,0,0,0,0
371123,1,1,1994,0,0,0,0,0,0,0,0,0,0
371124,1,1,1994,0,0,0,0,0,0,0,0,0,0
371125,1,1,1994,0,0,0,0,0,0,0,0,0,0
371125,2,1,1994,0,0,0,0,0,0,0,0,0,0
371126,1,1,1994,0,0,0,0,0,0,0,0,0,0
371127,1,1,1994,0,0,0,0,0,2,0,0,0,0
371128,1,1,1994,0,0,0,0,0,0,0,0,0,0
371128,2,1,1994,0,0,0,0,0,0,0,0,0,0
371128,3,1,1994,0,0,0,0,0,0,0,0,0,0
371129,1,1,1994,0,0,0,0,0,25,0,0,16,0
371130,0,1,1994,22,22,22,22,22,22,22,22,22,22
371130,1,1,1994,0,0,0,0,0,0,0,0,0,0
371131,1,1,1994,0,0,0,0,0,0,0,0,0,0
371131,2,1,1994,0,0,0,0,0,0,0,0,0,0
371131,3,1,1994,0,0,0,0,0,0,0,0,0,0
371132,1,1,1994,0,0,0,0,0,0,0,0,0,0
371132,2,1,1994,0,0,0,0,0,0,0,0,0,0
371133,1,1,1994,0,0,0,0,0,0,0,0,0,0
371133,2,1,1994,0,0,0,0,0,0,0,0,0,0
371133,3,1,1994,0,0,0,0,0,0,0,0,0,0
371134,1,1,1994,0,0,0,0,0,0,0,0,0,0
371134,2,1,1994,0,0,0,0,0,0,0,0,0,0
371135,1,1,1994,20,20,20,20,20,20,20,20,20,20
371136,1,1,1994,0,0,0,0,20,0,0,0,0,0
371136,2,1,1994,0,0,0,0,0,6,0,0,0,0
371137,1,1,1994,0,0,0,0,0,0,0,0,0,0
371137,2,1,1994,0,0,0,0,0,0,0,0,0,0
371138,1,1,1994,0,0,0,0,0,0,0,0,0,0
371138,2,1,1994,0,0,0,0,0,0,0,0,0,0
371139,1,1,1994,0,0,0,0,0,0,0,0,0,0
371140,1,1,1994,0,0,0,0,0,0,0,0,0,0
371140,2,1,1994,0,0,0,0,0,0,0,0,0,0
371141,1,1,1994,15,15,15,15,15,15,15,15,15,15
371142,1,1,1994,0,0,0,0,0,0,0,0,0,0
371143,1,1,1994,0,0,0,0,11,15,0,18,0,0
371143,2,1,1994,0,0,0,0,0,0,0,0,0,0
371143,3,1,1994,0,0,0,0,0,0,0,0,0,0
371143,4,1,1994,0,0,0,12,0,0,0,0,0,0
371144,0,1,1994,0,0,0,0,0,0,0,0,0,0
371144,1,1,1994,0,0,0,4,0,0,0,0,20,0
371145,1,1,1994,0,0,0,0,0,0,21,0,0,0
371146,1,1,1994,0,0,0,0,0,0,0,0,0,0
371147,1,1,1994,0,0,0,0,0,0,0,0,0,0
371147,2,1,1994,19,19,19,19,19,19,19,19,19,19
371148,1,1,1994,0,0,0,0,0,0,0,0,0,0
371148,2,1,1994,0,0,0,0,0,0,0,0,0,0
371149,1,1,1994,0,0,0,0,0,0,0,0,0,0
371149,2,1,1994,0,0,0,0,0,0,0,0,0,0
371150,1,1,1994,0,0,0,0,0,0,0,0,0,0
371150,2,1,1994,0,0,0,0,0,0,0,0,0,0
371151,1,1,1994,0,0,0,0,0,0,0,0,0,0
371151,2,1,1994,0,0,0,0,0,0,0,0,0,0
371152,1,1,1994,0,0,0,0,0,0,0,0,0,0
371153,1,1,1994,0,0,0,0,0,0,0,0,0,0
371154,1,1,1994,0,0,0,0,0,0,0,0,0,0
371155,0,1,1994,0,0,0,0,0,0,0,0,0,0
371155,1,1,1994,0,12,0,0,0,0,0,0,0,0
371156,1,1,1994,0,0,0,0,0,0,0,0,0,0
371156,2,1,1994,0,0,0,0,0,0,0,0,0,0
371157,1,1,1994,26,26,26,26,26,26,26,26,26,26
371158,1,1,1994,6,6,6,6,6,6,6,6,6,6
371159,1,1,1994,0,0,0,0,0,0,0,0,0,0
371159,2,1,1994,0,0,0,0,0,0,0,0,0,0
371160,0,1,1994,26,26,26,26,26,26,26,26,26,26
371160,1,1,1994,0,0,0,0,0,0,0,0,0,0
371161,1,1,1994,0,0,23,0,0,0,0,0,0,0
371161,2,1,1994,0,5,0,0,0,0,0,0,0,0
371162,1,1,1994,35,35,35,35,35,35,35,35,35,35
371163,1,1,1994,0,0,0,0,0,0,0,0,0,0
371164,1,1,1994,31,24,33,27,11,17,5,17,26,47
371165,1,1,1994,0,0,0,0,0,0,0,0,0,0
371165,2,1,1994,0,0,0,0,0,29,0,0,0,0
371166,1,1,1994,0,0,0,0,0,0,0,0,0,0
371166,2,1,1994,0,0,0,0,0,0,0,0,0,0
371167,1,1,1994,0,0,0,0,0,0,0,0,0,0
371168,1,1,1994,0,0,0,0,0,0,0,0,0,0
371168,2,1,1994,46,46,46,46,46,46,46,46,46,46
371169,1,1,1994,0,0,0,0,0,0,0,0,0,0
371169,2,1,1994,0,0,0,0,11,0,0,0,0,0
371170,0,1,1994,18,18,18,18,18,18,18,18,18,18
371170,1,1,1994,0,0,0,0,0,0,0,0,0,0
371171,0,1,1994,28,28,28,28,28,28,28,28,28,28
371171,1,1,1994,0,0,0,0,0,0,0,0,0,0
371172,1,1,1994,0,0,0,0,10,0,0,0,0,0
371172,2,1,1994,0,0,0,0,0,0,0,0,0,0
371173,1,1,1994,0,0,0,0,0,0,0,0,0,0
371173,2,1,1994,0,0,0,0,0,0,0,0,0,0
371174,1,1,1994,11,11,11,11,11,11,11,11,11,11
371174,2,1,1994,0,0,0,0,16,22,0,0,20,21
371175,1,1,1994,0,0,0,0,0,0,0,0,0,0
371175,2,1,1994,0,0,0,0,0,0,0,0,0,6
371176,0,1,1994,26,26,26,26,26,26,26,26,26,26
371176,1,1,1994,0,0,0,0,0,0,0,0,0,0
371177,1,1,1994,0,0,0,0,0,0,0,0,0,0
371178,0,1,1994,24,24,24,24,24,24,24,24,24,24
371178,1,1,1994,0,0,0,0,0,0,0,0,0,0
371179,1,1,1994,8,15,0,0,17,0,0,0,0,0
371180,1,1,1994,12,33,5,32,11,14,0,2,28,23
371181,0,1,1994,0,0,0,0,0,0,0,0,0,0
371181,1,1,1994,0,0,0,0,0,0,0,0,0,0
371182,1,1,1994,0,0,0,0,0,0,0,0,0,0
371182,2,1,1994,0,0,0,0,0,0,0,0,0,0
371183,1,1,1994,33,33,33,33,33,33,33,33,33,33
371183,2,1,1994,0,0,0,0,0,0,0,0,0,0
371184,1,1,1994,0,0,0,0,0,0,0,0,0,0
371185,1,1,1994,32,32,32,32,32,32,32,32,32,32
371186,1,1,1994,0,0,0,0,0,0,0,0,0,0
371187,1,1,1994,0,0,0,0,0,0,0,0,0,0
371187,2,1,1994,0,0,0,0,0,13,0,0,0,16
371188,1,1,1994,18,18,18,18,18,18,18,18,18,18
371189,1,1,1994,0,0,0,0,0,0,0,0,0,0
371189,2,1,1994,0,0,0,0,0,0,0,0,0,0
371190,1,1,1994,17,20,16,12,24,12,19,15,24,17
371191,1,1,1994,0,0,0,0,0,0,0,0,0,0
371191,2,1,1994,0,0,0,0,0,0,0,0,0,0
371192,1,1,1994,0,0,0,0,0,0,0,0,0,0
371192,2,1,1994,0,0,0,0,0,0,0,0,0,0
371193,0,1,1994,0,0,0,0,0,0,0,16,0,0
371193,0,2,1994,0,0,0,0,0,0,0,0,0,0
371193,1,1,1994,0,0,0,0,0,0,0,0,0,0
371194,1,1,1994,0,0,0,0,0,0,0,0,0,0
371194,2,1,1994,29,0,0,0,0,0,0,0,0,0
371195,0,1,1994,0,0,0,0,0,0,0,0,0,0
371195,1,1,1994,0,0,0,0,0,0,0,0,0,0
371196,1,1,1994,0,0,0,0,0,12,0,15,21,0
371197,1,1,1994,0,0,0,0,0,0,0,0,0,0
371197,2,1,1994,0,0,0,0,0,0,11,0,0,0
371198,1,1,1994,18,18,18,18,18,18,18,18,18,18
371198,2,1,1994,0,0,0,0,0,0,0,0,0,0
371199,0,1,1994,24,24,24,24,24,24,24,24,24,24
371199,1,1,1994,0,4,0,0,0,0,0,19,0,0
371200,1,1,1994,23,23,23,23,23,23,23,23,23,23
371201,1,1,1994,12,0,0,0,0,0,0,0,0,0
371201,2,1,1994,0,0,0,0,0,0,0,0,0,0
371202,1,1,1994,18,0,37,19,13,21,2,7,10,20
371202,2,1,1994,0,0,0,0,0,0,0,0,0,0
371202,3,1,1994,0,0,0,0,0,0,0,0,0,0
371203,0,1,1994,0,0,0,0,0,0,0,0,0,0
371203,0,2,1994,0,0,0,0,0,0,0,0,0,14
371203,1,1,1994,0,0,0,0,0,0,0,0,0,0
371204,0,1,1994,12,12,12,12,12,12,12,12,12,12
371204,1,1,1994,0,0,0,0,12,0,0,0,0,0
371205,0,1,1994,0,0,0,0,0,0,0,0,0,0
371205,1,1,1994,0,0,0,0,0,0,0,0,0,0
371206,1,1,1994,0,0,0,0,0,0,0,0,0,0
371207,1,1,1994,0,0,0,0,0,0,0,0,0,0
371208,1,1,1994,6,6,6,6,6,6,6,6,6,6
371209,0,1,1994,15,15,15,15,15,15,15,15,15,15
371209,1,1,1994,0,0,0,0,0,0,0,0,0,0
371210,1,1,1994,20,0,0,0,0,0,0,13,5,6
371210,2,1,1994,0,0,0,0,0,0,0,0,0,0
371211,1,1,1994,0,0,0,0,0,0,0,0,0,0
371212,1,1,1994,0,0,0,0,0,16,0,0,0,0
371212,2,1,1994,0,0,0,0,0,0,0,0,0,0
371213,1,1,1994,0,0,0,0,0,0,0,0,0,0
371213,2,1,1994,0,0,0,0,0,0,0,0,0,0
371214,0,1,1994,21,21,21,21,21,21,21,21,21,21
371214,1,1,1994,22,0,0,0,0,0,7,0,0,0
371214,2,1,1994,0,0,0,0,0,0,0,0,0,0