ST_CASE,VEH_NO,PER_NO,YEAR,P1,P2,P3,P4,P5,P6,P7,P8,P9,P10
371215,1,1,1994,0,0,0,0,0,0,0,0,0,0
371215,2,1,1994,0,0,0,0,0,0,0,0,0,0
371216,1,1,1994,0,0,0,0,0,0,0,0,0,0
371216,2,1,1994,0,0,0,0,0,0,0,0,0,0
371217,0,1,1994,0,0,0,0,0,0,0,0,0,0
371217,1,1,1994,0,0,0,0,0,0,0,16,0,0
371218,1,1,1994,0,0,0,0,0,0,0,0,0,0
371219,1,1,1994,0,0,0,14,0,0,0,0,0,0
371220,1,1,1994,0,0,0,0,0,0,0,0,0,0
371221,1,1,1994,0,0,0,0,0,0,0,0,0,0
371221,2,1,1994,0,0,0,0,0,0,0,0,0,0
371222,1,1,1994,0,0,0,0,0,0,0,0,0,0
371222,2,1,1994,0,0,0,0,0,0,0,0,0,0
371223,1,1,1994,0,0,0,0,0,0,0,0,0,0
371224,1,1,1994,0,0,0,0,0,0,0,0,0,0
371224,2,1,1994,0,0,0,0,0,0,0,0,0,0
371224,3,1,1994,0,0,0,0,0,0,0,0,0,0
371224,4,1,1994,0,12,0,0,12,0,0,0,0,0
371224,5,1,1994,0,0,0,0,0,0,0,0,0,0
371225,0,1,1994,0,0,0,0,0,0,0,0,0,0
371225,1,1,1994,0,0,0,0,0,0,0,0,0,0
371226,1,1,1994,0,22,0,0,0,0,0,0,0,0
371226,2,1,1994,0,0,0,0,0,0,0,0,0,0
371227,0,1,1994,0,0,0,0,0,0,0,0,0,0
371227,1,1,1994,0,0,0,0,0,0,0,0,0,0
371228,1,1,1994,22,22,22,22,22,22,22,22,22,22
371229,1,1,1994,0,0,0,0,6,0,0,0,0,0
371230,1,1,1994,0,0,0,0,0,0,0,0,0,0
371230,2,1,1994,0,0,0,0,0,0,0,0,0,0
371231,1,1,1994,4,4,4,4,4,4,4,4,4,4
371231,2,1,1994,0,0,0,0,0,0,0,0,0,0
371232,1,1,1994,0,0,0,0,0,0,0,0,0,0
371232,2,1,1994,0,0,0,0,0,0,0,0,0,0
371233,0,1,1994,7,7,7,7,7,7,7,7,7,7
371233,1,1,1994,0,0,0,0,0,0,0,0,0,0
371234,1,1,1994,13,0,0,0,0,0,0,0,0,0
371234,2,1,1994,21,21,21,21,21,21,21,21,21,21
371235,1,1,1994,0,0,0,0,0,0,0,11,0,17
371236,1,1,1994,12,0,31,16,20,28,43,14,22,11
371237,1,1,1994,0,0,0,0,0,0,0,0,0,0
371238,1,1,1994,0,0,0,0,0,0,0,0,0,0
371238,2,1,1994,0,0,0,0,10,0,0,0,0,0
371239,1,1,1994,0,0,0,0,0,0,0,0,0,0
371240,1,1,1994,0,0,0,0,0,0,0,0,0,0
371240,2,1,1994,0,0,0,0,0,0,0,0,0,0
371241,0,1,1994,0,0,21,0,0,0,0,0,0,0
371241,1,1,1994,0,0,0,0,0,0,0,0,0,0
371242,1,1,1994,0,0,0,0,0,0,0,0,0,0
371243,0,1,1994,40,40,40,40,40,40,40,40,40,40
371243,1,1,1994,0,0,0,0,0,0,0,0,0,0
371244,1,1,1994,3,3,3,3,3,3,3,3,3,3
371245,0,1,1994,0,0,0,0,0,0,0,0,0,0
371245,1,1,1994,0,0,0,0,0,0,0,0,0,0
371246,0,1,1994,0,0,0,0,0,0,0,0,0,0
371246,1,1,1994,0,0,0,0,14,0,0,0,0,0
371247,1,1,1994,0,18,0,0,0,0,0,0,0,21
371248,1,1,1994,2,2,2,2,2,2,2,2,2,2
371249,1,1,1994,0,0,0,0,0,0,0,0,0,0
371249,2,1,1994,0,0,0,0,0,0,0,0,0,0
371250,1,1,1994,0,0,0,0,0,0,0,0,0,0
371251,1,1,1994,0,0,0,0,0,0,7,0,0,0
371251,2,1,1994,0,0,0,0,0,0,0,0,0,0
371252,1,1,1994,23,14,18,27,41,12,0,30,20,0
371252,2,1,1994,0,0,0,0,0,0,0,0,0,0
371253,0,1,1994,0,17,0,0,0,0,0,0,0,0
371253,1,1,1994,0,0,0,0,0,16,0,0,0,0
371254,1,1,1994,0,0,0,42,0,25,12,15,18,23
371255,1,1,1994,0,0,0,0,0,0,0,0,0,0
371255,2,1,1994,0,0,0,0,0,0,0,0,0,0
371256,0,1,1994,0,0,0,0,0,0,0,0,0,0
371256,1,1,1994,0,0,0,0,0,0,0,0,0,0
371257,1,1,1994,10,18,15,7,10,14,15,32,12,0
371257,2,1,1994,0,0,0,18,0,0,0,0,0,0
371258,1,1,1994,0,0,0,0,0,0,0,0,0,0
371259,0,1,1994,0,0,0,0,0,0,17,0,0,0
371259,1,1,1994,0,0,0,0,0,0,0,0,0,0
371259,2,1,1994,0,0,0,0,0,0,0,0,0,5
371260,1,1,1994,14,11,0,7,10,0,5,4,17,0
371260,2,1,1994,0,0,0,0,0,0,0,0,0,0
371261,0,1,1994,0,0,0,0,0,0,0,0,0,0
371261,1,1,1994,0,0,13,0,0,0,0,0,0,0
371262,0,1,1994,23,23,23,23,23,23,23,23,23,23
371262,1,1,1994,18,18,24,30,20,8,21,0,17,28
371263,1,1,1994,0,0,0,0,0,0,0,0,0,0
371264,0,1,1994,32,0,22,20,0,12,11,0,0,18
371264,1,1,1994,19,16,15,22,18,12,21,10,18,0
371265,0,1,1994,0,0,0,0,0,0,0,0,0,0
371265,1,1,1994,0,0,0,0,0,0,0,0,0,0
371266,1,1,1994,0,0,0,0,0,0,11,0,0,0
371266,2,1,1994,24,0,20,25,0,13,37,16,22,19
371267,1,1,1994,24,16,13,16,8,15,20,13,23,14
371268,1,1,1994,0,0,0,0,0,0,0,0,0,0
371268,2,1,1994,0,0,0,0,0,0,0,0,0,0
380001,1,1,1994,0,0,0,0,5,0,0,0,14,0
380001,2,1,1994,0,0,0,0,0,0,0,0,0,0
380002,1,1,1994,14,14,14,14,14,14,14,14,14,14
380003,1,1,1994,9,9,9,9,9,9,9,9,9,9
380003,2,1,1994,22,22,22,22,22,22,22,22,22,22
380004,1,1,1994,0,0,0,0,0,0,0,0,0,0
380005,1,1,1994,54,16,0,0,0,0,10,49,23,40
380006,1,1,1994,16,0,6,0,0,0,0,2,20,13
380006,2,1,1994,13,0,0,0,0,12,0,0,0,0
380006,3,1,1994,0,0,0,0,0,0,7,0,0,0
380007,1,1,1994,17,17,17,17,17,17,17,17,17,17
380008,1,1,1994,7,0,0,16,0,0,0,0,0,0
380009,1,1,1994,0,0,0,0,0,0,0,0,0,0
380009,2,1,1994,0,0,0,0,0,0,0,0,0,0
380010,1,1,1994,11,11,11,11,11,11,11,11,11,11
380011,1,1,1994,0,0,0,0,28,0,0,0,0,0
380011,2,1,1994,0,0,0,0,0,0,0,0,0,0
380012,1,1,1994,0,0,0,0,0,0,0,0,0,0
380012,2,1,1994,0,0,0,0,0,0,0,0,0,0
380013,1,1,1994,0,0,0,0,0,0,0,0,0,0
380013,2,1,1994,0,0,4,0,0,0,0,0,0,0
380014,0,1,1994,24,24,24,24,24,24,24,24,24,24
380014,1,1,1994,17,19,23,0,27,0,28,17,9,0
380015,1,1,1994,0,0,0,0,0,0,0,0,0,0
380016,1,1,1994,0,0,0,0,0,0,0,0,0,0
380016,2,1,1994,0,0,0,0,0,0,0,0,0,0
380017,1,1,1994,20,20,20,20,20,20,20,20,20,20
380018,1,1,1994,0,0,0,0,0,6,0,0,0,16
380018,2,1,1994,12,0,0,7,0,0,4,0,0,0
380019,1,1,1994,20,20,20,20,20,20,20,20,20,20
380020,1,1,1994,0,31,37,13,13,20,18,12,19,15
380021,1,1,1994,0,0,0,12,0,0,0,0,0,0
380021,2,1,1994,0,0,0,0,0,0,0,0,0,0
380022,1,1,1994,13,13,13,13,13,13,13,13,13,13
380023,1,1,1994,24,24,24,24,24,24,24,24,24,24
380024,1,1,1994,11,11,11,11,11,11,11,11,11,11
380024,2,1,1994,9,0,0,0,26,0,0,0,0,0
380025,1,1,1994,8,8,8,8,8,8,8,8,8,8
380026,1,1,1994,0,0,0,0,0,0,0,0,0,0
380027,1,1,1994,0,0,0,0,0,0,0,0,0,0
380027,2,1,1994,0,7,0,0,12,0,0,0,0,0
380028,1,1,1994,3,3,3,3,3,3,3,3,3,3
380029,1,1,1994,0,0,0,0,0,0,7,0,0,0
380030,1,1,1994,0,0,0,0,0,0,0,0,0,0
380031,0,1,1994,0,0,0,0,0,0,0,0,0,0
380031,1,1,1994,0,0,0,0,0,0,0,0,0,0
380032,1,1,1994,27,27,27,27,27,27,27,27,27,27
380032,2,1,1994,0,0,0,0,0,0,0,0,0,0
380033,1,1,1994,0,0,0,0,0,0,0,0,0,0
380033,2,1,1994,17,14,26,0,16,5,13,20,10,15
380034,1,1,1994,0,0,0,0,0,0,0,0,0,0
380035,1,1,1994,0,0,0,12,0,0,0,19,0,0
380035,2,1,1994,0,4,0,0,19,9,0,0,0,0
380036,1,1,1994,0,0,0,0,0,0,0,0,0,0
380036,2,1,1994,0,0,0,0,0,0,0,0,0,0
380037,1,1,1994,30,30,30,30,30,30,30,30,30,30
380038,1,1,1994,23,17,12,21,29,9,24,21,33,0
380039,1,1,1994,39,0,0,17,0,8,0,0,0,0
380040,1,1,1994,0,0,0,0,0,0,0,0,0,0
380040,2,1,1994,0,0,0,0,0,0,0,0,0,0
380041,1,1,1994,0,0,0,0,0,0,0,0,0,0
380041,2,1,1994,22,22,22,22,22,22,22,22,22,22
380042,1,1,1994,8,8,8,8,8,8,8,8,8,8
380043,1,1,1994,0,0,0,0,0,0,0,0,0,0
380044,1,1,1994,15,15,15,15,15,15,15,15,15,15
380045,1,1,1994,12,21,29,0,19,0,27,10,25,0
380046,1,1,1994,0,0,11,0,0,0,0,0,0,0
380047,1,2,1994,0,0,14,0,23,0,0,0,23,7
380048,1,1,1994,19,19,19,19,19,19,19,19,19,19
380049,0,1,1994,0,0,0,0,0,0,0,0,0,0
380049,1,1,1994,0,0,0,0,0,0,0,0,0,0
380050,1,1,1994,9,24,19,8,35,8,29,11,18,11
380051,0,1,1994,25,25,25,25,25,25,25,25,25,25
380051,1,1,1994,27,6,11,8,16,7,12,13,15,7
380052,1,1,1994,0,0,0,5,0,0,0,0,0,0
380052,2,1,1994,0,0,0,0,0,0,0,0,0,0
380053,1,1,1994,0,0,0,0,0,0,0,0,0,0
380053,2,1,1994,0,0,0,0,0,0,0,0,0,0
380054,1,1,1994,16,16,16,16,16,16,16,16,16,16
380054,2,1,1994,0,0,0,0,0,0,0,0,0,0
380055,1,1,1994,0,0,0,0,0,0,0,0,0,0
380056,1,1,1994,0,0,0,0,0,0,0,0,0,0
380056,2,1,1994,0,0,0,0,0,3,0,0,0,0
380057,1,1,1994,12,12,12,12,12,12,12,12,12,12
380058,1,1,1994,0,11,0,0,0,0,0,0,0,35
380058,2,1,1994,0,0,0,0,0,0,0,0,0,0
380059,1,1,1994,0,0,0,0,0,0,0,12,0,0
380060,0,1,1994,28,28,28,28,28,28,28,28,28,28
380060,1,1,1994,8,0,11,23,8,12,13,3,21,0
380061,1,1,1994,14,14,14,14,14,14,14,14,14,14
380062,1,1,1994,9,9,9,9,9,9,9,9,9,9
380063,1,1,1994,0,0,0,0,0,0,0,0,0,0
380064,1,1,1994,0,0,0,0,0,0,0,0,0,0
380064,2,1,1994,15,15,15,15,15,15,15,15,15,15
380065,1,1,1994,0,24,22,0,25,12,0,18,0,25
380066,1,1,1994,20,0,0,0,0,0,0,0,0,0
380066,2,1,1994,0,0,0,0,0,0,0,0,0,0
380067,1,1,1994,0,0,0,0,0,0,0,0,0,0
380067,2,1,1994,0,0,0,7,0,0,0,0,0,0
380068,1,1,1994,0,0,0,0,0,0,0,0,0,0
380068,2,1,1994,0,0,0,0,0,0,0,0,0,0
380069,1,1,1994,26,26,26,26,26,26,26,26,26,26
380069,2,1,1994,0,0,0,0,0,0,0,0,0,0
380070,1,1,1994,0,0,0,0,0,0,0,0,0,0
380070,2,1,1994,0,0,0,0,0,0,0,0,0,0
380071,0,1,1994,0,0,16,37,0,25,13,0,47,12
380071,1,1,1994,0,0,0,0,13,0,0,4,0,0
380072,1,1,1994,0,0,0,0,0,0,0,0,0,0
380072,2,1,1994,0,0,0,0,0,0,0,0,0,0
380073,1,1,1994,0,16,0,0,0,11,17,0,36,20
380073,2,1,1994,22,22,22,22,22,22,22,22,22,22
380074,1,1,1994,0,0,0,0,0,0,0,0,0,0
380074,2,1,1994,0,0,0,0,0,16,0,0,0,0
380075,0,1,1994,12,12,12,12,12,12,12,12,12,12
380075,1,1,1994,0,0,0,0,0,0,0,0,0,0
380076,0,1,1994,0,0,0,0,0,0,0,0,0,0
380076,1,1,1994,15,15,15,15,15,15,15,15,15,15
390003,1,1,1994,18,18,18,18,18,18,18,18,18,18
390004,1,1,1994,23,21,16,17,43,15,20,15,33,18
390005,1,1,1994,27,43,15,36,20,24,24,0,0,20
390006,1,1,1994,0,0,0,0,0,0,0,0,0,0
390006,2,1,1994,0,0,0,0,0,0,0,0,0,0
390006,3,1,1994,0,0,0,0,0,0,0,0,0,0
390007,1,1,1994,0,0,0,0,0,0,0,0,0,0
390007,2,1,1994,0,0,0,0,0,0,0,0,0,0
390008,0,1,1994,0,0,0,0,0,0,0,0,0,0
390008,1,1,1994,0,0,0,0,0,0,0,0,0,0
390009,0,1,1994,0,0,0,0,0,0,0,0,0,0
390009,1,1,1994,9,6,38,20,23,10,12,9,13,20
390010,1,1,1994,0,0,0,0,0,0,0,0,11,0
390010,2,1,1994,21,21,21,21,21,21,21,21,21,21
390011,1,1,1994,0,0,0,0,0,0,0,0,0,0
390011,2,1,1994,0,0,8,0,0,0,0,0,0,0
390011,3,1,1994,0,0,0,0,0,0,0,0,0,0
390012,1,1,1994,0,0,0,13,0,0,0,0,0,0
390012,2,1,1994,18,0,0,14,12,0,0,0,0,0
390013,1,1,1994,0,0,0,0,0,0,0,0,0,0
390013,2,1,1994,0,0,0,0,0,0,0,10,0,0
390014,1,1,1994,17,17,17,17,17,17,17,17,17,17
390015,1,1,1994,0,0,0,0,0,0,0,0,0,0
390015,2,1,1994,0,0,0,0,0,0,0,0,0,0
390016,1,1,1994,6,6,6,6,6,6,6,6,6,6
390016,2,1,1994,0,0,0,0,0,0,0,0,0,0
390017,1,1,1994,0,0,0,0,0,0,0,0,0,0
390017,2,1,1994,0,0,0,0,0,0,0,0,0,0
390018,1,1,1994,0,0,0,0,0,0,0,0,0,0
390018,2,1,1994,14,9,12,5,0,22,15,15,7,4
390019,1,1,1994,0,0,0,0,0,0,0,0,0,0
390019,2,1,1994,26,26,26,26,26,26,26,26,26,26
390020,1,1,1994,28,28,28,28,28,28,28,28,28,28
390020,2,1,1994,0,0,0,0,0,0,0,0,0,0
390021,1,1,1994,0,0,0,0,0,0,0,0,0,0
390021,2,1,1994,0,0,0,0,0,0,0,0,0,0
390022,1,1,1994,23,8,4,18,28,5,7,16,18,16
390022,2,1,1994,14,19,29,13,10,9,19,24,9,33
390023,0,1,1994,0,0,0,0,0,0,0,0,0,0
390023,1,1,1994,0,0,0,0,0,0,0,0,0,0
390024,1,1,1994,0,0,0,0,0,0,0,0,0,0
390025,1,1,1994,0,0,0,0,0,0,0,0,0,0
390025,2,1,1994,0,17,0,0,0,0,0,0,0,0
390026,1,1,1994,0,0,0,0,0,16,0,0,0,0
390026,2,1,1994,0,0,0,0,0,0,0,8,0,0
390027,1,1,1994,0,0,0,0,0,0,0,0,0,0
390027,2,1,1994,0,0,0,0,25,0,0,0,0,0
390028,0,1,1994,16,16,16,16,16,16,16,16,16,16
390028,1,1,1994,0,0,0,0,0,0,0,0,0,0
390029,1,1,1994,0,0,0,0,0,0,0,0,0,0
390029,2,1,1994,0,0,0,0,0,0,0,0,0,0
390030,1,1,1994,23,23,23,23,23,23,23,23,23,23
390031,1,1,1994,0,0,0,10,0,0,0,15,0,12
390032,1,1,1994,0,0,0,0,0,0,0,0,0,0
390033,1,1,1994,19,19,19,19,19,19,19,19,19,19
390034,1,1,1994,0,0,0,0,0,0,0,0,0,0
390034,2,1,1994,0,0,0,0,0,0,0,7,0,0
390035,1,1,1994,0,0,0,0,0,0,0,0,0,0
390035,2,1,1994,0,0,0,0,0,0,0,0,0,0
390035,3,1,1994,0,0,2,0,0,0,0,0,0,0
390035,4,1,1994,0,0,0,0,0,0,0,0,0,0
390036,1,1,1994,0,0,0,0,0,0,0,0,0,0
390036,2,1,1994,0,0,0,0,0,0,0,0,0,0
390037,1,1,1994,11,11,18,12,16,29,11,15,0,0
390038,1,1,1994,0,0,0,0,0,0,0,0,0,0
390038,2,1,1994,0,0,0,0,0,0,0,0,0,0
390039,1,1,1994,0,0,0,0,0,0,0,0,0,0
390039,2,1,1994,0,0,0,0,0,0,0,0,0,0
390040,1,1,1994,0,0,0,0,0,0,0,0,0,0
390040,2,1,1994,0,0,0,0,0,0,0,0,0,0
390041,1,1,1994,0,0,0,0,0,0,0,0,0,0
390041,2,1,1994,0,0,0,0,0,0,0,0,0,5
390042,1,1,1994,0,0,7,0,0,0,0,0,0,0
390042,2,1,1994,8,8,8,8,8,8,8,8,8,8
390043,0,1,1994,0,0,0,0,0,0,0,0,0,0
390043,1,1,1994,0,0,0,0,0,0,0,0,0,0
390044,1,1,1994,9,9,9,9,9,9,9,9,9,9
390044,2,1,1994,0,0,0,0,0,0,0,0,0,0
390045,1,1,1994,0,0,0,0,0,0,0,0,0,0
390045,2,1,1994,0,0,0,0,0,0,0,0,0,0
390045,3,1,1994,0,0,0,0,0,0,0,0,0,0
390046,1,1,1994,12,16,14,0,20,25,23,0,17,8
390047,1,1,1994,0,0,0,0,0,0,0,0,0,0
390047,2,1,1994,0,0,0,0,0,0,0,0,0,0
390048,1,1,1994,0,0,0,0,0,0,0,0,0,0
390048,2,1,1994,0,0,0,0,0,0,0,0,0,0
390049,0,1,1994,0,0,0,0,0,0,11,0,0,9
390049,1,1,1994,0,0,0,0,0,0,0,0,0,0
390050,1,1,1994,0,0,0,0,0,0,0,18,0,0
390050,2,1,1994,0,0,0,0,0,0,0,0,0,0
390051,1,1,1994,0,0,0,0,0,0,0,0,0,0
390051,2,1,1994,0,0,0,0,0,0,0,0,0,0
390052,1,1,1994,0,0,0,0,0,0,0,0,0,0
390052,2,1,1994,0,0,0,0,0,0,0,0,0,0
390053,1,1,1994,24,24,24,24,24,24,24,24,24,24
390053,2,1,1994,0,0,0,7,0,0,0,0,0,0
390054,1,1,1994,5,14,12,33,17,1,7,20,7,14
390054,2,1,1994,0,0,0,0,0,0,0,0,0,0
390055,1,1,1994,0,0,0,0,0,0,0,0,0,0
390055,2,1,1994,0,0,0,0,0,0,0,0,0,0
390056,1,1,1994,0,0,0,0,0,0,0,0,0,0
390056,2,1,1994,0,0,0,0,0,0,0,0,0,0
390057,1,1,1994,0,0,9,0,0,0,0,0,0,0
390058,1,1,1994,0,0,0,0,0,0,0,0,0,0
390058,2,1,1994,0,0,0,0,0,0,0,0,0,0
390059,1,1,1994,0,16,18,9,14,15,18,21,15,0
390059,2,1,1994,0,0,0,9,0,0,0,0,0,0
390059,3,1,1994,0,0,0,0,0,0,0,0,0,0
390060,1,1,1994,13,13,13,13,13,13,13,13,13,13
390061,1,1,1994,16,16,16,16,16,16,16,16,16,16
390062,0,1,1994,29,10,32,6,8,31,13,0,41,35
390062,1,1,1994,11,0,0,0,8,0,0,0,0,0
390063,1,1,1994,24,26,8,10,18,8,3,4,26,6
390064,1,1,1994,0,0,0,0,0,0,0,0,0,0
390065,1,1,1994,17,17,17,17,17,17,17,17,17,17
390065,2,1,1994,0,0,0,0,0,0,0,0,0,0
390066,1,1,1994,0,0,0,0,0,0,0,0,0,0
390066,2,1,1994,0,0,0,0,0,0,0,0,0,0
390066,3,1,1994,0,0,0,0,0,0,0,0,0,0
390067,1,1,1994,0,0,0,0,0,0,0,0,0,0
390067,2,1,1994,0,0,0,0,0,0,0,0,0,0
390068,0,1,1994,7,0,0,0,0,0,17,0,0,0
390068,1,1,1994,25,15,0,0,0,0,0,0,0,10
390068,2,1,1994,0,0,0,0,0,0,0,0,0,0
390068,3,1,1994,0,0,0,0,0,0,0,0,0,0
390069,1,1,1994,0,0,0,0,0,0,0,0,0,0
390069,2,1,1994,0,0,0,0,0,0,0,0,0,0
390070,1,1,1994,0,0,0,0,0,0,0,0,0,0
390070,2,1,1994,0,0,0,0,0,0,0,0,0,0
390070,3,1,1994,0,0,18,0,0,0,0,0,0,0
390070,4,1,1994,0,0,0,0,0,0,0,0,0,0
390070,5,1,1994,0,0,0,0,0,0,0,0,0,0
390070,6,1,1994,0,0,0,0,0,0,0,0,0,0
390071,1,1,1994,0,0,0,0,0,0,0,0,0,0
390071,2,1,1994,0,0,0,0,0,0,0,0,0,0
390071,3,1,1994,0,0,0,0,13,0,0,0,0,0
390072,1,1,1994,0,3,0,0,0,0,0,0,0,0
390072,2,1,1994,0,0,0,0,0,0,0,0,0,0
390073,1,1,1994,0,0,0,0,0,0,0,0,0,0
390073,2,1,1994,0,0,0,0,0,0,0,0,0,0
390074,1,1,1994,0,0,0,0,0,0,0,0,0,0
390074,2,1,1994,0,0,0,0,0,0,0,0,0,0
390075,0,1,1994,11,0,0,0,0,0,0,0,15,26
390075,0,2,1994,9,0,10,25,21,0,12,31,0,20
390075,1,1,1994,0,0,0,0,0,0,0,0,0,0
390076,1,1,1994,20,20,20,20,20,20,20,20,20,20
390076,2,1,1994,0,0,0,0,0,0,0,0,0,0
390076,3,1,1994,0,0,0,0,0,0,0,0,0,0
390077,0,1,1994,14,0,0,0,0,0,14,0,21,14
390077,1,1,1994,0,0,32,25,26,20,0,0,31,0
390078,1,1,1994,0,0,0,0,0,0,0,0,0,0
390078,2,1,1994,0,0,0,0,0,0,0,0,0,0
390079,1,1,1994,0,0,0,0,0,0,0,0,0,0
390079,2,1,1994,0,0,0,0,0,0,0,0,0,0
390079,3,1,1994,0,0,0,0,0,0,0,0,0,0
390079,4,1,1994,0,0,0,0,0,0,0,0,0,0
390080,1,1,1994,15,15,15,15,15,15,15,15,15,15
390080,2,1,1994,0,0,0,0,0,0,0,0,0,0
390081,1,1,1994,0,0,0,0,0,0,0,0,0,0
390082,0,1,1994,32,32,32,32,32,32,32,32,32,32
390082,1,1,1994,20,12,12,11,11,10,0,0,8,22
390083,1,1,1994,6,0,0,0,0,0,0,0,0,0
390084,1,1,1994,0,0,0,0,0,0,0,4,0,0
390085,0,1,1994,0,0,0,0,0,0,0,0,0,0
390085,1,1,1994,0,0,0,0,0,0,0,0,0,0
390086,0,1,1994,0,0,0,0,0,0,0,0,0,0
390086,1,1,1994,0,0,0,0,0,0,0,0,0,0
390087,0,1,1994,0,23,25,14,3,17,0,10,20,0
390087,0,2,1994,43,0,21,0,0,0,0,0,0,18
390087,1,1,1994,0,0,0,0,10,12,0,0,0,0
390088,1,1,1994,0,0,0,0,0,0,0,0,0,0
390088,2,1,1994,0,0,0,0,0,0,0,0,0,0
390089,1,1,1994,16,0,0,6,0,0,0,0,0,0
390090,1,1,1994,0,0,0,0,0,0,0,0,0,0
390091,1,1,1994,0,0,0,0,0,0,0,0,0,0
390091,2,1,1994,0,0,0,0,0,0,0,0,0,0
390092,1,1,1994,0,0,0,0,0,0,0,0,0,0
390092,2,1,1994,0,0,0,0,0,0,0,0,0,0
390093,1,1,1994,0,0,0,0,0,0,0,0,0,0
390095,1,1,1994,0,0,0,0,0,0,0,0,0,0
390095,2,1,1994,0,0,0,0,0,0,0,0,0,0
390096,1,1,1994,0,0,0,0,0,0,0,0,0,0
390097,1,1,1994,20,20,20,20,20,20,20,20,20,20
390097,2,1,1994,0,0,0,0,0,0,0,0,0,0
390098,1,1,1994,0,0,0,0,0,0,0,0,0,0
390099,1,1,1994,0,0,0,0,0,0,0,0,0,0
390099,2,1,1994,0,0,0,0,0,0,0,0,0,0
390100,1,1,1994,0,0,0,0,0,0,0,0,0,0
390100,2,1,1994,0,0,0,0,0,0,0,0,0,0
390101,1,1,1994,0,0,0,0,0,0,0,0,0,0
390102,1,1,1994,0,0,0,0,0,0,0,0,0,0
390102,2,1,1994,0,0,0,0,10,0,0,0,0,0
390103,1,1,1994,0,0,0,17,19,0,8,0,21,24
390104,0,1,1994,0,0,17,0,0,0,0,0,0,0
390104,1,1,1994,0,0,0,0,0,0,0,0,0,0
390104,2,1,1994,0,0,0,0,0,0,0,0,0,0
390105,0,1,1994,0,0,0,0,0,0,0,0,0,0
390105,0,2,1994,0,0,0,0,19,0,0,0,0,0
390105,1,1,1994,0,0,0,0,0,0,0,0,0,0
390106,1,1,1994,0,0,0,0,0,0,0,0,0,0
390107,1,1,1994,0,0,0,0,0,0,19,0,0,0
390108,1,1,1994,26,26,26,26,26,26,26,26,26,26
390109,1,1,1994,0,0,0,0,0,0,0,0,0,0
390109,2,1,1994,0,0,0,0,0,0,0,0,0,0
390110,1,1,1994,22,22,22,22,22,22,22,22,22,22
390110,2,1,1994,0,0,0,0,0,0,0,0,0,0
390111,1,1,1994,24,0,0,0,0,0,0,0,0,0
390112,1,1,1994,25,25,25,25,25,25,25,25,25,25
390112,2,1,1994,0,0,0,0,0,0,0,0,0,0
390113,1,1,1994,0,0,0,0,0,0,0,0,0,0
390113,2,1,1994,0,0,0,0,0,0,0,0,0,0
390114,1,1,1994,0,0,0,0,0,0,0,0,0,0
390114,2,1,1994,0,0,0,0,0,0,0,0,0,0
390115,1,1,1994,0,0,0,9,0,0,0,0,0,0
390115,2,1,1994,0,0,0,0,0,0,0,0,0,0
390116,1,1,1994,0,8,0,0,0,0,0,25,0,10
390116,2,1,1994,19,19,19,19,19,19,19,19,19,19
390117,1,1,1994,15,15,15,15,15,15,15,15,15,15
390118,1,1,1994,22,22,22,22,22,22,22,22,22,22
390119,1,1,1994,0,0,0,0,0,0,0,0,0,0
390119,2,1,1994,0,0,0,0,0,0,0,0,0,0
390120,1,1,1994,12,12,12,12,12,12,12,12,12,12
390121,1,1,1994,0,0,0,0,0,0,0,0,0,0
390121,2,1,1994,31,31,31,31,31,31,31,31,31,31
390121,3,1,1994,0,0,0,0,0,0,0,0,0,0
390122,1,1,1994,0,0,0,0,0,0,0,0,0,0
390124,1,1,1994,31,0,0,0,0,9,8,20,0,18
390124,2,1,1994,0,0,0,21,0,0,10,0,0,0
390125,1,1,1994,0,0,0,0,0,0,0,0,0,0
390125,2,1,1994,13,13,13,13,13,13,13,13,13,13
390126,1,1,1994,10,0,0,0,0,0,0,20,0,11
390127,0,1,1994,0,0,0,0,17,0,0,5,0,0
390127,1,1,1994,0,0,0,0,0,0,0,0,0,0
390128,0,1,1994,0,0,6,0,0,0,0,0,0,0
390128,1,1,1994,0,0,0,0,0,0,0,0,0,0
390129,1,1,1994,16,16,16,16,16,16,16,16,16,16
390130,1,1,1994,0,0,0,0,0,0,0,0,0,0
390131,1,1,1994,16,16,16,16,16,16,16,16,16,16
390132,1,1,1994,0,0,0,0,0,0,0,0,0,0
390133,1,1,1994,0,0,0,0,0,0,0,0,0,0
390135,1,1,1994,0,0,0,0,0,0,0,0,0,0
390136,1,1,1994,0,0,0,0,0,0,0,0,8,0
390136,2,1,1994,0,0,0,0,0,0,0,0,0,0
390136,3,1,1994,0,13,0,0,0,0,0,0,0,0
390137,1,1,1994,0,0,0,0,0,0,0,0,0,0
390137,2,1,1994,0,0,0,0,0,0,0,0,0,0
390138,1,1,1994,0,0,0,0,0,0,0,0,0,0
390139,1,1,1994,21,13,10,6,6,15,20,25,22,0
390140,1,1,1994,13,13,13,13,13,13,13,13,13,13
390141,1,1,1994,0,0,0,0,0,0,0,0,0,0
390141,2,1,1994,0,0,0,0,0,0,0,0,0,0