ST_CASE,VEH_NO,PER_NO,YEAR,P1,P2,P3,P4,P5,P6,P7,P8,P9,P10
390142,1,1,1994,0,0,0,0,0,0,0,0,3,0
390143,1,1,1994,0,0,0,0,0,0,0,0,0,0
390143,2,1,1994,0,0,0,0,0,0,0,0,0,0
390144,1,1,1994,0,0,0,0,0,0,0,0,0,0
390145,1,1,1994,0,0,0,0,0,0,0,0,0,0
390145,2,1,1994,0,0,0,0,0,0,0,0,0,0
390146,1,1,1994,0,0,0,0,0,0,0,0,0,0
390147,0,1,1994,0,0,0,0,0,0,0,0,0,0
390147,1,1,1994,0,0,0,0,0,0,0,0,0,0
390148,1,1,1994,0,0,0,0,0,0,0,0,0,0
390148,2,1,1994,0,0,0,0,0,0,0,0,0,0
390149,1,1,1994,14,14,14,14,14,14,14,14,14,14
390150,0,1,1994,0,0,0,0,0,0,0,0,0,0
390150,1,1,1994,0,0,0,0,0,0,0,0,0,0
390151,0,1,1994,0,0,0,0,0,0,0,0,0,0
390151,1,1,1994,0,0,0,0,0,0,0,0,0,0
390152,1,1,1994,0,0,0,0,0,0,0,0,0,0
390152,2,1,1994,0,0,0,0,0,0,0,0,0,0
390153,1,1,1994,0,0,0,0,0,0,0,0,0,0
390153,2,1,1994,0,0,0,0,0,0,0,0,0,0
390155,1,1,1994,20,17,23,24,11,22,27,7,7,23
390156,1,1,1994,15,20,8,0,11,0,10,21,7,13
390156,2,1,1994,0,0,0,0,0,0,0,0,0,0
390156,3,1,1994,0,0,0,0,0,0,0,0,0,0
390157,0,1,1994,15,23,19,6,9,7,13,20,31,34
390157,1,1,1994,0,0,0,0,0,0,0,11,0,0
390158,1,1,1994,0,0,0,0,0,9,14,0,0,0
390159,1,1,1994,0,0,0,0,0,0,0,0,0,0
390159,2,1,1994,0,14,0,0,0,0,0,0,0,0
390160,1,1,1994,20,19,12,16,13,0,18,14,7,0
390161,1,1,1994,0,0,0,0,0,0,0,0,0,0
390161,2,1,1994,0,0,0,0,0,0,0,0,0,0
390162,1,1,1994,0,0,0,0,0,0,0,0,0,0
390162,2,1,1994,0,0,0,0,0,0,0,0,0,0
390163,1,1,1994,0,0,0,0,0,0,0,0,0,0
390163,2,1,1994,0,0,0,0,0,0,0,0,0,0
390164,1,1,1994,0,0,0,0,0,0,0,3,0,0
390164,2,1,1994,0,0,17,0,0,0,0,0,0,0
390165,1,1,1994,0,23,16,0,0,24,13,16,20,0
390166,1,1,1994,0,0,0,0,0,0,0,0,0,0
390167,1,1,1994,20,20,20,20,20,20,20,20,20,20
390167,2,2,1994,0,0,0,0,0,0,0,0,0,0
390168,1,1,1994,0,0,0,0,0,0,0,0,0,0
390169,1,1,1994,0,0,0,0,0,0,0,0,0,0
390169,2,1,1994,0,0,0,0,0,0,0,0,0,0
390170,0,1,1994,0,0,0,0,0,0,9,0,0,32
390170,1,1,1994,0,0,0,0,0,0,0,6,0,0
390171,1,1,1994,0,0,0,0,0,0,0,0,0,0
390171,2,1,1994,11,0,0,0,0,0,0,0,0,0
390172,1,1,1994,0,0,0,0,0,0,0,0,0,0
390173,1,1,1994,0,0,0,0,0,0,0,0,0,0
390173,2,1,1994,0,0,17,0,0,0,0,0,0,0
390174,1,1,1994,0,0,0,4,0,15,0,0,14,0
390174,2,1,1994,0,0,0,0,17,0,0,0,0,0
390175,1,1,1994,5,5,5,5,5,5,5,5,5,5
390175,2,1,1994,0,0,0,0,0,0,0,0,0,0
390176,3,2,1994,0,0,0,0,0,0,0,0,0,0
390176,4,1,1994,0,0,0,0,0,0,0,0,0,0
390177,1,1,1994,0,0,0,0,0,0,0,0,0,0
390177,2,1,1994,0,0,0,0,0,0,0,0,0,0
390178,1,1,1994,0,0,0,0,0,0,0,0,0,0
390178,2,1,1994,0,25,0,9,0,0,0,0,0,0
390179,1,1,1994,0,0,0,0,0,0,8,0,0,0
390180,0,1,1994,18,18,18,18,18,18,18,18,18,18
390180,1,1,1994,0,0,0,0,0,0,0,0,8,0
390181,1,1,1994,0,0,0,0,0,0,0,0,0,0
390181,2,1,1994,0,0,0,0,0,0,0,0,0,0
390182,1,1,1994,13,0,0,0,0,0,6,0,0,0
390182,2,1,1994,0,0,0,0,0,0,0,0,0,0
390183,1,1,1994,9,9,9,9,9,9,9,9,9,9
390184,0,1,1994,0,0,0,0,0,0,0,0,0,0
390184,1,1,1994,0,0,0,0,0,0,0,0,0,0
390185,1,1,1994,22,22,15,27,27,18,12,16,22,21
390186,1,1,1994,0,0,0,0,0,0,0,0,0,0
390186,2,1,1994,0,0,0,0,0,0,0,0,0,0
390187,1,1,1994,0,0,0,0,0,0,0,0,0,0
390188,1,1,1994,26,26,26,26,26,26,26,26,26,26
390189,1,1,1994,0,0,0,0,0,0,0,0,0,0
390189,2,1,1994,0,0,0,0,0,0,0,0,0,0
390190,1,1,1994,11,11,11,11,11,11,11,11,11,11
390191,1,1,1994,0,0,0,0,0,0,0,0,0,0
390191,2,1,1994,0,0,0,0,0,0,0,0,0,0
390192,1,1,1994,0,0,0,0,0,0,0,0,0,0
390192,2,1,1994,8,8,8,8,8,8,8,8,8,8
390193,1,1,1994,15,15,15,15,15,15,15,15,15,15
390194,0,1,1994,0,0,0,0,0,0,0,0,0,0
390194,1,1,1994,0,0,0,0,0,0,0,0,0,0
390196,1,1,1994,0,0,0,0,0,0,0,0,0,0
390196,2,1,1994,0,0,0,0,0,0,0,0,0,0
390197,1,1,1994,0,0,0,0,0,0,0,0,0,0
390197,2,1,1994,0,0,0,0,0,0,0,0,0,0
390198,1,1,1994,0,0,0,0,0,0,0,0,0,0
390198,2,1,1994,0,0,0,0,0,0,0,0,0,0
390199,1,1,1994,0,0,0,0,0,0,0,0,0,0
390199,2,1,1994,0,0,0,0,0,0,0,0,0,0
390200,1,1,1994,17,17,17,17,17,17,17,17,17,17
390201,1,1,1994,0,0,0,0,0,0,0,0,0,0
390201,2,1,1994,0,0,0,0,0,0,0,22,0,0
390202,1,1,1994,0,0,0,0,0,0,0,0,0,0
390202,2,1,1994,0,0,0,0,0,0,0,0,0,0
390203,1,1,1994,13,13,13,13,13,13,13,13,13,13
390204,1,1,1994,0,0,0,0,0,0,0,0,0,0
390204,2,1,1994,0,0,0,0,0,0,0,0,0,0
390205,1,1,1994,0,0,3,0,0,0,0,0,0,0
390205,2,1,1994,0,0,0,0,0,0,0,0,0,0
390206,1,1,1994,0,0,0,0,0,0,0,0,0,0
390207,1,1,1994,0,8,0,0,0,0,0,0,0,0
390208,1,1,1994,0,0,0,0,0,0,0,0,0,0
390209,1,1,1994,0,0,0,0,0,0,0,0,0,0
390209,2,1,1994,8,6,7,17,16,0,0,16,12,4
390209,3,1,1994,0,0,0,0,0,0,0,0,0,0
390210,1,1,1994,0,0,0,0,0,0,0,0,0,0
390210,2,1,1994,0,0,0,0,0,0,0,0,0,0
390211,1,1,1994,0,2,0,0,0,0,0,0,0,0
390211,2,1,1994,0,0,0,0,0,0,0,0,0,0
390212,1,1,1994,0,0,0,0,0,0,0,0,0,0
390212,2,1,1994,0,0,0,0,0,0,0,0,0,0
390213,1,1,1994,0,0,0,0,4,22,0,0,0,0
390213,2,1,1994,27,27,27,27,27,27,27,27,27,27
390213,3,1,1994,0,0,0,0,0,0,0,0,0,0
390214,1,1,1994,0,0,0,0,0,0,0,0,0,0
390214,2,1,1994,0,0,0,0,0,0,0,0,0,0
390214,3,1,1994,0,0,0,0,0,0,0,0,0,0
390215,1,1,1994,0,0,0,0,0,0,0,0,0,0
390215,2,1,1994,0,0,0,0,0,0,0,0,0,0
390216,1,1,1994,0,0,0,0,0,0,0,0,0,0
390216,2,1,1994,0,0,0,0,0,0,0,0,0,0
390216,3,1,1994,0,0,0,0,0,0,0,0,0,0
390217,1,1,1994,0,0,0,0,8,0,0,0,0,0
390217,2,1,1994,0,0,0,0,0,0,0,0,0,0
390218,1,1,1994,7,7,7,7,7,7,7,7,7,7
390219,1,1,1994,8,21,0,0,0,10,5,14,22,0
390220,1,1,1994,0,0,0,0,0,0,0,0,0,0
390220,2,1,1994,0,0,0,0,0,0,0,0,0,0
390221,1,1,1994,0,0,0,0,0,0,0,0,0,0
390221,2,1,1994,0,0,0,19,0,0,0,0,0,0
390222,1,1,1994,41,41,41,41,41,41,41,41,41,41
390223,1,1,1994,0,0,0,0,0,0,17,0,0,0
390224,1,1,1994,0,0,0,0,0,0,0,0,0,0
390224,2,1,1994,0,0,0,0,0,0,0,0,0,0
390225,1,1,1994,21,21,21,21,21,21,21,21,21,21
390226,1,1,1994,0,0,0,0,0,0,0,0,0,0
390226,2,1,1994,0,0,0,0,0,0,0,0,0,0
390227,1,1,1994,0,0,0,0,0,0,0,0,0,0
390228,1,1,1994,0,0,0,0,0,0,0,0,19,0
390229,0,1,1994,29,10,4,13,0,17,0,0,0,0
390229,1,1,1994,0,0,0,0,0,0,0,0,0,0
390230,1,1,1994,15,0,23,17,23,9,14,17,31,0
390231,0,1,1994,0,0,0,0,0,0,0,0,30,0
390231,1,1,1994,0,0,0,0,0,2,0,0,0,0
390232,1,1,1994,0,0,0,0,0,0,0,0,0,0
390233,1,1,1994,0,0,0,0,0,0,15,0,0,0
390234,1,1,1994,0,0,0,0,0,0,0,0,0,0
390235,0,1,1994,0,0,0,0,0,0,0,0,0,0
390235,1,1,1994,0,0,0,0,0,0,0,0,0,0
390236,1,1,1994,0,0,0,0,0,0,0,0,0,0
390236,2,1,1994,0,0,0,24,0,0,0,0,0,0
390236,3,1,1994,0,0,0,0,0,0,0,0,0,0
390237,1,1,1994,0,0,0,0,0,0,0,0,0,0
390237,2,1,1994,0,0,0,0,0,0,0,0,0,0
390238,1,1,1994,0,0,0,0,0,0,0,0,0,0
390238,2,1,1994,0,0,0,0,0,0,0,17,3,21
390239,1,1,1994,0,0,0,0,0,0,0,0,0,0
390239,2,1,1994,0,0,0,0,0,0,0,0,0,0
390240,1,1,1994,0,0,0,0,0,0,0,0,0,0
390240,2,1,1994,0,0,0,0,0,0,0,0,0,0
390241,1,1,1994,0,0,0,0,0,0,0,0,0,0
390241,2,1,1994,0,0,0,0,0,0,0,0,0,0
390242,1,1,1994,0,0,0,0,0,0,0,0,0,0
390243,1,1,1994,0,0,0,0,0,0,0,0,0,0
390243,2,1,1994,0,0,0,0,0,0,0,0,0,0
390244,1,1,1994,19,19,19,19,19,19,19,19,19,19
390245,1,1,1994,3,3,3,3,3,3,3,3,3,3
390245,2,1,1994,0,0,0,0,0,0,0,0,0,0
390246,1,1,1994,0,0,0,0,0,0,0,0,0,0
390247,1,1,1994,0,0,0,0,0,0,0,0,0,0
390247,2,1,1994,0,0,0,0,0,0,0,0,0,0
390248,1,1,1994,0,0,0,0,0,0,0,0,0,0
390248,2,1,1994,0,0,0,0,0,0,0,0,0,0
390249,1,1,1994,5,0,26,0,0,0,0,0,0,0
390250,1,1,1994,27,27,27,27,27,27,27,27,27,27
390251,1,1,1994,22,22,22,22,22,22,22,22,22,22
390251,2,1,1994,0,0,0,0,0,0,26,0,0,0
390252,1,1,1994,8,0,52,0,0,0,0,20,0,22
390253,1,1,1994,0,0,8,0,0,0,0,0,19,0
390254,1,1,1994,0,0,0,0,0,0,0,0,0,0
390254,2,1,1994,0,0,0,0,0,0,0,0,0,0
390255,0,1,1994,0,0,0,0,0,0,0,0,0,0
390255,1,1,1994,9,0,0,0,0,0,0,0,14,0
390256,0,1,1994,0,0,0,0,0,0,0,0,0,0
390256,1,1,1994,0,0,0,0,0,0,0,0,0,0
390256,2,1,1994,0,0,0,0,0,0,0,0,0,0
390257,1,1,1994,8,0,0,0,24,0,19,9,0,0
390258,1,1,1994,0,0,0,0,0,0,0,0,0,0
390258,2,1,1994,0,0,0,0,0,0,0,0,0,0
390259,1,1,1994,18,0,0,0,0,0,0,0,17,26
390259,2,1,1994,0,0,0,0,0,0,0,0,0,0
390260,1,1,1994,0,0,0,6,0,0,0,0,0,0
390260,2,1,1994,0,0,0,0,0,0,0,0,0,0
390261,1,1,1994,0,0,0,0,0,0,0,0,0,0
390261,2,1,1994,0,0,0,0,0,0,0,0,0,0
390262,1,1,1994,32,32,32,32,32,32,32,32,32,32
390263,1,1,1994,0,0,0,0,0,0,0,0,0,0
390263,2,1,1994,27,19,13,7,15,26,22,19,24,29
390264,1,1,1994,27,27,27,27,27,27,27,27,27,27
390265,1,1,1994,14,14,14,14,14,14,14,14,14,14
390266,1,1,1994,29,29,29,29,29,29,29,29,29,29
390267,1,1,1994,0,0,0,0,0,0,0,0,0,0
390268,1,1,1994,13,13,13,13,13,13,13,13,13,13
390269,1,1,1994,0,0,0,0,0,0,0,0,0,0
390270,1,1,1994,20,19,16,27,26,7,15,12,25,28
390271,1,1,1994,0,0,0,0,0,0,0,0,0,0
390271,2,1,1994,0,0,0,0,0,0,0,0,0,0
390272,0,1,1994,0,0,0,0,0,0,0,0,0,0
390272,1,1,1994,0,0,0,0,0,9,0,0,0,0
390273,1,1,1994,0,0,0,0,0,0,0,0,0,0
390274,1,1,1994,0,0,0,0,0,0,0,0,0,0
390274,2,1,1994,0,0,0,0,0,0,0,16,0,0
390275,1,1,1994,0,0,26,0,13,0,0,0,0,0
390276,1,1,1994,23,23,23,23,23,23,23,23,23,23
390277,1,1,1994,0,0,0,0,0,0,0,0,0,0
390277,2,1,1994,0,0,0,0,0,0,0,0,0,0
390278,1,1,1994,0,0,0,0,0,0,0,0,0,0
390278,2,1,1994,0,0,0,0,0,0,0,0,0,0
390279,1,1,1994,0,0,16,9,0,0,0,0,0,0
390280,1,1,1994,0,0,0,0,0,0,0,0,0,0
390280,2,1,1994,0,0,0,0,0,0,0,0,0,0
390281,0,1,1994,6,0,0,0,0,0,0,24,0,0
390281,0,2,1994,0,0,0,0,0,0,0,0,0,0
390281,1,1,1994,0,0,0,0,0,0,0,0,0,0
390282,1,1,1994,26,26,26,26,26,26,26,26,26,26
390283,1,1,1994,0,0,0,0,0,0,0,0,0,0
390283,2,1,1994,0,0,0,0,0,0,0,0,0,0
390284,1,1,1994,20,20,20,20,20,20,20,20,20,20
390285,1,1,1994,8,0,0,0,0,0,0,0,0,0
390285,2,1,1994,0,0,0,8,0,0,0,0,0,0
390286,1,1,1994,27,27,27,27,27,27,27,27,27,27
390287,1,1,1994,13,23,13,10,8,11,6,14,23,11
390288,1,1,1994,38,0,13,25,23,11,27,17,22,13
390289,1,1,1994,4,4,4,4,4,4,4,4,4,4
390290,1,1,1994,0,0,0,0,0,0,0,0,0,0
390291,0,1,1994,23,23,23,23,23,23,23,23,23,23
390291,1,1,1994,0,0,0,0,2,0,0,0,0,0
390291,2,1,1994,0,0,0,0,0,0,0,0,5,0
390292,0,1,1994,22,22,22,22,22,22,22,22,22,22
390292,1,1,1994,0,0,0,0,0,0,0,0,0,0
390293,1,1,1994,28,28,28,28,28,28,28,28,28,28
390294,1,1,1994,0,0,0,0,0,0,0,0,0,0
390294,2,1,1994,8,8,8,8,8,8,8,8,8,8
390295,1,1,1994,0,0,0,0,0,0,0,0,0,0
390295,2,1,1994,0,0,0,0,0,0,0,0,0,0
390296,1,1,1994,0,0,0,0,0,0,0,0,0,0
390296,2,1,1994,0,0,0,0,0,0,0,0,0,0
390297,1,1,1994,0,0,0,0,0,0,0,0,0,0
390298,1,1,1994,17,17,17,17,17,17,17,17,17,17
390299,0,1,1994,0,0,0,0,0,0,0,0,0,0
390299,1,1,1994,0,0,0,0,31,0,20,0,0,0
390300,1,1,1994,0,3,0,0,0,0,0,0,0,0
390301,1,1,1994,0,0,0,0,0,0,0,0,0,0
390301,2,1,1994,0,0,0,0,0,0,0,0,0,0
390302,1,1,1994,0,0,0,0,0,0,0,0,0,0
390302,2,1,1994,0,0,0,0,0,0,0,0,0,0
390303,1,1,1994,0,0,0,0,0,0,0,0,0,0
390303,2,1,1994,0,0,0,0,0,0,0,0,0,0
390304,1,1,1994,0,0,0,0,0,0,0,0,0,0
390304,2,1,1994,0,0,0,0,0,0,0,0,0,0
390304,3,1,1994,0,0,0,0,0,0,0,0,0,0
390305,0,1,1994,0,0,0,0,0,0,0,0,0,0
390305,0,2,1994,18,0,10,9,13,0,22,25,5,0
390305,0,3,1994,11,19,0,38,15,6,19,0,19,7
390305,2,1,1994,0,30,0,0,14,0,7,0,0,5
390306,1,1,1994,0,0,0,0,0,0,0,0,0,0
390306,2,1,1994,0,0,0,0,0,0,0,0,0,0
390307,1,1,1994,0,0,0,0,0,0,0,0,0,0
390307,2,1,1994,0,0,0,0,0,0,0,0,0,0
390308,1,1,1994,0,0,0,0,0,0,0,0,0,0
390308,2,1,1994,0,0,0,0,0,0,0,0,0,0
390309,0,1,1994,0,0,0,0,0,0,0,0,0,0
390309,1,1,1994,0,0,0,0,0,0,0,0,0,0
390310,1,1,1994,0,0,0,0,0,0,0,0,0,0
390310,2,1,1994,0,0,0,0,0,0,0,0,0,0
390311,1,1,1994,0,0,0,0,0,0,0,0,0,0
390312,0,1,1994,0,0,0,0,0,0,0,0,0,0
390312,1,1,1994,0,0,0,16,0,0,0,0,0,0
390313,1,1,1994,0,0,0,0,0,0,0,0,0,0
390313,2,1,1994,0,0,0,0,0,0,0,0,0,0
390314,1,1,1994,0,0,0,0,0,0,0,0,0,0
390315,1,1,1994,0,0,0,0,0,0,0,0,0,0
390316,1,1,1994,0,0,0,0,0,0,0,0,0,0
390316,2,1,1994,0,0,0,0,0,0,5,0,0,0
390317,1,1,1994,0,0,0,0,0,0,0,0,0,0
390318,1,1,1994,24,0,0,0,0,0,0,14,0,0
390319,1,1,1994,0,0,0,7,22,0,0,0,0,0
390320,0,1,1994,0,0,0,0,0,0,0,0,0,0
390320,1,1,1994,0,0,0,0,0,0,0,0,0,0
390321,1,1,1994,0,0,0,0,0,0,0,0,0,0
390321,2,1,1994,0,0,0,0,0,9,0,0,0,0
390321,3,1,1994,0,0,0,0,0,0,0,0,0,0
390322,1,1,1994,19,19,19,19,19,19,19,19,19,19
390323,1,1,1994,0,0,0,0,0,0,0,0,0,0
390323,2,1,1994,0,0,0,0,0,0,0,0,0,0
390324,1,1,1994,0,0,0,10,0,0,0,0,0,0
390325,1,1,1994,0,0,0,0,0,0,0,0,0,0
390325,2,1,1994,0,0,15,8,9,14,12,9,15,14
390326,1,1,1994,8,8,8,8,8,8,8,8,8,8
390327,1,1,1994,0,0,0,0,0,0,0,0,0,0
390328,0,1,1994,0,0,0,0,0,0,0,0,0,0
390328,0,2,1994,0,0,0,0,0,0,0,0,0,0
390328,1,1,1994,0,0,0,0,0,0,0,0,0,0
390329,1,1,1994,0,0,0,0,0,0,0,0,0,0
390329,2,1,1994,0,0,0,0,0,0,0,0,0,0
390330,1,1,1994,0,0,0,0,0,0,0,0,0,0
390330,2,1,1994,0,0,0,0,0,0,0,0,0,0
390331,1,1,1994,0,0,0,0,0,0,0,0,19,0
390331,2,1,1994,0,0,0,0,0,0,0,0,0,0
390332,1,1,1994,0,0,0,0,0,0,0,0,0,0
390332,2,1,1994,0,0,0,0,0,0,0,0,0,0
390333,1,1,1994,14,14,14,14,14,14,14,14,14,14
390333,2,1,1994,14,14,14,14,14,14,14,14,14,14
390334,1,1,1994,17,17,9,9,0,17,41,33,28,8
390335,1,1,1994,0,0,0,0,0,0,0,0,0,0
390335,2,1,1994,0,0,0,0,0,0,0,0,0,0
390336,1,1,1994,5,5,5,5,5,5,5,5,5,5
390336,2,1,1994,0,0,0,0,0,0,0,0,0,0
390337,1,1,1994,8,8,8,8,8,8,8,8,8,8
390338,1,1,1994,0,0,0,0,0,0,15,16,0,0
390338,2,1,1994,0,0,0,0,0,0,0,0,0,0
390339,1,1,1994,6,6,6,6,6,6,6,6,6,6
390340,1,1,1994,20,20,20,20,20,20,20,20,20,20
390341,1,1,1994,0,0,0,0,0,0,12,0,0,0
390342,1,1,1994,0,0,0,0,0,0,0,0,0,0
390342,2,1,1994,0,0,0,0,0,0,0,0,0,0
390343,1,1,1994,0,0,0,0,0,0,0,0,0,0
390344,1,1,1994,0,0,0,0,0,0,0,0,0,0
390345,1,1,1994,13,13,13,13,13,13,13,13,13,13
390346,1,1,1994,0,0,0,0,0,0,0,0,0,0
390347,1,1,1994,17,17,17,17,17,17,17,17,17,17
390347,2,1,1994,9,9,9,9,9,9,9,9,9,9
390348,1,1,1994,18,0,0,0,0,0,0,0,0,0
390349,1,1,1994,0,0,0,0,0,0,0,0,0,0
390350,1,1,1994,0,0,0,0,0,0,0,0,0,0
390350,2,1,1994,0,0,0,0,0,0,0,0,0,0
390351,1,1,1994,0,0,0,0,0,0,0,0,0,7
390352,1,1,1994,0,0,0,20,0,0,0,0,0,0
390353,1,1,1994,0,16,0,0,28,0,0,0,0,0
390354,1,1,1994,0,0,0,0,0,0,0,0,0,0
390354,2,1,1994,0,0,0,0,0,0,0,0,0,0
390355,1,1,1994,0,0,0,0,0,11,0,0,0,0
390355,2,1,1994,26,26,26,26,26,26,26,26,26,26
390356,1,1,1994,0,0,0,0,0,0,0,0,0,0
390356,2,1,1994,0,0,0,0,0,0,0,0,0,0
390357,1,1,1994,0,0,0,0,0,0,0,0,0,0
390357,2,1,1994,0,0,0,0,0,0,0,0,0,0
390358,1,1,1994,0,0,0,0,0,0,0,0,0,0
390358,2,1,1994,0,0,0,16,0,0,0,0,0,0
390359,1,1,1994,0,0,0,0,0,0,0,0,0,0
390359,2,1,1994,0,0,0,0,0,7,0,0,0,0
390360,1,1,1994,0,0,0,0,0,0,0,0,0,0
390361,1,1,1994,0,0,0,9,0,0,0,0,0,0
390361,2,1,1994,0,0,0,0,0,0,0,0,0,0
390362,1,1,1994,0,0,7,0,0,0,0,0,19,0
390362,2,1,1994,21,21,21,21,21,21,21,21,21,21
390363,1,1,1994,0,0,0,0,0,0,0,0,35,0
390364,1,1,1994,0,12,25,6,12,47,23,24,15,18
390365,1,1,1994,0,0,0,0,0,0,0,0,0,0
390365,2,1,1994,0,0,0,0,0,0,0,0,0,0
390366,1,1,1994,19,11,21,12,15,19,14,4,0,0
390367,1,1,1994,0,0,17,0,0,0,0,0,0,0
390368,1,1,1994,0,0,0,0,0,0,0,0,0,0
390369,1,1,1994,0,0,0,0,0,0,0,0,0,0
390369,2,1,1994,7,7,7,7,7,7,7,7,7,7
390370,1,1,1994,0,0,0,0,0,0,0,12,0,0
390371,1,1,1994,0,0,0,0,0,0,0,0,0,0
390372,1,1,1994,0,20,0,0,0,0,0,0,0,0
390372,2,1,1994,0,0,0,0,0,0,0,0,0,0
390373,1,1,1994,0,0,0,0,0,0,0,0,0,0
390373,2,1,1994,5,5,5,5,5,5,5,5,5,5
390374,1,1,1994,7,0,0,0,0,0,0,0,0,0
390375,1,1,1994,0,0,0,0,0,0,0,0,0,0
390375,2,1,1994,8,8,8,8,8,8,8,8,8,8
390376,1,1,1994,20,20,20,20,20,20,20,20,20,20
390376,2,1,1994,0,0,0,0,0,0,0,0,0,0
390377,0,1,1994,14,14,14,14,14,14,14,14,14,14
390377,1,1,1994,0,0,0,0,0,0,0,0,0,0
390378,1,1,1994,0,0,0,0,0,0,0,0,0,0
390379,0,1,1994,26,26,26,26,26,26,26,26,26,26
390379,1,1,1994,12,0,0,0,0,10,0,0,0,0
390380,1,1,1994,24,24,24,24,24,24,24,24,24,24
390381,1,1,1994,26,26,26,26,26,26,26,26,26,26
390382,0,1,1994,22,15,16,27,12,15,18,8,29,26
390382,1,1,1994,0,0,0,0,0,0,5,0,0,0
390383,1,1,1994,0,0,0,0,0,0,0,0,0,0
390383,2,1,1994,0,0,0,0,0,0,0,0,0,0
390384,1,1,1994,10,0,0,0,0,0,0,0,0,0
390384,2,1,1994,0,0,0,0,13,5,0,0,9,0
390385,1,1,1994,0,0,0,0,0,19,0,0,0,0
390385,2,1,1994,12,12,12,12,12,12,12,12,12,12
390385,3,1,1994,0,0,0,0,0,0,10,0,11,0
390386,1,1,1994,19,19,19,19,19,19,19,19,19,19
390387,1,1,1994,1,1,1,1,1,1,1,1,1,1
390388,1,1,1994,0,0,10,0,0,0,0,0,0,0
390388,2,1,1994,0,0,0,0,0,0,0,0,0,0
390389,1,1,1994,0,0,0,0,0,0,0,0,0,0
390389,2,1,1994,0,0,0,0,0,0,0,0,0,0
390389,3,1,1994,0,0,0,0,0,0,0,0,0,0
390390,1,1,1994,0,0,0,0,0,0,0,0,0,0
390390,2,1,1994,0,0,0,0,0,0,0,0,0,0
390390,3,1,1994,0,0,0,0,0,0,0,0,0,0
390391,0,1,1994,0,0,0,0,0,0,0,0,0,0
390391,1,1,1994,0,0,0,0,0,0,0,0,0,0
390392,1,1,1994,0,4,0,0,0,0,0,0,0,0
390393,1,1,1994,0,0,0,0,0,0,0,0,0,6
390393,2,1,1994,0,0,0,0,0,0,0,0,0,0
390394,1,1,1994,15,15,15,15,15,15,15,15,15,15
390395,1,1,1994,19,17,25,29,26,28,14,8,9,16
390396,1,1,1994,25,22,11,11,19,14,24,8,15,15
390397,1,1,1994,0,0,0,0,0,0,9,0,0,0
390397,2,1,1994,0,0,0,0,0,0,0,0,0,0
390398,1,1,1994,0,0,0,0,0,0,0,0,7,0
390398,2,1,1994,0,0,0,0,0,0,0,0,0,0
390399,1,1,1994,10,10,10,10,10,10,10,10,10,10
390400,1,1,1994,22,22,22,22,22,22,22,22,22,22
390401,1,1,1994,25,25,25,25,25,25,25,25,25,25
390401,2,1,1994,0,0,0,0,0,0,0,0,0,0
390402,1,1,1994,0,0,0,0,0,0,0,0,0,0
390403,1,1,1994,0,12,0,0,0,0,0,0,0,0
390404,1,1,1994,0,0,0,0,0,0,0,0,0,0
390405,1,1,1994,0,0,0,0,0,0,0,0,0,0
390405,2,1,1994,0,0,0,0,0,0,0,0,0,0
390406,1,1,1994,0,0,0,0,0,0,18,0,0,9
390407,1,1,1994,21,21,21,21,21,21,21,21,21,21
390408,1,1,1994,0,0,0,0,0,0,0,0,0,0
390408,2,1,1994,0,14,0,0,0,0,16,0,0,0
390409,1,1,1994,0,0,0,0,0,0,0,0,0,0
390410,1,1,1994,0,0,0,0,0,0,0,0,0,0
390411,0,1,1994,0,0,0,0,0,0,0,0,0,0
390411,1,1,1994,0,0,0,0,0,0,0,0,0,0
390412,0,1,1994,0,0,0,0,0,0,0,0,0,0
390412,1,1,1994,0,0,0,0,0,0,0,0,0,0
390413,1,1,1994,0,0,0,0,0,0,0,0,0,0
390414,1,1,1994,23,23,23,23,23,23,23,23,23,23
390414,2,1,1994,2,2,2,2,2,2,2,2,2,2
390415,1,1,1994,0,0,0,0,0,0,0,0,0,0
390415,2,1,1994,0,0,0,0,12,0,0,0,0,0
390416,1,1,1994,0,23,0,0,0,0,0,0,0,0
390416,2,1,1994,11,9,21,0,0,0,0,0,0,0
390417,1,1,1994,0,0,0,0,0,0,0,0,0,0
390418,1,1,1994,7,7,7,7,7,7,7,7,7,7
390419,1,1,1994,0,0,0,0,0,0,0,0,0,0
390420,0,1,1994,0,0,0,0,0,0,0,0,0,0
390420,1,1,1994,0,27,0,20,0,10,16,0,0,19
390421,1,1,1994,0,0,0,0,0,0,16,0,0,0
390422,1,1,1994,0,0,0,0,0,0,0,0,0,0
390422,2,1,1994,0,0,0,0,0,0,0,0,0,0
390423,1,1,1994,0,0,0,0,0,0,0,0,0,0
390423,2,1,1994,0,0,0,0,0,0,0,0,0,0
390424,1,1,1994,0,0,0,0,0,0,0,0,0,0
390425,1,1,1994,0,0,0,0,0,0,0,0,0,0
390425,2,1,1994,0,0,0,0,0,0,0,0,0,0
390426,1,1,1994,0,0,0,0,0,0,0,0,0,0
390426,2,1,1994,0,0,0,0,0,0,0,0,0,0
390426,3,1,1994,0,0,0,0,0,0,0,0,0,0
390427,1,1,1994,0,0,0,0,0,0,0,0,0,0
390427,2,1,1994,0,0,0,0,0,0,0,13,0,0
390427,3,1,1994,0,0,0,0,0,0,0,0,0,0
390428,1,1,1994,0,0,0,0,0,0,0,0,0,0
390429,1,1,1994,0,0,0,0,0,0,0,0,0,0