ST_CASE,VEH_NO,PER_NO,YEAR,P1,P2,P3,P4,P5,P6,P7,P8,P9,P10
390430,0,1,1994,0,0,0,0,0,0,0,0,0,27
390430,1,1,1994,19,0,0,0,0,0,0,0,0,0
390431,1,1,1994,25,25,25,25,25,25,25,25,25,25
390432,1,1,1994,0,0,0,0,0,0,0,0,0,0
390432,2,1,1994,0,0,0,0,0,0,16,0,0,14
390432,3,1,1994,0,0,0,0,0,0,0,0,0,0
390432,4,1,1994,0,0,0,0,0,0,0,0,0,0
390433,1,1,1994,0,0,0,0,0,0,0,0,0,0
390434,1,1,1994,0,0,0,0,0,0,0,0,0,0
390434,2,1,1994,0,0,0,0,0,0,0,0,0,0
390435,1,1,1994,12,12,12,12,12,12,12,12,12,12
390436,1,1,1994,0,0,0,0,0,0,0,0,0,0
390437,1,1,1994,0,0,0,0,0,0,0,0,0,5
390437,2,1,1994,0,0,0,0,0,0,0,0,0,0
390438,1,1,1994,0,0,0,0,0,0,0,0,0,0
390439,1,1,1994,16,15,9,14,6,14,20,7,4,20
390440,0,1,1994,0,0,0,0,0,0,0,0,0,0
390440,1,1,1994,0,0,0,0,0,0,0,0,0,0
390441,1,1,1994,0,0,0,0,0,0,0,0,0,0
390441,2,1,1994,0,0,0,0,0,0,0,0,0,0
390442,1,1,1994,0,0,0,0,0,0,0,0,0,0
390442,2,1,1994,0,0,0,0,0,0,0,0,0,0
390443,1,1,1994,12,12,12,12,12,12,12,12,12,12
390444,1,1,1994,21,21,21,21,21,21,21,21,21,21
390445,1,1,1994,0,0,11,9,0,0,0,0,15,36
390446,0,1,1994,0,0,0,0,0,0,0,0,0,0
390446,1,1,1994,0,0,0,0,0,0,0,0,0,0
390447,1,1,1994,0,0,0,0,0,0,0,0,0,0
390447,2,1,1994,0,0,0,0,0,0,0,0,0,0
390448,1,1,1994,18,18,18,18,18,18,18,18,18,18
390448,2,1,1994,0,8,0,13,13,0,14,13,0,0
390449,1,1,1994,0,0,0,10,0,0,0,0,0,14
390449,2,1,1994,0,0,0,0,0,0,0,0,0,0
390449,3,1,1994,21,0,0,0,0,0,0,0,0,8
390450,1,1,1994,17,17,17,17,17,17,17,17,17,17
390451,1,1,1994,0,0,0,25,19,0,25,0,0,17
390452,1,1,1994,0,0,0,0,0,0,0,0,0,0
390453,1,1,1994,15,15,15,15,15,15,15,15,15,15
390454,1,1,1994,4,4,4,4,4,4,4,4,4,4
390455,1,1,1994,0,0,0,0,0,0,0,0,0,0
390456,1,1,1994,0,0,0,0,0,0,0,0,0,0
390456,2,1,1994,22,0,0,0,0,0,0,0,0,0
390457,1,1,1994,0,0,0,0,0,0,0,0,0,0
390458,0,1,1994,0,0,0,0,0,0,0,0,0,0
390458,1,1,1994,0,0,0,0,0,0,0,0,0,0
390459,1,1,1994,0,0,0,0,4,0,0,0,0,0
390460,1,1,1994,13,0,0,0,10,28,0,0,0,0
390461,1,1,1994,7,7,7,7,7,7,7,7,7,7
390462,1,1,1994,0,32,8,0,0,0,0,0,0,0
390462,2,1,1994,29,15,17,35,25,19,14,22,15,9
390463,1,1,1994,18,18,18,18,18,18,18,18,18,18
390464,1,1,1994,0,0,0,0,0,0,0,9,0,0
390465,1,1,1994,0,0,0,0,0,0,0,0,0,0
390465,2,1,1994,0,0,0,0,19,0,0,12,0,0
390466,0,1,1994,0,0,0,0,0,0,0,0,0,0
390466,1,1,1994,0,7,0,0,0,11,0,0,9,0
390467,1,1,1994,0,0,0,0,0,0,0,0,0,0
390467,2,1,1994,0,0,0,0,0,0,0,0,0,0
390468,1,1,1994,0,0,0,0,0,0,0,0,0,0
390468,2,1,1994,0,0,0,0,0,0,0,0,0,0
390469,1,1,1994,0,0,0,0,0,0,0,0,0,0
390470,1,1,1994,0,0,0,0,0,0,0,0,0,0
390470,2,1,1994,0,0,0,0,0,0,0,0,0,0
390471,1,1,1994,0,0,0,0,0,0,0,0,0,0
390472,0,1,1994,0,0,0,0,0,0,0,0,0,0
390472,1,1,1994,0,0,0,0,0,0,0,0,0,0
390473,0,1,1994,0,0,0,0,0,0,0,0,25,0
390473,1,1,1994,0,0,0,0,0,0,0,0,0,0
390474,1,1,1994,0,0,0,0,0,0,0,0,0,0
390475,0,1,1994,20,20,20,20,20,20,20,20,20,20
390475,1,1,1994,25,25,25,25,25,25,25,25,25,25
390476,0,1,1994,0,0,0,0,0,0,0,0,0,0
390476,1,1,1994,30,0,0,17,10,0,0,9,0,0
390477,0,1,1994,0,19,0,0,25,39,0,12,0,0
390477,0,2,1994,26,0,0,0,20,25,19,0,24,12
390477,1,1,1994,0,0,0,3,24,4,0,0,0,0
390478,1,1,1994,11,11,11,11,11,11,11,11,11,11
390479,1,1,1994,0,0,0,0,0,0,0,0,0,0
390479,2,1,1994,0,0,0,0,0,0,0,0,0,0
390480,1,1,1994,27,27,27,27,27,27,27,27,27,27
390481,0,1,1994,0,20,0,0,0,0,0,0,0,0
390481,1,1,1994,0,0,0,0,0,0,0,0,0,0
390482,1,1,1994,0,0,0,0,17,0,0,0,0,0
390482,2,1,1994,0,0,0,0,0,0,0,0,0,10
390482,3,1,1994,0,5,0,0,0,0,0,18,0,0
390482,4,1,1994,0,0,0,0,0,0,0,0,0,0
390483,1,1,1994,0,0,0,0,0,0,0,0,0,0
390484,1,1,1994,0,0,0,0,11,0,13,9,0,11
390485,1,1,1994,0,0,0,0,0,0,8,0,0,0
390486,1,1,1994,0,7,0,0,0,0,0,0,0,0
390487,0,1,1994,0,0,0,0,0,0,0,0,0,0
390487,1,1,1994,0,0,0,0,0,0,0,0,0,0
390488,1,1,1994,18,0,2,7,22,0,0,0,18,0
390489,1,1,1994,1,1,1,1,1,1,1,1,1,1
390489,2,1,1994,0,0,0,0,0,0,0,0,15,0
390490,1,1,1994,0,0,22,0,0,0,0,0,0,0
390490,2,1,1994,0,0,0,0,0,0,0,0,0,0
390491,1,1,1994,19,19,19,19,19,19,19,19,19,19
390492,1,1,1994,0,0,0,0,0,0,0,0,0,0
390492,2,1,1994,0,0,0,0,0,0,0,0,0,0
390493,1,1,1994,0,0,0,0,0,0,0,0,0,0
390494,1,1,1994,28,28,28,28,28,28,28,28,28,28
390495,1,1,1994,0,0,0,0,0,0,0,0,0,0
390495,2,1,1994,0,0,0,0,6,0,0,0,0,0
390496,1,1,1994,34,22,0,20,22,15,15,25,27,6
390497,1,1,1994,0,0,0,0,0,0,0,0,0,0
390497,2,2,1994,0,0,0,0,0,0,0,0,0,0
390498,1,1,1994,0,0,0,0,0,0,0,0,0,0
390499,1,1,1994,0,0,0,0,0,0,0,0,0,0
390499,2,1,1994,0,0,0,0,0,0,2,0,0,0
390499,3,1,1994,0,0,0,0,0,0,0,0,0,0
390500,1,1,1994,21,14,19,21,8,12,6,10,7,15
390501,1,1,1994,12,0,14,24,11,0,6,16,12,0
390501,2,1,1994,0,0,0,0,0,0,0,0,0,0
390502,1,1,1994,0,0,19,0,0,0,0,0,0,0
390502,2,1,1994,0,11,0,0,23,11,0,0,0,22
390503,1,1,1994,0,0,0,0,0,0,0,0,0,0
390503,2,1,1994,0,0,0,0,0,0,0,0,0,0
390504,1,1,1994,25,25,25,25,25,25,25,25,25,25
390504,2,1,1994,0,0,0,0,0,0,0,0,0,0
390506,1,1,1994,0,0,0,0,0,0,0,0,0,0
390506,2,1,1994,0,0,0,17,0,0,0,0,0,0
390507,1,1,1994,5,17,12,12,16,13,18,8,11,14
390507,2,1,1994,0,0,0,0,0,0,9,21,11,0
390508,1,1,1994,0,0,0,0,0,0,0,0,0,0
390508,2,1,1994,0,0,0,0,0,0,0,0,0,0
390509,1,1,1994,0,0,0,22,0,0,8,0,0,0
390510,1,1,1994,0,0,0,0,0,0,0,0,0,0
390511,1,1,1994,21,25,16,20,0,14,16,14,0,0
390511,2,1,1994,0,0,0,0,0,0,0,0,0,0
390512,1,1,1994,0,0,0,0,0,0,0,0,0,0
390512,2,1,1994,0,0,0,0,0,0,0,0,0,0
390512,3,1,1994,0,0,0,0,0,0,0,0,0,0
390513,1,1,1994,11,11,11,11,11,11,11,11,11,11
390514,1,1,1994,14,14,14,14,14,14,14,14,14,14
390514,2,1,1994,0,0,0,0,0,0,0,0,0,0
390515,1,1,1994,0,0,0,0,0,0,0,0,0,0
390515,2,1,1994,0,0,21,0,0,0,0,0,0,0
390516,1,1,1994,0,0,0,0,0,0,0,0,0,0
390518,1,1,1994,0,0,0,0,0,23,0,0,0,0
390518,2,1,1994,0,0,0,0,0,0,0,0,16,0
390518,3,1,1994,0,0,0,0,0,0,0,0,0,0
390518,4,1,1994,0,0,0,0,0,0,0,0,0,0
390519,1,1,1994,0,0,0,0,0,0,0,0,0,0
390519,2,1,1994,0,0,0,0,0,5,0,0,0,0
390519,3,1,1994,0,0,0,0,0,0,0,0,0,0
390520,1,1,1994,0,0,0,0,0,0,0,0,0,0
390520,2,1,1994,0,0,0,0,0,0,0,0,0,0
390521,1,1,1994,8,8,8,8,8,8,8,8,8,8
390522,0,1,1994,0,0,0,0,0,0,0,0,0,0
390522,1,1,1994,0,0,0,0,0,0,0,0,0,0
390522,2,1,1994,0,0,0,0,10,0,0,0,0,0
390522,3,1,1994,0,0,0,0,0,11,0,0,0,0
390523,1,1,1994,0,0,0,0,0,0,0,0,0,0
390524,1,1,1994,0,0,0,0,0,0,0,0,0,0
390525,1,1,1994,0,0,0,0,0,0,0,0,0,0
390526,1,1,1994,0,0,0,0,0,0,0,19,15,0
390527,1,1,1994,0,0,0,0,0,0,0,0,0,0
390527,2,1,1994,0,0,0,0,0,0,0,0,0,0
390527,3,1,1994,0,0,0,0,0,0,0,0,0,0
390528,1,1,1994,0,0,0,0,0,0,28,0,0,0
390530,0,1,1994,0,0,0,0,0,0,0,0,0,0
390530,1,1,1994,0,0,0,0,0,0,0,0,0,0
390532,1,1,1994,0,0,0,0,0,0,0,0,0,0
390532,2,1,1994,0,0,0,0,0,0,0,0,0,0
390533,1,1,1994,0,0,0,0,0,0,0,0,0,0
390533,2,1,1994,0,0,0,0,0,0,0,0,0,0
390534,1,1,1994,0,0,0,0,0,0,0,0,0,0
390534,2,1,1994,0,0,0,0,0,0,0,0,0,0
390535,1,1,1994,0,0,0,0,0,0,0,0,0,0
390535,2,1,1994,5,5,5,5,5,5,5,5,5,5
390535,3,1,1994,0,15,0,0,0,0,0,0,0,0
390536,1,1,1994,0,0,0,0,0,0,0,0,0,0
390536,2,1,1994,0,0,0,0,0,0,0,0,0,0
390536,3,1,1994,0,0,0,0,0,0,0,0,0,0
390536,4,1,1994,0,0,0,0,0,0,0,0,18,0
390537,1,1,1994,0,0,0,0,0,0,0,0,0,0
390537,2,1,1994,0,0,0,0,0,0,0,0,0,0
390538,1,1,1994,19,19,19,19,19,19,19,19,19,19
390539,1,1,1994,15,12,16,8,13,0,26,3,19,16
390540,1,1,1994,0,0,0,0,0,0,0,0,0,0
390541,1,1,1994,0,0,0,0,0,0,0,18,0,0
390541,2,1,1994,0,9,0,0,0,22,0,0,0,0
390542,1,1,1994,0,0,0,0,0,0,0,0,0,0
390542,2,1,1994,0,0,0,0,0,0,0,0,0,0
390543,1,1,1994,0,0,0,0,0,0,0,0,0,0
390543,2,1,1994,0,3,0,0,0,0,0,0,0,0
390544,1,1,1994,0,0,0,0,0,0,0,0,0,0
390545,1,1,1994,0,0,0,0,0,0,0,0,0,0
390546,1,1,1994,0,0,0,0,0,0,0,0,0,0
390546,2,1,1994,0,0,0,0,0,0,0,0,0,0
390547,1,1,1994,25,25,25,25,25,25,25,25,25,25
390548,1,1,1994,0,0,0,0,0,0,0,0,0,0
390549,1,1,1994,2,2,2,2,2,2,2,2,2,2
390550,1,1,1994,0,0,0,0,0,0,0,0,0,0
390550,2,1,1994,0,0,0,0,0,0,0,0,0,0
390551,1,1,1994,0,0,0,0,0,0,0,8,0,0
390551,2,1,1994,0,0,0,0,0,13,11,0,0,0
390551,3,1,1994,3,14,0,0,0,18,15,0,0,0
390552,1,1,1994,0,0,0,0,0,5,0,0,0,0
390552,2,1,1994,0,0,5,0,0,16,0,0,0,0
390553,1,1,1994,0,0,0,0,0,0,0,0,0,0
390553,2,1,1994,4,4,4,4,4,4,4,4,4,4
390554,1,1,1994,0,0,0,0,0,0,0,0,0,0
390554,2,1,1994,0,0,0,0,0,0,0,0,0,0
390555,1,1,1994,0,0,0,0,0,0,0,0,0,0
390556,1,1,1994,0,0,0,0,0,0,0,0,0,0
390556,2,1,1994,0,0,0,0,0,0,0,0,0,0
390557,1,1,1994,0,0,0,0,0,0,0,0,0,0
390557,2,1,1994,0,0,0,0,0,0,0,0,0,0
390558,1,1,1994,0,0,0,0,0,0,0,0,0,0
390558,2,1,1994,0,0,0,0,0,0,0,0,0,0
390559,1,1,1994,0,0,0,0,0,0,0,0,0,0
390559,2,1,1994,0,0,0,0,0,0,34,0,22,0
390560,1,1,1994,0,0,0,0,0,0,0,0,0,0
390561,1,1,1994,0,0,0,21,0,0,0,0,0,0
390562,0,1,1994,33,33,33,33,33,33,33,33,33,33
390562,1,1,1994,16,16,16,16,16,16,16,16,16,16
390563,1,1,1994,0,0,0,0,15,16,0,16,20,4
390563,2,1,1994,0,0,0,24,0,11,0,0,0,0
390564,1,1,1994,20,23,16,12,17,26,25,10,0,28
390565,1,1,1994,0,0,0,0,0,0,0,0,0,0
390565,2,1,1994,0,0,0,0,0,0,0,0,0,0
390566,0,1,1994,4,4,4,4,4,4,4,4,4,4
390566,1,1,1994,0,0,0,0,10,0,0,0,0,14
390567,0,1,1994,12,0,0,0,0,0,0,0,0,10
390567,1,1,1994,0,18,0,0,0,14,10,0,0,0
390568,1,1,1994,0,0,0,0,0,0,0,0,0,0
390568,2,1,1994,0,0,0,0,0,0,0,0,0,0
390569,1,1,1994,0,0,0,0,0,0,0,0,0,0
390569,2,1,1994,0,0,0,0,0,0,0,0,0,0
390570,1,1,1994,10,18,20,19,23,17,9,11,10,8
390571,1,1,1994,0,0,0,0,0,0,0,0,0,0
390572,1,1,1994,0,15,0,0,0,0,0,0,0,0
390573,1,1,1994,0,0,0,0,0,0,0,0,0,0
390573,2,1,1994,0,0,0,0,0,26,0,0,0,0
390574,1,1,1994,23,7,19,7,9,23,13,19,13,9
390575,0,1,1994,0,0,0,0,0,0,0,0,0,0
390575,1,1,1994,0,0,0,0,0,0,0,0,0,0
390576,1,1,1994,0,0,0,0,0,0,0,0,0,0
390576,2,1,1994,0,0,0,0,0,6,0,0,0,0
390577,1,1,1994,0,0,0,0,0,0,0,0,0,0
390577,2,1,1994,0,0,0,0,0,0,0,0,0,0
390578,1,1,1994,0,0,0,0,0,0,0,0,0,0
390578,2,1,1994,0,0,0,0,0,0,0,18,0,0
390578,3,1,1994,0,0,0,0,0,0,0,0,0,0
390579,1,1,1994,7,7,7,7,7,7,7,7,7,7
390579,2,1,1994,0,0,9,0,12,0,0,14,0,13
390580,0,1,1994,22,11,43,24,27,31,16,11,0,10
390580,1,1,1994,18,32,13,25,0,15,21,0,20,29
390581,1,1,1994,0,0,0,13,9,22,23,12,0,24
390582,1,1,1994,12,12,12,12,12,12,12,12,12,12
390582,2,1,1994,0,0,0,0,0,0,0,0,0,0
390583,1,1,1994,0,0,0,0,0,0,0,0,0,0
390584,1,1,1994,0,0,0,0,0,0,0,0,0,0
390584,2,1,1994,2,2,2,2,2,2,2,2,2,2
390585,1,1,1994,18,18,18,18,18,18,18,18,18,18
390586,1,1,1994,11,11,11,11,11,11,11,11,11,11
390587,1,1,1994,0,0,0,0,0,0,0,0,0,0
390587,2,1,1994,0,0,0,0,0,0,0,0,0,0
390587,3,1,1994,0,0,0,0,0,0,0,0,0,0
390588,1,1,1994,0,0,0,0,0,0,0,0,0,0
390588,2,1,1994,3,3,3,3,3,3,3,3,3,3
390589,1,1,1994,0,0,0,0,0,0,0,0,0,0
390589,2,1,1994,0,0,0,0,0,0,0,0,0,0
390589,3,1,1994,0,0,0,0,0,0,0,0,0,0
390590,1,1,1994,0,12,0,0,0,0,0,0,0,0
390590,2,1,1994,0,0,0,0,0,0,0,0,0,0
390591,1,1,1994,14,14,14,14,14,14,14,14,14,14
390592,1,1,1994,0,0,0,0,0,0,15,0,0,0
390593,1,1,1994,0,16,0,0,16,18,0,0,0,0
390593,2,1,1994,19,19,19,19,19,19,19,19,19,19
390594,1,1,1994,0,0,0,0,0,0,0,0,0,0
390595,1,1,1994,26,26,26,26,26,26,26,26,26,26
390596,1,1,1994,13,13,13,13,13,13,13,13,13,13
390597,1,1,1994,0,0,0,11,0,0,0,0,0,20
390597,2,1,1994,0,0,0,0,0,0,0,0,0,0
390598,1,1,1994,0,0,0,0,0,0,0,0,0,0
390598,2,1,1994,0,0,0,0,0,0,0,0,0,0
390599,1,1,1994,0,0,0,0,0,0,0,0,0,0
390600,1,1,1994,0,0,0,0,0,0,0,0,0,0
390601,1,1,1994,0,0,0,0,0,0,0,0,0,0
390602,1,1,1994,13,13,13,13,13,13,13,13,13,13
390602,2,1,1994,0,0,0,0,0,0,0,0,0,0
390603,1,1,1994,0,0,0,0,0,0,0,0,0,0
390603,2,1,1994,0,0,0,0,0,0,0,0,0,0
390604,1,1,1994,12,3,19,12,3,13,8,0,17,0
390605,0,1,1994,4,0,0,0,0,0,0,0,0,0
390605,1,1,1994,0,0,0,0,0,0,0,0,0,0
390606,1,1,1994,28,11,20,29,8,24,27,31,18,10
390607,1,1,1994,0,0,0,0,0,0,0,0,0,0
390607,2,1,1994,0,0,0,0,0,0,0,0,0,12
390608,0,1,1994,0,0,0,21,19,0,0,17,34,0
390608,1,1,1994,0,0,0,0,0,0,0,0,0,0
390609,1,1,1994,0,8,0,0,0,16,8,0,0,35
390610,1,1,1994,0,0,0,0,0,0,0,0,0,0
390611,1,1,1994,0,0,0,0,0,0,0,0,0,0
390611,2,1,1994,0,0,0,0,0,0,0,0,0,0
390612,1,1,1994,0,0,0,0,0,0,0,0,0,0
390612,2,1,1994,0,0,0,0,3,0,0,0,6,0
390613,1,1,1994,0,0,0,0,0,0,0,0,0,0
390613,2,1,1994,0,0,0,0,0,0,0,0,0,0
390614,1,1,1994,0,0,0,0,0,0,0,0,0,0
390615,1,1,1994,23,23,23,23,23,23,23,23,23,23
390616,1,1,1994,0,0,0,0,0,0,0,0,0,0
390616,2,1,1994,0,0,0,0,0,0,0,0,0,0
390617,0,1,1994,0,0,0,0,0,0,0,0,0,0
390617,1,1,1994,5,5,5,5,5,5,5,5,5,5
390618,1,1,1994,13,13,13,13,13,13,13,13,13,13
390619,1,1,1994,21,21,21,21,21,21,21,21,21,21
390620,1,1,1994,7,7,7,7,7,7,7,7,7,7
390621,1,1,1994,8,8,8,8,8,8,8,8,8,8
390622,1,1,1994,0,0,0,0,0,0,0,0,0,0
390622,2,1,1994,0,0,0,0,0,0,0,0,0,0
390623,1,1,1994,0,0,0,0,0,0,0,0,0,0
390624,1,1,1994,11,11,11,11,11,11,11,11,11,11
390625,1,1,1994,17,17,17,17,17,17,17,17,17,17
390626,1,1,1994,0,0,0,0,0,0,0,0,0,0
390627,1,1,1994,0,0,0,0,0,0,0,0,0,0
390628,1,1,1994,0,0,0,0,0,0,0,0,5,0
390628,2,1,1994,0,0,0,0,0,0,0,0,0,0
390629,1,1,1994,0,0,0,0,0,0,0,0,10,0
390629,2,1,1994,0,0,0,0,0,0,0,0,0,0
390630,1,1,1994,0,0,0,0,0,0,0,0,0,0
390630,2,1,1994,0,0,0,0,0,0,0,0,0,0
390631,1,1,1994,0,0,0,0,0,0,0,0,0,0
390631,2,1,1994,0,0,0,0,0,0,0,0,0,0
390632,1,1,1994,0,20,22,0,34,12,24,0,0,21
390633,1,1,1994,0,0,0,0,0,0,0,0,0,0
390633,2,1,1994,0,0,0,0,0,0,0,0,15,0
390634,1,1,1994,10,10,10,10,10,10,10,10,10,10
390635,0,1,1994,0,0,0,0,0,0,0,0,0,0
390635,1,1,1994,0,0,19,18,0,0,8,29,9,0
390636,1,1,1994,0,0,0,0,0,0,0,0,0,0
390636,2,1,1994,0,0,0,0,0,0,0,0,0,0
390637,0,1,1994,35,23,36,12,12,32,16,18,25,15
390637,1,1,1994,30,21,6,21,8,8,8,11,6,18
390638,1,1,1994,0,0,0,8,0,0,0,0,0,0
390638,2,1,1994,0,0,0,0,0,0,0,0,0,0
390638,3,1,1994,0,0,0,0,0,0,0,0,0,0
390638,4,1,1994,0,13,0,0,0,0,0,4,0,0
390639,1,1,1994,17,17,4,6,0,0,0,8,10,19
390639,2,1,1994,0,0,0,0,0,0,0,0,0,0
390640,1,1,1994,0,0,0,0,0,0,0,0,0,0
390640,2,1,1994,11,0,0,0,0,0,0,0,0,0
390641,1,1,1994,7,17,6,27,5,16,29,18,0,22
390641,2,1,1994,0,0,0,0,0,0,14,0,0,0
390641,3,1,1994,5,30,0,9,16,18,8,9,21,0
390641,4,1,1994,0,17,0,0,0,0,0,0,0,0
390642,1,1,1994,0,0,0,0,0,0,0,0,0,0
390642,2,1,1994,0,0,0,0,0,0,0,0,0,0
390643,0,1,1994,0,0,0,0,0,0,0,0,0,0
390643,1,1,1994,20,13,6,30,23,14,15,16,30,0
390644,1,1,1994,0,0,0,0,0,0,0,0,0,0
390644,2,1,1994,0,0,0,0,0,0,0,0,0,0
390645,1,1,1994,0,0,0,0,0,0,0,0,0,0
390646,1,1,1994,0,0,0,0,0,0,0,0,0,0
390646,2,1,1994,0,0,0,0,0,0,0,0,0,0
390647,1,1,1994,8,8,8,8,8,8,8,8,8,8
390647,2,1,1994,0,0,0,0,0,0,0,0,0,0
390648,1,1,1994,0,0,0,0,0,0,0,0,0,0
390648,2,1,1994,0,0,0,0,0,0,0,0,0,0
390649,1,1,1994,0,0,0,0,22,0,0,0,0,0
390649,2,1,1994,0,0,0,0,0,0,0,0,0,0
390650,1,1,1994,0,0,0,0,0,0,0,0,0,0
390650,2,1,1994,0,0,0,0,0,0,0,0,0,0
390651,1,1,1994,10,10,10,10,10,10,10,10,10,10
390651,2,1,1994,0,0,45,0,30,0,0,0,0,0
390652,1,1,1994,14,14,14,14,14,14,14,14,14,14
390653,1,1,1994,5,5,5,5,5,5,5,5,5,5
390654,1,1,1994,0,0,0,0,0,0,0,0,0,0
390654,2,1,1994,0,0,0,0,0,0,0,0,0,0
390655,1,1,1994,0,0,0,0,0,0,0,0,0,0
390656,1,1,1994,0,0,0,0,0,0,0,0,0,0
390656,2,1,1994,0,0,0,0,0,0,0,0,0,0
390657,1,1,1994,0,13,0,0,0,0,0,0,0,0
390657,2,1,1994,0,0,0,0,0,0,0,0,0,0
390658,1,1,1994,0,0,0,0,0,0,0,0,0,0
390659,1,1,1994,0,0,0,0,0,0,0,0,0,0
390659,2,1,1994,0,0,0,0,0,0,0,0,0,0
390660,1,1,1994,0,0,24,0,0,0,0,0,15,0
390661,1,1,1994,0,0,0,0,0,0,10,0,0,0
390661,2,1,1994,0,0,0,0,0,0,0,0,0,0
390662,1,1,1994,12,12,12,12,12,12,12,12,12,12
390663,1,1,1994,0,0,0,0,0,0,0,0,0,0
390663,2,1,1994,19,19,19,19,19,19,19,19,19,19
390664,1,1,1994,10,10,10,10,10,10,10,10,10,10
390665,1,1,1994,0,0,0,0,0,0,0,0,0,0
390665,2,1,1994,0,0,0,30,0,0,0,0,0,0
390666,1,1,1994,9,0,0,0,0,0,0,0,0,11
390666,2,1,1994,0,0,0,0,0,11,0,0,0,0
390667,1,1,1994,0,0,0,0,0,0,0,0,0,0
390667,2,1,1994,0,0,0,0,0,0,0,0,0,0
390668,1,1,1994,0,0,0,21,12,12,0,0,0,30
390669,1,1,1994,13,13,13,13,13,13,13,13,13,13
390670,1,1,1994,0,0,0,0,0,0,0,0,0,0
390670,2,1,1994,0,0,0,0,0,0,0,0,0,0
390670,3,1,1994,0,0,0,0,0,0,0,0,0,0
390671,1,1,1994,0,0,0,0,0,0,0,0,0,0
390671,2,1,1994,0,0,0,0,0,0,0,0,0,0
390672,1,1,1994,0,0,0,23,0,0,0,0,0,0
390672,2,1,1994,0,0,0,0,0,0,16,0,0,0
390672,3,1,1994,0,0,0,0,0,0,0,0,0,0
390672,4,1,1994,0,0,0,0,0,0,0,0,0,0
390673,1,1,1994,0,0,12,0,0,0,18,0,0,7
390673,2,1,1994,9,9,9,9,9,9,9,9,9,9
390674,0,1,1994,0,0,0,0,0,0,0,0,0,0
390674,1,1,1994,0,0,0,0,0,0,0,0,0,0
390675,0,1,1994,33,33,33,33,33,33,33,33,33,33
390675,1,1,1994,0,0,0,0,0,28,0,0,0,0
390676,1,1,1994,0,0,0,0,0,0,0,0,0,0
390676,2,1,1994,0,0,0,0,0,0,0,0,9,0
390676,3,1,1994,0,0,0,0,0,0,0,0,0,0
390676,4,1,1994,0,0,0,0,0,0,0,0,0,0
390677,1,1,1994,0,14,5,0,0,0,0,0,0,0
390678,1,1,1994,0,0,0,0,0,0,0,0,0,0
390678,2,1,1994,0,0,0,0,0,0,0,0,0,0
390679,1,1,1994,43,12,29,3,0,6,13,11,32,4
390680,1,1,1994,0,0,0,0,0,0,0,0,0,0
390681,1,1,1994,0,0,0,0,0,0,0,0,0,0
390681,2,1,1994,0,0,0,0,0,0,8,0,0,0
390682,1,1,1994,24,24,24,24,24,24,24,24,24,24
390683,1,1,1994,0,0,0,0,0,0,0,0,0,0
390683,2,1,1994,0,0,0,0,0,0,0,0,0,0
390684,1,1,1994,0,0,0,0,0,0,0,0,0,0
390684,2,1,1994,0,4,0,0,17,0,11,0,0,0
390685,1,1,1994,0,0,0,0,0,0,0,0,0,0
390686,1,1,1994,0,0,0,0,0,0,0,0,0,0
390686,2,1,1994,0,0,0,0,0,0,0,0,0,0
390687,0,1,1994,15,0,0,20,0,0,26,41,17,0
390687,1,1,1994,27,27,27,27,27,27,27,27,27,27
390687,2,1,1994,0,0,17,0,0,2,0,5,0,0
390688,1,1,1994,0,0,0,11,3,3,6,7,4,12
390688,2,1,1994,0,0,0,0,9,0,0,0,0,0
390689,1,1,1994,18,18,18,18,18,18,18,18,18,18
390690,0,1,1994,0,0,0,0,0,0,0,0,0,0
390690,0,2,1994,14,0,0,7,0,18,11,14,8,0
390690,1,1,1994,0,0,0,0,0,0,0,0,0,0
390691,1,1,1994,25,25,25,25,25,25,25,25,25,25
390692,1,1,1994,17,17,17,17,17,17,17,17,17,17
390693,1,1,1994,0,0,0,0,0,0,0,0,0,0
390694,1,1,1994,0,0,0,0,0,0,0,0,0,0
390694,2,1,1994,0,0,0,0,0,0,0,0,17,0
390695,1,1,1994,26,33,26,0,13,33,24,27,12,24
390696,1,1,1994,0,0,0,0,0,0,0,0,0,0
390697,1,1,1994,0,0,0,0,0,0,0,0,0,0
390697,2,1,1994,0,0,0,0,0,0,0,0,0,0
390698,1,1,1994,29,29,29,29,29,29,29,29,29,29
390698,2,1,1994,0,0,0,0,0,0,0,0,0,17
390699,1,1,1994,0,0,0,0,0,0,0,0,0,0
390699,2,1,1994,0,0,0,0,0,0,8,0,0,0
390700,1,1,1994,0,0,0,0,0,0,0,0,0,0
390701,1,1,1994,0,0,0,0,0,0,0,0,0,0
390702,1,1,1994,0,0,0,0,0,0,0,0,0,0
390702,2,1,1994,0,0,0,0,0,0,0,0,0,0
390702,3,1,1994,0,0,0,0,0,0,0,0,0,0
390703,1,1,1994,0,7,0,0,22,0,0,0,16,0
390704,1,1,1994,12,25,29,22,28,14,30,35,38,28
390705,1,1,1994,0,0,0,0,0,0,0,0,0,0
390705,2,1,1994,0,0,0,0,0,0,0,0,0,0
390706,1,1,1994,0,0,0,0,0,0,0,0,0,0
390706,2,1,1994,0,0,0,0,0,0,0,0,0,0
390706,3,1,1994,0,0,0,0,0,0,0,0,0,0
390707,1,1,1994,16,16,16,16,16,16,16,16,16,16