ST_CASE,VEH_NO,PER_NO,YEAR,P1,P2,P3,P4,P5,P6,P7,P8,P9,P10
400038,2,1,1994,0,0,0,0,0,0,0,0,0,0
400039,1,1,1994,10,10,10,10,10,10,10,10,10,10
400039,2,1,1994,0,0,0,0,0,0,10,0,0,0
400040,1,1,1994,35,35,35,35,35,35,35,35,35,35
400040,2,1,1994,0,0,0,0,0,0,0,0,0,0
400041,1,1,1994,0,0,0,0,0,0,0,0,0,0
400041,2,1,1994,0,0,0,0,0,0,0,0,0,0
400042,1,1,1994,0,0,0,0,0,0,0,0,0,0
400043,1,1,1994,13,13,13,13,13,13,13,13,13,13
400044,1,1,1994,14,14,14,14,14,14,14,14,14,14
400045,1,1,1994,12,12,12,12,12,12,12,12,12,12
400046,1,1,1994,0,0,0,0,0,0,0,0,0,0
400046,2,1,1994,0,0,0,0,0,0,0,0,19,0
400047,1,1,1994,0,0,0,0,0,0,0,0,0,0
400048,1,1,1994,0,0,0,0,0,0,0,0,0,0
400048,2,1,1994,0,0,0,0,0,0,0,0,0,0
400049,1,1,1994,0,0,0,0,0,0,0,0,0,0
400049,2,1,1994,0,0,0,0,0,0,0,0,0,0
400050,1,1,1994,0,0,0,0,0,0,0,0,0,0
400050,2,1,1994,0,0,0,0,0,0,0,0,0,0
400051,1,1,1994,0,0,0,0,0,0,0,0,0,0
400052,1,1,1994,25,25,25,25,25,25,25,25,25,25
400053,1,1,1994,0,0,0,0,0,0,0,0,0,21
400053,2,1,1994,0,0,0,0,0,0,0,0,0,0
400054,1,1,1994,39,38,10,21,24,8,26,27,23,18
400055,1,1,1994,21,21,21,21,21,21,21,21,21,21
400056,1,1,1994,0,0,0,0,0,0,0,0,0,0
400056,2,1,1994,0,0,0,0,0,0,0,0,0,0
400057,1,1,1994,21,21,21,21,21,21,21,21,21,21
400057,2,1,1994,0,0,0,0,0,0,0,0,0,0
400058,1,1,1994,28,28,28,28,28,28,28,28,28,28
400059,1,1,1994,19,18,8,15,24,16,0,7,25,13
400060,1,1,1994,5,5,5,5,5,5,5,5,5,5
400061,1,1,1994,16,16,16,16,16,16,16,16,16,16
400062,1,1,1994,0,0,0,0,0,0,0,0,0,0
400063,1,1,1994,0,0,0,0,0,0,0,0,0,0
400063,2,1,1994,0,0,0,9,0,0,0,0,0,0
400064,1,1,1994,0,0,0,0,0,0,0,0,0,0
400065,0,1,1994,0,0,0,0,0,0,0,0,0,0
400065,1,1,1994,0,0,0,0,0,0,0,0,0,0
400066,1,1,1994,14,14,14,14,14,14,14,14,14,14
400067,1,1,1994,10,10,10,10,10,10,10,10,10,10
400068,1,1,1994,0,16,7,0,0,30,15,27,0,0
400069,1,1,1994,0,0,6,0,0,0,0,0,0,0
400069,2,1,1994,0,0,0,0,0,0,0,0,0,0
400070,1,1,1994,0,0,11,16,0,0,0,0,0,16
400071,1,1,1994,0,7,0,0,0,0,0,0,5,0
400072,1,1,1994,11,11,11,11,11,11,11,11,11,11
400073,1,1,1994,23,0,15,0,0,0,0,0,0,0
400074,1,1,1994,2,2,2,2,2,2,2,2,2,2
400074,2,1,1994,0,0,0,0,0,0,0,0,0,0
400075,1,1,1994,0,0,0,0,0,0,0,0,0,0
400076,1,1,1994,0,0,0,0,0,0,0,0,0,0
400076,2,1,1994,0,0,0,0,0,0,0,0,0,0
400077,1,1,1994,0,0,0,0,0,0,0,0,0,0
400077,2,1,1994,0,0,0,0,0,0,0,0,0,0
400078,1,1,1994,0,0,0,0,0,0,0,0,0,0
400078,2,1,1994,0,0,0,0,0,0,0,0,0,0
400079,1,1,1994,0,0,0,0,0,0,0,0,0,0
400080,1,1,1994,0,0,0,0,0,0,0,0,0,0
400080,2,1,1994,0,0,0,0,0,0,0,0,0,0
400081,1,1,1994,29,29,29,29,29,29,29,29,29,29
400082,1,1,1994,0,0,0,0,12,0,0,0,0,0
400082,2,1,1994,0,0,0,0,0,0,0,0,0,0
400083,1,1,1994,0,0,0,0,0,0,0,0,0,0
400083,2,1,1994,0,0,0,0,4,0,0,0,0,0
400084,1,1,1994,0,0,0,0,0,0,0,0,0,0
400085,1,1,1994,13,13,13,13,13,13,13,13,13,13
400085,2,1,1994,0,0,0,0,0,0,0,0,0,0
400086,1,1,1994,0,0,0,0,0,0,0,0,0,0
400086,2,1,1994,0,0,0,0,0,0,0,0,0,0
400087,1,1,1994,0,0,0,0,0,0,0,0,0,2
400087,2,1,1994,0,0,0,0,0,0,0,0,0,0
400088,1,1,1994,22,22,22,22,22,22,22,22,22,22
400088,2,1,1994,0,0,0,0,0,0,0,0,0,0
400088,3,1,1994,0,0,0,0,0,0,0,0,0,0
400089,0,1,1994,0,0,0,0,0,0,0,0,0,0
400089,1,1,1994,0,0,0,0,0,0,0,0,0,0
400090,1,1,1994,0,0,0,0,0,0,0,0,0,0
400090,2,1,1994,0,0,11,0,0,0,0,0,0,0
400091,1,1,1994,0,0,0,0,0,0,0,0,0,0
400092,1,1,1994,0,0,0,0,0,0,0,0,0,0
400092,2,1,1994,0,0,0,0,0,0,0,0,0,0
400093,1,1,1994,8,8,8,8,8,8,8,8,8,8
400094,1,1,1994,0,0,0,0,0,0,0,0,0,0
400094,2,1,1994,0,0,0,0,0,0,0,0,0,0
400095,1,1,1994,0,0,0,0,0,0,0,0,0,0
400095,2,1,1994,0,0,0,18,0,0,0,0,0,0
400096,1,1,1994,32,32,32,32,32,32,32,32,32,32
400097,1,1,1994,0,0,0,0,0,0,0,0,0,0
400097,2,1,1994,0,0,0,0,0,0,0,0,0,0
400098,1,1,1994,11,11,11,11,11,11,11,11,11,11
400099,1,1,1994,0,0,0,0,0,0,0,0,0,0
400100,1,1,1994,0,0,0,0,0,0,0,0,0,0
400101,1,1,1994,7,26,17,14,19,12,13,14,0,11
400101,2,1,1994,11,0,0,0,0,0,19,0,2,0
400102,1,1,1994,0,0,0,0,0,0,0,0,0,0
400102,2,1,1994,0,0,0,0,4,0,0,0,0,0
400103,1,1,1994,0,0,0,0,0,0,0,0,0,0
400104,0,1,1994,21,21,21,21,21,21,21,21,21,21
400104,1,1,1994,0,0,0,0,0,0,0,0,0,0
400105,1,1,1994,10,0,0,11,0,23,15,0,18,4
400106,1,1,1994,0,0,0,13,0,0,0,0,0,0
400106,2,1,1994,0,0,0,0,0,0,0,0,0,0
400107,1,1,1994,0,0,0,0,0,0,0,0,0,0
400108,0,1,1994,0,0,0,0,0,0,0,0,0,0
400108,1,1,1994,5,0,0,11,7,0,0,0,5,0
400109,1,1,1994,0,0,0,0,0,0,0,0,0,0
400109,2,1,1994,0,0,0,0,0,0,0,0,0,0
400110,1,1,1994,13,29,42,18,20,25,28,21,19,21
400111,1,1,1994,12,8,30,0,0,16,0,32,17,21
400112,0,1,1994,0,0,0,0,0,0,0,0,0,0
400112,1,1,1994,0,0,0,0,0,0,0,0,0,0
400113,1,1,1994,9,9,9,9,9,9,9,9,9,9
400114,1,1,1994,0,0,0,0,0,0,0,0,0,0
400114,2,1,1994,0,0,0,0,0,0,0,0,0,0
400115,1,1,1994,16,0,0,0,0,0,0,17,0,0
400115,2,1,1994,0,0,0,0,0,0,0,0,0,0
400116,0,1,1994,0,0,0,0,0,0,0,0,0,0
400116,1,1,1994,0,0,0,0,0,0,0,0,0,0
400117,1,1,1994,0,0,0,0,0,0,0,0,0,0
400118,0,1,1994,31,31,31,31,31,31,31,31,31,31
400118,1,1,1994,8,14,9,0,0,14,13,0,21,0
400120,1,1,1994,0,0,0,0,0,0,0,0,0,0
400120,2,1,1994,0,0,0,0,0,0,0,0,0,0
400121,1,1,1994,28,28,28,28,28,28,28,28,28,28
400122,1,1,1994,6,0,21,9,10,30,11,18,15,6
400122,2,1,1994,0,0,0,0,0,0,0,0,0,0
400123,1,1,1994,0,0,0,0,0,0,0,0,0,0
400123,2,1,1994,0,0,0,0,0,0,0,0,0,0
400124,1,1,1994,0,0,0,0,0,0,0,0,0,0
400124,2,1,1994,0,0,0,0,0,0,0,0,0,0
400125,1,1,1994,0,0,0,0,0,0,0,0,0,0
400125,2,1,1994,16,0,0,0,0,0,0,0,0,0
400126,1,1,1994,0,0,0,0,0,0,0,0,0,0
400126,2,1,1994,0,0,0,0,0,0,0,0,0,0
400127,1,1,1994,15,15,15,15,15,15,15,15,15,15
400128,1,1,1994,0,0,0,0,0,0,0,0,0,0
400129,1,1,1994,0,0,0,0,0,0,0,0,0,0
400129,2,1,1994,0,0,0,0,0,0,0,0,0,0
400130,1,1,1994,0,0,0,0,0,0,0,0,0,0
400131,1,1,1994,0,0,0,0,0,0,0,0,0,0
400132,1,1,1994,0,5,20,7,0,0,26,0,0,12
400133,1,1,1994,0,0,0,0,0,0,0,0,0,0
400134,1,1,1994,0,0,0,0,0,0,0,0,0,0
400134,2,1,1994,0,0,0,0,0,0,0,0,0,0
400134,3,1,1994,0,0,0,0,0,0,0,0,0,0
400135,1,1,1994,0,0,0,0,0,13,0,0,0,0
400135,2,1,1994,0,0,0,0,0,0,0,0,0,0
400136,1,1,1994,0,0,0,0,0,0,0,0,0,0
400136,2,1,1994,0,0,0,0,0,0,0,0,0,0
400137,1,1,1994,18,18,18,18,18,18,18,18,18,18
400137,2,1,1994,0,0,0,0,0,0,0,0,0,0
400138,2,1,1994,0,0,0,0,0,0,0,0,0,0
400138,3,1,1994,0,0,0,0,0,0,0,0,0,0
400139,1,1,1994,0,0,0,0,0,0,0,0,0,0
400139,2,1,1994,0,0,0,0,0,0,0,0,0,0
400140,1,1,1994,0,0,0,0,0,0,0,0,0,0
400141,1,1,1994,15,15,15,15,15,15,15,15,15,15
400142,1,1,1994,0,0,0,0,0,0,0,0,0,0
400143,0,1,1994,0,0,0,0,0,0,0,0,0,0
400143,1,1,1994,0,0,0,0,0,0,0,0,0,0
400144,1,1,1994,0,0,0,0,0,0,0,0,0,0
400144,2,1,1994,0,0,0,0,0,0,0,0,0,0
400145,1,1,1994,0,0,0,0,0,0,0,0,0,0
400145,2,1,1994,0,0,0,0,0,0,0,0,0,0
400146,1,1,1994,0,0,0,0,0,0,0,0,0,0
400146,2,1,1994,0,0,0,0,0,0,0,0,0,0
400147,1,1,1994,0,0,0,0,0,0,0,0,0,12
400147,2,1,1994,0,0,0,0,0,0,0,0,0,0
400148,1,1,1994,6,6,6,6,6,6,6,6,6,6
400149,1,1,1994,13,13,13,13,13,13,13,13,13,13
400149,2,1,1994,18,18,18,18,18,18,18,18,18,18
400150,1,1,1994,0,0,0,0,0,0,0,0,0,0
400151,1,1,1994,0,0,0,0,0,0,0,0,0,0
400151,2,1,1994,0,0,0,0,0,0,0,0,0,0
400152,0,1,1994,0,0,0,0,0,0,0,0,0,0
400152,1,1,1994,0,0,0,0,0,0,0,0,0,0
400153,1,1,1994,10,10,10,10,10,10,10,10,10,10
400153,2,1,1994,0,0,0,0,0,0,0,0,0,0
400153,3,1,1994,0,0,0,0,0,0,0,0,0,11
400155,1,1,1994,15,0,0,0,9,18,21,9,8,12
400156,1,1,1994,17,20,30,26,0,0,14,9,14,15
400157,1,1,1994,19,0,0,0,0,0,0,0,0,0
400158,1,1,1994,0,0,0,0,0,0,0,0,0,0
400159,1,1,1994,6,6,6,6,6,6,6,6,6,6
400160,1,1,1994,0,0,0,0,0,0,0,0,0,0
400160,2,1,1994,0,0,0,36,0,0,0,0,0,0
400161,1,1,1994,0,0,0,0,0,0,0,0,0,0
400162,1,1,1994,27,27,27,27,27,27,27,27,27,27
400163,1,1,1994,0,0,0,0,0,0,0,0,0,0
400163,2,1,1994,0,0,0,0,0,0,0,0,0,0
400164,1,1,1994,23,23,23,23,23,23,23,23,23,23
400165,1,1,1994,0,0,9,0,0,0,0,0,15,0
400165,2,1,1994,0,0,0,0,0,0,0,0,0,0
400166,1,1,1994,25,0,0,0,0,0,0,0,0,0
400167,1,1,1994,0,0,0,0,0,0,0,0,0,0
400168,1,1,1994,0,8,29,0,0,0,0,0,0,0
400168,2,1,1994,0,0,0,0,0,0,0,0,0,0
400169,1,1,1994,12,14,10,9,17,16,23,0,0,14
400169,2,1,1994,0,6,0,0,0,0,0,0,0,0
400169,3,1,1994,0,0,0,0,0,0,0,0,0,0
400170,1,1,1994,23,23,23,23,23,23,23,23,23,23
400171,1,1,1994,0,0,0,0,0,0,0,0,0,0
400172,1,1,1994,0,0,0,0,0,0,0,0,0,0
400172,2,1,1994,0,0,0,0,0,0,0,0,0,0
400173,1,1,1994,0,0,0,0,0,0,0,0,0,0
400173,2,1,1994,0,0,0,25,0,0,0,0,0,0
400174,1,1,1994,11,11,11,11,11,11,11,11,11,11
400174,2,1,1994,0,0,0,0,0,0,0,0,0,0
400175,1,1,1994,21,21,21,21,21,21,21,21,21,21
400175,2,1,1994,0,0,0,0,0,0,0,0,0,0
400177,1,1,1994,0,0,0,0,0,0,0,0,0,0
400178,1,1,1994,0,0,0,0,0,0,0,0,0,0
400178,2,1,1994,0,0,0,0,0,0,0,0,0,0
400178,3,1,1994,0,0,0,0,0,0,0,0,0,0
400179,0,1,1994,0,0,0,0,0,14,0,0,0,19
400179,1,1,1994,0,0,0,0,0,0,0,0,0,0
400180,1,1,1994,0,0,0,0,0,0,0,0,0,0
400180,2,1,1994,0,0,0,0,0,0,0,0,0,0
400181,1,1,1994,0,0,0,0,0,0,0,0,0,0
400181,2,1,1994,0,0,0,0,4,0,0,0,0,20
400181,3,1,1994,0,0,0,0,0,0,0,0,0,0
400182,1,1,1994,14,16,29,4,15,19,16,12,13,15
400183,1,1,1994,0,0,0,0,0,0,0,0,0,0
400183,2,1,1994,5,0,14,0,0,0,0,0,0,0
400184,1,1,1994,23,23,23,23,23,23,23,23,23,23
400184,2,1,1994,12,0,0,0,0,0,0,0,0,0
400185,1,1,1994,19,19,19,19,19,19,19,19,19,19
400186,1,1,1994,15,15,15,15,15,15,15,15,15,15
400187,1,1,1994,15,15,15,15,15,15,15,15,15,15
400188,1,1,1994,0,0,0,0,0,0,0,0,0,0
400189,0,1,1994,0,0,0,0,0,0,0,0,0,0
400189,1,1,1994,0,0,0,0,0,0,0,0,0,0
400190,1,1,1994,0,0,0,0,0,0,0,0,0,0
400190,2,1,1994,0,0,0,0,0,0,0,0,0,0
400191,1,1,1994,3,3,3,3,3,3,3,3,3,3
400192,1,1,1994,8,8,8,8,8,8,8,8,8,8
400192,2,1,1994,0,0,0,0,0,0,0,0,0,0
400193,1,1,1994,5,5,5,5,5,5,5,5,5,5
400193,2,1,1994,0,0,0,0,0,0,0,0,0,0
400194,1,1,1994,17,17,17,17,17,17,17,17,17,17
400195,1,1,1994,0,12,17,18,29,13,18,18,13,25
400195,2,1,1994,0,0,0,0,0,0,0,0,0,0
400196,1,1,1994,12,12,12,12,12,12,12,12,12,12
400196,2,1,1994,0,0,0,0,0,0,0,0,0,0
400197,1,1,1994,0,0,17,0,0,0,0,0,0,0
400198,1,1,1994,0,0,0,0,0,0,0,0,0,0
400198,2,1,1994,0,0,0,0,0,0,0,25,0,0
400199,1,1,1994,12,12,12,12,12,12,12,12,12,12
400200,1,1,1994,0,40,22,0,0,18,0,0,16,0
400201,0,1,1994,28,28,28,28,28,28,28,28,28,28
400201,1,1,1994,20,0,0,0,0,0,0,0,0,0
400202,1,1,1994,20,20,20,20,20,20,20,20,20,20
400202,2,1,1994,0,0,0,0,0,0,0,0,0,0
400203,1,1,1994,24,24,24,24,24,24,24,24,24,24
400204,1,1,1994,13,13,13,13,13,13,13,13,13,13
400204,2,1,1994,0,0,0,0,14,0,0,0,0,0
400205,1,1,1994,0,0,0,0,0,0,0,0,0,0
400206,1,1,1994,0,19,6,21,0,0,27,11,18,14
400206,2,1,1994,5,0,0,0,0,0,0,0,0,0
400207,1,1,1994,0,0,0,0,0,0,0,0,0,4
400207,2,1,1994,0,0,0,0,0,0,0,0,0,0
400207,3,1,1994,0,13,0,0,0,0,5,0,0,0
400208,1,1,1994,0,0,0,0,0,0,0,0,0,0
400208,2,1,1994,0,0,0,0,0,0,0,0,0,0
400209,1,1,1994,24,24,24,24,24,24,24,24,24,24
400210,1,1,1994,38,38,38,38,38,38,38,38,38,38
400211,1,1,1994,0,20,6,14,0,13,0,9,22,0
400211,2,1,1994,0,0,0,0,0,0,0,0,0,0
400212,1,1,1994,0,15,0,0,0,0,0,0,0,19
400213,1,1,1994,13,13,13,13,13,13,13,13,13,13
400214,1,1,1994,11,11,11,11,11,11,11,11,11,11
400214,2,1,1994,0,0,0,0,0,0,0,0,0,0
400215,1,1,1994,0,0,0,0,0,4,0,0,0,0
400216,1,1,1994,28,28,28,28,28,28,28,28,28,28
400217,1,1,1994,0,0,0,0,0,0,0,0,0,0
400217,2,1,1994,0,0,0,0,15,0,0,0,0,0
400218,1,1,1994,0,0,0,0,0,0,0,0,0,0
400218,2,1,1994,0,0,0,0,0,0,4,0,0,0
400219,1,1,1994,0,0,0,0,0,0,0,0,0,0
400219,2,1,1994,0,9,0,0,0,0,0,0,0,0
400220,1,1,1994,0,0,0,0,0,7,0,0,0,0
400221,1,1,1994,11,11,11,11,11,11,11,11,11,11
400221,2,1,1994,0,0,0,0,0,0,0,0,0,0
400223,0,1,1994,0,0,0,0,0,0,0,0,0,0
400223,1,1,1994,0,0,0,0,0,0,0,0,0,0
400224,1,1,1994,0,0,0,0,0,0,0,0,0,0
400225,1,1,1994,8,8,8,8,8,8,8,8,8,8
400226,1,1,1994,0,0,0,0,0,0,0,0,0,0
400226,2,1,1994,0,0,0,0,0,0,0,0,0,0
400226,3,1,1994,0,0,0,0,0,0,0,0,0,0
400227,0,1,1994,0,0,19,0,0,0,0,21,0,0
400227,1,1,1994,0,0,0,0,0,0,0,0,0,0
400228,1,1,1994,0,9,0,0,0,0,0,3,0,0
400228,2,1,1994,0,0,0,0,0,0,0,0,0,0
400229,1,1,1994,0,0,0,0,0,0,0,0,0,0
400229,2,1,1994,0,0,0,0,0,0,0,0,0,0
400230,1,1,1994,23,23,23,23,23,23,23,23,23,23
400230,2,1,1994,0,0,0,0,0,5,0,0,0,0
400231,1,1,1994,14,14,14,14,14,14,14,14,14,14
400232,1,1,1994,0,0,0,0,0,0,0,0,0,0
400233,1,1,1994,0,0,0,0,0,0,0,0,0,0
400233,2,1,1994,0,0,0,0,0,0,0,0,0,0
400234,1,1,1994,0,0,0,0,0,0,0,0,0,0
400235,0,1,1994,30,30,30,30,30,30,30,30,30,30
400235,1,1,1994,0,0,0,0,0,0,0,0,0,0
400236,1,1,1994,20,19,17,16,0,14,0,0,20,14
400237,1,1,1994,19,19,19,19,19,19,19,19,19,19
400238,1,1,1994,22,22,22,22,22,22,22,22,22,22
400239,1,1,1994,0,0,0,0,0,0,0,0,0,0
400240,1,1,1994,19,15,23,28,6,10,6,16,19,15
400241,1,1,1994,15,15,15,15,15,15,15,15,15,15
400242,1,1,1994,19,19,19,19,19,19,19,19,19,19
400243,0,1,1994,19,19,19,19,19,19,19,19,19,19
400243,1,1,1994,0,0,0,0,0,0,0,0,0,0
400244,1,1,1994,0,0,0,0,0,0,0,0,0,0
400244,2,1,1994,0,0,0,0,0,0,0,0,0,0
400245,1,1,1994,0,0,0,0,0,4,0,0,0,0
400246,1,1,1994,0,0,0,0,0,0,0,0,0,0
400246,2,1,1994,0,0,0,0,0,9,0,0,0,0
400247,1,1,1994,0,0,0,0,0,0,0,0,0,0
400247,2,1,1994,0,0,0,0,0,0,0,0,0,0
400248,1,1,1994,0,0,0,0,0,0,0,0,0,0
400249,1,1,1994,0,18,3,0,0,0,23,0,18,10
400250,1,1,1994,4,4,4,4,4,4,4,4,4,4
400251,0,1,1994,0,0,0,0,0,0,0,0,0,0
400251,1,1,1994,9,12,0,0,0,0,0,11,8,21
400252,1,1,1994,0,0,0,0,0,0,0,0,0,0
400252,2,1,1994,0,0,0,0,0,23,22,9,0,0
400253,1,1,1994,0,0,0,0,0,0,0,0,0,0
400253,2,1,1994,0,0,0,0,0,0,0,0,0,0
400253,3,1,1994,0,5,0,0,0,0,5,0,13,0
400254,1,1,1994,0,7,0,0,0,0,0,0,0,0
400255,0,1,1994,10,10,10,10,10,10,10,10,10,10
400255,1,1,1994,0,15,0,0,24,0,0,0,19,0
400256,1,1,1994,30,0,40,16,0,34,17,0,3,0
400257,1,1,1994,0,0,0,0,0,0,0,0,0,0
400257,2,1,1994,20,20,20,20,20,20,20,20,20,20
400258,1,1,1994,0,0,0,0,0,0,0,0,0,0
400258,2,1,1994,10,0,0,0,0,0,0,0,0,0
400259,1,1,1994,12,12,12,12,12,12,12,12,12,12
400260,1,1,1994,0,0,0,0,0,0,0,0,0,0
400260,2,1,1994,0,0,0,0,0,0,0,0,0,0
400261,1,1,1994,10,10,10,10,10,10,10,10,10,10
400262,1,1,1994,0,0,0,0,0,0,0,0,0,0
400262,2,1,1994,0,0,0,0,0,0,0,0,0,15
400263,0,1,1994,0,0,0,0,0,0,0,0,0,0
400263,1,1,1994,0,0,0,0,0,0,0,0,0,0
400264,1,1,1994,0,0,0,0,0,0,0,0,0,0
400264,2,1,1994,0,0,0,0,0,0,0,0,0,0
400265,1,1,1994,17,17,17,17,17,17,17,17,17,17
400265,2,1,1994,0,0,0,0,0,0,0,0,0,0
400266,0,1,1994,0,0,0,0,0,0,0,0,0,0
400266,1,1,1994,0,0,0,0,8,0,0,0,0,0
400267,1,1,1994,0,0,0,0,0,0,0,0,0,0
400267,2,1,1994,0,8,0,0,0,0,0,8,0,0
400268,1,1,1994,0,0,0,0,0,0,0,0,0,0
400269,1,1,1994,0,0,0,0,0,0,0,0,0,0
400269,2,1,1994,0,0,0,0,0,0,0,0,0,0
400270,1,1,1994,0,0,0,0,0,0,0,0,0,0
400272,1,1,1994,0,0,0,0,0,0,0,0,0,0
400273,1,1,1994,10,10,10,10,10,10,10,10,10,10
400274,1,1,1994,32,32,32,32,32,32,32,32,32,32
400275,0,1,1994,15,15,15,15,15,15,15,15,15,15
400275,1,1,1994,0,0,11,0,11,0,0,0,0,0
400276,0,1,1994,0,0,0,0,0,0,0,0,0,0
400276,1,1,1994,0,0,0,21,0,0,0,21,0,0
400277,1,1,1994,22,22,22,22,22,22,22,22,22,22
400277,2,1,1994,0,0,0,0,0,0,0,0,0,0
400278,1,1,1994,0,0,0,0,0,0,0,0,0,0
400278,2,1,1994,0,0,0,0,0,0,0,0,0,0
400279,0,1,1994,0,0,0,0,0,0,0,0,0,0
400279,1,1,1994,0,0,0,0,0,0,0,0,0,0
400280,1,1,1994,0,0,0,0,0,0,0,0,0,0
400281,1,1,1994,28,28,28,28,28,28,28,28,28,28
400281,2,1,1994,0,0,0,0,0,0,0,0,0,0
400282,1,1,1994,0,0,0,0,0,0,0,0,0,0
400283,1,1,1994,14,16,18,17,15,10,17,17,31,25
400284,1,1,1994,0,0,0,0,0,0,0,0,0,0
400284,2,1,1994,0,0,0,0,0,0,0,0,0,0
400285,1,1,1994,0,0,0,0,0,0,0,0,0,0
400286,1,1,1994,0,0,0,0,0,0,0,0,0,0
400287,1,1,1994,32,32,32,32,32,32,32,32,32,32
400287,2,1,1994,0,0,0,0,0,0,0,0,0,0
400288,1,1,1994,0,0,0,0,0,0,0,0,0,0
400288,2,1,1994,0,0,0,17,0,0,0,0,0,0
400288,3,1,1994,0,0,0,0,0,0,15,0,0,0
400289,1,1,1994,0,0,0,0,0,0,0,0,0,0
400289,2,1,1994,0,0,0,0,0,0,0,0,0,0
400290,1,1,1994,0,0,0,0,0,0,0,0,0,0
400291,1,1,1994,8,8,8,8,8,8,8,8,8,8
400291,2,1,1994,0,0,0,0,0,0,0,0,0,0
400292,1,1,1994,12,16,12,7,22,10,24,16,16,16
400293,1,1,1994,26,26,26,26,26,26,26,26,26,26
400294,1,1,1994,0,0,0,0,0,0,0,16,0,0
400295,1,1,1994,0,0,0,0,0,0,0,0,0,0
400296,1,1,1994,20,15,12,18,17,17,5,27,12,27
400296,2,1,1994,0,0,0,0,0,0,0,0,0,0
400297,1,1,1994,0,0,0,0,0,0,0,0,0,0
400297,2,1,1994,21,0,21,9,12,9,13,11,27,7
400298,1,1,1994,0,0,0,0,0,0,0,0,0,0
400298,2,1,1994,0,0,0,0,0,0,0,0,0,0
400299,1,1,1994,29,0,0,21,7,20,0,0,10,0
400300,1,1,1994,6,6,6,6,6,6,6,6,6,6
400301,1,1,1994,0,0,0,0,0,0,0,0,0,0
400302,1,1,1994,3,3,3,3,3,3,3,3,3,3
400302,2,1,1994,0,0,0,0,0,0,0,0,0,0
400303,1,1,1994,30,30,30,30,30,30,30,30,30,30
400304,1,1,1994,0,0,0,0,0,0,0,0,0,0
400304,2,1,1994,0,0,0,0,0,0,0,0,0,0
400305,1,1,1994,0,0,0,0,0,0,0,0,0,0
400305,2,1,1994,0,0,0,0,0,0,0,0,0,0
400306,1,1,1994,0,0,9,26,9,0,0,0,0,0
400307,1,1,1994,0,0,0,0,0,0,0,0,0,0
400308,1,1,1994,0,0,0,0,0,0,0,0,0,0
400308,2,1,1994,0,0,0,0,0,0,0,0,0,0
400308,3,1,1994,0,0,0,0,0,0,0,0,0,0
400309,1,1,1994,0,0,0,0,0,0,0,0,0,0
400309,2,1,1994,0,0,0,0,0,0,0,0,0,0
400310,1,1,1994,0,0,0,0,0,0,0,0,0,0
400311,1,1,1994,0,0,0,0,0,0,0,0,0,0
400312,1,1,1994,16,16,16,16,16,16,16,16,16,16
400312,2,1,1994,0,0,0,0,0,0,0,0,0,0
400313,0,1,1994,0,0,0,0,0,0,0,0,0,0
400313,1,1,1994,0,0,0,0,0,0,0,0,0,0
400314,1,1,1994,0,0,0,0,0,0,0,0,0,0
400314,2,1,1994,0,0,0,0,0,0,0,0,0,0
400315,1,1,1994,0,0,0,18,0,0,0,13,0,0
400315,2,1,1994,8,0,0,0,0,0,0,0,0,0
400316,1,1,1994,0,0,0,0,0,0,0,0,0,0
400316,2,1,1994,0,0,0,0,0,0,0,0,0,0
400317,1,1,1994,29,29,29,29,29,29,29,29,29,29
400317,2,1,1994,0,0,0,0,0,0,0,0,0,0
400318,1,1,1994,0,0,0,0,0,0,0,0,0,0
400319,1,1,1994,21,21,21,21,21,21,21,21,21,21
400320,1,1,1994,0,0,0,0,0,0,0,0,0,0
400320,2,1,1994,0,0,0,0,0,0,0,0,0,0
400321,1,1,1994,0,0,0,0,0,0,0,0,0,0
400322,1,1,1994,0,0,0,0,0,0,0,0,0,0
400322,2,1,1994,2,0,7,0,0,0,0,6,11,0
400323,1,1,1994,0,0,0,0,0,0,0,0,0,0
400323,2,1,1994,0,0,0,0,0,0,0,0,0,0
400324,1,1,1994,8,0,40,28,24,2,19,12,12,16
400325,1,1,1994,26,26,26,26,26,26,26,26,26,26
400326,0,1,1994,0,0,0,0,0,0,0,0,0,0
400326,1,1,1994,0,0,0,0,0,0,0,0,0,0
400327,1,1,1994,6,6,6,6,6,6,6,6,6,6
400327,2,1,1994,0,0,0,0,0,0,0,22,0,0
400328,1,1,1994,13,13,13,13,13,13,13,13,13,13
400329,1,1,1994,0,0,0,0,0,0,0,0,0,0
400330,1,1,1994,12,12,12,12,12,12,12,12,12,12
400331,0,1,1994,6,6,6,6,6,6,6,6,6,6
400331,1,1,1994,11,24,0,22,0,0,0,0,0,8
400332,1,1,1994,32,0,27,17,0,0,0,14,22,0
400332,2,1,1994,0,0,0,6,0,0,0,0,0,0
400333,0,1,1994,27,27,27,27,27,27,27,27,27,27
400333,1,1,1994,0,0,0,0,0,0,0,0,0,0
400334,1,1,1994,0,0,0,0,0,0,0,0,0,0