ST_CASE,VEH_NO,PER_NO,YEAR,P1,P2,P3,P4,P5,P6,P7,P8,P9,P10
400334,2,1,1994,0,0,0,0,0,0,0,0,0,0
400335,1,1,1994,11,0,11,0,7,0,0,0,11,9
400337,1,1,1994,0,0,0,0,0,0,0,0,0,0
400338,0,1,1994,0,0,0,0,0,0,0,0,0,0
400338,1,1,1994,0,0,0,0,0,0,0,0,0,0
400339,1,1,1994,7,7,7,7,7,7,7,7,7,7
400339,2,1,1994,0,0,0,0,0,0,0,0,0,0
400340,1,1,1994,0,0,0,0,0,0,0,0,0,0
400341,0,1,1994,0,0,0,0,0,0,0,0,0,0
400341,1,1,1994,0,0,0,0,0,0,0,0,0,0
400342,1,1,1994,7,11,15,4,0,13,23,0,0,8
400343,1,1,1994,0,0,0,0,0,0,0,0,0,0
400344,1,1,1994,28,28,12,20,17,32,25,37,17,31
400345,1,1,1994,0,0,0,0,0,0,0,0,0,0
400345,2,1,1994,0,0,0,0,0,0,0,0,0,0
400346,1,1,1994,0,0,0,0,0,0,0,0,0,0
400347,1,1,1994,0,0,0,0,0,0,0,0,0,0
400348,1,1,1994,0,0,0,0,0,0,0,0,0,0
400349,1,1,1994,0,0,0,0,0,0,0,0,0,0
400349,2,1,1994,0,0,0,0,0,0,0,0,0,0
400350,1,1,1994,0,0,0,0,0,0,0,0,0,0
400351,1,1,1994,0,0,0,0,0,0,0,0,0,0
400352,1,1,1994,0,0,0,0,0,0,0,0,0,0
400352,2,1,1994,0,0,0,0,0,0,0,0,0,0
400353,1,1,1994,3,3,3,3,3,3,3,3,3,3
400353,2,1,1994,0,0,0,0,0,0,0,0,0,0
400354,1,1,1994,0,0,0,0,0,0,0,0,0,0
400354,2,1,1994,0,0,0,0,0,0,0,0,0,0
400355,1,1,1994,0,0,0,0,0,0,0,0,0,0
400355,2,1,1994,0,0,0,0,0,0,0,0,0,0
400356,1,1,1994,0,0,0,0,0,0,0,0,0,0
400356,2,1,1994,0,0,0,0,0,0,0,0,0,0
400357,1,1,1994,0,0,0,0,0,0,0,0,0,0
400357,2,1,1994,0,0,0,0,0,0,0,0,0,0
400357,3,1,1994,0,0,0,0,0,0,0,0,0,0
400358,1,1,1994,0,0,0,0,0,0,0,0,0,0
400359,1,1,1994,15,0,0,6,6,21,19,24,3,0
400360,1,1,1994,0,0,0,0,0,0,0,0,0,0
400360,2,1,1994,0,0,0,0,0,0,0,0,0,0
400361,1,1,1994,0,23,22,0,0,0,0,0,0,0
400362,1,1,1994,0,0,0,0,0,0,0,0,0,0
400362,2,1,1994,0,0,0,0,0,0,0,0,0,0
400363,1,1,1994,6,6,6,6,6,6,6,6,6,6
400363,2,1,1994,0,0,0,0,0,0,0,0,0,0
400364,1,1,1994,22,28,17,40,15,0,0,5,6,0
400365,1,1,1994,0,0,0,0,0,0,0,0,0,0
400365,2,1,1994,0,0,0,0,0,0,0,0,0,0
400366,1,1,1994,0,0,0,0,0,0,0,0,0,0
400367,1,1,1994,0,0,0,0,11,0,0,0,0,0
400368,1,1,1994,0,0,0,0,0,0,0,0,0,0
400369,1,1,1994,0,0,0,16,0,0,0,15,0,0
400370,1,1,1994,15,15,15,15,15,15,15,15,15,15
400371,1,1,1994,35,35,35,35,35,35,35,35,35,35
400371,2,1,1994,0,0,0,0,0,0,0,0,0,22
400372,1,1,1994,0,0,0,17,0,0,0,0,0,0
400373,1,1,1994,5,5,5,5,5,5,5,5,5,5
400374,0,1,1994,0,0,0,0,0,12,0,0,0,0
400374,1,1,1994,0,0,0,0,0,0,0,0,0,0
400375,1,1,1994,11,20,16,0,11,4,0,0,0,13
400375,2,1,1994,0,4,0,6,0,0,3,0,0,0
400376,1,1,1994,0,0,0,0,0,0,0,0,0,0
400377,1,1,1994,14,13,0,9,0,0,12,8,0,0
400378,1,1,1994,0,0,0,0,0,0,0,0,0,0
400378,2,1,1994,0,0,0,0,0,0,0,0,0,0
400379,1,1,1994,0,0,0,0,0,0,0,0,0,0
400380,1,1,1994,27,27,27,27,27,27,27,27,27,27
400381,1,1,1994,0,0,0,0,0,0,0,0,0,0
400381,2,1,1994,0,0,0,0,0,0,0,0,0,0
400382,1,1,1994,0,0,0,0,0,0,0,0,0,0
400382,2,1,1994,5,5,5,5,5,5,5,5,5,5
400383,1,1,1994,0,0,0,0,0,0,0,0,0,0
400383,2,1,1994,0,0,0,0,0,0,0,0,0,0
400384,1,1,1994,0,0,0,0,0,0,0,0,0,0
400384,2,1,1994,0,0,0,0,0,0,0,0,0,0
400385,1,1,1994,30,30,30,30,30,30,30,30,30,30
400385,2,1,1994,0,0,0,0,0,0,0,0,0,0
400386,1,1,1994,0,0,0,0,0,0,0,0,0,0
400386,2,1,1994,0,0,0,0,0,0,0,0,0,0
400387,1,1,1994,0,0,19,0,0,0,0,0,9,0
400388,1,1,1994,0,0,0,0,0,0,0,0,0,0
400389,1,1,1994,0,0,0,0,31,27,16,18,0,24
400390,1,1,1994,36,36,36,36,36,36,36,36,36,36
400391,1,1,1994,22,22,22,22,22,22,22,22,22,22
400392,1,1,1994,15,15,15,15,15,15,15,15,15,15
400393,1,1,1994,18,18,18,18,18,18,18,18,18,18
400394,1,1,1994,0,0,0,20,0,0,0,0,0,0
400394,2,1,1994,0,0,0,0,0,0,0,0,0,0
400395,1,1,1994,0,0,0,0,0,0,0,0,0,0
400396,1,1,1994,21,21,21,21,21,21,21,21,21,21
400397,1,1,1994,0,0,0,0,0,0,0,0,0,0
400398,1,1,1994,0,0,0,0,0,0,0,0,0,0
400399,1,1,1994,8,6,10,9,11,5,10,21,4,15
400399,2,1,1994,0,0,0,0,0,0,0,0,19,0
400400,1,1,1994,21,0,0,21,15,0,6,0,0,0
400401,1,1,1994,0,0,0,0,0,0,0,0,0,0
400402,1,1,1994,38,38,38,38,38,38,38,38,38,38
400402,2,1,1994,0,0,0,0,0,0,0,0,0,0
400403,1,1,1994,0,0,0,0,0,0,0,0,0,0
400403,2,1,1994,8,8,8,8,8,8,8,8,8,8
400404,1,1,1994,17,9,0,0,0,0,0,0,24,23
400405,1,1,1994,0,0,0,0,0,0,0,0,0,0
400406,0,1,1994,27,27,27,27,27,27,27,27,27,27
400406,1,1,1994,4,17,11,7,17,21,30,19,8,22
400407,1,1,1994,36,36,36,36,36,36,36,36,36,36
400407,2,1,1994,0,12,0,0,0,0,0,0,0,0
400407,3,1,1994,0,0,0,0,0,0,0,0,0,0
400407,4,1,1994,0,0,0,14,0,0,0,0,0,0
400408,1,1,1994,0,0,0,0,0,0,0,0,0,0
400408,2,1,1994,0,0,0,0,0,0,0,0,0,0
400409,1,1,1994,11,11,11,11,11,11,11,11,11,11
400410,1,1,1994,0,0,0,0,0,0,0,0,0,0
400411,1,1,1994,8,8,8,8,8,8,8,8,8,8
400412,1,1,1994,34,34,34,34,34,34,34,34,34,34
400413,1,1,1994,23,23,23,23,23,23,23,23,23,23
400414,1,1,1994,0,29,0,0,0,12,0,0,16,17
400415,1,1,1994,17,17,17,17,17,17,17,17,17,17
400416,1,1,1994,0,0,0,0,0,0,0,0,0,0
400417,1,1,1994,16,16,16,16,16,16,16,16,16,16
400417,2,1,1994,0,0,0,0,0,0,0,0,0,0
400419,1,1,1994,15,15,15,15,15,15,15,15,15,15
400420,1,1,1994,26,26,26,26,26,26,26,26,26,26
400420,2,1,1994,0,0,0,0,0,0,0,5,0,0
400421,1,1,1994,0,15,0,0,0,0,0,0,0,4
400422,1,1,1994,0,0,0,0,0,0,0,0,0,0
400422,2,1,1994,0,0,0,0,0,0,0,0,0,0
400423,1,1,1994,0,0,0,0,0,0,0,0,0,0
400424,1,1,1994,0,0,0,0,0,0,0,0,0,0
400425,1,1,1994,0,0,0,0,0,0,0,0,0,0
400426,1,1,1994,17,17,17,17,17,17,17,17,17,17
400427,1,1,1994,0,0,0,0,2,0,0,0,0,0
400428,1,1,1994,20,20,20,20,20,20,20,20,20,20
400429,0,1,1994,36,36,36,36,36,36,36,36,36,36
400429,1,1,1994,0,0,0,0,0,0,0,0,0,0
400430,1,1,1994,15,8,0,13,19,12,12,17,6,12
400431,1,1,1994,0,0,0,0,0,0,0,0,0,0
400433,0,1,1994,0,0,0,0,0,9,0,0,20,0
400433,1,1,1994,0,0,0,0,0,0,0,0,0,0
400434,1,1,1994,8,8,8,8,8,8,8,8,8,8
400435,0,1,1994,15,15,15,15,15,15,15,15,15,15
400435,1,1,1994,16,16,16,16,16,16,16,16,16,16
400436,1,1,1994,0,0,0,0,0,0,0,0,0,0
400436,2,1,1994,0,0,0,0,0,0,0,0,0,0
400437,1,1,1994,12,29,27,20,37,15,41,19,23,22
400438,1,1,1994,0,0,0,0,0,0,0,0,0,0
400438,2,1,1994,0,0,0,0,0,0,0,0,0,0
400439,1,1,1994,0,0,0,0,0,0,0,0,0,0
400439,2,1,1994,0,0,0,0,0,0,0,0,13,0
400440,0,1,1994,17,9,5,24,10,9,44,27,0,8
400440,1,1,1994,8,8,8,8,8,8,8,8,8,8
400441,1,1,1994,0,0,0,0,0,0,0,0,0,0
400442,1,1,1994,28,13,17,19,62,11,38,10,27,20
400443,1,1,1994,26,25,0,0,45,20,27,23,27,16
400444,1,1,1994,0,0,0,0,0,0,0,0,0,0
400445,1,1,1994,0,0,0,0,0,0,0,0,0,0
400445,2,1,1994,0,0,0,0,0,0,0,0,0,0
400446,1,1,1994,0,0,0,0,0,0,0,0,0,0
400446,2,1,1994,0,0,0,0,0,0,0,0,0,0
400447,1,1,1994,32,21,24,28,15,20,15,25,5,38
400448,1,1,1994,0,0,0,0,0,0,0,0,0,0
400448,2,1,1994,0,0,0,0,7,0,0,0,0,0
400449,1,1,1994,0,18,0,0,0,0,0,0,0,0
400450,0,1,1994,27,0,0,0,0,0,0,0,0,0
400450,1,1,1994,0,0,0,0,0,0,0,0,0,0
400451,1,1,1994,0,0,0,0,0,0,0,0,0,0
400451,2,1,1994,0,2,0,0,0,0,11,0,0,0
400452,0,1,1994,0,0,0,0,0,0,0,0,0,0
400452,1,1,1994,0,11,0,0,0,0,0,0,0,0
400453,1,1,1994,15,15,15,15,15,15,15,15,15,15
400453,2,1,1994,0,0,0,0,0,0,0,0,0,0
400454,1,1,1994,0,0,0,0,0,0,0,0,0,0
400455,1,1,1994,0,0,0,0,0,17,0,0,6,0
400456,1,1,1994,0,0,0,0,0,0,0,0,0,0
400457,1,1,1994,0,0,0,0,0,0,0,0,0,0
400458,1,1,1994,21,21,21,21,21,21,21,21,21,21
400459,1,1,1994,0,0,0,0,0,0,0,0,0,0
400460,1,1,1994,0,0,0,0,0,0,0,0,0,0
400460,2,1,1994,0,0,0,0,0,0,0,0,0,0
400461,1,1,1994,4,4,4,4,4,4,4,4,4,4
400461,2,1,1994,0,0,0,0,0,0,0,0,0,0
400462,1,1,1994,0,0,0,0,0,0,0,0,0,0
400462,2,1,1994,0,0,0,0,0,0,0,0,0,0
400463,1,1,1994,2,2,2,2,2,2,2,2,2,2
400464,1,1,1994,0,0,0,0,0,0,0,0,0,0
400464,2,1,1994,0,0,0,0,0,0,0,0,0,0
400465,1,1,1994,0,0,0,0,0,0,0,0,0,0
400465,2,1,1994,0,0,0,0,0,0,0,0,0,0
400466,1,1,1994,19,19,19,19,19,19,19,19,19,19
400467,1,1,1994,7,0,0,0,5,0,0,0,0,0
400467,2,1,1994,0,0,0,0,0,0,0,0,0,0
400467,3,1,1994,0,0,11,0,0,0,11,0,0,0
400468,1,1,1994,0,0,0,0,0,0,0,0,0,0
400468,2,1,1994,0,0,0,0,0,0,0,0,0,0
400469,1,1,1994,24,0,0,0,0,0,0,0,0,0
400469,2,1,1994,0,0,0,0,0,0,0,0,0,0
400470,1,1,1994,19,19,19,19,19,19,19,19,19,19
400470,2,1,1994,11,0,3,11,5,0,20,0,0,0
400471,0,1,1994,0,0,0,0,0,0,0,0,0,0
400471,1,1,1994,0,0,0,0,0,0,0,0,0,21
400472,1,1,1994,0,0,0,0,0,0,0,0,0,0
400472,2,1,1994,0,0,0,0,0,0,0,0,0,0
400473,0,1,1994,0,0,0,0,0,0,0,0,0,0
400473,1,1,1994,0,0,0,27,0,0,0,0,0,0
400474,1,1,1994,0,0,0,0,0,0,0,0,0,0
400474,2,1,1994,0,0,0,0,0,0,0,0,0,0
400475,1,1,1994,0,0,0,0,0,0,0,0,0,0
400476,1,1,1994,49,5,13,0,6,8,0,0,12,31
400477,1,1,1994,0,0,0,0,0,0,0,0,0,0
400477,2,1,1994,0,0,0,0,0,0,0,0,0,0
400478,1,1,1994,0,0,0,0,0,0,0,0,0,0
400478,2,1,1994,9,9,9,9,9,9,9,9,9,9
400479,1,1,1994,21,0,3,0,0,32,10,0,0,8
400479,2,1,1994,0,0,0,0,0,0,0,0,0,0
400480,0,1,1994,27,27,27,27,27,27,27,27,27,27
400480,1,1,1994,10,8,15,21,24,0,17,6,23,0
400481,1,1,1994,0,0,0,0,0,0,0,0,0,0
400482,1,1,1994,11,0,0,0,0,0,0,0,0,0
400482,2,1,1994,0,0,0,0,0,0,0,0,0,0
400482,3,1,1994,0,0,0,4,0,6,0,0,0,0
400483,0,1,1994,16,22,0,26,16,8,22,16,0,23
400483,1,1,1994,0,0,0,0,0,0,0,0,0,0
400484,1,1,1994,41,41,41,41,41,41,41,41,41,41
400485,1,1,1994,0,0,0,0,0,0,0,0,0,0
400485,2,1,1994,0,0,0,0,18,0,0,0,0,0
400486,0,1,1994,4,4,4,4,4,4,4,4,4,4
400486,1,1,1994,0,0,0,0,0,0,0,0,0,0
400487,1,1,1994,0,0,0,0,0,0,0,0,0,0
400487,2,1,1994,0,0,0,0,0,0,0,0,0,0
400488,0,1,1994,10,10,10,10,10,10,10,10,10,10
400488,1,1,1994,0,0,0,0,0,0,0,0,0,0
400489,1,1,1994,0,0,0,0,0,0,0,0,0,0
400489,2,1,1994,0,0,0,0,0,0,0,0,0,0
400489,3,1,1994,0,0,0,0,0,0,0,0,0,0
400490,1,1,1994,0,0,0,0,0,0,0,0,0,0
400490,2,1,1994,0,0,0,0,0,0,0,0,0,0
400491,1,1,1994,0,0,0,0,0,0,0,0,0,0
400492,1,1,1994,41,4,23,0,0,7,0,0,9,17
400492,2,1,1994,0,0,0,0,0,0,0,0,0,0
400493,1,1,1994,0,0,0,0,0,0,0,0,0,0
400493,2,1,1994,0,0,0,0,0,0,0,0,0,0
400494,0,1,1994,0,0,0,0,0,0,0,0,0,0
400494,1,1,1994,0,0,0,0,0,0,0,0,0,0
400495,1,1,1994,0,0,0,0,0,0,0,0,23,0
400495,2,1,1994,0,0,0,0,0,0,0,0,0,0
400496,1,1,1994,0,0,0,0,0,0,0,0,0,0
400497,1,1,1994,0,0,0,0,0,0,0,0,0,0
400497,2,1,1994,0,0,0,0,0,0,0,0,0,0
400498,1,1,1994,0,0,0,0,0,0,0,0,0,0
400499,1,1,1994,0,0,0,0,0,0,0,0,0,0
400500,1,1,1994,20,20,20,20,20,20,20,20,20,20
400501,1,1,1994,0,0,11,0,0,0,0,0,0,0
400501,2,1,1994,23,0,0,0,0,26,0,0,0,0
400502,1,1,1994,0,0,0,0,0,15,19,23,0,14
400503,1,1,1994,15,15,15,15,15,15,15,15,15,15
400504,1,1,1994,0,0,0,0,0,0,0,0,0,0
400505,1,1,1994,0,0,0,0,0,0,0,0,0,0
400505,2,1,1994,0,0,0,0,0,0,0,0,0,0
400506,1,1,1994,37,37,37,37,37,37,37,37,37,37
400506,2,1,1994,0,0,0,0,0,13,0,0,0,0
400507,1,1,1994,0,0,0,0,0,0,0,0,0,0
400507,2,1,1994,0,0,0,0,0,0,0,0,0,0
400508,1,1,1994,24,24,24,24,24,24,24,24,24,24
400508,2,1,1994,0,0,0,0,0,0,0,0,0,0
400509,1,1,1994,0,0,0,0,6,0,0,0,0,0
400509,2,1,1994,0,0,0,0,0,0,0,0,0,0
400510,1,1,1994,0,0,0,0,0,0,0,0,0,0
400510,2,1,1994,0,0,0,0,0,0,0,0,0,0
400511,1,1,1994,0,0,0,0,0,0,0,0,0,0
400511,2,1,1994,0,18,0,0,13,16,0,13,0,22
400512,1,1,1994,18,18,18,18,18,18,18,18,18,18
400513,1,1,1994,6,6,6,6,6,6,6,6,6,6
400514,1,1,1994,21,10,20,32,6,18,22,25,12,8
400515,1,1,1994,0,0,0,0,0,0,0,0,0,0
400516,1,1,1994,0,0,0,0,0,0,0,0,0,0
400517,1,1,1994,0,0,0,0,0,0,0,0,0,0
400517,2,1,1994,0,19,0,0,0,0,0,0,0,0
400518,1,1,1994,6,10,0,9,16,2,0,16,15,3
400518,2,1,1994,0,22,0,0,4,0,0,0,0,0
400519,1,1,1994,16,16,36,10,29,31,29,14,29,13
400520,1,1,1994,0,0,0,0,0,0,0,0,0,0
400520,2,1,1994,0,0,0,0,0,0,0,0,0,0
400521,1,1,1994,0,0,0,0,0,0,0,0,0,0
400522,1,1,1994,0,0,0,0,0,0,0,0,0,0
400523,1,1,1994,12,12,12,12,12,12,12,12,12,12
400524,1,1,1994,16,0,0,4,13,0,7,0,0,0
400524,2,1,1994,0,0,0,0,0,0,0,0,0,0
400525,1,1,1994,19,35,16,33,19,10,27,20,26,15
400526,1,1,1994,0,0,0,0,0,0,0,0,0,0
400526,2,1,1994,0,0,0,0,0,0,0,0,0,0
400527,1,1,1994,0,0,0,0,0,0,0,0,0,0
400527,2,1,1994,0,0,0,0,0,0,0,0,0,0
400528,1,1,1994,0,0,0,0,0,0,0,0,0,0
400529,0,1,1994,0,0,0,0,31,0,0,0,0,0
400529,1,1,1994,10,0,0,0,0,0,17,0,0,7
400530,1,1,1994,0,0,0,0,0,0,0,0,0,0
400531,1,1,1994,0,0,0,0,0,0,0,0,0,0
400532,1,1,1994,0,0,0,0,0,0,0,0,0,22
400532,2,1,1994,0,0,0,0,0,0,0,0,0,0
400533,0,1,1994,6,6,6,6,6,6,6,6,6,6
400533,1,1,1994,8,0,0,0,0,0,0,0,0,0
400534,1,1,1994,0,0,0,0,0,0,0,0,0,0
400535,0,1,1994,0,0,0,0,0,0,0,0,0,0
400535,1,1,1994,0,0,0,0,0,0,0,0,0,0
400536,1,1,1994,0,13,0,0,0,14,20,0,0,0
400537,1,1,1994,15,15,15,15,15,15,15,15,15,15
400537,2,1,1994,0,0,38,0,0,0,0,0,0,0
400538,0,1,1994,29,29,29,29,29,29,29,29,29,29
400538,1,1,1994,0,0,28,0,0,0,5,19,0,0
400539,1,1,1994,0,26,12,15,0,28,21,21,15,23
400539,2,1,1994,0,0,0,0,0,0,0,0,0,0
400540,0,1,1994,0,0,0,0,0,0,0,0,0,0
400540,1,1,1994,0,0,0,11,15,0,0,18,0,25
400541,1,1,1994,27,37,40,23,14,22,34,18,17,18
400542,1,1,1994,0,0,0,0,0,0,0,0,0,0
400542,2,1,1994,0,0,0,0,0,0,0,6,0,0
400543,1,1,1994,0,14,0,0,0,0,0,0,0,0
400543,2,1,1994,0,0,0,0,0,0,0,0,0,0
400544,1,1,1994,0,0,0,0,0,0,0,14,0,0
400544,2,1,1994,0,0,0,0,0,0,0,0,0,0
400545,0,1,1994,0,0,0,0,0,0,0,0,0,0
400545,1,1,1994,0,0,0,12,0,0,0,0,0,0
400546,1,1,1994,17,17,17,17,17,17,17,17,17,17
400546,2,1,1994,0,0,0,0,0,0,0,0,0,0
400547,1,1,1994,29,29,29,29,29,29,29,29,29,29
400548,1,1,1994,0,0,0,0,0,0,0,0,0,0
400548,2,1,1994,0,0,0,0,0,0,0,0,0,0
400549,1,1,1994,22,22,22,22,22,22,22,22,22,22
400550,0,1,1994,16,16,16,16,16,16,16,16,16,16
400550,1,1,1994,15,13,0,0,0,0,22,0,0,0
400551,1,1,1994,0,0,0,0,0,0,0,0,0,0
400551,2,1,1994,0,0,0,0,0,0,0,0,3,0
400552,1,1,1994,0,0,0,0,0,0,0,0,0,0
400552,2,1,1994,0,0,0,0,0,0,0,0,0,0
400553,0,1,1994,15,15,15,15,15,15,15,15,15,15
400553,1,1,1994,0,13,0,8,0,24,0,0,0,4
400554,1,1,1994,0,0,0,0,0,0,0,0,0,0
400555,1,1,1994,17,17,17,17,17,17,17,17,17,17
400556,1,1,1994,0,0,0,0,0,0,0,0,0,0
400557,1,1,1994,0,0,0,0,0,0,0,0,0,0
400558,1,1,1994,0,0,0,0,0,0,0,0,0,0
400558,2,1,1994,0,0,0,0,0,0,0,0,0,0
400558,3,1,1994,0,0,0,0,0,0,0,0,0,0
400558,4,1,1994,0,0,0,0,0,0,0,0,0,0
400559,1,1,1994,0,0,0,0,0,0,0,0,0,0
400560,1,1,1994,0,8,0,0,0,0,0,0,0,0
400560,2,1,1994,0,0,0,0,0,0,0,0,0,0
400561,1,1,1994,22,22,22,22,22,22,22,22,22,22
400562,1,1,1994,0,0,0,0,0,0,0,0,0,0
400562,2,1,1994,0,0,0,0,0,0,0,0,0,0
400563,1,1,1994,17,17,17,17,17,17,17,17,17,17
400564,1,1,1994,0,0,0,0,0,0,0,0,0,0
400564,2,1,1994,0,0,0,0,0,0,0,0,0,0
400565,1,1,1994,0,0,0,0,0,0,0,0,0,0
400566,1,1,1994,0,0,0,0,0,0,0,0,0,0
400566,2,1,1994,0,0,0,0,0,0,0,0,0,0
400567,0,1,1994,37,37,37,37,37,37,37,37,37,37
400567,1,1,1994,0,0,0,0,0,0,0,0,0,0
400568,1,1,1994,11,11,11,11,11,11,11,11,11,11
400569,1,1,1994,0,0,0,0,0,0,0,0,0,0
400569,2,1,1994,0,0,0,0,0,0,0,0,0,0
400570,1,1,1994,17,17,17,17,17,17,17,17,17,17
400570,2,1,1994,0,0,0,0,0,0,0,0,0,0
400571,1,1,1994,0,0,0,0,0,0,0,0,0,0
400571,2,1,1994,0,0,0,0,0,0,0,0,0,0
400571,3,1,1994,0,0,0,0,0,0,0,0,0,0
400572,1,1,1994,17,17,17,17,17,17,17,17,17,17
400573,1,1,1994,0,0,0,0,0,0,0,0,0,0
400574,1,1,1994,0,0,0,0,0,0,0,0,0,0
400574,2,1,1994,0,0,29,0,10,0,0,0,0,0
400575,1,1,1994,0,0,0,0,0,0,0,0,0,0
400575,2,1,1994,0,0,13,0,0,0,0,0,0,0
400576,1,1,1994,0,0,0,7,0,0,30,29,0,6
400576,2,1,1994,0,0,0,0,0,0,0,0,14,0
400577,1,1,1994,17,17,17,17,17,17,17,17,17,17
400577,2,1,1994,0,0,0,0,0,0,0,0,0,0
400578,1,1,1994,17,17,17,17,17,17,17,17,17,17
400579,1,1,1994,0,0,0,0,0,0,0,0,0,0
400579,2,1,1994,0,13,0,9,13,0,0,17,13,25
400580,1,1,1994,9,9,9,9,9,9,9,9,9,9
400581,1,1,1994,0,0,0,0,0,0,0,0,0,0
400581,2,1,1994,0,0,0,0,0,0,0,0,0,0
400582,1,1,1994,14,26,9,19,24,24,7,10,9,6
400584,1,1,1994,0,0,0,0,0,0,0,0,0,0
400584,2,1,1994,0,0,0,0,0,0,0,0,0,0
400585,1,1,1994,0,0,0,0,0,0,0,0,0,0
400586,1,1,1994,0,0,0,0,0,0,0,0,0,0
400586,2,1,1994,0,0,0,0,0,0,0,0,0,0
400587,1,1,1994,25,25,25,25,25,25,25,25,25,25
400588,1,1,1994,19,0,19,23,20,9,20,27,0,29
400589,1,1,1994,35,34,0,9,20,23,22,15,18,24
400590,1,1,1994,31,4,24,17,24,17,11,29,10,15
400591,1,1,1994,0,0,0,0,0,0,0,0,0,0
400592,1,1,1994,15,8,10,4,18,10,13,29,10,12
400592,2,1,1994,0,0,0,0,0,0,0,0,0,0
400593,0,1,1994,0,0,0,0,0,0,0,0,0,0
400593,1,1,1994,0,0,0,0,0,0,0,0,0,0
400594,0,1,1994,0,0,0,0,0,0,0,0,0,0
400594,1,1,1994,20,20,20,20,20,20,20,20,20,20
400595,1,1,1994,9,9,9,9,9,9,9,9,9,9
400596,1,1,1994,0,0,0,0,0,0,0,0,0,0
400596,2,1,1994,0,0,0,0,0,0,0,0,0,0
400597,1,1,1994,0,0,0,0,0,0,0,0,0,0
400597,2,1,1994,0,0,0,0,0,0,0,0,0,0
400598,1,1,1994,0,0,0,0,0,0,0,0,0,0
400598,2,1,1994,0,0,0,0,0,0,0,0,0,0
400599,1,1,1994,0,0,0,0,0,0,0,0,0,0
400599,2,1,1994,0,0,0,0,0,0,0,0,0,0
400600,1,1,1994,0,0,0,0,0,0,0,0,0,0
400600,2,1,1994,0,0,0,0,0,0,0,0,0,0
400601,1,1,1994,0,0,0,0,0,0,0,0,0,0
400602,1,1,1994,0,0,0,0,0,0,0,0,0,0
400602,2,1,1994,0,0,0,0,0,0,0,16,0,0
400603,1,1,1994,0,0,0,0,0,0,0,0,0,0
400603,2,1,1994,0,22,0,0,0,0,0,0,0,0
400603,3,1,1994,0,0,0,0,0,0,0,0,0,0
400604,1,1,1994,0,0,0,0,0,0,0,0,0,0
400604,2,1,1994,0,0,0,0,0,0,0,0,0,0
400605,1,1,1994,23,23,23,23,23,23,23,23,23,23
400606,0,1,1994,0,0,0,0,0,0,0,0,0,0
400606,1,1,1994,0,0,0,15,0,0,0,0,0,0
400607,1,1,1994,0,0,0,0,0,0,0,0,0,0
400607,2,1,1994,0,0,0,0,0,0,0,0,0,0
400608,0,1,1994,0,0,0,0,0,0,0,0,0,0
400608,1,1,1994,0,0,0,0,0,7,0,0,0,0
400609,1,1,1994,0,0,0,0,0,0,0,0,0,0
400609,2,1,1994,10,19,14,14,15,13,12,12,25,8
400610,1,1,1994,0,0,6,0,0,0,0,0,3,0
400610,2,1,1994,0,0,0,0,0,0,0,0,0,0
400610,3,1,1994,0,0,0,0,0,0,0,4,0,0
400611,1,1,1994,26,26,26,26,26,26,26,26,26,26
400613,1,1,1994,0,0,0,0,0,15,0,0,7,9
400613,2,1,1994,15,16,17,19,21,0,13,15,12,21
400614,1,1,1994,0,17,12,9,8,27,14,14,19,6
400614,2,1,1994,0,0,0,0,0,0,0,0,0,0
400615,1,1,1994,0,0,0,0,0,0,0,0,0,0
400615,2,1,1994,0,0,0,0,0,0,0,0,0,0
400616,1,1,1994,0,0,0,0,0,0,0,0,0,0
410002,0,1,1994,29,29,29,29,29,29,29,29,29,29
410002,1,1,1994,4,4,4,4,4,4,4,4,4,4
410003,1,1,1994,0,0,0,0,0,0,0,0,0,0
410003,2,1,1994,0,0,0,0,0,0,0,0,0,0
410003,3,1,1994,0,0,0,0,0,0,0,0,0,0
410004,0,1,1994,0,0,0,0,0,0,0,0,0,0
410004,1,1,1994,0,0,0,0,0,0,0,0,0,0
410005,1,1,1994,27,27,27,27,27,27,27,27,27,27
410006,1,1,1994,0,0,0,0,0,0,0,0,0,0
410006,2,1,1994,16,16,16,16,16,16,16,16,16,16
410007,0,1,1994,0,0,0,0,0,0,0,0,0,0
410007,1,1,1994,8,8,8,8,8,8,8,8,8,8
410008,1,1,1994,9,9,9,9,9,9,9,9,9,9
410009,1,1,1994,25,25,25,25,25,25,25,25,25,25
410009,2,1,1994,0,0,0,0,0,0,0,0,0,0
410010,1,1,1994,0,0,0,0,0,0,0,0,0,0
410010,2,1,1994,0,0,0,0,0,0,0,0,0,0
410011,1,1,1994,28,28,28,28,28,28,28,28,28,28
410012,1,1,1994,0,0,0,0,0,0,0,0,0,0
410013,1,1,1994,0,0,0,0,0,0,0,0,0,0
410013,2,1,1994,0,0,0,0,0,0,0,0,0,0
410014,1,1,1994,0,0,0,0,0,0,0,0,0,0
410015,1,1,1994,0,0,0,0,0,0,0,0,0,0
410015,2,1,1994,0,0,0,0,0,0,0,0,0,0
410016,1,1,1994,0,0,0,0,0,0,0,0,0,0