ST_CASE,VEH_NO,PER_NO,YEAR,P1,P2,P3,P4,P5,P6,P7,P8,P9,P10
410017,0,1,1994,0,0,0,0,0,0,0,0,0,0
410017,1,1,1994,0,0,0,0,0,0,0,0,0,0
410017,2,1,1994,0,0,0,0,0,0,0,0,0,8
410018,1,1,1994,0,0,0,0,0,0,0,0,0,0
410018,2,1,1994,0,0,0,0,0,0,0,0,0,0
410019,1,1,1994,15,15,15,15,15,15,15,15,15,15
410019,2,1,1994,0,0,0,0,0,0,0,0,0,0
410020,1,1,1994,0,0,0,0,0,0,0,0,0,0
410020,2,1,1994,14,0,0,0,0,0,15,0,0,0
410021,1,1,1994,0,0,0,0,0,0,0,0,0,0
410021,2,1,1994,0,0,0,0,0,0,0,0,0,0
410022,1,1,1994,24,24,24,24,24,24,24,24,24,24
410022,2,1,1994,0,0,0,0,0,0,0,0,0,0
410023,1,1,1994,0,0,0,0,0,0,0,0,0,0
410024,1,1,1994,13,13,11,17,12,20,0,8,22,23
410024,2,1,1994,0,0,0,0,0,0,0,0,0,0
410025,1,1,1994,14,14,14,14,14,14,14,14,14,14
410026,1,1,1994,24,24,24,24,24,24,24,24,24,24
410027,1,1,1994,5,5,5,5,5,5,5,5,5,5
410029,0,1,1994,0,0,0,0,0,0,0,0,0,0
410029,1,1,1994,0,0,0,0,0,0,11,0,0,0
410030,1,1,1994,0,0,0,0,0,0,0,0,0,0
410030,2,1,1994,0,0,0,0,0,0,0,0,0,0
410031,1,1,1994,0,0,0,0,0,0,0,0,0,0
410032,1,1,1994,0,0,0,0,0,0,0,0,0,0
410032,2,1,1994,0,0,0,0,0,0,0,0,0,0
410033,1,1,1994,0,0,0,0,0,0,0,0,0,0
410034,1,1,1994,0,0,0,0,0,0,0,0,0,0
410034,2,1,1994,0,0,0,0,0,13,0,0,0,0
410035,1,1,1994,0,0,0,0,0,0,0,0,0,0
410035,2,1,1994,3,3,3,3,3,3,3,3,3,3
410035,3,1,1994,0,0,0,0,0,0,0,0,0,0
410035,4,1,1994,9,9,9,9,9,9,9,9,9,9
410037,1,1,1994,0,0,0,0,0,0,0,0,0,0
410037,2,1,1994,0,0,0,12,0,0,0,0,0,11
410038,0,1,1994,10,10,10,10,10,10,10,10,10,10
410038,1,1,1994,13,0,0,0,0,27,0,0,0,0
410039,1,1,1994,0,0,0,0,0,0,0,0,0,0
410040,1,1,1994,7,22,20,35,38,9,29,45,24,21
410041,1,1,1994,0,0,0,0,0,0,0,0,27,0
410041,2,1,1994,0,0,0,0,0,0,0,0,0,0
410042,1,1,1994,0,0,0,0,0,0,0,0,0,0
410042,2,1,1994,0,0,0,0,0,0,0,0,0,0
410042,3,1,1994,0,0,0,0,0,0,0,0,0,0
410043,1,1,1994,0,0,0,0,0,0,0,0,0,0
410044,1,1,1994,18,18,18,18,18,18,18,18,18,18
410045,1,1,1994,21,21,21,21,21,21,21,21,21,21
410046,1,1,1994,35,35,35,35,35,35,35,35,35,35
410046,2,1,1994,0,0,0,0,0,0,0,0,0,0
410047,0,1,1994,0,0,0,0,0,0,0,0,0,0
410047,1,1,1994,0,0,0,0,0,0,0,0,0,0
410048,1,1,1994,0,0,0,0,0,0,0,0,0,0
410049,0,1,1994,0,0,0,0,0,0,0,0,0,0
410049,1,1,1994,0,0,0,0,0,0,0,0,0,0
410050,1,1,1994,9,0,0,0,0,0,0,0,0,0
410050,2,1,1994,0,0,0,0,0,0,0,0,0,0
410051,1,1,1994,0,0,0,0,0,0,0,0,0,0
410052,0,1,1994,29,29,29,29,29,29,29,29,29,29
410052,1,1,1994,0,0,0,0,0,0,0,0,0,14
410053,1,1,1994,0,0,0,0,0,0,0,0,0,0
410053,2,1,1994,0,0,0,0,0,0,0,0,0,0
410054,0,1,1994,25,25,25,25,25,25,25,25,25,25
410054,1,1,1994,23,16,0,0,0,8,0,0,10,0
410055,0,1,1994,1,1,1,1,1,1,1,1,1,1
410055,1,1,1994,0,0,0,0,0,0,0,0,0,0
410056,1,1,1994,15,15,15,15,15,15,15,15,15,15
410056,2,1,1994,0,0,0,0,0,0,0,0,0,0
410057,1,1,1994,0,0,0,0,0,0,0,0,7,0
410057,2,1,1994,0,0,0,0,0,0,7,0,0,0
410058,1,1,1994,9,9,9,9,9,9,9,9,9,9
410058,2,1,1994,0,0,0,0,0,0,0,0,0,0
410059,1,1,1994,27,27,27,27,27,27,27,27,27,27
410059,2,1,1994,9,9,9,9,9,9,9,9,9,9
410060,1,1,1994,16,16,16,16,16,16,16,16,16,16
410061,1,1,1994,26,26,26,26,26,26,26,26,26,26
410062,1,1,1994,0,0,0,0,0,0,0,0,0,0
410062,2,1,1994,0,0,0,0,0,0,0,0,0,0
410063,1,1,1994,0,0,0,0,0,0,0,0,0,0
410064,0,1,1994,31,31,31,31,31,31,31,31,31,31
410064,1,1,1994,25,0,0,24,0,0,0,12,0,0
410065,0,1,1994,0,0,0,0,0,0,0,0,0,0
410065,1,1,1994,0,0,0,0,0,0,0,0,0,0
410066,1,1,1994,0,0,0,0,0,0,0,0,0,0
410066,2,1,1994,31,31,31,31,31,31,31,31,31,31
410067,1,1,1994,0,0,0,0,0,0,0,0,0,0
410068,1,1,1994,26,26,26,26,26,26,26,26,26,26
410068,2,1,1994,26,26,26,26,26,26,26,26,26,26
410069,1,1,1994,0,0,0,0,0,0,0,0,0,0
410070,1,1,1994,0,0,0,0,0,0,0,0,0,0
410071,1,1,1994,14,14,14,14,14,14,14,14,14,14
410071,2,1,1994,0,0,0,0,0,0,0,0,0,0
410072,1,1,1994,0,0,0,0,0,0,0,0,0,0
410072,2,1,1994,0,0,0,0,0,0,0,0,0,0
410073,0,1,1994,0,0,0,0,0,0,0,0,0,0
410073,1,1,1994,0,0,0,0,0,0,0,0,0,0
410074,0,1,1994,0,0,0,0,0,0,0,0,0,0
410074,1,1,1994,0,0,0,0,0,0,0,14,0,0
410075,1,1,1994,0,0,0,0,0,0,0,0,0,0
410076,1,1,1994,12,12,12,12,12,12,12,12,12,12
410077,1,1,1994,0,0,0,0,29,0,0,0,0,0
410078,1,1,1994,0,0,0,0,0,0,0,0,0,0
410079,1,1,1994,19,19,19,19,19,19,19,19,19,19
410080,1,1,1994,0,0,0,0,0,0,0,0,0,0
410080,2,1,1994,0,0,0,0,0,0,0,0,0,0
410081,1,1,1994,0,0,0,0,0,0,0,0,0,0
410081,2,1,1994,0,0,0,0,0,0,0,0,0,0
410082,0,1,1994,30,30,30,30,30,30,30,30,30,30
410082,1,1,1994,0,0,0,0,0,0,0,0,0,0
410083,0,1,1994,31,31,31,31,31,31,31,31,31,31
410083,1,1,1994,1,1,1,1,1,1,1,1,1,1
410084,0,1,1994,29,29,29,29,29,29,29,29,29,29
410084,1,1,1994,0,0,0,0,9,0,0,0,0,0
410085,1,1,1994,10,10,10,10,10,10,10,10,10,10
410086,1,1,1994,0,0,0,0,0,0,0,0,0,0
410086,2,1,1994,0,0,0,0,0,0,0,0,0,0
410087,1,1,1994,19,19,19,19,19,19,19,19,19,19
410088,1,1,1994,0,0,0,0,0,0,0,0,0,0
410088,2,1,1994,0,0,0,0,0,0,0,0,0,0
410089,1,1,1994,6,6,6,6,6,6,6,6,6,6
410090,1,1,1994,25,25,25,25,25,25,25,25,25,25
410091,1,1,1994,18,18,18,18,18,18,18,18,18,18
410092,1,1,1994,26,26,26,26,26,26,26,26,26,26
410093,0,1,1994,0,0,0,0,0,0,0,0,0,0
410093,1,1,1994,0,0,0,0,0,0,0,0,0,0
410094,0,1,1994,0,0,0,0,0,0,0,0,0,0
410094,0,2,1994,0,0,0,0,0,0,0,0,0,0
410094,0,3,1994,7,0,0,6,0,5,0,0,16,0
410094,0,4,1994,0,0,0,0,0,0,0,0,0,0
410094,0,5,1994,0,0,0,0,0,0,0,0,0,0
410094,1,1,1994,12,12,12,12,12,12,12,12,12,12
410095,1,1,1994,7,7,7,7,7,7,7,7,7,7
410096,1,1,1994,0,0,0,0,0,0,0,11,0,0
410096,2,1,1994,0,0,0,0,0,0,0,0,0,0
410097,0,1,1994,0,0,0,0,0,0,0,0,0,0
410097,1,1,1994,0,0,0,0,0,0,0,0,0,0
410098,1,1,1994,0,0,0,0,0,0,0,0,0,0
410099,1,1,1994,0,0,0,0,0,0,0,0,0,0
410100,1,1,1994,23,23,23,23,23,23,23,23,23,23
410101,1,1,1994,5,5,5,5,5,5,5,5,5,5
410101,2,1,1994,0,0,0,0,0,0,0,0,0,0
410102,1,1,1994,0,0,0,0,0,0,0,0,0,0
410102,2,1,1994,0,0,0,0,0,0,0,0,0,0
410103,0,1,1994,0,0,0,0,0,0,0,0,0,11
410103,1,1,1994,0,0,0,0,0,0,0,0,0,0
410105,1,1,1994,16,16,16,16,16,16,16,16,16,16
410105,2,1,1994,23,23,23,23,23,23,23,23,23,23
410106,1,1,1994,19,19,19,19,19,19,19,19,19,19
410107,1,1,1994,0,0,0,0,0,0,0,0,0,0
410108,0,1,1994,11,11,11,11,11,11,11,11,11,11
410108,1,1,1994,12,12,18,0,13,10,16,26,16,9
410109,1,1,1994,0,0,0,0,0,0,0,0,0,0
410110,1,1,1994,8,8,8,8,8,8,8,8,8,8
410111,1,1,1994,0,0,0,0,0,0,0,0,0,0
410112,1,1,1994,0,0,6,24,0,32,30,0,0,0
410113,0,1,1994,30,30,30,30,30,30,30,30,30,30
410113,1,1,1994,0,0,0,0,0,0,0,0,0,0
410114,1,1,1994,0,0,0,0,0,0,0,0,0,0
410114,2,1,1994,0,0,0,0,0,0,0,0,0,0
410115,1,1,1994,0,0,0,0,0,0,0,0,0,0
410115,2,1,1994,3,3,3,3,3,3,3,3,3,3
410116,1,1,1994,0,0,0,0,0,0,0,0,0,0
410117,1,1,1994,0,0,0,0,0,0,0,0,0,0
410118,1,1,1994,0,0,0,0,0,0,0,0,0,0
410119,1,1,1994,0,0,0,0,0,0,0,0,0,0
410119,2,1,1994,0,0,0,0,0,0,0,0,0,0
410120,1,1,1994,0,0,0,0,0,0,0,0,0,0
410121,1,1,1994,0,0,0,0,0,0,0,0,0,0
410122,1,1,1994,22,22,22,22,22,22,22,22,22,22
410123,1,1,1994,19,19,19,19,19,19,19,19,19,19
410124,1,1,1994,0,0,0,0,0,0,0,0,0,0
410124,2,1,1994,0,0,0,0,0,0,0,0,0,0
410125,0,1,1994,0,0,0,0,0,0,0,0,0,0
410125,1,1,1994,0,0,0,0,0,0,0,20,0,0
410126,1,1,1994,0,0,0,0,0,0,0,0,0,0
410127,1,1,1994,0,0,0,0,0,0,0,0,0,0
410128,1,1,1994,19,19,19,19,19,19,19,19,19,19
410129,0,1,1994,0,0,0,0,0,0,0,0,0,0
410129,1,1,1994,0,0,0,0,0,0,0,0,0,0
410130,1,1,1994,0,0,0,0,0,0,0,0,0,0
410131,1,1,1994,0,0,0,0,0,0,0,0,0,0
410131,2,1,1994,0,0,0,0,0,0,0,0,0,0
410132,1,1,1994,18,18,18,18,18,18,18,18,18,18
410133,1,1,1994,20,20,20,20,20,20,20,20,20,20
410134,1,1,1994,1,1,1,1,1,1,1,1,1,1
410135,1,1,1994,0,0,0,0,0,0,0,0,0,0
410135,2,1,1994,0,0,0,0,0,0,0,0,0,0
410135,3,1,1994,0,0,0,0,6,0,0,9,0,0
410136,1,1,1994,11,11,11,11,11,11,11,11,11,11
410136,2,1,1994,15,15,15,15,15,15,15,15,15,15
410137,1,1,1994,16,16,16,16,16,16,16,16,16,16
410138,1,1,1994,17,17,17,17,17,17,17,17,17,17
410139,1,1,1994,0,0,0,0,0,0,0,0,0,0
410139,2,1,1994,0,0,0,0,0,0,0,0,0,0
410140,1,1,1994,0,0,0,0,0,0,0,0,0,0
410140,2,1,1994,0,0,0,0,0,0,0,0,0,0
410141,0,1,1994,0,0,0,0,0,0,0,0,0,0
410141,1,1,1994,0,0,0,0,0,0,18,0,0,5
410142,1,1,1994,0,23,7,0,0,0,0,0,0,0
410142,2,1,1994,0,0,0,0,0,0,0,0,0,0
410143,1,1,1994,0,0,0,0,0,0,0,0,0,0
410144,1,1,1994,0,0,0,0,0,0,0,0,0,0
410144,2,1,1994,0,0,0,0,0,0,0,0,0,0
410145,1,1,1994,23,0,0,24,0,0,0,0,0,0
410146,1,1,1994,0,0,0,0,0,0,0,0,0,0
410147,1,1,1994,0,0,0,0,0,0,0,0,0,0
410148,1,1,1994,25,25,25,25,25,25,25,25,25,25
410149,0,1,1994,9,9,9,9,9,9,9,9,9,9
410149,1,1,1994,23,0,0,0,0,0,17,21,0,0
410150,1,1,1994,21,21,21,21,21,21,21,21,21,21
410151,0,1,1994,0,0,0,0,0,0,0,0,0,0
410151,1,1,1994,0,0,0,0,0,0,0,0,0,0
410152,1,1,1994,16,16,16,16,16,16,16,16,16,16
410153,1,1,1994,12,12,12,12,12,12,12,12,12,12
410154,1,1,1994,0,0,0,0,0,0,0,0,0,0
410154,2,1,1994,0,0,0,0,0,0,0,0,0,0
410155,0,1,1994,0,0,0,0,0,0,0,0,0,0
410155,1,1,1994,0,0,0,0,0,0,0,0,0,0
410156,1,1,1994,0,0,0,0,0,0,0,0,0,0
410156,2,1,1994,0,0,0,0,0,0,0,0,0,0
410157,1,1,1994,0,0,0,0,0,0,0,0,0,0
410157,2,1,1994,19,19,19,19,19,19,19,19,19,19
410158,1,1,1994,16,16,16,16,16,16,16,16,16,16
410159,1,1,1994,0,0,0,0,0,0,0,0,0,0
410159,2,1,1994,0,0,0,0,0,0,0,0,0,0
410160,1,1,1994,0,0,0,0,0,0,0,0,0,0
410160,2,1,1994,0,0,0,0,0,0,0,0,0,0
410161,1,1,1994,0,0,0,0,0,0,0,0,0,0
410161,2,1,1994,0,0,0,0,0,0,0,0,0,0
410161,3,1,1994,0,0,0,0,0,0,0,0,0,0
410162,1,1,1994,0,0,0,0,0,0,0,0,0,0
410162,2,1,1994,0,0,0,0,0,0,0,0,0,0
410163,1,1,1994,0,0,0,0,0,0,0,0,0,0
410164,1,1,1994,0,0,0,0,0,0,0,0,0,0
410165,1,1,1994,0,0,0,0,0,0,0,0,0,0
410166,1,1,1994,0,0,0,17,0,0,0,0,0,0
410167,0,1,1994,4,0,0,0,0,0,0,0,0,0
410167,1,1,1994,0,0,0,0,0,0,0,0,0,0
410168,1,1,1994,12,12,12,12,12,12,12,12,12,12
410169,1,1,1994,0,0,0,0,0,0,0,0,0,0
410171,0,1,1994,0,0,0,0,0,0,0,0,0,0
410171,1,1,1994,0,0,0,0,0,0,0,0,0,0
410172,1,1,1994,18,18,18,18,18,18,18,18,18,18
410173,1,1,1994,6,6,6,6,6,6,6,6,6,6
410174,1,1,1994,0,0,11,33,0,0,44,12,0,0
410174,2,1,1994,16,16,16,16,16,16,16,16,16,16
410175,1,1,1994,13,13,13,13,13,13,13,13,13,13
410176,1,1,1994,0,0,0,16,0,0,0,0,0,0
410177,1,1,1994,0,0,0,0,0,0,0,0,0,0
410178,1,1,1994,0,0,0,0,0,0,0,0,0,0
410178,2,1,1994,0,0,0,0,0,0,0,0,0,0
410179,1,1,1994,0,0,0,0,0,0,0,0,0,0
410180,1,1,1994,0,0,0,0,0,0,0,0,0,0
410180,2,1,1994,0,0,0,12,0,0,0,0,0,0
410181,1,1,1994,19,19,19,19,19,19,19,19,19,19
410182,1,1,1994,0,0,0,0,0,0,0,0,0,0
410182,2,1,1994,0,0,0,0,0,0,0,0,0,0
410183,1,1,1994,0,0,0,0,0,0,0,0,0,0
410184,1,1,1994,25,25,25,25,25,25,25,25,25,25
410186,1,1,1994,3,3,3,3,3,3,3,3,3,3
410188,1,1,1994,0,0,0,0,0,0,0,0,0,0
410189,1,1,1994,0,0,0,0,11,0,8,0,0,0
410190,1,1,1994,0,0,0,0,0,0,0,0,0,0
410191,1,1,1994,13,13,13,13,13,13,13,13,13,13
410192,1,1,1994,20,20,20,20,20,20,20,20,20,20
410193,1,1,1994,0,0,0,0,0,0,0,0,0,0
410193,2,1,1994,0,0,0,0,0,0,0,0,0,0
410194,1,1,1994,0,0,12,0,0,0,18,0,0,0
410195,0,1,1994,0,11,0,0,0,0,0,0,2,0
410195,0,2,1994,0,0,0,0,0,0,0,0,0,0
410195,1,1,1994,0,0,0,8,0,0,0,0,0,7
410196,0,1,1994,43,43,43,43,43,43,43,43,43,43
410196,1,1,1994,17,12,33,21,17,19,13,11,17,15
410197,0,1,1994,0,0,0,0,0,0,0,0,0,0
410197,1,1,1994,0,0,0,0,0,0,0,0,0,0
410198,0,1,1994,0,0,0,0,0,0,0,0,0,0
410198,1,1,1994,0,0,0,0,0,0,0,0,0,0
410199,0,1,1994,0,0,0,0,0,0,0,0,0,0
410199,1,1,1994,0,0,0,0,0,0,0,34,11,7
410200,0,1,1994,0,0,0,0,0,0,0,0,0,0
410200,1,1,1994,0,0,0,0,0,0,0,0,0,0
410201,1,1,1994,0,0,0,0,0,0,0,0,0,0
410202,1,1,1994,0,0,0,0,0,0,0,0,0,0
410203,1,1,1994,0,0,0,0,0,0,0,0,0,0
410204,1,1,1994,0,20,0,0,0,18,0,0,0,0
410204,2,1,1994,0,0,0,0,0,0,0,0,0,0
410205,0,1,1994,0,0,0,0,0,0,0,0,0,0
410205,1,1,1994,0,0,0,0,0,0,0,0,11,0
410206,1,1,1994,0,0,0,0,0,0,0,0,0,0
410206,2,1,1994,0,0,0,10,0,0,0,0,0,0
410207,1,1,1994,18,18,18,18,18,18,18,18,18,18
410208,1,1,1994,25,0,22,0,40,0,0,0,5,18
410209,0,1,1994,0,0,0,0,0,0,0,0,0,0
410209,1,1,1994,12,12,12,12,12,12,12,12,12,12
410210,1,1,1994,0,0,0,0,0,0,0,0,0,0
410210,2,1,1994,0,0,0,0,0,0,0,0,0,0
410211,0,1,1994,0,0,0,0,0,0,0,0,0,0
410211,1,1,1994,0,0,0,0,0,0,0,0,0,0
410212,1,1,1994,0,0,0,0,0,0,0,0,0,0
410212,2,1,1994,0,0,0,0,0,0,0,0,0,0
410213,1,1,1994,0,0,0,0,0,0,0,0,0,0
410213,2,1,1994,0,0,0,0,0,0,0,0,0,0
410214,1,1,1994,0,0,29,0,0,0,0,0,0,0
410214,2,1,1994,0,0,0,14,0,0,0,0,0,0
410214,3,1,1994,0,0,0,0,0,0,0,0,0,0
410215,1,1,1994,7,7,7,7,7,7,7,7,7,7
410216,1,1,1994,27,27,27,27,27,27,27,27,27,27
410217,1,1,1994,0,0,0,8,0,0,0,0,11,0
410218,1,1,1994,10,10,10,10,10,10,10,10,10,10
410219,1,1,1994,0,0,0,0,0,0,0,0,0,0
410220,1,1,1994,24,24,24,24,24,24,24,24,24,24
410221,0,1,1994,0,0,0,0,0,0,0,0,0,0
410221,1,1,1994,0,0,0,0,0,0,0,0,0,0
410222,1,1,1994,0,0,0,0,0,0,0,0,0,0
410222,2,1,1994,0,0,0,0,0,0,0,0,0,0
410223,1,1,1994,0,0,0,0,0,0,0,0,0,0
410223,2,1,1994,0,0,0,0,0,0,0,0,0,0
410224,1,1,1994,23,23,23,23,23,23,23,23,23,23
410224,2,1,1994,0,0,0,0,0,0,0,0,0,0
410225,1,1,1994,30,30,30,30,30,30,30,30,30,30
410226,0,1,1994,0,0,0,0,0,0,0,0,0,0
410226,0,2,1994,0,0,0,0,0,0,0,0,0,0
410226,1,1,1994,0,0,0,0,0,0,0,0,0,0
410227,1,1,1994,0,0,0,0,0,0,0,0,0,0
410227,2,1,1994,0,0,0,0,0,0,0,0,0,0
410228,1,1,1994,0,0,0,0,0,0,0,0,0,0
410229,1,1,1994,0,0,0,0,0,0,0,0,0,0
410229,2,1,1994,0,0,0,0,0,0,0,0,0,0
410233,1,1,1994,26,26,26,26,26,26,26,26,26,26
410233,2,1,1994,0,0,0,0,0,0,0,0,0,0
410234,1,1,1994,0,0,0,0,0,0,0,0,0,0
410235,1,1,1994,0,0,0,0,0,0,0,0,0,0
410236,1,1,1994,0,0,0,0,0,0,0,0,0,0
410236,2,1,1994,0,0,0,0,0,0,0,0,0,0
410237,1,1,1994,0,0,0,0,0,0,0,0,0,0
410238,0,1,1994,26,26,26,26,26,26,26,26,26,26
410238,1,1,1994,0,0,0,0,0,0,0,0,0,0
410239,0,1,1994,0,6,0,0,0,10,0,0,28,9
410239,1,1,1994,0,0,0,0,0,0,0,0,0,0
410240,1,1,1994,0,0,0,12,0,14,0,0,0,0
410240,2,1,1994,0,0,0,0,0,0,0,0,0,0
410240,3,1,1994,28,0,0,0,0,0,0,0,0,0
410240,4,1,1994,0,0,0,0,0,0,0,0,0,0
410241,1,1,1994,19,19,19,19,19,19,19,19,19,19
410244,1,1,1994,0,0,0,0,0,0,0,0,0,0
410244,2,1,1994,0,0,0,0,0,0,0,0,0,0
410245,0,1,1994,72,72,72,72,72,72,72,72,72,72
410245,1,1,1994,0,12,0,0,0,0,0,0,0,0
410246,1,1,1994,15,0,0,0,0,0,15,28,30,0
410247,0,1,1994,4,4,4,4,4,4,4,4,4,4
410247,1,1,1994,0,0,0,0,0,0,0,0,12,0
410248,1,1,1994,0,0,0,0,0,0,0,0,0,0
410248,2,1,1994,13,11,9,0,3,8,13,9,12,12
410249,1,1,1994,0,0,0,0,0,0,13,0,0,0
410250,1,1,1994,3,3,3,3,3,3,3,3,3,3
410251,1,1,1994,0,0,0,0,0,0,0,0,0,0
410251,2,1,1994,0,0,0,0,0,0,0,0,0,0
410252,0,1,1994,0,0,0,0,0,0,0,0,0,0
410252,1,1,1994,0,0,0,0,0,0,0,0,0,0
410253,1,1,1994,0,0,0,0,0,0,0,0,0,0
410253,2,1,1994,0,0,0,0,0,0,20,0,0,0
410254,1,1,1994,0,0,0,0,0,0,0,0,0,0
410255,1,1,1994,8,8,8,8,8,8,8,8,8,8
410255,2,1,1994,1,1,1,1,1,1,1,1,1,1
410256,1,1,1994,27,27,27,27,27,27,27,27,27,27
410257,0,1,1994,58,0,41,0,36,7,23,0,8,0
410257,1,1,1994,0,0,0,0,0,0,0,0,0,0
410258,0,1,1994,0,0,0,0,0,0,0,0,0,0
410258,1,1,1994,21,13,0,0,18,0,0,0,0,0
410259,1,1,1994,0,0,0,0,0,0,0,0,0,0
410259,2,1,1994,0,0,0,0,0,0,0,0,0,0
410260,1,1,1994,0,0,24,0,0,0,0,0,0,0
410260,2,1,1994,12,12,12,12,12,12,12,12,12,12
410261,1,1,1994,0,0,0,0,0,0,0,0,0,0
410262,1,1,1994,17,17,17,17,17,17,17,17,17,17
410263,1,1,1994,0,0,0,0,0,0,0,0,0,0
410263,2,1,1994,0,0,0,0,0,0,0,0,22,0
410264,1,1,1994,0,0,0,0,0,0,0,0,0,0
410264,2,1,1994,0,0,0,0,0,0,0,0,0,0
410265,0,1,1994,0,0,0,0,0,0,0,0,0,0
410265,1,1,1994,0,0,0,0,0,0,0,0,0,0
410266,1,1,1994,0,0,0,0,0,0,0,0,0,0
410266,2,1,1994,0,0,0,0,0,0,0,0,0,0
410266,3,1,1994,0,0,0,0,0,0,0,0,0,0
410267,0,1,1994,2,2,2,2,2,2,2,2,2,2
410267,1,1,1994,0,0,0,0,0,0,0,0,0,0
410268,1,1,1994,0,0,0,0,0,0,0,0,0,0
410269,1,1,1994,0,23,11,0,12,0,15,0,15,0
410270,0,1,1994,10,10,10,10,10,10,10,10,10,10
410270,1,1,1994,0,0,0,0,0,0,0,0,0,0
410271,1,1,1994,0,0,0,0,0,0,0,0,0,0
410272,1,1,1994,0,0,0,0,0,0,0,0,0,0
410272,2,1,1994,0,0,0,0,0,0,0,0,0,0
410272,3,1,1994,0,0,0,0,0,0,0,0,0,0
410272,4,1,1994,0,0,0,0,0,0,0,0,0,0
410272,5,1,1994,0,0,0,0,0,0,0,0,0,0
410272,6,1,1994,0,0,0,0,0,0,0,0,0,0
410273,1,1,1994,20,0,0,0,0,0,0,15,0,0
410274,1,1,1994,0,0,0,0,0,0,0,0,0,0
410274,2,1,1994,0,0,0,0,0,0,0,0,0,0
410275,1,1,1994,4,4,4,4,4,4,4,4,4,4
410275,2,1,1994,0,0,0,0,0,14,0,4,0,0
410276,1,1,1994,0,0,0,0,0,0,0,0,0,0
410278,1,1,1994,9,9,9,9,9,9,9,9,9,9
410279,1,1,1994,0,0,0,0,0,0,0,0,0,0
410279,2,1,1994,0,0,0,0,0,0,0,0,0,0
410280,1,1,1994,0,0,0,0,0,0,0,0,0,0
410280,2,1,1994,0,0,0,0,0,0,0,0,0,0
410281,1,1,1994,19,19,19,19,19,19,19,19,19,19
410282,1,1,1994,0,0,0,0,0,0,0,0,0,0
410282,2,1,1994,0,0,0,0,0,0,0,0,0,0
410283,1,1,1994,0,0,0,0,0,0,0,0,0,0
410283,2,1,1994,0,0,0,0,16,0,0,0,0,0
410284,0,1,1994,0,0,0,0,0,0,0,0,0,0
410284,1,1,1994,0,0,0,0,19,0,0,0,0,0
410285,0,1,1994,28,28,28,28,28,28,28,28,28,28
410285,1,1,1994,0,0,0,0,0,0,0,0,0,0
410286,1,1,1994,0,0,0,0,0,0,0,0,0,0
410287,1,1,1994,13,13,13,13,13,13,13,13,13,13
410288,0,1,1994,0,0,0,0,0,0,0,0,0,0
410288,1,1,1994,0,0,0,0,0,0,0,0,0,0
410289,1,1,1994,0,0,0,0,0,0,0,0,0,0
410289,2,1,1994,0,0,0,0,0,0,0,0,0,0
410290,1,1,1994,0,0,0,0,0,0,0,0,0,0
410290,2,1,1994,0,0,0,0,0,0,0,0,0,0
410291,1,1,1994,0,0,0,0,0,0,0,0,0,0
410292,1,1,1994,0,0,0,0,0,0,0,0,0,0
410292,2,1,1994,0,0,0,0,0,0,0,0,0,0
410293,1,1,1994,0,0,0,0,0,0,0,0,0,0
410293,2,1,1994,0,0,0,0,0,0,0,0,0,0
410293,3,1,1994,0,0,0,0,0,0,0,0,0,0
410294,1,1,1994,0,0,0,0,0,0,0,0,0,0
410294,2,1,1994,0,0,0,0,0,0,0,0,0,0
410295,0,1,1994,0,0,0,0,0,0,0,0,0,0
410295,1,1,1994,0,0,0,0,0,7,0,0,0,0
410296,1,1,1994,11,11,11,11,11,11,11,11,11,11
410296,2,1,1994,5,5,5,5,5,5,5,5,5,5
410297,0,1,1994,0,0,0,0,0,0,0,0,0,0
410297,1,1,1994,0,0,0,0,0,0,0,0,0,0
410298,1,1,1994,0,0,0,0,0,0,0,0,0,0
410298,2,1,1994,0,0,0,0,0,0,0,0,0,4
410299,1,1,1994,22,22,22,22,22,22,22,22,22,22
410300,1,1,1994,21,21,21,21,21,21,21,21,21,21
410302,1,1,1994,26,26,26,26,26,26,26,26,26,26
410302,2,1,1994,0,0,0,0,0,0,0,0,0,0
410303,1,1,1994,0,0,0,0,0,0,0,0,0,0
410303,2,1,1994,0,0,0,0,0,0,0,0,0,0
410303,3,1,1994,0,0,0,0,0,0,0,0,0,0
410304,1,1,1994,29,29,29,29,29,29,29,29,29,29
410305,1,1,1994,0,0,0,0,0,0,0,0,0,0
410306,1,1,1994,0,0,0,0,0,0,0,0,0,0
410306,2,1,1994,0,0,0,0,0,0,0,0,0,0
410307,0,1,1994,0,0,0,0,0,0,0,0,0,0
410307,1,1,1994,0,0,0,0,0,0,0,0,0,0
410308,1,1,1994,0,0,0,0,0,0,0,0,0,0
410309,1,1,1994,15,15,15,15,15,15,15,15,15,15
410310,1,1,1994,5,5,5,5,5,5,5,5,5,5
410310,2,1,1994,0,0,0,0,0,0,0,0,0,0
410311,1,1,1994,23,23,23,23,23,23,23,23,23,23
410313,1,1,1994,0,0,0,0,0,0,0,0,0,0
410314,0,1,1994,0,0,0,0,0,0,0,19,0,0