ST_CASE,VEH_NO,PER_NO,YEAR,P1,P2,P3,P4,P5,P6,P7,P8,P9,P10
410314,1,1,1994,0,0,0,0,0,0,0,0,0,0
410315,1,1,1994,11,11,11,11,11,11,11,11,11,11
410316,1,1,1994,32,10,0,16,0,21,16,19,35,14
410317,1,1,1994,17,17,17,17,17,17,17,17,17,17
410318,0,1,1994,0,0,0,0,0,0,0,0,0,0
410318,1,1,1994,0,0,0,0,0,0,0,0,0,0
410319,1,1,1994,0,0,0,0,0,0,0,0,0,0
410320,1,1,1994,2,2,2,2,2,2,2,2,2,2
410320,2,1,1994,0,0,0,0,0,0,0,0,0,0
410322,0,1,1994,0,0,0,0,0,0,0,0,0,0
410322,1,1,1994,0,0,0,0,0,0,0,0,0,0
410323,1,1,1994,13,13,13,13,13,13,13,13,13,13
410324,1,1,1994,0,0,0,0,0,0,0,0,0,0
410325,1,1,1994,20,20,20,20,20,20,20,20,20,20
410326,1,1,1994,0,0,0,0,0,0,0,0,0,0
410326,2,1,1994,0,0,0,0,0,0,0,0,0,0
410327,1,1,1994,19,19,19,19,19,19,19,19,19,19
410328,1,1,1994,13,13,13,13,13,13,13,13,13,13
410328,2,1,1994,0,0,0,0,0,0,0,0,0,0
410328,3,1,1994,0,0,0,0,0,0,0,0,0,0
410329,1,1,1994,25,25,25,25,25,25,25,25,25,25
410329,2,1,1994,0,0,0,0,0,7,0,0,0,0
410330,0,1,1994,0,0,0,0,0,0,0,0,0,0
410330,0,2,1994,19,0,0,0,0,0,0,0,0,13
410330,1,1,1994,0,0,0,0,0,0,0,0,0,0
410331,1,1,1994,12,12,12,12,12,12,12,12,12,12
410332,1,1,1994,0,0,0,0,0,0,0,0,0,0
410332,2,1,1994,0,0,0,0,0,0,0,0,0,0
410333,0,1,1994,7,7,7,7,7,7,7,7,7,7
410333,1,1,1994,13,22,17,30,12,6,14,5,29,5
410335,1,1,1994,0,0,0,0,0,0,0,0,0,0
410335,2,1,1994,0,0,0,0,0,0,0,0,0,0
410336,1,1,1994,12,12,12,12,12,12,12,12,12,12
410337,1,1,1994,26,26,26,26,26,26,26,26,26,26
410337,2,1,1994,0,0,0,0,0,0,0,0,0,0
410338,1,1,1994,25,25,25,25,25,25,25,25,25,25
410339,0,1,1994,0,0,0,0,0,0,0,0,0,0
410339,1,1,1994,0,0,0,0,0,0,0,0,0,0
410340,1,1,1994,0,0,0,0,0,0,0,0,0,0
410341,1,1,1994,0,0,0,0,0,0,0,0,0,0
410342,1,1,1994,0,0,0,0,0,0,0,0,0,0
410342,2,1,1994,0,0,0,0,0,0,0,0,0,0
410343,1,1,1994,0,0,0,0,0,0,0,0,0,0
410344,1,1,1994,0,0,0,0,0,0,0,0,0,0
410345,1,1,1994,0,0,0,0,0,0,0,0,0,0
410345,2,1,1994,0,0,0,0,0,0,0,0,0,0
410346,1,1,1994,21,21,21,21,21,21,21,21,21,21
410347,1,1,1994,0,0,0,0,0,0,0,0,0,0
410348,1,1,1994,16,16,16,16,16,16,16,16,16,16
410349,1,1,1994,0,0,0,0,0,0,0,0,0,0
410350,1,1,1994,0,0,0,0,0,0,0,0,0,0
410350,2,1,1994,0,0,0,0,0,0,0,0,0,0
410351,1,1,1994,8,8,8,8,8,8,8,8,8,8
410353,1,1,1994,0,0,0,0,0,0,0,0,0,0
410354,0,1,1994,27,27,27,27,27,27,27,27,27,27
410354,1,1,1994,0,0,0,0,0,0,0,0,0,0
410355,0,1,1994,21,21,21,21,21,21,21,21,21,21
410355,1,1,1994,0,14,0,0,0,10,0,12,0,0
410356,1,1,1994,0,0,0,0,0,0,0,0,0,0
410358,1,1,1994,1,1,1,1,1,1,1,1,1,1
410359,1,1,1994,0,0,0,0,0,0,0,0,0,0
410359,2,1,1994,0,0,0,0,0,0,0,0,0,0
410360,1,1,1994,0,0,0,0,20,0,0,15,0,0
410360,2,1,1994,25,0,0,0,0,0,0,0,0,0
410361,1,1,1994,6,6,6,6,6,6,6,6,6,6
410361,2,1,1994,0,0,6,19,0,18,0,0,14,0
410362,1,1,1994,21,21,21,21,21,21,21,21,21,21
410363,1,1,1994,0,0,0,0,0,0,0,0,0,0
410364,1,1,1994,28,28,28,28,28,28,28,28,28,28
410364,2,1,1994,0,0,0,0,0,0,0,0,0,0
410365,1,1,1994,0,0,0,0,0,0,0,0,0,0
410365,2,1,1994,0,0,0,0,0,0,0,0,0,0
410366,1,1,1994,15,15,15,15,15,15,15,15,15,15
410367,1,1,1994,17,17,17,17,17,17,17,17,17,17
410368,1,1,1994,0,0,0,0,0,0,0,0,0,0
410368,2,1,1994,0,0,0,0,0,0,0,0,0,0
410369,0,1,1994,0,0,0,0,0,0,0,0,0,0
410369,0,2,1994,0,0,0,0,0,0,0,0,0,0
410369,1,1,1994,0,0,0,0,0,0,0,0,0,0
410371,1,1,1994,6,6,6,6,6,6,6,6,6,6
410371,2,1,1994,6,6,6,6,6,6,6,6,6,6
410373,1,1,1994,19,19,19,19,19,19,19,19,19,19
410374,1,1,1994,2,2,2,2,2,2,2,2,2,2
410375,1,1,1994,12,12,12,12,12,12,12,12,12,12
410376,1,1,1994,0,0,0,0,0,0,0,0,0,0
410376,2,1,1994,0,0,0,0,0,0,0,0,0,0
410377,1,1,1994,14,14,14,14,14,14,14,14,14,14
410378,1,1,1994,0,0,0,0,0,0,0,0,0,0
410379,1,1,1994,0,0,0,0,0,0,0,0,0,0
410380,1,1,1994,24,24,24,24,24,24,24,24,24,24
410381,1,1,1994,2,2,2,2,2,2,2,2,2,2
410382,0,1,1994,0,0,0,0,0,0,0,0,0,0
410382,1,1,1994,0,0,0,0,0,0,0,0,0,0
410383,1,1,1994,0,0,0,0,0,0,0,0,0,0
410384,1,1,1994,0,0,0,0,0,0,0,0,0,0
410385,1,1,1994,0,0,0,0,0,0,0,0,0,0
410386,1,1,1994,0,0,0,0,0,0,0,0,0,0
410387,0,1,1994,0,0,0,0,0,0,0,0,0,0
410387,1,1,1994,0,0,0,0,0,0,0,0,0,0
410388,1,1,1994,0,0,0,0,0,0,0,0,0,0
410389,1,1,1994,23,23,23,23,23,23,23,23,23,23
410389,2,1,1994,0,0,0,0,0,10,0,0,0,0
410390,1,1,1994,0,0,0,0,0,0,0,0,0,0
410391,1,1,1994,0,0,0,0,0,0,0,0,0,0
410393,0,1,1994,18,18,18,18,18,18,18,18,18,18
410393,1,1,1994,0,0,0,0,0,0,0,0,0,0
410394,1,1,1994,0,0,0,0,0,0,0,0,0,0
410394,2,1,1994,0,0,5,0,0,0,0,0,0,0
410395,0,1,1994,27,27,27,27,27,27,27,27,27,27
410395,1,1,1994,0,0,0,0,0,0,0,0,0,0
410396,1,1,1994,0,0,0,0,0,0,0,0,0,0
410396,2,1,1994,0,0,0,0,0,0,0,0,0,0
410397,0,1,1994,0,0,0,0,0,0,0,0,0,0
410397,1,1,1994,0,0,0,0,0,0,0,0,0,0
410398,1,1,1994,12,12,12,12,12,12,12,12,12,12
410399,0,1,1994,22,22,22,22,22,22,22,22,22,22
410400,1,1,1994,0,0,0,0,0,0,0,0,0,0
410400,2,1,1994,0,0,0,0,0,0,0,0,0,0
410401,1,1,1994,20,20,20,20,20,20,20,20,20,20
410402,1,1,1994,0,0,0,0,0,0,0,0,0,0
410402,2,1,1994,0,0,0,11,9,22,13,9,5,14
410404,1,1,1994,0,0,0,0,22,0,0,0,0,0
410405,1,1,1994,0,0,0,0,0,0,0,0,0,0
410405,2,1,1994,0,0,0,0,0,0,0,0,0,0
410406,1,1,1994,0,0,0,0,0,0,0,0,0,0
410406,2,1,1994,0,0,0,0,0,0,0,0,0,0
410407,1,1,1994,0,0,9,0,0,11,0,0,0,15
410407,2,1,1994,0,0,0,0,0,0,0,0,0,0
410408,1,1,1994,20,20,20,20,20,20,20,20,20,20
410409,1,1,1994,3,3,3,3,3,3,3,3,3,3
410410,1,1,1994,7,7,7,7,7,7,7,7,7,7
410411,1,1,1994,18,18,18,18,18,18,18,18,18,18
410411,2,1,1994,0,0,0,0,0,0,0,0,0,0
410412,0,1,1994,30,0,0,0,0,0,0,0,0,0
410412,1,1,1994,8,8,8,8,8,8,8,8,8,8
410413,1,1,1994,0,0,0,0,0,0,0,0,0,0
410413,2,1,1994,0,0,0,0,0,0,0,0,0,0
410414,1,1,1994,0,0,0,0,0,0,0,0,0,0
410414,2,1,1994,0,0,0,0,0,0,0,0,0,0
410415,1,1,1994,0,0,0,0,0,0,0,0,0,0
410415,2,1,1994,0,0,0,0,0,0,0,0,0,0
410416,0,1,1994,0,0,0,0,0,0,0,0,0,0
410416,1,1,1994,0,0,0,0,0,0,0,0,0,0
410417,1,1,1994,0,0,0,0,0,0,0,0,0,0
410418,1,1,1994,5,5,5,5,5,5,5,5,5,5
410419,1,1,1994,0,0,0,0,0,0,0,0,0,0
410420,0,1,1994,0,0,0,0,0,0,0,0,0,0
410420,1,1,1994,0,0,0,0,0,0,0,0,0,0
410421,1,1,1994,0,0,0,0,0,0,0,0,0,0
410422,1,1,1994,0,0,0,0,0,0,0,0,0,0
410423,1,1,1994,23,23,23,23,23,23,23,23,23,23
410424,1,1,1994,15,15,15,15,15,15,15,15,15,15
410425,1,1,1994,0,0,0,0,0,0,0,0,0,0
410425,2,1,1994,0,0,0,0,0,0,0,0,0,0
410426,1,1,1994,0,0,0,0,0,0,0,0,0,0
410426,2,1,1994,0,0,0,0,0,0,0,0,0,0
410427,1,1,1994,22,22,22,22,22,22,22,22,22,22
410428,0,1,1994,0,0,0,0,0,0,0,0,0,0
410428,1,1,1994,0,0,0,0,0,0,0,0,0,0
410429,1,1,1994,0,0,0,0,0,0,0,0,0,0
410429,2,1,1994,0,0,0,0,0,0,0,0,0,0
410430,1,1,1994,2,2,2,2,2,2,2,2,2,2
410430,2,1,1994,20,20,20,20,20,20,20,20,20,20
410430,3,1,1994,0,0,0,0,0,0,23,0,0,0
410431,0,1,1994,0,0,0,0,0,0,0,0,0,0
410431,1,1,1994,0,0,0,0,0,0,0,0,0,0
410432,1,1,1994,3,3,3,3,3,3,3,3,3,3
410433,1,1,1994,0,0,0,0,0,0,0,0,0,0
410434,1,1,1994,0,0,0,0,0,0,0,0,0,0
410434,2,1,1994,0,0,0,0,0,0,0,0,0,0
410437,1,1,1994,0,0,0,0,0,0,0,0,0,0
410437,2,1,1994,0,0,0,0,0,0,0,5,0,0
410437,3,1,1994,0,0,0,0,0,0,0,0,0,0
410437,4,1,1994,0,0,0,0,0,0,0,0,0,0
410437,5,1,1994,0,0,0,0,0,0,0,0,0,0
410438,1,1,1994,29,29,29,29,29,29,29,29,29,29
410439,1,1,1994,32,32,32,32,32,32,32,32,32,32
410440,1,1,1994,0,0,0,0,0,0,0,0,0,0
410440,2,1,1994,0,0,0,0,0,0,0,0,0,0
410441,1,1,1994,15,15,15,15,15,15,15,15,15,15
410441,2,1,1994,0,0,0,0,14,0,0,0,0,0
410441,3,1,1994,0,0,0,0,0,0,0,0,0,0
410442,1,1,1994,0,0,0,0,0,13,0,0,0,0
410442,2,1,1994,0,0,0,0,0,0,0,0,0,0
410443,1,1,1994,23,23,23,23,23,23,23,23,23,23
410444,1,1,1994,30,30,30,30,30,30,30,30,30,30
410445,1,1,1994,27,27,27,27,27,27,27,27,27,27
410446,1,1,1994,0,0,0,0,0,0,0,16,0,0
410446,2,1,1994,0,0,0,0,0,0,0,0,0,0
410447,1,1,1994,0,0,0,0,0,0,0,0,0,0
410447,2,1,1994,0,0,0,0,0,0,0,0,0,0
410448,1,1,1994,28,9,3,12,22,18,4,9,0,11
410448,2,1,1994,0,12,0,0,0,0,0,0,0,21
410449,1,1,1994,0,0,10,0,0,0,0,0,0,0
410449,2,1,1994,0,0,0,0,0,0,0,0,0,0
410450,1,1,1994,0,8,13,0,0,0,0,0,0,0
410450,2,1,1994,0,0,0,0,0,0,0,0,0,0
410452,1,1,1994,0,0,0,0,0,0,0,0,0,0
410453,0,1,1994,0,0,0,0,0,0,0,0,0,0
410453,1,1,1994,0,0,0,0,0,0,0,0,0,0
410454,1,1,1994,17,17,17,17,17,17,17,17,17,17
410455,1,1,1994,25,25,25,25,25,25,25,25,25,25
410456,1,1,1994,0,0,0,7,0,0,0,0,0,0
410458,1,1,1994,0,0,0,0,0,0,0,0,0,0
410458,2,1,1994,0,0,0,0,0,0,0,0,0,0
410459,1,1,1994,0,0,0,0,0,0,0,0,0,0
410459,2,1,1994,0,0,0,0,0,0,0,0,0,0
410460,1,1,1994,0,0,0,0,13,15,0,0,0,9
410461,1,1,1994,0,0,0,0,0,0,0,0,0,0
410461,2,1,1994,0,0,0,0,0,0,0,0,0,0
410461,3,1,1994,0,0,0,0,0,0,0,0,0,0
410463,1,1,1994,25,25,25,25,25,25,25,25,25,25
410464,1,1,1994,0,0,0,0,0,0,0,0,0,0
410464,2,1,1994,0,24,13,0,0,6,0,0,0,0
410465,1,1,1994,0,0,0,0,0,0,0,0,0,0
410465,2,1,1994,14,14,14,14,14,14,14,14,14,14
410466,1,1,1994,0,0,0,0,0,0,0,8,0,0
410466,2,1,1994,0,0,0,0,0,0,0,0,0,0
410467,1,1,1994,0,0,0,0,0,0,0,0,0,0
410467,2,1,1994,0,0,0,0,0,0,0,0,0,0
410468,0,1,1994,0,0,0,0,0,0,0,0,0,0
410469,0,1,1994,0,0,0,0,0,0,17,0,21,0
410469,1,1,1994,0,27,0,0,0,0,0,0,0,0
410470,1,1,1994,0,0,0,0,0,0,0,0,0,0
410471,1,1,1994,0,0,17,23,0,0,0,8,0,20
420001,1,1,1994,27,26,6,40,10,23,16,15,22,14
420002,1,1,1994,0,0,0,0,0,0,0,0,0,0
420002,2,1,1994,0,0,0,0,0,0,0,0,0,0
420003,1,1,1994,18,18,18,18,18,18,18,18,18,18
420004,1,1,1994,0,0,0,0,0,0,0,0,0,0
420004,2,1,1994,0,0,0,0,0,0,0,0,0,0
420005,1,1,1994,0,0,0,0,0,0,0,0,0,0
420006,1,1,1994,0,0,0,0,0,0,0,0,0,0
420006,2,1,1994,0,0,0,0,0,0,0,0,0,0
420007,0,1,1994,29,0,32,0,0,21,15,30,0,0
420007,1,1,1994,0,0,0,0,0,0,0,0,0,0
420008,1,1,1994,7,7,0,5,0,12,0,12,0,7
420009,1,1,1994,0,0,0,0,0,0,0,0,0,0
420009,2,1,1994,0,0,0,0,0,0,0,0,0,0
420010,1,1,1994,0,0,0,0,0,0,0,0,0,0
420011,1,1,1994,22,22,22,22,22,22,22,22,22,22
420011,2,1,1994,0,0,0,0,0,0,0,0,0,0
420012,1,1,1994,0,0,0,0,0,0,0,0,0,0
420012,2,1,1994,0,0,0,0,0,0,0,0,0,0
420012,3,1,1994,0,0,0,0,0,0,0,0,0,0
420013,1,1,1994,18,18,18,18,18,18,18,18,18,18
420014,1,1,1994,0,0,0,0,0,0,0,0,0,0
420015,0,1,1994,0,0,0,0,0,0,0,0,0,0
420015,1,1,1994,0,0,0,0,0,0,0,7,0,9
420016,0,1,1994,0,0,0,0,0,0,0,0,0,0
420016,1,1,1994,0,0,0,0,0,0,10,8,0,10
420017,1,1,1994,0,0,0,0,0,0,0,0,0,0
420018,1,1,1994,0,0,0,0,0,0,0,0,0,0
420018,2,1,1994,0,0,0,0,0,0,0,0,0,0
420019,0,1,1994,0,0,0,0,0,0,0,0,0,0
420019,1,1,1994,0,0,0,0,0,0,0,0,0,0
420020,1,1,1994,0,0,0,0,0,0,0,0,0,0
420020,2,1,1994,0,0,0,0,0,0,0,0,0,0
420021,1,1,1994,14,14,14,14,14,14,14,14,14,14
420021,2,1,1994,0,0,0,0,0,0,0,0,0,0
420022,1,1,1994,10,10,10,10,10,10,10,10,10,10
420023,1,1,1994,0,0,0,0,0,0,0,0,0,0
420023,2,1,1994,0,0,0,0,0,0,0,0,0,0
420024,1,1,1994,0,0,0,0,0,0,0,0,0,0
420025,0,1,1994,0,0,0,25,0,0,0,0,0,0
420025,1,1,1994,0,0,0,0,0,15,0,0,0,0
420026,1,1,1994,38,8,13,21,12,25,33,0,16,33
420027,1,1,1994,23,23,23,23,23,23,23,23,23,23
420027,2,1,1994,0,0,0,0,0,0,0,0,0,0
420028,0,1,1994,0,0,0,0,0,0,0,0,0,0
420028,1,1,1994,15,0,0,0,0,0,0,0,0,0
420029,0,1,1994,0,0,0,0,0,0,0,0,0,32
420029,1,1,1994,0,0,0,18,15,4,29,0,0,9
420030,1,1,1994,0,0,0,0,0,0,0,0,0,0
420030,2,1,1994,0,0,0,0,0,0,0,0,0,0
420031,1,1,1994,0,0,0,0,0,0,0,0,0,0
420031,2,1,1994,0,0,0,41,0,0,6,0,0,0
420032,0,1,1994,0,0,0,0,0,0,0,0,0,0
420032,1,1,1994,0,0,0,0,0,0,0,0,0,0
420033,0,1,1994,0,0,0,0,0,0,0,0,0,0
420033,0,2,1994,0,0,0,0,0,0,0,0,0,0
420033,1,1,1994,0,0,0,0,0,0,0,0,0,0
420034,0,1,1994,16,16,16,16,16,16,16,16,16,16
420034,1,1,1994,11,0,20,0,0,12,20,0,16,21
420035,1,1,1994,24,0,0,0,14,0,22,17,0,0
420036,1,1,1994,0,0,0,0,0,0,0,0,0,0
420036,2,1,1994,0,0,14,0,0,0,0,0,7,0
420037,1,1,1994,10,10,10,10,10,10,10,10,10,10
420037,2,1,1994,0,0,0,0,0,0,0,0,0,0
420037,3,1,1994,0,10,0,0,0,0,13,0,0,0
420038,1,1,1994,8,8,8,8,8,8,8,8,8,8
420038,2,1,1994,0,0,0,0,0,0,0,0,0,0
420038,3,1,1994,0,5,0,0,0,0,0,13,0,0
420039,1,1,1994,0,0,0,0,0,0,0,0,0,0
420040,1,1,1994,0,0,0,0,0,0,0,0,0,0
420040,2,1,1994,0,5,0,22,16,0,11,0,15,0
420041,1,1,1994,34,34,34,34,34,34,34,34,34,34
420043,1,1,1994,9,9,9,9,9,9,9,9,9,9
420044,1,1,1994,0,0,0,0,0,0,0,0,0,0
420044,2,1,1994,0,0,0,0,0,0,17,0,0,0
420045,1,1,1994,0,0,0,0,0,5,0,0,0,14
420045,2,1,1994,0,0,0,0,0,0,0,0,0,0
420046,1,1,1994,0,0,0,0,0,0,0,0,0,0
420046,2,1,1994,0,0,8,0,0,0,0,8,0,0
420047,0,1,1994,0,0,0,0,0,0,0,0,0,0
420047,1,1,1994,13,13,13,13,13,13,13,13,13,13
420048,0,1,1994,0,0,0,0,0,0,0,0,0,0
420048,1,1,1994,0,0,0,0,0,0,0,0,0,0
420049,1,1,1994,0,0,0,0,0,0,0,0,0,0
420049,2,1,1994,0,5,0,0,0,0,0,0,0,0
420049,3,1,1994,0,0,0,0,0,0,0,0,0,0
420050,0,1,1994,14,23,19,24,24,19,22,6,25,24
420050,1,1,1994,3,0,0,2,0,0,0,0,0,0
420051,1,1,1994,0,0,0,0,0,0,0,0,0,0
420051,2,1,1994,0,0,0,0,0,0,0,0,0,0
420052,1,1,1994,0,0,0,0,0,0,0,0,0,0
420052,2,1,1994,0,0,0,0,0,0,0,0,0,0
420053,1,1,1994,0,0,0,0,0,0,0,0,0,0
420053,2,1,1994,0,0,0,0,0,0,0,0,0,0
420054,1,1,1994,0,0,0,0,0,0,0,0,0,0
420054,2,1,1994,0,0,0,0,0,0,0,0,0,0
420055,1,1,1994,0,0,0,0,0,0,0,0,0,0
420055,2,1,1994,0,0,0,0,19,0,0,0,0,0
420056,1,1,1994,0,0,0,0,0,0,0,0,0,0
420056,2,1,1994,0,0,0,0,0,0,0,0,0,0
420057,1,1,1994,0,0,0,0,0,0,0,0,0,0
420057,2,1,1994,0,0,0,0,0,0,0,0,0,0
420058,1,1,1994,0,0,0,0,0,0,0,0,0,0
420059,1,1,1994,0,0,0,0,0,0,0,0,0,0
420059,2,1,1994,0,0,0,0,0,0,0,0,0,0
420060,1,1,1994,16,16,16,16,16,16,16,16,16,16
420060,2,1,1994,23,23,23,23,23,23,23,23,23,23
420061,1,1,1994,17,0,0,0,0,0,0,0,0,0
420062,0,1,1994,22,22,22,22,22,22,22,22,22,22
420062,1,1,1994,0,0,0,0,0,0,0,0,0,0
420063,1,1,1994,0,0,0,0,0,0,0,0,0,0
420064,1,1,1994,0,0,0,17,0,0,0,0,0,0
420064,2,1,1994,1,1,1,1,1,1,1,1,1,1
420065,0,1,1994,0,0,0,0,0,0,0,0,0,0
420065,1,1,1994,0,0,0,0,0,0,0,0,0,0
420066,1,1,1994,14,14,14,14,14,14,14,14,14,14
420066,2,1,1994,0,0,0,0,0,0,0,0,0,0
420067,1,1,1994,15,16,27,16,35,27,27,11,20,11
420068,1,1,1994,0,0,0,0,0,0,0,0,0,0
420068,2,1,1994,0,0,0,0,0,0,0,0,0,5
420069,0,1,1994,0,0,0,0,0,0,0,0,0,0
420069,1,1,1994,0,0,0,0,0,0,0,0,0,0
420070,0,1,1994,0,0,0,0,0,0,0,0,0,0
420070,1,1,1994,0,0,0,0,0,0,0,16,0,0
420071,1,1,1994,0,0,0,0,0,0,0,0,0,0
420071,2,1,1994,39,39,39,39,39,39,39,39,39,39
420072,1,1,1994,0,0,0,0,0,0,0,0,0,0
420072,2,1,1994,0,0,0,0,0,0,0,0,0,0
420073,1,1,1994,25,25,25,25,25,25,25,25,25,25
420074,1,1,1994,0,0,0,0,0,0,0,0,0,0
420075,1,1,1994,27,27,27,27,27,27,27,27,27,27
420076,1,1,1994,0,0,0,0,10,0,0,0,0,0
420076,2,1,1994,0,0,0,0,0,0,0,0,0,0
420077,1,1,1994,0,0,22,0,0,0,0,0,0,0
420077,2,1,1994,0,0,0,0,0,0,0,0,0,0
420078,1,1,1994,0,0,0,0,0,0,0,0,0,0
420078,2,1,1994,0,0,0,0,0,0,0,0,0,0
420079,1,1,1994,17,17,17,17,17,17,17,17,17,17
420079,2,1,1994,0,0,0,0,0,0,0,0,0,34
420080,1,1,1994,0,16,0,0,0,0,0,0,0,0
420080,2,1,1994,0,0,14,0,0,0,0,0,0,0
420081,1,1,1994,0,0,0,0,0,0,0,0,0,0
420081,2,1,1994,0,0,0,0,0,0,0,0,0,19
420082,0,1,1994,20,20,20,20,20,20,20,20,20,20
420082,1,1,1994,0,0,0,0,0,0,0,0,0,0
420083,1,1,1994,0,0,0,0,0,0,0,0,0,0
420083,2,1,1994,0,0,0,0,0,0,0,0,0,0
420083,3,1,1994,0,0,0,0,0,0,0,0,0,0
420084,1,1,1994,0,0,0,0,0,0,0,0,0,0
420084,2,1,1994,0,0,0,0,0,0,12,0,0,0
420085,1,1,1994,1,1,1,1,1,1,1,1,1,1
420086,1,1,1994,17,17,17,17,17,17,17,17,17,17
420087,1,1,1994,0,0,0,0,0,0,0,0,0,0
420088,0,1,1994,28,28,28,28,28,28,28,28,28,28
420088,1,1,1994,0,0,0,0,0,0,0,0,0,0
420089,1,1,1994,0,0,0,0,0,0,0,0,0,0
420089,2,1,1994,0,0,0,0,0,0,0,0,0,0
420090,1,1,1994,0,0,0,0,0,0,0,0,0,0
420090,2,1,1994,0,0,0,0,0,0,0,0,0,0
420091,1,1,1994,21,21,21,21,21,21,21,21,21,21
420092,1,1,1994,23,23,23,23,23,23,23,23,23,23
420093,1,1,1994,0,0,0,0,0,0,0,0,0,0
420094,1,1,1994,0,0,0,14,16,9,12,0,0,19
420094,2,1,1994,0,0,0,0,0,0,0,0,0,10
420095,1,1,1994,0,0,44,0,11,0,12,0,0,20
420096,1,1,1994,0,0,0,0,0,0,0,0,0,0
420096,2,1,1994,0,0,0,0,0,0,8,0,0,0
420097,1,1,1994,0,0,0,0,0,0,0,0,0,0
420097,2,1,1994,0,0,0,0,0,0,0,0,0,0
420098,1,1,1994,0,0,0,0,0,0,0,0,0,0
420098,2,1,1994,0,0,0,0,0,0,0,0,0,0
420099,1,1,1994,0,6,0,0,0,0,0,0,0,0
420099,2,1,1994,0,0,0,0,0,0,0,0,0,0
420100,1,1,1994,0,0,45,0,0,0,0,0,0,0
420100,2,1,1994,0,0,0,0,0,0,0,0,0,0
420101,1,1,1994,20,32,34,18,27,13,23,26,13,28
420102,0,1,1994,31,31,31,31,31,31,31,31,31,31
420102,1,1,1994,1,1,1,1,1,1,1,1,1,1
420103,1,1,1994,0,0,0,0,0,0,0,0,0,0
420103,2,1,1994,0,0,0,0,0,0,0,10,0,0
420103,3,1,1994,0,0,0,0,0,0,0,0,0,0
420104,0,1,1994,0,0,0,0,0,0,0,0,0,0
420104,1,1,1994,0,0,0,0,0,0,0,0,0,0
420105,0,1,1994,0,0,0,0,0,0,0,0,0,0
420105,1,1,1994,0,0,11,0,0,22,6,0,0,0
420106,1,1,1994,0,0,0,0,0,0,0,0,0,0
420106,2,1,1994,0,0,10,0,0,0,0,0,0,0
420107,1,1,1994,0,0,0,0,0,0,0,0,0,0
420107,2,1,1994,0,0,0,0,0,0,0,0,0,0
420108,1,1,1994,0,4,0,0,23,0,0,0,0,0
420108,2,1,1994,0,0,0,0,0,0,0,0,0,0
420109,0,1,1994,0,0,0,0,0,0,0,0,0,0
420109,1,1,1994,0,0,0,0,0,0,0,0,0,0
420110,1,1,1994,0,0,0,0,0,0,0,0,0,0
420111,1,1,1994,0,0,0,0,0,0,0,0,0,0
420111,2,1,1994,0,0,0,0,0,0,0,0,0,0
420112,0,1,1994,0,0,0,0,0,0,0,0,0,0
420112,1,1,1994,0,0,0,0,0,0,0,0,0,0
420113,1,1,1994,0,0,0,0,0,0,0,0,0,0
420114,1,1,1994,0,0,4,13,8,17,0,0,0,12
420114,2,1,1994,0,0,0,16,0,0,0,0,0,0
420115,1,1,1994,28,28,28,28,28,28,28,28,28,28
420115,2,1,1994,0,0,0,0,0,0,0,0,0,0
420116,1,1,1994,9,9,9,9,9,9,9,9,9,9
420116,2,1,1994,0,21,0,0,0,11,10,0,9,0
420117,1,1,1994,0,0,9,0,0,0,0,0,0,0
420118,1,1,1994,12,0,0,27,15,0,0,38,19,17
420119,1,1,1994,0,0,0,0,12,0,0,0,0,0
420119,2,1,1994,0,0,0,0,0,0,0,0,0,0
420120,1,1,1994,0,0,0,0,0,0,0,0,0,0
420121,1,1,1994,23,10,37,14,23,26,0,6,22,11
420121,2,1,1994,8,20,31,14,0,37,13,0,28,0
420122,1,1,1994,11,11,11,11,11,11,11,11,11,11
420123,1,1,1994,29,29,29,29,29,29,29,29,29,29
420124,1,1,1994,13,0,0,0,0,0,0,0,0,8
420125,1,1,1994,27,27,27,27,27,27,27,27,27,27
420125,2,1,1994,0,0,0,0,0,0,0,0,0,0
420126,1,1,1994,0,0,0,0,0,0,0,0,0,0
420126,2,1,1994,0,0,0,0,0,0,0,0,0,0
420127,1,1,1994,31,31,31,31,31,31,31,31,31,31
420127,2,1,1994,6,6,6,6,6,6,6,6,6,6
420128,1,1,1994,0,0,0,0,0,0,0,0,0,0
420128,2,1,1994,0,0,25,0,0,9,0,0,0,0
420129,1,1,1994,0,0,0,0,0,0,0,0,0,0
420129,2,1,1994,0,0,0,0,0,0,0,0,0,0
420130,1,1,1994,0,0,0,0,0,0,0,0,0,0
420131,0,1,1994,15,15,15,15,15,15,15,15,15,15
420131,1,1,1994,6,6,6,6,6,6,6,6,6,6
420132,1,1,1994,0,0,0,0,0,0,0,0,0,0
420132,2,1,1994,0,0,0,19,0,0,0,0,0,0
420133,1,1,1994,0,0,0,0,0,0,0,0,0,0
420133,2,1,1994,0,0,0,0,0,0,0,0,0,0
420134,1,1,1994,0,0,0,0,0,0,0,0,0,0
420134,2,1,1994,0,0,0,0,0,0,0,0,0,9
420135,1,1,1994,13,13,13,13,13,13,13,13,13,13