ST_CASE,VEH_NO,PER_NO,YEAR,P1,P2,P3,P4,P5,P6,P7,P8,P9,P10
420136,1,1,1994,0,0,0,0,0,0,0,0,0,0
420136,2,1,1994,0,0,0,0,0,0,0,0,0,0
420137,1,1,1994,7,7,7,7,7,7,7,7,7,7
420137,2,1,1994,23,9,12,24,12,9,23,0,17,36
420138,1,1,1994,0,0,0,0,0,0,0,0,0,0
420138,2,1,1994,0,0,0,0,0,0,0,0,0,0
420139,1,1,1994,0,0,0,0,0,0,0,0,0,0
420139,2,1,1994,0,0,0,0,0,0,0,0,0,0
420140,0,1,1994,20,20,20,20,20,20,20,20,20,20
420140,1,1,1994,0,0,0,0,0,0,0,0,0,0
420141,1,1,1994,20,20,20,20,20,20,20,20,20,20
420141,2,1,1994,9,19,24,40,0,22,0,0,0,0
420142,0,1,1994,21,16,16,15,25,26,22,22,5,0
420142,1,1,1994,18,0,0,0,0,0,0,0,0,0
420143,1,1,1994,0,0,0,0,0,0,0,0,22,0
420144,1,1,1994,8,8,2,9,25,0,17,3,17,5
420145,1,1,1994,0,0,0,0,0,0,0,0,0,0
420145,2,1,1994,0,0,0,0,0,0,0,17,0,0
420146,1,1,1994,0,0,0,0,0,0,0,0,0,0
420146,2,1,1994,0,0,0,0,0,0,0,0,0,0
420147,1,1,1994,10,21,10,0,0,30,0,0,16,0
420148,0,1,1994,0,0,0,0,0,0,0,0,0,0
420148,1,1,1994,0,0,0,0,0,0,0,0,0,0
420149,1,1,1994,0,0,0,0,13,0,0,0,0,0
420150,1,1,1994,0,0,0,0,0,0,0,0,0,0
420151,0,1,1994,0,0,0,0,0,0,0,0,0,0
420151,1,1,1994,0,0,0,0,0,0,0,0,0,0
420152,1,1,1994,0,0,0,0,0,0,0,0,0,0
420153,1,1,1994,0,0,0,0,0,0,0,0,0,0
420154,0,1,1994,0,0,0,0,0,0,0,0,0,0
420154,1,1,1994,0,0,0,0,0,0,0,0,0,0
420154,2,1,1994,0,0,0,0,0,0,3,0,0,0
420155,1,1,1994,0,0,0,0,0,0,0,0,0,0
420155,2,1,1994,0,0,0,0,0,0,0,0,0,0
420156,1,1,1994,13,13,13,13,13,13,13,13,13,13
420156,2,1,1994,12,0,5,0,10,0,8,0,0,13
420157,0,1,1994,0,0,0,0,0,0,0,0,0,0
420157,1,1,1994,0,0,0,0,0,0,0,0,0,0
420158,1,1,1994,19,19,19,19,19,19,19,19,19,19
420159,0,1,1994,10,0,23,0,0,0,0,0,0,0
420159,1,1,1994,21,20,25,0,11,8,25,23,0,28
420160,1,1,1994,0,0,0,0,22,14,0,0,35,40
420161,1,1,1994,0,0,0,0,0,0,0,21,0,0
420161,2,1,1994,0,0,0,0,0,0,0,14,0,0
420162,0,1,1994,0,0,0,0,0,0,0,0,0,0
420162,1,1,1994,0,0,0,0,0,0,0,0,0,0
420163,1,1,1994,26,26,26,26,26,26,26,26,26,26
420164,1,1,1994,0,0,0,0,0,0,0,0,23,0
420165,1,1,1994,23,23,23,23,23,23,23,23,23,23
420165,2,1,1994,0,0,0,0,0,7,0,0,0,0
420166,1,1,1994,0,0,0,0,0,0,0,0,0,0
420166,2,1,1994,0,0,0,0,0,0,0,0,0,0
420167,1,1,1994,0,0,0,0,0,0,0,18,0,0
420167,2,1,1994,0,0,0,0,0,0,0,0,0,0
420168,1,1,1994,24,24,24,24,24,24,24,24,24,24
420168,2,1,1994,0,0,0,0,0,0,0,0,0,0
420169,1,1,1994,0,0,0,0,0,0,0,0,0,0
420169,2,1,1994,0,0,0,0,0,0,0,0,0,0
420170,1,1,1994,13,13,13,13,13,13,13,13,13,13
420171,0,1,1994,0,0,0,0,0,0,0,0,0,0
420171,1,1,1994,0,0,0,0,0,0,0,0,0,0
420172,1,1,1994,0,0,0,0,0,0,0,0,0,0
420172,2,1,1994,0,0,0,0,0,0,0,0,0,0
420172,3,1,1994,0,0,0,0,0,0,0,0,0,0
420172,13,1,1994,0,0,0,0,0,0,0,0,0,0
420172,14,1,1994,0,0,0,0,0,0,0,0,0,0
420173,0,1,1994,1,1,1,1,1,1,1,1,1,1
420173,1,1,1994,2,2,2,2,2,2,2,2,2,2
420174,1,1,1994,28,28,28,28,28,28,28,28,28,28
420175,1,1,1994,0,0,0,0,0,0,0,0,0,0
420176,1,1,1994,0,0,0,0,0,0,0,0,0,0
420176,2,1,1994,0,0,0,0,0,0,0,0,0,0
420177,1,1,1994,0,0,0,0,0,0,0,0,0,0
420177,2,1,1994,0,0,0,0,0,0,0,0,0,0
420178,1,1,1994,15,15,15,15,15,15,15,15,15,15
420179,1,1,1994,17,17,17,17,17,17,17,17,17,17
420180,1,1,1994,0,0,0,0,0,0,0,0,0,0
420181,1,1,1994,16,16,16,16,16,16,16,16,16,16
420181,2,1,1994,26,26,26,26,26,26,26,26,26,26
420182,1,1,1994,0,0,0,0,0,0,0,0,0,0
420182,2,1,1994,0,0,0,0,0,0,0,0,0,0
420183,0,1,1994,0,0,0,0,0,0,0,0,0,0
420183,1,1,1994,0,0,0,0,0,0,0,0,0,0
420184,1,1,1994,13,13,13,13,13,13,13,13,13,13
420185,1,1,1994,13,13,13,13,13,13,13,13,13,13
420186,0,1,1994,25,25,25,25,25,25,25,25,25,25
420186,1,1,1994,21,20,9,9,0,18,24,7,17,2
420187,0,1,1994,0,0,0,0,0,0,0,0,0,0
420187,1,1,1994,0,0,0,0,0,0,0,0,0,0
420188,1,1,1994,0,0,0,0,0,0,0,0,0,8
420188,2,1,1994,0,0,0,0,0,0,0,0,0,0
420188,3,1,1994,0,0,0,0,0,0,0,0,0,0
420189,0,1,1994,0,0,0,0,0,0,0,0,0,0
420189,1,1,1994,12,0,0,0,0,0,0,0,0,0
420190,1,1,1994,0,0,0,0,0,0,0,0,0,0
420190,2,1,1994,0,0,0,0,0,0,0,0,0,0
420191,1,1,1994,0,0,0,0,0,0,0,0,0,0
420191,2,1,1994,0,0,0,0,0,0,0,0,0,0
420192,1,1,1994,0,0,0,0,0,0,0,0,0,0
420192,2,1,1994,0,0,0,0,0,0,0,0,0,0
420193,1,1,1994,0,0,0,0,0,0,0,0,0,0
420193,2,1,1994,0,0,0,0,0,0,0,0,0,0
420194,1,1,1994,0,0,0,0,0,0,0,0,0,0
420195,1,1,1994,0,0,0,0,0,0,0,0,0,0
420195,2,1,1994,0,0,0,0,0,0,0,0,0,0
420196,1,1,1994,0,0,0,0,0,0,0,0,0,0
420196,2,1,1994,2,2,2,2,2,2,2,2,2,2
420196,3,1,1994,0,0,0,0,0,0,0,0,0,0
420197,1,1,1994,0,0,0,0,0,0,0,0,0,0
420197,2,1,1994,0,0,0,0,0,0,0,0,0,0
420198,1,1,1994,27,27,27,27,27,27,27,27,27,27
420199,1,1,1994,23,6,0,0,0,0,47,0,0,0
420200,1,1,1994,0,0,0,0,0,0,0,0,0,0
420200,2,1,1994,0,0,0,0,0,0,0,0,0,0
420201,1,1,1994,24,24,24,24,24,24,24,24,24,24
420202,1,1,1994,12,12,12,12,12,12,12,12,12,12
420203,1,1,1994,12,12,12,12,12,12,12,12,12,12
420204,1,1,1994,25,25,25,25,25,25,25,25,25,25
420204,2,1,1994,0,0,0,0,0,0,0,0,0,0
420205,1,1,1994,21,21,21,21,21,21,21,21,21,21
420206,1,1,1994,0,0,0,0,0,0,0,0,0,0
420206,2,1,1994,15,15,15,15,15,15,15,15,15,15
420207,1,1,1994,28,28,28,28,28,28,28,28,28,28
420208,1,1,1994,0,0,0,0,0,0,0,0,0,0
420209,0,1,1994,28,28,28,28,28,28,28,28,28,28
420209,1,1,1994,17,19,0,0,0,0,0,0,0,0
420210,1,1,1994,0,0,0,0,0,0,0,0,0,0
420210,2,1,1994,0,0,0,0,0,0,0,0,0,0
420211,1,1,1994,0,0,0,0,0,0,0,0,0,0
420211,2,1,1994,0,0,0,0,0,0,0,0,0,0
420211,3,1,1994,0,0,0,0,0,0,0,0,0,0
420212,1,1,1994,0,3,0,0,0,0,0,0,0,0
420212,2,1,1994,0,0,0,0,0,0,0,0,0,0
420213,1,1,1994,0,0,0,0,0,0,0,0,0,0
420213,2,1,1994,0,27,0,0,0,0,0,0,0,0
420214,1,1,1994,0,0,0,0,0,0,0,0,0,0
420214,2,1,1994,0,0,0,0,0,0,0,0,0,0
420214,3,1,1994,0,0,0,0,0,0,0,0,0,0
420215,1,1,1994,0,0,0,0,0,0,0,0,0,0
420215,2,1,1994,0,0,0,0,0,0,0,0,0,0
420216,1,1,1994,0,0,0,0,0,0,0,0,0,0
420216,2,1,1994,0,0,0,0,0,0,0,0,0,0
420217,1,1,1994,0,0,0,0,0,0,0,0,0,0
420217,2,1,1994,0,0,0,0,0,0,0,0,0,0
420218,0,1,1994,5,5,5,5,5,5,5,5,5,5
420218,1,1,1994,1,1,1,1,1,1,1,1,1,1
420219,1,1,1994,15,15,15,15,15,15,15,15,15,15
420220,1,1,1994,0,0,0,0,0,0,0,0,0,0
420220,2,1,1994,0,0,0,0,0,0,0,0,0,0
420221,0,1,1994,0,0,0,0,0,0,0,0,0,0
420221,1,1,1994,0,0,0,0,0,0,0,0,0,0
420222,1,1,1994,19,19,19,19,19,19,19,19,19,19
420223,1,1,1994,18,18,18,18,18,18,18,18,18,18
420224,0,1,1994,11,11,11,11,11,11,11,11,11,11
420224,1,1,1994,0,0,0,0,0,0,0,0,0,0
420225,1,1,1994,0,0,0,0,0,0,0,0,0,0
420225,2,1,1994,0,0,0,0,0,0,0,0,0,0
420226,1,1,1994,0,12,0,0,15,0,0,13,11,0
420227,1,1,1994,5,5,5,5,5,5,5,5,5,5
420228,1,1,1994,0,0,0,0,0,0,0,0,0,0
420228,2,1,1994,0,0,0,0,0,0,0,0,0,0
420229,1,1,1994,18,18,18,18,18,18,18,18,18,18
420230,1,1,1994,0,0,0,0,0,0,0,0,0,0
420230,2,1,1994,0,0,0,0,0,0,0,0,0,0
420231,0,1,1994,28,28,28,28,28,28,28,28,28,28
420231,0,2,1994,32,32,32,32,32,32,32,32,32,32
420231,1,1,1994,2,20,10,25,13,11,14,19,23,26
420232,1,1,1994,0,0,0,0,0,0,0,0,0,0
420233,1,1,1994,0,0,0,9,0,0,0,0,0,0
420233,2,1,1994,0,0,0,0,0,0,0,0,0,0
420234,1,1,1994,12,12,12,12,12,12,12,12,12,12
420235,1,1,1994,0,0,0,0,0,0,0,0,0,0
420235,2,1,1994,0,0,0,0,0,5,0,0,0,0
420236,1,1,1994,30,30,30,30,30,30,30,30,30,30
420237,0,1,1994,0,0,0,0,0,0,0,0,0,0
420237,0,2,1994,0,0,0,0,9,0,0,0,0,0
420237,1,1,1994,14,14,14,14,14,14,14,14,14,14
420237,2,1,1994,0,0,13,0,0,0,0,0,0,0
420238,1,1,1994,15,15,15,15,15,15,15,15,15,15
420239,1,1,1994,28,28,28,28,28,28,28,28,28,28
420240,1,1,1994,22,22,22,22,22,22,22,22,22,22
420241,1,1,1994,0,0,0,0,0,0,0,0,0,0
420241,2,1,1994,0,0,0,0,0,0,0,0,0,0
420241,3,1,1994,0,0,0,0,0,0,0,0,0,0
420242,1,1,1994,23,23,23,23,23,23,23,23,23,23
420243,1,1,1994,18,18,18,18,18,18,18,18,18,18
420243,2,1,1994,0,0,0,0,0,0,0,0,0,0
420244,1,1,1994,0,0,0,0,0,9,0,0,0,0
420244,2,1,1994,0,0,0,0,0,0,0,6,11,13
420245,1,1,1994,0,0,0,0,0,0,0,0,0,0
420245,2,1,1994,0,0,0,0,0,0,0,0,0,0
420245,3,1,1994,0,0,0,0,0,0,0,0,0,0
420246,1,1,1994,6,6,6,6,6,6,6,6,6,6
420246,2,1,1994,0,0,0,0,0,0,0,0,0,0
420247,1,1,1994,0,0,0,0,0,0,0,0,0,0
420247,2,1,1994,12,0,0,0,0,0,0,0,0,0
420248,1,1,1994,0,0,0,0,0,0,0,0,0,0
420248,2,1,1994,0,0,0,0,0,0,0,0,0,0
420249,1,1,1994,24,24,24,24,24,24,24,24,24,24
420249,2,1,1994,0,0,0,0,0,0,0,0,0,0
420250,0,1,1994,0,0,0,0,0,0,0,0,0,0
420250,1,1,1994,0,0,0,0,0,0,0,0,0,0
420251,1,1,1994,0,0,0,0,0,0,0,0,0,0
420251,2,1,1994,0,0,0,0,0,0,0,0,0,0
420252,1,1,1994,14,14,14,14,14,14,14,14,14,14
420252,2,1,1994,0,0,0,0,0,0,0,0,11,0
420253,1,1,1994,0,0,0,0,0,0,0,0,0,0
420253,2,1,1994,0,0,0,0,0,0,0,0,0,0
420254,1,1,1994,0,0,0,0,0,0,0,11,0,0
420255,1,1,1994,0,0,0,0,0,0,0,0,0,0
420255,2,1,1994,0,0,0,0,0,0,0,0,0,0
420256,1,1,1994,0,0,0,0,0,0,0,0,0,0
420257,1,1,1994,0,0,0,0,0,0,0,0,0,0
420257,2,1,1994,0,0,0,0,0,0,0,0,0,0
420258,1,1,1994,19,19,19,19,19,19,19,19,19,19
420259,1,1,1994,17,17,17,17,17,17,17,17,17,17
420260,1,1,1994,1,1,1,1,1,1,1,1,1,1
420261,1,1,1994,1,1,1,1,1,1,1,1,1,1
420261,2,1,1994,0,0,0,0,0,0,0,0,0,0
420262,0,1,1994,19,19,19,19,19,19,19,19,19,19
420262,1,1,1994,0,0,0,0,0,0,0,0,0,0
420263,1,1,1994,0,0,0,0,0,0,0,0,13,0
420263,2,1,1994,0,0,0,0,0,0,0,0,0,0
420264,1,1,1994,0,0,0,0,0,0,0,0,0,0
420264,2,1,1994,0,0,0,0,0,0,0,0,0,0
420265,1,1,1994,0,0,0,0,0,0,0,0,0,0
420266,1,1,1994,0,0,0,0,0,0,0,0,0,0
420267,1,1,1994,0,0,0,0,0,0,0,0,0,0
420267,2,1,1994,0,0,0,0,0,0,0,0,0,0
420268,1,1,1994,3,3,3,3,3,3,3,3,3,3
420269,1,1,1994,0,0,9,0,10,0,30,0,0,12
420270,0,1,1994,0,0,0,18,0,0,0,0,0,0
420270,1,1,1994,0,0,0,0,0,0,6,6,0,0
420271,0,1,1994,0,0,0,0,0,0,0,0,0,0
420271,1,1,1994,0,0,0,0,0,0,0,0,0,0
420272,1,1,1994,4,4,4,4,4,4,4,4,4,4
420273,1,1,1994,18,18,18,18,18,18,18,18,18,18
420273,2,1,1994,15,0,23,10,0,14,0,0,4,11
420274,1,1,1994,0,0,0,0,0,0,0,0,0,0
420275,1,1,1994,0,0,0,0,0,0,0,0,0,0
420275,2,1,1994,6,0,11,0,0,0,7,0,0,7
420276,1,1,1994,0,0,0,0,0,0,0,0,0,0
420276,2,1,1994,0,0,0,0,0,0,0,0,0,0
420277,1,1,1994,13,32,12,10,14,0,9,16,25,16
420278,1,1,1994,0,0,0,0,0,0,0,0,0,0
420279,1,1,1994,13,13,13,13,13,13,13,13,13,13
420280,1,1,1994,18,18,18,18,18,18,18,18,18,18
420281,1,1,1994,16,16,16,16,16,16,16,16,16,16
420281,2,1,1994,0,25,0,0,0,29,0,0,0,0
420282,1,1,1994,10,10,10,10,10,10,10,10,10,10
420283,1,1,1994,28,28,28,28,28,28,28,28,28,28
420283,2,1,1994,0,0,0,0,0,0,0,0,0,0
420284,1,1,1994,0,0,0,0,0,0,0,0,0,0
420285,1,1,1994,0,0,0,0,0,0,0,10,0,0
420285,2,1,1994,0,0,0,20,0,0,0,0,0,0
420286,1,1,1994,3,3,3,3,3,3,3,3,3,3
420287,0,1,1994,0,0,0,0,0,0,0,0,0,0
420287,1,1,1994,0,0,0,0,0,0,0,0,0,0
420288,1,1,1994,15,15,15,15,15,15,15,15,15,15
420288,2,1,1994,0,0,0,0,0,0,0,0,0,0
420289,1,1,1994,0,0,0,0,0,0,0,0,0,0
420289,2,1,1994,0,0,0,0,0,0,0,0,0,0
420290,0,1,1994,0,56,51,0,0,17,21,28,15,16
420290,1,1,1994,0,0,0,0,0,0,0,0,0,0
420291,1,1,1994,0,0,0,0,0,0,0,0,0,0
420291,2,1,1994,0,0,0,0,0,0,0,0,0,0
420292,0,1,1994,0,0,0,0,0,0,0,0,0,0
420292,0,2,1994,38,0,15,0,16,9,19,0,26,0
420292,1,1,1994,0,0,0,0,0,0,0,0,0,0
420293,0,1,1994,0,0,0,0,0,0,0,0,0,0
420293,1,1,1994,0,0,0,0,0,0,0,0,0,0
420294,1,1,1994,0,0,0,0,0,0,0,0,10,0
420294,2,1,1994,0,0,0,0,0,0,0,0,0,0
420295,1,1,1994,5,5,5,5,5,5,5,5,5,5
420295,2,1,1994,0,0,0,0,0,0,0,0,0,0
420296,1,1,1994,0,0,0,0,0,0,0,0,0,0
420296,2,1,1994,0,0,0,0,0,0,0,0,0,0
420297,1,1,1994,19,19,19,19,19,19,19,19,19,19
420298,1,1,1994,26,26,26,26,26,26,26,26,26,26
420299,1,1,1994,0,0,0,0,0,0,0,0,0,0
420299,2,1,1994,0,0,0,0,0,0,0,0,0,0
420300,1,1,1994,5,5,5,5,5,5,5,5,5,5
420301,1,1,1994,0,0,0,0,0,0,0,0,0,0
420301,2,1,1994,0,0,0,0,0,0,0,0,0,0
420302,1,1,1994,0,0,0,0,0,0,0,0,0,0
420302,2,1,1994,0,0,0,0,0,0,0,0,0,0
420303,1,1,1994,0,0,0,0,0,0,0,0,0,0
420303,2,1,1994,0,0,0,0,0,0,0,0,0,0
420304,1,1,1994,0,0,0,0,0,0,0,0,0,0
420304,2,1,1994,0,0,0,0,0,0,0,0,0,0
420305,1,1,1994,0,0,0,0,0,0,0,0,0,0
420305,2,1,1994,0,0,0,0,0,0,0,0,0,0
420305,3,1,1994,0,6,0,0,0,0,0,0,0,0
420306,1,1,1994,0,0,0,0,0,0,0,0,0,0
420307,1,1,1994,5,5,5,5,5,5,5,5,5,5
420308,1,1,1994,0,0,0,0,0,0,0,0,0,0
420309,1,1,1994,0,0,0,0,0,0,0,0,0,0
420309,2,1,1994,0,0,0,0,0,0,0,0,0,0
420309,3,1,1994,0,0,0,0,0,0,0,0,0,0
420310,1,1,1994,46,46,46,46,46,46,46,46,46,46
420311,1,1,1994,21,21,21,21,21,21,21,21,21,21
420312,1,1,1994,13,13,13,13,13,13,13,13,13,13
420313,1,1,1994,0,0,0,0,0,0,0,0,0,0
420313,2,1,1994,0,0,0,0,0,0,0,0,0,0
420314,1,1,1994,10,10,10,10,10,10,10,10,10,10
420315,1,1,1994,0,0,0,0,0,0,0,0,0,0
420315,2,1,1994,0,0,0,0,29,14,4,0,0,0
420316,0,1,1994,17,17,17,17,17,17,17,17,17,17
420316,1,1,1994,22,36,0,15,27,23,12,20,0,12
420317,1,1,1994,0,0,0,0,0,0,0,0,0,0
420317,2,1,1994,0,0,0,0,0,0,0,0,0,0
420317,3,1,1994,0,0,16,0,0,0,0,0,0,0
420318,1,1,1994,12,0,0,0,0,0,0,28,0,0
420318,2,1,1994,0,0,15,0,0,0,0,0,0,0
420319,0,1,1994,9,9,9,9,9,9,9,9,9,9
420319,1,1,1994,0,0,0,0,0,0,0,10,0,0
420320,1,1,1994,0,0,0,0,0,0,0,0,0,0
420320,2,1,1994,0,0,0,0,0,0,37,0,0,0
420322,1,1,1994,0,0,0,0,0,0,0,0,0,0
420323,1,1,1994,13,13,13,13,13,13,13,13,13,13
420323,2,1,1994,0,0,0,0,0,0,0,0,0,0
420324,1,1,1994,0,0,0,0,0,0,0,0,0,0
420324,2,1,1994,0,0,0,0,0,0,0,0,0,0
420325,1,1,1994,27,27,27,27,27,27,27,27,27,27
420325,2,1,1994,0,0,0,0,0,0,0,0,0,0
420326,1,1,1994,0,0,0,0,0,0,0,0,0,0
420327,1,1,1994,0,0,0,0,0,0,0,0,0,13
420328,1,1,1994,18,26,16,0,15,10,10,28,15,14
420329,1,1,1994,21,21,21,21,21,21,21,21,21,21
420329,2,1,1994,0,0,0,0,0,0,0,0,0,0
420330,1,1,1994,0,0,0,0,0,0,0,0,0,0
420331,1,1,1994,0,0,0,0,0,0,0,0,0,0
420331,2,1,1994,0,0,0,0,0,0,0,0,0,0
420331,3,1,1994,0,0,0,0,0,15,0,0,0,0
420331,4,1,1994,0,0,0,2,0,0,0,0,0,0
420331,5,1,1994,0,0,0,0,0,0,0,0,0,0
420332,1,1,1994,0,0,0,0,3,0,0,0,0,0
420332,2,1,1994,0,0,0,0,0,0,0,0,0,0
420333,1,1,1994,0,0,0,0,0,0,0,0,0,0
420333,2,1,1994,0,0,0,0,0,0,0,19,0,0
420333,3,1,1994,0,0,0,0,0,0,0,0,0,0
420334,1,1,1994,0,0,0,0,0,0,0,0,0,0
420334,2,1,1994,0,0,0,0,0,0,0,0,0,0
420335,1,1,1994,17,17,17,17,17,17,17,17,17,17
420335,2,1,1994,2,2,2,2,2,2,2,2,2,2
420336,1,1,1994,0,0,0,0,0,0,0,0,18,0
420336,2,1,1994,0,0,0,0,0,0,0,0,0,0
420337,0,1,1994,0,0,0,0,0,0,0,0,0,0
420337,1,1,1994,0,0,0,0,0,0,0,0,0,0
420338,1,1,1994,0,0,0,0,0,0,0,0,0,0
420339,1,1,1994,9,13,0,17,0,13,0,0,0,12
420339,2,1,1994,0,0,0,0,0,0,0,0,0,0
420339,3,1,1994,0,0,20,0,0,0,0,0,0,0
420339,4,1,1994,0,0,0,0,0,0,0,0,0,0
420340,1,1,1994,0,0,0,0,13,0,0,0,0,0
420340,2,1,1994,0,0,0,0,0,0,0,0,0,0
420341,1,1,1994,0,20,8,0,0,0,0,0,0,0
420341,2,1,1994,17,24,29,21,8,10,0,8,21,24
420342,1,1,1994,0,0,0,0,0,0,0,0,0,0
420342,2,1,1994,21,0,41,16,4,20,0,24,13,0
420343,1,1,1994,0,0,0,0,0,0,0,0,0,0
420343,2,1,1994,0,0,0,0,0,0,0,0,0,0
420344,1,1,1994,0,0,0,0,0,0,0,0,0,0
420344,2,1,1994,0,0,0,0,0,0,0,0,21,0
420345,1,1,1994,10,7,3,0,14,15,0,16,0,9
420346,1,1,1994,19,19,19,19,19,19,19,19,19,19
420347,1,1,1994,0,0,0,0,0,0,0,0,0,0
420348,1,1,1994,1,1,1,1,1,1,1,1,1,1
420349,0,3,1994,0,0,0,0,0,0,0,0,0,0
420349,0,4,1994,0,0,13,0,0,0,0,0,8,0
420349,1,1,1994,0,0,0,0,0,0,0,0,0,0
420350,1,1,1994,20,16,0,0,16,0,0,0,0,0
420350,2,1,1994,13,0,0,0,0,0,0,0,0,0
420351,1,1,1994,0,0,0,0,0,0,0,0,0,0
420352,1,1,1994,0,0,0,0,0,0,0,0,0,0
420352,2,1,1994,0,0,0,0,0,0,0,0,0,0
420353,1,1,1994,0,0,0,0,0,0,0,0,0,0
420353,2,1,1994,12,0,0,5,0,0,0,0,0,0
420354,1,1,1994,0,0,0,0,0,0,0,0,8,0
420354,2,1,1994,0,0,0,0,0,0,0,0,0,11
420355,0,1,1994,34,34,34,34,34,34,34,34,34,34
420355,1,1,1994,0,0,0,0,0,0,0,0,0,0
420356,1,1,1994,8,8,8,8,8,8,8,8,8,8
420357,1,1,1994,18,0,19,0,13,15,2,12,0,20
420358,1,1,1994,0,0,0,0,0,0,0,0,0,0
420359,1,1,1994,24,24,24,24,24,24,24,24,24,24
420360,1,1,1994,0,0,0,0,0,0,0,0,0,0
420360,2,1,1994,0,0,0,0,0,0,0,0,0,0
420361,1,1,1994,0,0,0,33,0,21,0,0,0,0
420362,1,1,1994,0,0,0,0,0,0,0,0,0,0
420363,1,1,1994,0,21,0,0,20,0,17,0,0,17
420364,1,1,1994,4,13,13,9,4,0,19,27,15,20
420365,1,1,1994,0,0,0,0,0,0,0,0,0,0
420366,1,1,1994,0,0,0,0,0,0,0,0,0,0
420367,1,1,1994,0,0,0,0,0,9,0,0,0,0
420368,1,1,1994,0,0,0,0,0,0,0,0,0,0
420368,2,1,1994,0,0,0,0,0,0,0,0,0,0
420369,1,1,1994,25,25,25,25,25,25,25,25,25,25
420370,1,1,1994,17,21,15,26,16,32,16,24,15,17
420371,1,1,1994,17,17,17,17,17,17,17,17,17,17
420372,1,1,1994,16,16,16,16,16,16,16,16,16,16
420373,1,1,1994,16,16,16,16,16,16,16,16,16,16
420374,1,1,1994,0,0,0,0,0,0,0,0,0,0
420375,1,1,1994,0,0,0,0,0,0,15,0,0,0
420376,1,1,1994,0,0,0,0,0,0,0,16,0,0
420377,1,1,1994,25,27,14,14,8,6,7,19,10,15
420378,1,1,1994,31,31,31,31,31,31,31,31,31,31
420379,1,1,1994,0,0,0,0,0,0,0,0,9,0
420379,2,1,1994,0,0,0,0,0,0,0,0,0,16
420380,1,1,1994,0,0,0,0,0,23,0,27,0,0
420380,2,1,1994,0,0,0,0,0,0,0,0,0,7
420381,1,1,1994,19,19,19,19,19,19,19,19,19,19
420382,1,1,1994,0,0,0,0,0,0,0,0,0,0
420383,1,1,1994,25,28,12,32,30,10,10,14,16,13
420383,2,1,1994,3,3,3,3,3,3,3,3,3,3
420384,1,1,1994,0,0,0,0,0,0,0,0,0,0
420384,2,1,1994,6,0,5,10,0,28,0,0,16,15
420385,1,1,1994,0,17,25,0,4,0,0,0,0,0
420385,2,1,1994,0,9,0,0,0,0,0,0,0,0
420386,1,1,1994,11,11,11,11,11,11,11,11,11,11
420387,1,1,1994,15,15,15,15,15,15,15,15,15,15
420387,2,1,1994,0,0,0,0,0,0,0,0,0,0
420388,0,1,1994,0,0,0,0,0,0,0,0,0,0
420388,1,1,1994,0,0,0,0,0,0,0,0,0,0
420389,1,1,1994,0,0,0,0,0,0,0,10,11,0
420389,2,1,1994,20,20,20,20,20,20,20,20,20,20
420390,1,1,1994,8,10,29,0,26,34,18,14,18,0
420391,1,1,1994,0,0,0,0,0,0,0,0,0,0
420391,2,1,1994,0,0,0,0,0,0,0,0,0,0
420392,1,1,1994,0,0,0,0,0,0,0,0,0,0
420392,2,1,1994,0,0,0,0,0,0,0,0,0,0
420393,1,1,1994,12,12,12,12,12,12,12,12,12,12
420394,1,1,1994,13,13,13,13,13,13,13,13,13,13
420395,1,1,1994,13,13,13,13,13,13,13,13,13,13
420395,2,1,1994,0,0,0,0,0,0,0,0,0,14
420396,1,1,1994,0,0,0,0,0,0,0,0,0,0
420396,2,1,1994,0,0,0,0,0,0,0,0,0,0
420397,1,1,1994,0,0,0,0,0,12,0,0,0,0
420397,2,1,1994,0,0,0,0,0,0,0,0,0,0
420398,1,1,1994,0,0,11,0,10,0,0,0,0,0
420399,0,1,1994,0,0,0,0,0,0,0,0,0,0
420399,1,1,1994,0,0,0,0,0,0,0,0,0,0
420400,1,1,1994,16,16,16,16,16,16,16,16,16,16
420400,2,1,1994,16,0,0,21,0,27,5,27,0,0
420401,1,1,1994,0,0,0,0,0,0,0,0,0,0
420402,1,1,1994,0,0,0,0,0,0,0,0,0,0
420402,2,1,1994,0,0,0,0,0,0,0,0,0,0
420403,0,1,1994,0,26,24,5,6,12,0,0,14,3
420403,1,1,1994,7,12,21,28,22,18,24,27,16,16
420404,1,1,1994,23,23,23,23,23,23,23,23,23,23
420405,1,1,1994,16,16,16,16,16,16,16,16,16,16
420406,1,1,1994,0,15,0,0,0,0,0,0,0,10
420407,1,1,1994,28,28,28,28,28,28,28,28,28,28
420408,1,1,1994,0,0,0,0,0,0,0,0,0,0
420408,2,1,1994,0,0,0,0,0,0,0,0,0,0
420409,1,1,1994,0,0,0,0,0,0,0,0,0,0
420410,1,1,1994,0,0,0,0,0,0,0,0,0,0
420410,2,1,1994,0,0,0,0,0,0,0,0,0,0