ST_CASE,VEH_NO,PER_NO,YEAR,P1,P2,P3,P4,P5,P6,P7,P8,P9,P10
420411,1,1,1994,0,0,0,0,0,0,0,0,0,0
420411,2,1,1994,0,0,0,0,0,0,0,0,0,0
420412,1,1,1994,23,23,23,23,23,23,23,23,23,23
420413,1,1,1994,0,0,0,0,0,0,0,0,0,0
420414,1,1,1994,0,0,0,0,0,0,0,0,0,0
420414,2,1,1994,16,8,0,1,0,0,0,17,0,0
420415,1,1,1994,10,10,10,10,10,10,10,10,10,10
420416,1,1,1994,2,28,12,9,23,5,9,12,18,21
420417,1,1,1994,0,0,0,0,0,0,0,0,0,0
420417,2,1,1994,0,0,0,0,0,0,0,0,0,0
420418,1,1,1994,18,18,18,18,18,18,18,18,18,18
420418,2,1,1994,7,19,0,0,25,20,20,11,0,28
420419,1,1,1994,0,0,0,0,0,0,0,0,0,9
420420,0,1,1994,0,0,0,0,0,0,0,0,0,0
420420,1,1,1994,0,0,0,0,0,0,0,0,0,0
420421,1,1,1994,7,7,7,7,7,7,7,7,7,7
420421,2,1,1994,0,0,0,0,0,0,0,0,0,0
420422,1,1,1994,0,0,0,0,0,0,0,0,0,0
420423,1,1,1994,0,0,0,0,0,0,0,0,0,0
420423,2,1,1994,0,0,3,0,0,0,0,0,0,0
420424,1,1,1994,0,0,0,0,0,0,0,0,0,0
420424,2,1,1994,0,18,0,0,19,21,0,16,0,0
420425,0,1,1994,25,0,29,25,0,19,14,17,0,31
420425,1,1,1994,0,0,0,0,9,0,0,0,0,0
420426,1,1,1994,28,28,28,28,28,28,28,28,28,28
420427,0,1,1994,0,0,0,0,0,0,0,0,0,0
420427,1,1,1994,0,0,0,0,19,9,0,0,0,0
420428,1,1,1994,0,0,0,0,0,0,0,17,0,0
420428,2,1,1994,0,0,0,0,0,0,0,0,0,0
420429,1,1,1994,7,7,7,7,7,7,7,7,7,7
420429,2,1,1994,0,0,0,0,0,0,0,0,0,0
420429,3,1,1994,0,0,16,0,0,0,0,0,0,0
420431,1,1,1994,34,34,34,34,34,34,34,34,34,34
420432,1,1,1994,0,0,0,0,0,0,0,0,0,0
420432,2,1,1994,0,0,0,0,0,0,0,0,0,0
420433,1,1,1994,0,0,0,0,0,0,0,0,0,0
420434,1,1,1994,0,0,0,0,0,0,0,0,0,0
420434,2,1,1994,3,0,0,14,0,0,4,0,0,4
420435,1,1,1994,0,0,0,0,0,0,0,0,0,0
420436,1,1,1994,0,0,0,0,0,0,0,0,0,0
420436,2,1,1994,0,0,0,0,0,0,0,0,0,0
420437,1,1,1994,27,27,27,27,27,27,27,27,27,27
420437,2,1,1994,0,0,0,0,0,0,0,0,0,0
420438,1,1,1994,19,19,19,19,19,19,19,19,19,19
420439,1,1,1994,0,0,0,0,0,0,0,0,0,0
420440,0,1,1994,0,0,0,0,0,0,0,0,0,0
420440,1,1,1994,32,0,0,15,15,0,0,0,14,0
420441,1,1,1994,0,0,28,21,15,0,13,15,0,3
420441,2,1,1994,15,0,0,0,0,0,23,15,0,0
420441,3,1,1994,0,0,0,0,0,17,0,0,0,0
420442,1,1,1994,0,13,0,0,0,0,0,0,0,0
420442,2,1,1994,13,0,0,0,0,0,0,0,0,0
420443,1,1,1994,0,0,0,0,9,0,0,0,0,0
420443,2,1,1994,0,0,0,0,0,0,0,0,0,0
420443,3,1,1994,0,0,0,0,0,0,0,0,0,0
420444,1,1,1994,0,0,0,0,0,0,0,0,0,0
420444,2,1,1994,0,0,0,0,0,0,0,0,23,0
420444,3,1,1994,0,0,0,0,0,0,0,8,0,0
420445,1,1,1994,0,0,0,0,0,0,0,0,0,0
420446,1,1,1994,0,0,0,0,0,0,0,0,0,0
420447,1,1,1994,0,0,0,0,0,0,0,0,0,0
420448,1,1,1994,22,8,17,0,14,18,14,9,0,0
420449,1,1,1994,15,15,15,15,15,15,15,15,15,15
420449,2,1,1994,0,0,0,0,0,0,0,0,0,0
420450,1,1,1994,19,19,19,19,19,19,19,19,19,19
420451,1,1,1994,0,0,0,0,0,0,0,0,0,0
420451,2,1,1994,0,0,0,0,0,0,0,0,0,0
420452,1,1,1994,22,22,22,22,22,22,22,22,22,22
420453,1,1,1994,0,0,0,0,0,0,0,0,0,0
420454,1,1,1994,27,27,27,27,27,27,27,27,27,27
420455,1,1,1994,0,0,0,0,0,0,0,0,0,0
420455,2,1,1994,0,0,0,0,0,0,0,0,0,0
420455,3,1,1994,0,0,0,0,0,0,0,0,0,0
420456,1,1,1994,0,0,0,0,7,15,0,0,0,0
420457,1,1,1994,0,0,0,0,0,0,0,0,0,0
420457,2,1,1994,0,0,0,0,0,0,0,0,0,0
420458,1,1,1994,15,12,27,15,25,21,3,18,2,25
420459,1,1,1994,4,19,0,0,17,17,20,0,0,16
420460,1,1,1994,0,0,0,0,0,0,0,0,0,0
420460,2,1,1994,0,0,0,0,0,0,0,0,0,0
420461,1,1,1994,25,25,25,25,25,25,25,25,25,25
420461,2,1,1994,11,11,11,11,11,11,11,11,11,11
420462,1,1,1994,7,7,7,7,7,7,7,7,7,7
420463,1,1,1994,25,25,25,25,25,25,25,25,25,25
420464,0,1,1994,0,0,35,24,14,24,0,0,28,0
420464,1,1,1994,0,0,0,0,0,0,0,0,0,0
420465,1,1,1994,0,0,0,0,0,0,0,0,0,0
420465,2,1,1994,0,0,0,0,0,0,0,0,0,0
420466,1,1,1994,28,28,28,28,28,28,28,28,28,28
420466,2,1,1994,0,0,0,0,0,0,0,18,0,0
420467,1,1,1994,22,22,22,22,22,22,22,22,22,22
420468,1,1,1994,0,0,0,0,0,0,0,0,0,0
420469,1,1,1994,0,0,0,0,0,0,0,0,0,0
420470,1,1,1994,18,18,18,18,18,18,18,18,18,18
420471,1,1,1994,14,10,0,17,10,25,17,6,16,19
420472,1,1,1994,0,0,0,0,0,0,0,0,0,0
420472,2,1,1994,27,27,27,27,27,27,27,27,27,27
420473,1,1,1994,0,0,0,0,0,0,0,0,0,0
420473,2,1,1994,0,5,0,0,0,0,0,0,0,0
420474,1,1,1994,0,0,0,0,0,0,0,0,0,0
420474,2,1,1994,0,0,0,0,0,0,0,0,0,0
420475,1,1,1994,0,0,0,0,0,0,0,0,0,0
420475,2,1,1994,0,0,0,0,0,0,0,0,0,0
420476,1,1,1994,21,21,21,21,21,21,21,21,21,21
420477,1,1,1994,10,10,10,10,10,10,10,10,10,10
420478,1,1,1994,0,0,0,0,0,0,0,0,0,0
420478,2,1,1994,0,0,0,0,0,0,0,0,0,0
420481,1,1,1994,0,0,35,0,0,0,0,9,0,0
420482,1,1,1994,0,0,0,0,0,0,0,0,0,0
420483,0,1,1994,13,0,0,14,0,30,47,11,0,28
420483,1,1,1994,0,0,0,0,6,0,0,0,0,0
420484,1,1,1994,7,0,0,13,0,0,9,0,0,0
420484,2,1,1994,0,0,0,11,0,0,0,17,0,6
420485,1,1,1994,0,0,0,0,0,0,0,17,0,0
420485,2,1,1994,7,26,0,8,0,0,0,0,0,0
420486,0,1,1994,0,0,0,0,0,0,0,0,0,0
420486,0,2,1994,0,0,0,0,0,0,0,0,0,0
420486,1,1,1994,0,0,0,11,0,0,0,0,0,0
420487,0,1,1994,0,0,0,0,0,0,0,0,0,0
420487,1,1,1994,0,0,14,0,0,0,0,0,0,0
420488,0,1,1994,0,0,0,0,0,0,0,0,0,0
420488,1,1,1994,0,0,0,0,0,0,0,0,0,0
420489,1,1,1994,14,14,14,14,14,14,14,14,14,14
420490,1,1,1994,0,0,0,0,0,0,0,0,0,0
420490,2,1,1994,0,0,0,23,0,0,0,0,0,0
420491,1,1,1994,0,0,0,0,0,0,0,0,0,0
420491,2,1,1994,0,0,0,0,0,0,0,0,0,0
420492,1,1,1994,29,29,29,29,29,29,29,29,29,29
420492,2,1,1994,0,0,0,0,0,0,0,0,0,0
420493,1,1,1994,0,0,0,0,0,0,0,0,0,0
420493,2,1,1994,0,0,0,0,0,0,0,0,0,0
420494,1,1,1994,0,0,0,0,0,0,0,0,0,0
420494,2,1,1994,0,0,0,0,0,0,0,0,0,0
420495,0,1,1994,0,0,0,0,0,0,0,0,0,0
420495,1,1,1994,0,0,0,0,0,0,0,0,0,0
420495,2,1,1994,0,0,0,0,0,0,0,0,0,0
420496,1,1,1994,0,0,0,0,0,0,0,0,0,0
420496,2,1,1994,0,0,0,0,0,0,0,0,0,0
420497,1,1,1994,13,12,20,26,0,7,18,11,16,14
420498,1,1,1994,17,17,17,17,17,17,17,17,17,17
420499,1,1,1994,13,13,13,13,13,13,13,13,13,13
420500,1,1,1994,31,31,31,31,31,31,31,31,31,31
420500,2,1,1994,0,0,0,0,0,0,0,0,0,16
420501,1,1,1994,0,0,0,0,0,0,0,0,0,0
420501,2,1,1994,0,0,0,0,0,0,0,0,0,0
420502,1,1,1994,22,22,22,22,22,22,22,22,22,22
420503,1,1,1994,0,0,0,0,0,0,0,0,9,0
420503,2,1,1994,7,6,18,0,0,8,20,0,5,0
420504,1,1,1994,0,0,0,0,0,0,0,0,0,0
420504,2,1,1994,0,0,0,0,0,0,0,0,0,0
420505,0,1,1994,0,0,0,0,0,0,0,0,0,0
420505,1,1,1994,0,0,0,0,0,0,0,0,0,0
420506,1,1,1994,26,26,26,26,26,26,26,26,26,26
420507,1,1,1994,0,0,0,0,0,0,0,0,0,0
420508,1,1,1994,0,0,0,0,0,0,0,0,0,0
420509,1,1,1994,0,0,0,0,0,0,0,0,0,0
420509,2,1,1994,0,0,0,0,0,0,0,0,0,0
420510,1,1,1994,0,0,0,0,0,0,0,0,0,0
420511,1,1,1994,27,27,27,27,27,27,27,27,27,27
420512,1,1,1994,0,0,0,0,0,0,0,0,0,0
420512,2,1,1994,0,0,0,0,0,0,0,0,0,0
420513,1,1,1994,0,0,0,0,0,0,0,0,0,0
420513,2,1,1994,0,0,0,0,0,0,0,0,0,0
420513,3,1,1994,0,0,0,0,0,0,0,0,0,0
420514,1,1,1994,0,0,0,0,0,0,0,0,0,0
420515,0,1,1994,0,0,0,0,0,0,0,0,0,0
420515,0,2,1994,0,0,6,0,0,0,0,0,0,0
420515,1,1,1994,0,0,6,0,0,0,0,0,0,0
420516,1,1,1994,0,0,0,0,0,0,0,0,0,0
420516,2,1,1994,0,8,0,0,0,0,0,0,0,0
420517,1,1,1994,13,13,13,13,13,13,13,13,13,13
420517,2,1,1994,0,23,0,34,0,0,0,0,0,0
420518,1,1,1994,20,20,20,20,20,20,20,20,20,20
420518,2,1,1994,0,0,0,0,0,0,0,0,0,0
420519,1,1,1994,20,20,20,20,20,20,20,20,20,20
420520,1,1,1994,22,21,28,23,5,25,12,10,22,10
420521,1,1,1994,16,16,16,16,16,16,16,16,16,16
420522,1,1,1994,0,0,0,0,0,0,0,0,0,0
420522,2,1,1994,0,0,0,0,0,0,0,0,0,0
420523,1,1,1994,0,0,0,0,0,0,0,0,0,0
420523,2,1,1994,0,0,0,0,0,0,0,0,0,0
420524,1,1,1994,14,16,10,15,17,12,13,23,15,6
420525,1,1,1994,0,0,0,0,0,0,0,0,0,0
420525,2,1,1994,0,0,0,0,0,0,0,0,27,0
420525,3,1,1994,3,3,3,3,3,3,3,3,3,3
420526,1,1,1994,0,0,0,0,0,0,0,0,0,0
420526,2,1,1994,0,0,0,0,0,0,0,0,0,0
420527,1,1,1994,0,0,0,0,0,0,0,0,0,0
420527,2,1,1994,0,0,0,0,0,0,0,0,0,0
420528,1,1,1994,0,0,0,0,0,0,0,0,0,0
420529,0,1,1994,0,0,22,0,0,0,13,0,0,0
420529,1,1,1994,0,0,9,0,7,0,0,0,0,0
420530,1,1,1994,0,0,0,0,0,0,0,0,0,0
420531,1,1,1994,25,25,25,25,25,25,25,25,25,25
420531,2,1,1994,0,5,0,0,0,0,0,0,0,24
420532,1,1,1994,3,3,3,3,3,3,3,3,3,3
420532,2,1,1994,0,0,0,0,0,0,0,0,0,0
420533,1,1,1994,0,0,0,0,0,0,0,0,0,0
420533,2,1,1994,5,5,5,5,5,5,5,5,5,5
420534,1,1,1994,0,0,0,0,0,0,0,0,0,0
420535,1,1,1994,0,0,0,0,0,0,0,0,0,0
420535,2,1,1994,0,0,0,0,0,0,0,0,0,0
420536,1,1,1994,0,0,0,0,0,29,0,18,0,0
420536,2,1,1994,0,0,0,0,0,0,0,0,0,0
420536,3,1,1994,0,0,0,9,0,0,0,0,0,0
420537,1,1,1994,0,0,0,0,0,0,0,0,0,0
420538,1,1,1994,0,0,0,0,0,0,0,0,0,0
420538,2,1,1994,0,0,0,0,0,0,0,0,4,0
420539,1,1,1994,0,0,0,0,0,0,12,0,0,0
420540,0,1,1994,0,0,0,0,0,0,0,0,0,0
420540,1,1,1994,0,0,0,0,0,0,0,0,0,0
420541,1,1,1994,0,0,0,0,0,0,0,0,0,0
420542,1,1,1994,0,0,0,0,0,0,0,0,0,0
420543,1,1,1994,22,22,22,22,22,22,22,22,22,22
420544,1,1,1994,24,24,24,24,24,24,24,24,24,24
420545,1,1,1994,21,21,21,21,21,21,21,21,21,21
420545,2,1,1994,0,0,0,0,0,0,0,0,0,0
420546,1,1,1994,0,0,0,0,0,0,0,0,0,0
420546,2,1,1994,0,0,0,0,0,9,0,0,0,24
420546,3,1,1994,13,0,0,0,20,8,0,0,0,0
420547,1,1,1994,0,0,0,0,0,0,0,0,0,0
420548,1,1,1994,0,0,17,0,0,0,0,0,0,0
420548,2,1,1994,0,0,0,0,0,0,0,14,0,13
420549,1,1,1994,0,0,0,0,0,0,0,0,0,0
420549,2,1,1994,1,1,1,1,1,1,1,1,1,1
420550,1,1,1994,14,14,14,14,14,14,14,14,14,14
420551,1,1,1994,31,31,31,31,31,31,31,31,31,31
420552,1,1,1994,0,0,0,0,0,0,0,0,0,0
420552,2,1,1994,0,0,0,0,0,0,0,0,0,0
420553,1,1,1994,0,0,0,0,0,0,0,0,0,0
420553,2,1,1994,0,0,0,0,0,0,0,0,0,0
420554,1,1,1994,0,0,0,0,0,0,0,0,0,0
420555,1,1,1994,0,0,0,0,0,0,0,0,0,0
420555,2,1,1994,0,0,0,0,0,0,0,0,0,0
420556,1,1,1994,0,0,0,0,0,0,0,0,0,0
420556,2,1,1994,0,0,0,0,0,0,0,0,0,0
420557,1,1,1994,0,0,0,0,0,0,0,0,0,0
420558,1,1,1994,0,0,0,0,0,0,0,0,0,0
420558,2,1,1994,0,0,0,0,0,0,0,10,0,0
420559,1,1,1994,15,15,15,15,15,15,15,15,15,15
420560,1,1,1994,0,0,0,0,0,0,0,0,0,0
420561,1,1,1994,0,0,0,0,0,0,0,0,0,0
420562,0,1,1994,0,0,0,0,0,0,0,0,0,0
420562,1,1,1994,18,18,18,18,18,18,18,18,18,18
420563,1,1,1994,19,19,19,19,19,19,19,19,19,19
420564,1,1,1994,0,0,0,0,0,0,0,0,0,0
420564,2,1,1994,0,0,0,0,0,0,0,0,0,0
420565,1,1,1994,0,11,7,0,0,17,17,10,0,26
420566,1,1,1994,19,0,28,0,4,15,11,0,0,13
420567,1,1,1994,0,0,0,0,0,0,0,0,0,0
420567,2,1,1994,0,0,29,0,0,0,0,10,0,0
420568,1,1,1994,0,0,0,12,0,6,8,0,8,0
420568,2,1,1994,12,9,10,0,0,0,0,0,0,0
420569,0,1,1994,0,0,0,0,0,0,0,0,0,0
420569,1,1,1994,0,0,0,0,0,0,0,0,0,0
420570,1,1,1994,16,16,16,16,16,16,16,16,16,16
420571,1,1,1994,0,0,0,0,0,0,0,0,0,0
420571,2,1,1994,0,0,0,0,0,0,0,0,0,0
420571,3,1,1994,0,14,0,0,0,0,0,0,0,0
420572,1,1,1994,0,0,0,0,0,0,0,0,0,0
420572,2,1,1994,0,0,0,0,0,0,0,0,0,0
420572,3,1,1994,0,0,0,0,3,0,0,0,0,0
420573,1,1,1994,0,0,0,0,0,0,0,0,5,0
420573,2,1,1994,21,0,0,0,0,0,0,0,0,10
420573,3,1,1994,0,0,0,0,0,0,0,0,0,0
420573,4,1,1994,0,0,0,0,12,0,0,0,0,0
420574,1,1,1994,18,18,18,18,18,18,18,18,18,18
420575,1,1,1994,0,0,0,0,0,0,0,0,0,0
420575,2,1,1994,0,0,0,0,0,0,0,0,0,0
420576,1,1,1994,16,14,14,0,12,0,37,14,14,0
420576,2,1,1994,0,0,0,0,0,0,0,0,0,0
420577,1,1,1994,15,28,23,33,8,15,13,9,13,0
420578,1,1,1994,3,3,3,3,3,3,3,3,3,3
420578,2,1,1994,0,0,0,0,0,0,0,0,0,0
420578,3,1,1994,0,0,0,0,0,0,0,0,0,0
420579,1,1,1994,0,0,0,0,0,0,0,0,0,0
420579,2,1,1994,1,1,1,1,1,1,1,1,1,1
420580,1,1,1994,0,0,0,0,0,0,0,0,0,0
420581,1,1,1994,0,0,0,0,0,0,0,0,0,0
420582,1,1,1994,0,0,0,0,0,0,0,0,0,0
420583,1,1,1994,0,0,0,0,0,0,0,0,0,0
420583,2,1,1994,0,0,0,0,0,0,0,0,0,0
420584,1,1,1994,3,3,3,3,3,3,3,3,3,3
420584,2,1,1994,0,0,0,0,0,0,0,0,0,0
420585,1,1,1994,19,19,19,19,19,19,19,19,19,19
420585,2,1,1994,0,0,0,0,0,0,0,0,0,0
420586,1,1,1994,0,0,0,0,0,0,0,0,0,0
420586,2,1,1994,0,0,0,0,0,0,0,0,0,0
420587,0,1,1994,15,31,0,0,0,0,0,25,0,0
420587,1,1,1994,0,0,0,0,0,0,0,0,0,0
420588,1,1,1994,17,0,11,16,17,6,13,0,18,9
420589,1,1,1994,5,0,0,0,0,0,0,0,0,0
420589,2,1,1994,0,0,8,0,12,11,0,20,0,0
420590,1,1,1994,0,0,0,0,0,0,0,0,0,0
420590,2,1,1994,0,0,0,0,0,0,0,0,0,0
420590,3,1,1994,0,0,0,0,0,0,0,0,0,0
420590,4,1,1994,0,0,0,0,0,0,0,0,0,0
420591,1,1,1994,0,0,0,0,0,0,0,14,0,0
420591,2,1,1994,0,0,0,0,0,0,0,0,0,0
420592,1,1,1994,12,12,12,12,12,12,12,12,12,12
420592,2,1,1994,14,10,0,17,15,10,20,12,20,16
420593,1,1,1994,18,18,18,18,18,18,18,18,18,18
420594,1,1,1994,0,0,0,0,0,0,0,0,0,0
420594,2,1,1994,0,0,0,0,0,0,0,0,0,0
420595,1,1,1994,9,9,9,9,9,9,9,9,9,9
420595,2,1,1994,0,0,0,0,0,0,0,0,0,0
420596,1,1,1994,0,0,0,0,0,0,0,0,0,0
420597,1,1,1994,0,0,0,0,0,0,0,0,0,0
420597,2,1,1994,9,0,14,0,0,17,0,0,0,7
420598,1,1,1994,0,0,0,0,0,0,0,0,0,0
420599,1,1,1994,30,30,30,30,30,30,30,30,30,30
420600,1,1,1994,0,0,0,0,0,0,0,0,0,0
420600,2,1,1994,0,0,0,0,0,0,0,0,0,0
420601,1,1,1994,18,18,18,18,18,18,18,18,18,18
420602,1,1,1994,0,0,0,0,0,0,0,0,0,0
420603,1,1,1994,0,0,0,0,0,0,0,0,0,0
420604,1,1,1994,17,17,17,17,17,17,17,17,17,17
420605,1,1,1994,0,0,0,0,0,0,0,0,0,0
420605,2,1,1994,0,0,0,22,0,5,0,0,0,6
420606,1,1,1994,0,0,0,0,0,0,0,0,0,0
420607,1,1,1994,0,0,0,0,0,0,0,0,0,0
420607,2,1,1994,0,22,0,0,0,0,0,0,0,0
420608,1,1,1994,0,0,0,0,0,0,0,0,0,0
420608,2,1,1994,0,0,0,0,0,0,0,0,0,0
420609,1,1,1994,14,24,15,4,37,20,13,20,20,22
420610,1,1,1994,8,21,15,19,20,13,10,16,9,10
420610,2,1,1994,0,10,0,0,0,4,0,0,7,0
420611,0,1,1994,0,0,0,0,0,0,0,0,0,0
420611,1,1,1994,0,0,18,26,0,0,0,0,27,33
420612,1,1,1994,22,22,22,22,22,22,22,22,22,22
420613,1,1,1994,0,0,10,2,2,7,0,11,0,0
420614,1,1,1994,0,0,0,0,0,0,0,0,0,0
420615,1,1,1994,0,0,0,0,0,0,0,0,0,0
420615,2,1,1994,0,19,0,0,0,0,0,0,0,0
420616,0,1,1994,0,24,0,0,0,0,0,0,0,9
420616,1,1,1994,0,0,0,0,0,0,0,0,0,0
420617,1,1,1994,0,0,0,0,0,0,0,0,0,0
420618,1,1,1994,26,26,26,26,26,26,26,26,26,26
420619,1,1,1994,0,0,0,0,0,0,0,0,0,0
420619,2,1,1994,0,0,0,0,0,0,0,0,0,0
420620,1,1,1994,19,0,11,0,0,0,0,0,16,13
420620,2,1,1994,1,1,1,1,1,1,1,1,1,1
420621,1,1,1994,18,18,18,18,18,18,18,18,18,18
420622,1,1,1994,15,15,15,15,15,15,15,15,15,15
420622,2,1,1994,0,0,0,0,0,0,0,0,0,0
420623,1,1,1994,0,0,0,0,0,0,0,0,0,0
420624,1,1,1994,0,0,0,0,0,0,0,0,0,0
420625,1,1,1994,11,11,11,11,11,11,11,11,11,11
420626,1,1,1994,0,0,0,0,0,0,0,0,0,0
420626,2,1,1994,0,0,0,0,0,0,0,0,0,0
420627,1,1,1994,17,17,17,17,17,17,17,17,17,17
420627,2,1,1994,5,28,10,6,9,12,9,16,0,27
420628,1,1,1994,0,0,0,0,0,0,0,0,0,21
420628,2,1,1994,0,0,0,0,0,0,0,0,0,0
420629,1,1,1994,9,4,2,17,16,14,9,0,0,0
420629,2,1,1994,0,0,0,0,0,0,0,0,0,0
420630,1,1,1994,12,12,12,12,12,12,12,12,12,12
420631,1,1,1994,0,0,0,0,0,0,0,0,0,0
420631,2,1,1994,0,0,0,0,0,0,0,0,0,0
420631,3,1,1994,0,0,0,0,0,0,0,0,0,0
420631,4,1,1994,0,0,0,0,0,0,0,0,0,0
420632,1,1,1994,0,0,0,0,0,0,0,0,0,0
420632,2,1,1994,0,0,0,0,0,0,0,0,0,0
420633,1,1,1994,0,0,0,8,13,0,9,18,0,0
420633,2,1,1994,1,1,1,1,1,1,1,1,1,1
420634,1,1,1994,13,13,13,13,13,13,13,13,13,13
420634,2,1,1994,0,0,0,0,0,0,0,0,0,0
420635,1,1,1994,39,39,39,39,39,39,39,39,39,39
420636,1,1,1994,0,0,0,0,0,0,0,0,0,0
420637,1,1,1994,0,0,0,0,0,0,0,0,0,0
420637,2,1,1994,0,0,0,0,0,0,0,0,0,0
420638,1,1,1994,1,1,1,1,1,1,1,1,1,1
420638,2,1,1994,0,0,0,0,0,0,0,0,0,0
420639,1,1,1994,0,0,0,0,0,0,0,0,0,0
420639,2,1,1994,0,0,0,0,8,0,0,0,0,0
420640,1,1,1994,0,0,12,0,0,0,0,0,0,0
420641,1,1,1994,0,0,0,0,0,0,0,0,0,0
420641,2,1,1994,0,0,0,0,0,0,0,0,0,0
420642,1,1,1994,13,13,13,13,13,13,13,13,13,13
420643,1,1,1994,0,0,0,0,0,4,0,5,9,0
420644,1,1,1994,21,21,21,21,21,21,21,21,21,21
420645,1,1,1994,15,21,10,29,46,24,23,14,0,27
420645,2,1,1994,0,0,0,0,0,27,0,15,0,0
420646,1,1,1994,28,28,28,28,28,28,28,28,28,28
420647,0,1,1994,0,0,0,0,0,0,0,0,0,0
420647,1,1,1994,0,0,0,0,0,0,0,0,0,0
420648,1,1,1994,0,0,0,0,0,0,0,0,0,0
420649,0,1,1994,0,0,0,0,0,0,0,0,0,0
420649,1,1,1994,0,0,0,0,0,0,0,0,0,0
420650,1,1,1994,0,0,0,0,0,0,0,0,0,0
420650,2,1,1994,0,0,0,0,0,0,0,0,0,0
420651,0,1,1994,0,0,0,0,0,0,0,0,0,0
420651,1,1,1994,0,0,0,0,0,0,0,0,0,0
420652,1,1,1994,22,10,0,0,2,0,0,0,0,0
420652,2,1,1994,0,0,0,0,0,0,0,0,0,0
420653,1,1,1994,22,22,22,22,22,22,22,22,22,22
420654,1,1,1994,0,0,0,0,0,0,0,0,0,0
420654,2,1,1994,20,0,0,0,0,0,0,0,0,0
420655,1,1,1994,25,25,25,25,25,25,25,25,25,25
420656,0,1,1994,22,22,22,22,22,22,22,22,22,22
420656,1,1,1994,0,0,0,0,0,0,0,0,0,0
420657,1,1,1994,0,0,0,0,0,0,0,0,0,0
420657,2,1,1994,0,0,0,0,0,0,0,0,0,0
420658,1,1,1994,0,0,0,0,0,0,0,0,0,0
420658,2,1,1994,0,0,0,0,0,0,0,0,0,0
420659,1,1,1994,22,22,22,22,22,22,22,22,22,22
420659,2,1,1994,0,0,0,0,0,0,0,0,0,0
420660,1,1,1994,21,21,21,21,21,21,21,21,21,21
420661,1,1,1994,0,0,0,0,0,0,0,36,0,0
420661,2,1,1994,0,0,0,4,0,0,0,0,0,0
420661,3,1,1994,0,0,0,0,0,0,0,0,0,0
420662,0,1,1994,0,0,0,0,0,0,0,0,0,0
420662,1,1,1994,0,0,0,0,0,0,0,0,0,0
420663,1,1,1994,28,28,28,28,28,28,28,28,28,28
420664,1,1,1994,0,0,0,0,0,0,0,5,0,0
420665,1,1,1994,17,17,17,17,17,17,17,17,17,17
420665,2,1,1994,0,0,0,0,0,0,0,0,0,0
420666,1,1,1994,0,0,0,0,0,0,0,0,0,0
420667,1,1,1994,0,0,0,0,0,0,0,0,0,0
420667,2,1,1994,0,0,0,0,0,0,0,0,0,0
420667,3,1,1994,0,0,0,0,0,0,0,6,0,0
420668,1,1,1994,0,0,0,0,0,0,0,0,0,0
420668,2,1,1994,0,16,0,0,0,0,0,0,0,0
420669,1,1,1994,26,26,26,26,26,26,26,26,26,26
420671,0,1,1994,0,0,0,0,0,0,0,0,0,0
420671,1,1,1994,0,0,0,0,0,0,0,0,0,0
420672,0,1,1994,13,24,0,2,0,0,22,31,22,11
420672,1,1,1994,0,0,0,0,0,0,0,0,0,8
420673,1,1,1994,0,0,0,0,0,5,0,0,0,0
420674,1,1,1994,9,9,9,9,9,9,9,9,9,9
420675,1,1,1994,0,0,0,0,0,0,0,0,0,15
420675,2,1,1994,0,0,0,0,0,15,0,0,0,0
420676,1,1,1994,25,25,25,25,25,25,25,25,25,25
420677,1,1,1994,0,0,0,0,0,0,0,0,0,0
420677,2,1,1994,0,0,0,0,0,0,0,0,0,0
420678,1,1,1994,0,0,0,0,0,0,0,0,0,0
420678,2,1,1994,0,0,0,0,0,25,0,0,0,0
420679,0,1,1994,0,0,15,0,0,15,0,0,0,0
420679,1,1,1994,0,0,0,0,0,0,0,0,0,0
420680,1,1,1994,0,0,0,0,0,0,0,0,0,0
420681,1,1,1994,0,0,0,0,0,0,0,0,0,0
420681,2,1,1994,0,0,0,0,0,0,0,0,0,0
420682,1,1,1994,0,0,0,0,0,0,0,0,0,0
420682,2,1,1994,0,0,0,0,0,0,0,0,0,0
420683,1,1,1994,21,21,21,21,21,21,21,21,21,21
420684,1,1,1994,20,20,20,20,20,20,20,20,20,20
420685,0,1,1994,0,0,0,0,0,0,0,0,0,0
420685,1,1,1994,0,0,11,0,0,12,0,28,0,0
420685,2,1,1994,25,0,0,0,16,0,19,33,0,9
420686,0,1,1994,0,0,0,0,0,0,0,0,0,0
420686,1,1,1994,0,0,0,0,23,0,0,0,0,0
420687,1,1,1994,11,27,18,9,19,14,9,33,31,21
420688,0,1,1994,0,0,0,0,0,0,0,0,0,0
420688,0,2,1994,0,0,0,0,0,0,0,0,0,0
420688,1,1,1994,18,11,0,0,0,2,0,0,0,0
420689,1,1,1994,0,0,0,0,0,0,0,0,0,0
420689,2,1,1994,16,0,0,0,8,21,0,0,0,19
420690,1,1,1994,0,0,0,0,0,0,0,0,14,0
420690,2,1,1994,0,0,0,0,0,0,0,0,0,0