ST_CASE,VEH_NO,PER_NO,YEAR,P1,P2,P3,P4,P5,P6,P7,P8,P9,P10
420691,1,1,1994,0,0,0,0,0,0,2,0,14,0
420691,2,1,1994,0,0,0,0,0,0,0,0,0,0
420692,1,1,1994,12,15,22,9,29,18,15,8,9,0
420693,1,1,1994,0,0,0,5,0,0,0,0,0,0
420693,2,1,1994,0,0,0,0,0,0,0,0,0,0
420694,1,1,1994,0,0,13,14,28,0,17,31,7,0
420695,1,1,1994,0,0,0,0,0,0,0,0,0,0
420695,2,1,1994,0,0,0,0,0,0,0,0,0,0
420696,0,1,1994,0,0,0,0,0,0,0,0,0,0
420696,0,2,1994,0,0,0,0,0,0,0,0,0,0
420696,1,1,1994,16,16,16,16,16,16,16,16,16,16
420697,0,1,1994,0,0,0,0,0,0,0,0,0,0
420697,1,1,1994,0,0,0,0,0,0,0,0,0,0
420698,1,1,1994,16,16,16,16,16,16,16,16,16,16
420698,2,1,1994,0,0,0,0,0,0,0,0,0,0
420699,1,1,1994,11,0,0,0,14,8,0,7,0,32
420699,2,1,1994,0,0,0,0,0,0,0,0,30,0
420700,0,1,1994,26,26,26,26,26,26,26,26,26,26
420700,1,1,1994,0,0,0,0,0,0,0,0,0,0
420701,1,1,1994,0,0,0,0,0,0,0,0,0,0
420702,1,1,1994,29,29,29,29,29,29,29,29,29,29
420703,1,1,1994,0,0,0,0,0,0,0,0,0,0
420703,2,1,1994,0,0,0,0,0,0,0,0,0,0
420704,0,1,1994,16,16,16,16,16,16,16,16,16,16
420704,1,1,1994,0,0,0,0,0,0,0,0,0,0
420705,1,1,1994,0,0,0,0,0,0,0,0,0,0
420705,2,1,1994,0,0,0,0,0,18,0,0,0,0
420706,1,1,1994,0,0,0,0,0,0,0,0,0,0
420706,2,1,1994,0,0,0,0,0,0,0,0,0,0
420707,1,1,1994,0,0,0,0,0,0,0,0,0,0
420707,2,1,1994,0,0,0,0,0,0,0,0,0,0
420708,0,1,1994,0,0,0,0,0,0,0,0,0,0
420708,1,1,1994,0,0,0,0,0,0,0,0,17,0
420709,0,1,1994,0,0,0,0,0,0,0,0,0,0
420709,1,1,1994,0,0,0,0,0,0,0,0,0,0
420710,1,1,1994,26,26,26,26,26,26,26,26,26,26
420711,1,1,1994,0,0,0,0,0,0,0,0,0,0
420711,2,1,1994,0,0,0,0,0,0,0,0,0,0
420712,1,1,1994,0,0,0,0,0,0,0,0,0,0
420713,1,1,1994,26,26,26,26,26,26,26,26,26,26
420713,2,1,1994,0,0,0,0,0,17,53,0,0,0
420714,1,1,1994,21,21,21,21,21,21,21,21,21,21
420715,1,1,1994,12,12,12,12,12,12,12,12,12,12
420716,1,1,1994,0,0,0,0,0,0,0,0,0,0
420716,2,1,1994,0,0,14,0,0,0,0,0,0,0
420717,0,1,1994,0,4,0,0,0,20,0,0,13,27
420717,1,1,1994,0,0,17,0,0,0,0,0,0,0
420718,1,1,1994,0,0,0,0,0,0,0,8,0,0
420718,2,1,1994,0,0,0,0,0,0,0,0,0,0
420719,1,1,1994,14,14,14,14,14,14,14,14,14,14
420720,1,1,1994,0,0,0,0,0,0,0,0,0,0
420721,1,1,1994,0,0,25,0,0,0,0,0,12,0
420722,1,1,1994,0,0,0,22,0,17,0,0,0,0
420722,2,1,1994,0,0,0,0,0,0,0,0,0,0
420723,1,1,1994,0,0,0,0,0,0,0,0,0,0
420723,2,1,1994,0,0,0,0,0,0,0,0,0,0
420724,0,1,1994,25,25,25,25,25,25,25,25,25,25
420724,1,1,1994,0,0,0,0,0,0,0,0,0,0
420725,1,1,1994,0,0,0,0,0,0,0,0,0,0
420725,2,1,1994,0,0,0,0,0,0,0,0,0,0
420726,1,1,1994,12,12,12,12,12,12,12,12,12,12
420727,1,1,1994,0,0,0,0,0,0,0,0,0,0
420727,2,1,1994,0,0,0,0,0,0,0,0,0,0
420728,1,1,1994,11,11,11,11,11,11,11,11,11,11
420729,1,1,1994,0,0,0,0,0,0,0,0,0,0
420730,1,1,1994,0,0,0,0,0,0,0,0,0,0
420730,2,1,1994,0,0,0,0,0,0,0,0,0,0
420731,1,1,1994,0,0,0,0,0,0,0,0,0,0
420732,1,1,1994,22,22,22,22,22,22,22,22,22,22
420733,1,1,1994,12,8,23,12,17,16,24,20,21,15
420733,2,1,1994,0,0,0,0,3,0,0,0,0,0
420734,0,1,1994,0,0,29,18,0,0,13,15,23,27
420734,1,1,1994,11,27,17,20,26,22,27,7,0,13
420735,1,1,1994,0,0,0,0,0,0,0,0,0,0
420735,2,1,1994,0,0,0,0,0,0,0,0,0,0
420736,0,1,1994,18,0,0,0,0,0,0,0,0,0
420736,1,1,1994,0,0,0,0,0,0,0,0,0,0
420737,1,1,1994,0,0,0,0,0,0,0,0,0,0
420737,2,1,1994,0,0,0,0,0,0,0,0,0,0
420738,1,1,1994,28,28,28,28,28,28,28,28,28,28
420738,2,1,1994,0,0,0,0,0,0,0,0,0,0
420739,1,1,1994,0,0,0,0,0,0,0,0,0,0
420739,2,1,1994,0,0,0,0,0,0,0,0,0,0
420740,1,1,1994,9,8,19,8,0,20,2,18,0,24
420741,1,1,1994,26,26,26,26,26,26,26,26,26,26
420742,1,1,1994,18,18,18,18,18,18,18,18,18,18
420742,2,1,1994,0,0,0,0,0,0,0,0,0,0
420743,1,1,1994,0,0,0,0,0,0,0,0,0,0
420743,2,1,1994,0,0,0,0,0,0,0,0,0,0
420744,1,1,1994,18,18,18,18,18,18,18,18,18,18
420745,1,1,1994,0,0,0,0,11,0,0,0,0,0
420746,1,1,1994,8,8,8,8,8,8,8,8,8,8
420746,2,1,1994,0,0,0,16,0,0,0,0,0,0
420746,3,1,1994,0,0,0,0,0,0,0,0,0,0
420746,4,1,1994,0,0,0,0,0,0,0,0,0,0
420747,0,1,1994,0,0,0,0,0,0,0,0,0,0
420747,1,1,1994,0,0,0,0,0,0,0,0,0,0
420748,1,1,1994,0,0,0,0,0,0,0,0,0,0
420748,2,1,1994,9,17,0,13,0,0,9,14,0,10
420748,3,1,1994,0,0,0,0,0,0,0,0,0,0
420749,1,1,1994,0,8,0,0,0,0,0,0,0,0
420750,1,1,1994,0,0,0,0,0,0,0,0,0,0
420750,2,1,1994,0,0,0,0,0,0,0,0,0,0
420751,1,1,1994,0,0,0,6,0,0,0,0,0,0
420752,1,1,1994,16,16,16,16,16,16,16,16,16,16
420753,1,1,1994,0,0,0,0,0,0,0,0,0,0
420753,2,1,1994,0,0,0,0,0,0,0,0,0,0
420754,0,1,1994,35,35,35,35,35,35,35,35,35,35
420754,1,1,1994,0,0,0,0,0,0,0,0,0,0
420755,1,1,1994,0,0,0,0,0,0,0,0,0,0
420756,0,1,1994,0,0,0,0,0,0,9,0,18,30
420756,0,2,1994,0,39,32,0,0,0,0,15,14,0
420756,1,1,1994,0,0,15,0,0,0,0,0,0,0
420757,1,1,1994,0,0,0,0,0,0,0,0,0,0
420758,1,1,1994,0,0,0,0,0,0,0,0,0,0
420759,1,1,1994,17,17,17,17,17,17,17,17,17,17
420760,1,1,1994,0,0,0,14,0,0,0,0,0,0
420760,2,1,1994,0,0,0,0,0,0,0,0,0,0
420760,3,1,1994,0,0,0,0,0,0,0,0,0,0
420761,1,1,1994,0,4,9,10,11,20,0,0,0,0
420761,2,1,1994,0,0,0,0,0,0,0,0,0,0
420762,1,1,1994,0,0,0,0,0,0,0,0,0,0
420763,1,1,1994,0,0,0,0,0,0,0,0,0,0
420763,2,1,1994,0,0,0,0,0,0,0,0,0,0
420764,1,1,1994,0,0,0,0,0,0,0,0,0,0
420765,1,1,1994,0,0,0,0,0,0,0,0,0,0
420765,2,1,1994,0,0,0,0,0,0,0,0,0,0
420766,1,1,1994,0,0,0,0,0,0,0,0,0,0
420766,2,1,1994,0,0,0,0,0,0,0,0,0,0
420767,1,1,1994,0,0,0,0,0,0,0,0,0,0
420767,2,1,1994,0,0,0,0,0,0,0,0,0,0
420768,1,1,1994,0,0,0,0,0,0,0,0,0,0
420769,1,1,1994,0,0,0,0,0,0,0,0,0,0
420769,2,1,1994,0,0,0,0,8,8,11,0,0,17
420770,1,1,1994,13,13,13,13,13,13,13,13,13,13
420770,2,1,1994,0,0,0,0,0,0,0,0,0,0
420771,1,1,1994,25,25,25,25,25,25,25,25,25,25
420772,1,1,1994,27,27,27,27,27,27,27,27,27,27
420773,1,1,1994,0,0,15,14,10,25,42,9,19,14
420774,1,1,1994,26,26,26,26,26,26,26,26,26,26
420775,1,1,1994,13,13,13,13,13,13,13,13,13,13
420776,0,1,1994,0,0,0,0,0,0,0,0,0,0
420776,0,2,1994,0,0,0,0,0,0,0,0,0,0
420776,1,1,1994,12,15,29,10,3,15,8,43,22,0
420777,1,1,1994,0,0,0,0,0,0,0,0,0,0
420778,1,1,1994,32,32,32,32,32,32,32,32,32,32
420778,2,1,1994,0,0,0,31,14,0,13,5,0,5
420779,0,1,1994,0,13,11,0,0,0,21,9,0,40
420779,1,1,1994,0,11,0,0,0,0,17,0,0,0
420780,1,1,1994,14,14,14,14,14,14,14,14,14,14
420781,1,1,1994,6,6,6,6,6,6,6,6,6,6
420782,0,1,1994,0,0,0,0,0,0,0,0,0,0
420782,1,1,1994,0,0,0,20,27,0,11,0,0,0
420783,1,1,1994,22,12,11,25,0,0,0,23,0,0
420784,1,1,1994,0,0,0,0,0,0,0,0,0,0
420785,1,1,1994,40,40,40,40,40,40,40,40,40,40
420786,1,1,1994,0,0,0,0,0,0,0,18,0,0
420786,2,1,1994,0,10,0,0,0,0,0,12,0,0
420787,1,1,1994,0,0,0,0,20,0,0,0,13,0
420787,2,1,1994,0,0,0,0,0,0,0,0,0,0
420788,1,1,1994,18,18,18,18,18,18,18,18,18,18
420788,2,1,1994,0,0,0,0,0,4,0,11,0,0
420789,1,1,1994,0,0,0,0,0,0,0,0,0,0
420789,2,1,1994,0,0,0,0,0,0,0,0,0,0
420790,0,1,1994,0,0,0,0,0,0,0,0,0,0
420790,1,1,1994,15,15,15,15,15,15,15,15,15,15
420791,1,1,1994,0,0,0,0,0,0,0,0,0,0
420791,2,1,1994,9,0,0,0,0,0,0,0,0,20
420791,3,1,1994,0,0,0,0,0,0,0,0,0,0
420792,1,1,1994,0,0,0,0,0,0,0,0,0,0
420793,0,1,1994,0,0,0,0,0,0,0,0,0,0
420793,1,1,1994,18,18,18,18,18,18,18,18,18,18
420794,1,1,1994,16,21,37,18,39,18,10,7,11,15
420794,2,1,1994,0,25,17,9,0,19,15,17,15,9
420795,1,1,1994,0,0,0,0,0,0,0,0,0,0
420795,2,1,1994,0,0,0,0,0,0,0,11,0,0
420796,1,1,1994,0,0,0,0,0,0,0,0,0,0
420796,2,1,1994,0,0,0,0,0,0,0,0,0,0
420797,1,1,1994,0,0,0,0,0,0,0,0,0,0
420797,2,1,1994,0,0,0,0,0,0,0,0,0,0
420798,1,1,1994,17,17,17,17,17,17,17,17,17,17
420799,1,1,1994,0,0,0,0,0,0,0,0,0,0
420800,0,1,1994,10,10,10,10,10,10,10,10,10,10
420800,1,1,1994,0,0,0,0,0,0,0,4,0,0
420801,1,1,1994,0,0,0,0,0,0,0,0,0,0
420801,2,1,1994,0,8,11,0,31,18,0,0,0,11
420802,1,1,1994,27,27,27,27,27,27,27,27,27,27
420802,2,1,1994,0,0,0,0,0,0,0,0,0,0
420803,1,1,1994,0,0,0,0,0,0,0,0,0,0
420803,2,1,1994,0,0,0,0,10,0,0,0,0,0
420804,1,1,1994,0,0,0,0,0,0,0,0,0,0
420804,2,1,1994,0,0,0,0,0,0,0,0,0,0
420805,0,1,1994,0,0,0,19,28,21,32,0,0,19
420805,1,1,1994,10,10,10,10,10,10,10,10,10,10
420806,1,1,1994,0,0,0,7,0,14,0,0,0,0
420806,2,1,1994,11,23,10,28,6,23,6,19,11,15
420807,1,1,1994,15,15,15,15,15,15,15,15,15,15
420808,1,1,1994,0,0,0,0,0,0,0,0,0,0
420808,2,1,1994,0,0,0,0,0,0,0,0,0,0
420809,1,1,1994,21,6,19,30,23,0,16,19,0,15
420810,1,1,1994,0,0,0,0,0,0,0,0,0,0
420811,1,1,1994,0,0,0,0,0,0,0,0,0,0
420811,2,1,1994,0,0,0,0,0,0,0,0,0,0
420812,1,1,1994,0,0,0,0,0,0,0,0,0,0
420812,2,1,1994,0,0,0,0,0,0,0,0,0,0
420813,1,1,1994,0,0,0,0,0,0,0,0,0,0
420814,1,1,1994,21,21,21,21,21,21,21,21,21,21
420815,1,1,1994,0,0,0,0,0,0,0,0,0,0
420815,2,1,1994,0,0,0,0,0,0,0,0,0,0
420816,0,1,1994,0,0,0,0,0,0,0,0,0,0
420816,1,1,1994,0,0,0,0,0,0,0,0,0,0
420817,1,1,1994,9,18,0,0,0,0,15,0,0,27
420817,2,1,1994,0,0,0,0,0,0,0,0,0,0
420818,1,1,1994,25,25,25,25,25,25,25,25,25,25
420819,1,1,1994,17,17,17,17,17,17,17,17,17,17
420820,1,1,1994,5,5,5,5,5,5,5,5,5,5
420820,2,1,1994,0,0,0,0,0,0,0,0,0,0
420821,1,1,1994,0,0,0,0,0,0,0,24,0,13
420822,1,1,1994,5,14,23,0,29,0,20,0,32,0
420823,0,1,1994,17,17,17,17,17,17,17,17,17,17
420823,1,1,1994,0,0,0,0,0,0,0,0,0,0
420824,1,1,1994,0,0,0,0,0,0,0,0,0,0
420824,2,1,1994,0,0,0,0,0,0,0,0,0,0
420825,1,1,1994,21,25,26,30,21,14,16,26,0,30
420826,1,1,1994,27,27,27,27,27,27,27,27,27,27
420826,2,1,1994,0,0,0,0,0,0,0,0,0,0
420827,1,1,1994,0,0,0,0,0,0,0,0,0,0
420828,1,1,1994,0,0,0,0,0,0,0,0,0,0
420828,2,1,1994,0,0,0,0,0,0,0,0,0,0
420829,0,1,1994,0,0,0,0,14,0,25,0,0,32
420829,1,1,1994,12,33,47,27,14,11,21,14,0,17
420830,0,1,1994,0,0,0,0,0,0,0,0,0,0
420830,1,1,1994,11,11,11,11,11,11,11,11,11,11
420831,1,1,1994,0,0,0,0,0,0,0,0,0,0
420831,2,1,1994,0,0,0,0,0,0,0,0,0,0
420832,1,1,1994,0,0,0,0,0,0,0,0,0,0
420833,1,1,1994,10,10,10,10,10,10,10,10,10,10
420833,2,1,1994,0,0,0,0,0,0,0,0,0,0
420834,1,1,1994,0,6,5,18,6,10,7,20,4,0
420834,2,1,1994,0,0,0,0,0,0,0,0,0,0
420835,1,1,1994,0,0,0,0,0,0,0,0,0,0
420835,2,1,1994,0,0,0,0,0,0,0,0,0,0
420836,1,1,1994,6,0,0,4,0,11,31,0,4,0
420837,1,1,1994,4,4,4,4,4,4,4,4,4,4
420837,2,1,1994,0,0,0,6,0,0,0,0,0,0
420837,3,1,1994,17,0,0,0,0,0,0,0,0,0
420838,1,1,1994,19,19,19,19,19,19,19,19,19,19
420839,1,1,1994,10,10,10,10,10,10,10,10,10,10
420839,2,1,1994,0,0,0,0,0,0,0,0,0,0
420840,1,1,1994,0,0,0,0,0,0,0,0,0,0
420840,2,1,1994,0,0,0,0,0,7,0,0,0,0
420841,1,1,1994,18,18,18,18,18,18,18,18,18,18
420842,1,1,1994,0,0,0,0,0,0,0,0,0,0
420842,2,1,1994,0,0,0,0,5,0,0,0,0,0
420843,1,1,1994,0,0,0,0,0,0,0,0,0,0
420843,2,1,1994,0,0,0,0,0,0,0,0,0,0
420844,1,1,1994,0,0,0,0,0,0,0,0,0,0
420844,2,1,1994,0,0,0,0,20,0,0,0,0,0
420845,1,1,1994,27,27,27,27,27,27,27,27,27,27
420846,1,1,1994,25,25,25,25,25,25,25,25,25,25
420847,1,1,1994,14,15,21,19,5,8,25,18,16,17
420847,2,1,1994,0,0,0,14,0,0,0,0,0,0
420848,1,1,1994,35,35,35,35,35,35,35,35,35,35
420849,1,1,1994,11,10,8,21,0,0,19,5,5,0
420850,1,1,1994,25,25,25,25,25,25,25,25,25,25
420851,1,1,1994,23,23,23,23,23,23,23,23,23,23
420852,0,1,1994,0,0,0,0,0,0,0,0,0,0
420852,1,1,1994,0,0,0,0,0,0,0,0,0,0
420853,1,1,1994,0,0,0,0,0,0,0,0,0,0
420853,2,1,1994,0,0,0,0,0,0,0,0,0,0
420854,1,1,1994,15,15,15,15,15,15,15,15,15,15
420854,2,1,1994,0,0,7,0,0,0,0,0,0,0
420855,1,1,1994,0,0,0,0,0,0,0,0,0,0
420855,2,1,1994,0,0,0,0,0,0,0,0,0,0
420856,1,1,1994,0,0,0,0,0,0,0,0,0,0
420856,2,1,1994,0,0,0,0,0,0,0,0,0,0
420857,1,1,1994,33,33,33,33,33,33,33,33,33,33
420858,1,1,1994,0,0,0,0,0,0,0,0,0,0
420859,1,1,1994,0,0,0,0,0,0,0,0,0,0
420860,1,1,1994,0,13,0,0,8,0,0,0,0,0
420861,0,1,1994,12,0,22,0,22,0,17,0,20,0
420861,1,1,1994,11,11,11,11,11,11,11,11,11,11
420862,1,1,1994,39,39,39,39,39,39,39,39,39,39
420863,1,1,1994,0,0,0,0,0,0,0,0,0,0
420863,2,1,1994,9,9,9,9,9,9,9,9,9,9
420863,3,1,1994,0,0,0,0,0,0,7,0,0,27
420864,1,1,1994,0,0,0,0,0,0,0,0,0,0
420864,2,1,1994,0,0,0,0,0,0,0,0,0,0
420866,1,1,1994,24,24,24,24,24,24,24,24,24,24
420866,2,1,1994,0,0,0,0,0,0,0,0,0,0
420867,1,1,1994,0,0,0,0,0,0,0,0,0,0
420867,2,1,1994,0,0,0,0,0,0,0,0,0,0
420867,3,1,1994,0,0,0,0,0,0,0,0,0,0
420868,1,1,1994,29,29,29,29,29,29,29,29,29,29
420869,1,1,1994,0,0,0,0,0,0,0,0,0,0
420869,2,1,1994,0,0,0,0,0,0,0,0,0,0
420870,0,1,1994,26,31,23,21,18,17,13,15,25,24
420870,1,1,1994,16,16,16,16,16,16,16,16,16,16
420871,1,1,1994,0,0,0,0,0,0,0,0,0,0
420872,1,1,1994,0,0,0,0,0,0,0,0,0,0
420872,2,1,1994,0,0,0,0,0,0,0,0,0,0
420873,1,1,1994,0,0,0,0,0,0,0,0,0,7
420873,2,1,1994,6,6,6,6,6,6,6,6,6,6
420874,0,1,1994,22,22,22,22,22,22,22,22,22,22
420874,1,1,1994,0,0,0,0,0,0,0,0,0,0
420875,1,1,1994,0,0,0,0,0,0,0,0,0,0
420875,2,1,1994,0,0,0,0,0,0,0,0,0,0
420876,1,1,1994,0,0,0,0,0,0,0,0,0,0
420876,2,1,1994,0,0,0,0,0,0,0,0,0,0
420877,1,1,1994,0,0,0,0,0,0,0,0,0,0
420878,1,1,1994,0,0,11,0,0,0,19,0,0,0
420879,1,1,1994,0,0,0,0,0,0,0,0,0,0
420879,2,1,1994,26,0,0,0,0,0,0,0,0,0
420880,1,1,1994,0,0,0,0,0,0,0,0,0,0
420881,1,1,1994,0,0,0,0,0,0,0,0,0,0
420881,2,1,1994,0,0,0,0,0,0,0,0,0,0
420882,1,1,1994,2,0,0,0,0,0,27,34,0,0
420882,2,1,1994,0,0,0,10,2,0,0,0,0,0
420882,3,1,1994,0,0,0,0,0,0,0,0,0,0
420883,1,1,1994,0,0,0,0,0,0,0,0,0,0
420883,2,1,1994,0,0,0,0,0,0,0,0,0,0
420884,0,1,1994,0,0,0,0,0,0,0,0,0,0
420884,1,1,1994,0,0,0,0,0,0,0,0,0,0
420885,0,1,1994,5,2,6,0,28,17,27,9,33,21
420885,1,1,1994,0,0,0,0,0,0,0,0,0,9
420886,1,1,1994,0,0,0,0,0,0,0,0,0,0
420887,1,1,1994,4,4,4,4,4,4,4,4,4,4
420888,1,1,1994,0,0,0,0,0,0,0,0,0,0
420888,2,1,1994,0,0,0,0,0,0,0,0,0,0
420888,3,1,1994,0,0,0,0,0,0,0,16,0,0
420889,1,1,1994,0,0,0,0,0,16,0,0,0,0
420889,2,1,1994,0,0,0,0,0,0,0,0,0,0
420890,0,1,1994,0,0,0,0,0,0,0,0,0,0
420890,1,1,1994,53,13,23,6,5,22,6,19,11,4
420891,1,1,1994,0,0,0,0,0,0,0,0,0,0
420891,2,1,1994,0,19,0,0,0,0,0,0,0,10
420892,1,1,1994,0,0,0,0,0,0,0,0,0,0
420892,2,1,1994,0,0,0,0,0,0,0,0,0,0
420892,3,1,1994,0,0,0,0,0,0,0,0,0,0
420892,4,1,1994,0,0,0,0,0,0,0,0,0,0
420893,1,1,1994,11,11,11,11,11,11,11,11,11,11
420894,0,1,1994,1,1,1,1,1,1,1,1,1,1
420894,1,1,1994,0,0,0,0,0,0,0,0,0,0
420895,1,1,1994,0,0,0,0,0,0,0,0,0,0
420896,1,1,1994,25,25,25,25,25,25,25,25,25,25
420896,2,1,1994,2,2,2,2,2,2,2,2,2,2
420897,0,1,1994,0,0,0,0,0,0,0,0,0,0
420897,1,1,1994,16,9,15,0,0,14,13,23,0,0
420897,2,1,1994,0,16,0,0,0,15,0,0,0,0
420898,1,1,1994,9,9,9,9,9,9,9,9,9,9
420898,2,1,1994,16,16,16,16,16,16,16,16,16,16
420899,0,1,1994,0,0,0,0,0,0,0,0,0,0
420899,1,1,1994,0,0,15,0,0,0,0,0,0,0
420900,0,1,1994,18,19,18,0,0,0,0,0,0,28
420900,1,1,1994,0,6,13,0,0,0,23,0,0,31
420901,1,1,1994,5,5,5,5,5,5,5,5,5,5
420902,1,1,1994,16,11,0,8,0,13,17,0,9,16
420902,2,1,1994,0,10,0,0,0,0,0,0,0,0
420902,3,1,1994,0,0,0,0,0,0,0,0,0,0
420903,1,1,1994,0,0,0,0,0,0,0,0,0,0
420903,2,1,1994,0,0,0,0,0,0,0,0,0,0
420904,1,1,1994,0,0,0,0,0,0,0,0,0,0
420904,2,1,1994,0,0,0,0,0,0,0,0,0,0
420905,1,1,1994,0,0,0,0,0,0,0,0,0,0
420906,1,1,1994,11,11,11,11,11,11,11,11,11,11
420906,2,1,1994,0,22,0,7,0,0,0,0,0,0
420907,1,1,1994,0,0,0,0,0,0,0,0,0,0
420908,1,1,1994,0,0,0,0,0,0,0,0,0,0
420909,1,1,1994,0,0,0,0,0,0,8,5,0,0
420910,1,1,1994,0,0,0,0,0,0,0,0,0,0
420910,2,1,1994,0,0,0,0,0,0,0,10,0,0
420911,1,1,1994,0,0,0,0,0,0,0,0,7,0
420911,2,1,1994,0,0,0,0,0,0,0,0,0,0
420912,1,1,1994,0,0,0,0,0,0,0,0,0,0
420912,2,1,1994,0,0,0,0,0,0,0,0,0,0
420913,1,1,1994,12,12,12,12,12,12,12,12,12,12
420914,1,1,1994,23,23,23,23,23,23,23,23,23,23
420914,2,1,1994,29,0,0,30,0,0,0,0,0,49
420915,1,1,1994,0,0,0,0,0,0,0,0,0,0
420916,1,1,1994,0,0,0,0,0,15,0,0,0,0
420917,1,1,1994,0,0,0,0,0,0,0,0,0,0
420918,0,1,1994,0,0,0,0,0,0,0,0,0,0
420918,1,1,1994,0,0,0,0,0,0,0,0,12,0
420919,1,1,1994,19,19,19,19,19,19,19,19,19,19
420920,1,1,1994,9,9,9,9,9,9,9,9,9,9
420920,2,1,1994,0,0,0,0,0,0,0,12,0,0
420921,0,1,1994,37,24,0,0,0,24,11,19,0,0
420921,1,1,1994,0,0,0,0,0,0,0,0,0,12
420922,1,1,1994,0,0,0,0,0,0,0,0,0,0
420922,2,1,1994,0,0,0,0,0,0,0,0,0,0
420922,3,1,1994,0,0,0,0,0,0,0,0,0,0
420922,4,1,1994,0,0,0,0,0,0,0,0,0,0
420922,5,1,1994,0,0,0,0,0,0,0,0,0,0
420922,6,1,1994,0,0,0,0,0,0,0,0,0,0
420923,1,1,1994,0,0,0,0,0,0,0,0,0,0
420924,0,1,1994,28,28,28,28,28,28,28,28,28,28
420924,1,1,1994,0,0,0,0,0,13,0,0,0,0
420925,1,1,1994,6,6,6,6,6,6,6,6,6,6
420926,1,1,1994,0,0,0,0,0,0,0,0,0,0
420926,2,1,1994,0,0,0,0,0,0,0,0,0,0
420927,1,1,1994,0,0,0,0,0,0,0,0,0,0
420927,2,1,1994,0,0,0,0,0,0,0,0,0,0
420928,1,1,1994,23,23,23,23,23,23,23,23,23,23
420929,0,1,1994,0,27,0,0,23,0,27,0,0,0
420929,1,1,1994,0,0,0,0,0,0,0,0,0,0
420930,1,1,1994,0,0,0,0,0,0,0,0,0,0
420930,2,1,1994,0,0,0,0,0,0,0,0,0,0
420931,1,1,1994,0,0,0,0,32,0,0,0,0,6
420931,2,1,1994,0,0,23,0,0,0,0,0,0,0
420932,1,1,1994,22,22,22,22,22,22,22,22,22,22
420933,0,1,1994,0,0,0,0,0,0,0,0,0,0
420933,1,1,1994,6,6,6,6,6,6,6,6,6,6
420934,0,1,1994,0,0,0,0,0,0,0,0,0,0
420934,1,1,1994,0,0,0,0,0,0,0,0,0,13
420935,1,1,1994,21,21,21,21,21,21,21,21,21,21
420935,2,1,1994,0,0,0,0,0,0,0,0,0,0
420936,1,1,1994,0,0,0,17,0,0,0,0,0,0
420937,1,1,1994,19,19,19,19,19,19,19,19,19,19
420938,1,1,1994,5,5,5,5,5,5,5,5,5,5
420939,1,1,1994,0,0,0,0,0,0,0,0,0,0
420939,2,1,1994,0,0,0,0,0,0,0,0,0,0
420940,1,1,1994,0,0,0,0,0,0,0,0,0,0
420940,2,1,1994,0,0,0,0,0,0,0,0,0,0
420941,1,1,1994,40,18,20,17,31,0,35,31,14,19
420941,2,1,1994,0,0,0,0,0,0,0,0,0,18
420942,1,1,1994,0,0,0,0,0,0,0,0,0,0
420942,2,1,1994,0,0,0,0,0,0,0,0,0,0
420943,1,1,1994,16,16,16,16,16,16,16,16,16,16
420943,2,1,1994,19,19,19,19,19,19,19,19,19,19
420944,1,1,1994,0,0,0,0,0,0,0,0,0,0
420945,1,1,1994,18,18,18,18,18,18,18,18,18,18
420945,2,1,1994,0,0,0,0,0,0,0,0,0,0
420946,1,1,1994,0,0,0,0,0,0,0,0,0,0
420946,2,1,1994,0,0,0,0,0,0,0,0,0,0
420946,3,1,1994,2,2,2,2,2,2,2,2,2,2
420947,1,1,1994,26,12,0,0,0,17,0,4,10,3
420948,1,1,1994,0,0,0,0,7,0,0,0,0,0
420949,1,1,1994,0,0,0,0,0,0,0,0,0,0
420949,2,1,1994,0,0,0,0,0,0,0,0,0,0
420950,1,1,1994,0,0,0,0,0,0,0,0,0,0
420951,1,1,1994,13,13,13,13,13,13,13,13,13,13
420952,1,1,1994,10,10,10,10,10,10,10,10,10,10
420953,0,1,1994,0,0,0,0,0,0,0,0,0,0
420953,1,1,1994,0,0,0,0,0,0,0,0,0,0
420954,0,1,1994,0,0,0,0,0,0,0,0,0,0
420954,1,1,1994,7,0,0,0,0,0,12,16,0,0
420955,1,1,1994,0,10,0,0,0,0,0,0,0,19
420955,2,1,1994,0,0,0,0,0,0,0,0,0,0
420956,1,1,1994,21,21,21,21,21,21,21,21,21,21
420957,1,1,1994,0,0,0,0,0,0,0,0,0,0
420957,2,1,1994,0,0,0,0,0,0,0,0,0,0
420957,3,1,1994,0,0,0,0,0,0,0,0,0,0
420958,1,1,1994,0,0,0,0,0,0,0,0,0,0
420959,1,1,1994,26,26,26,26,26,26,26,26,26,26
420960,1,1,1994,0,0,0,0,0,0,0,0,0,0
420961,1,1,1994,0,0,0,0,0,0,0,0,0,0
420961,2,1,1994,0,0,0,0,0,0,0,0,0,0