ST_CASE,VEH_NO,PER_NO,YEAR,P1,P2,P3,P4,P5,P6,P7,P8,P9,P10
450100,1,1,1994,14,14,14,14,14,14,14,14,14,14
450101,1,1,1994,0,24,0,7,14,0,38,22,23,0
450102,1,1,1994,20,0,0,0,0,0,0,0,0,0
450104,1,1,1994,0,21,0,0,0,6,0,0,0,0
450104,2,1,1994,0,0,0,0,0,0,0,0,0,0
450105,1,1,1994,12,12,12,12,12,12,12,12,12,12
450106,1,1,1994,0,0,0,0,0,0,0,0,0,0
450107,1,1,1994,0,0,0,0,0,0,0,0,0,0
450107,2,1,1994,0,0,0,0,0,0,0,0,0,0
450108,1,1,1994,11,15,12,29,18,8,0,0,25,14
450109,0,1,1994,30,30,30,30,30,30,30,30,30,30
450109,1,1,1994,0,0,0,0,0,0,0,0,0,0
450110,1,1,1994,0,0,6,0,0,0,0,0,0,0
450111,1,1,1994,0,0,0,0,0,0,0,0,0,0
450111,2,1,1994,36,39,21,4,10,0,4,12,10,44
450111,3,1,1994,0,0,0,0,0,0,0,0,0,0
450112,0,1,1994,27,27,27,27,27,27,27,27,27,27
450112,1,1,1994,0,0,0,0,0,18,0,0,0,10
450113,1,1,1994,14,14,14,14,14,14,14,14,14,14
450114,1,1,1994,19,0,10,12,23,17,0,29,20,22
450115,0,1,1994,29,6,14,29,14,0,39,0,17,24
450115,1,1,1994,0,14,0,0,0,0,0,0,0,0
450116,1,1,1994,0,0,0,0,0,0,0,0,0,0
450117,1,1,1994,0,0,0,0,0,0,0,0,0,0
450117,2,1,1994,0,0,0,0,0,0,0,0,0,0
450118,1,1,1994,0,0,0,0,0,0,0,0,0,0
450118,2,1,1994,0,0,0,0,0,0,0,0,0,0
450118,3,1,1994,0,0,0,0,0,0,0,0,0,0
450118,4,1,1994,0,0,0,0,0,0,0,0,0,0
450119,1,1,1994,0,0,0,0,0,0,0,5,0,0
450119,2,1,1994,0,0,0,0,0,0,0,0,0,0
450120,1,1,1994,0,0,0,0,0,0,0,0,0,0
450120,2,1,1994,0,0,0,0,0,0,13,15,0,0
450121,1,1,1994,34,0,0,0,0,0,0,0,4,15
450122,0,1,1994,24,24,24,24,24,24,24,24,24,24
450122,1,1,1994,0,0,0,0,0,0,0,0,0,0
450123,1,1,1994,0,0,0,0,0,0,0,0,0,0
450123,2,1,1994,0,0,0,0,0,0,0,0,0,0
450124,1,1,1994,0,0,0,0,0,0,0,0,0,0
450124,2,1,1994,0,0,0,0,0,0,0,0,0,0
450125,1,1,1994,18,18,18,18,18,18,18,18,18,18
450126,1,1,1994,17,17,17,17,17,17,17,17,17,17
450127,1,1,1994,0,0,0,0,0,0,0,0,0,0
450128,1,1,1994,15,15,15,15,15,15,15,15,15,15
450129,1,1,1994,0,0,0,0,0,0,0,0,0,0
450129,2,1,1994,0,0,0,0,0,0,0,0,0,0
450129,3,1,1994,0,0,0,0,0,0,0,0,0,0
450130,1,1,1994,6,6,6,6,6,6,6,6,6,6
450131,1,1,1994,0,0,0,0,0,0,0,0,0,0
450132,1,1,1994,0,0,0,0,0,0,0,0,0,0
450132,2,1,1994,0,0,0,0,0,0,0,0,0,0
450132,3,1,1994,0,0,0,0,0,0,0,0,0,0
450133,1,1,1994,0,21,0,10,0,0,0,0,0,0
450133,2,1,1994,0,0,0,0,0,0,0,0,15,0
450134,1,1,1994,26,0,0,0,0,0,0,0,0,0
450135,1,1,1994,0,0,0,0,0,0,17,0,0,0
450136,0,1,1994,0,15,21,29,17,13,31,3,25,23
450136,1,1,1994,0,0,0,0,0,0,0,0,14,0
450137,1,1,1994,21,21,16,12,9,27,7,11,10,18
450138,1,1,1994,0,0,0,0,0,0,0,0,0,0
450139,1,1,1994,0,0,0,0,0,0,0,0,0,0
450140,1,1,1994,0,0,0,0,0,0,0,0,0,0
450141,1,2,1994,0,0,0,0,0,0,22,0,7,0
450141,2,1,1994,0,0,0,0,0,0,0,0,0,0
450142,1,1,1994,0,0,0,0,0,0,0,0,0,0
450143,1,1,1994,0,0,0,0,0,0,0,0,0,4
450144,1,1,1994,0,0,0,0,0,0,0,0,0,0
450144,2,1,1994,0,0,0,0,0,0,0,0,0,0
450145,1,1,1994,0,0,0,0,18,0,0,0,0,0
450145,2,1,1994,0,0,0,0,0,0,0,0,0,0
450146,1,1,1994,0,0,0,0,0,0,0,0,0,0
450146,2,1,1994,0,0,0,0,0,0,0,0,0,0
450147,0,1,1994,0,0,0,0,0,0,0,0,0,0
450147,1,1,1994,0,0,0,0,0,0,20,20,0,0
450148,1,1,1994,0,0,0,0,0,0,0,0,0,0
450148,2,1,1994,0,0,0,0,0,0,0,0,0,0
450149,1,1,1994,0,0,0,18,0,0,0,0,0,0
450150,1,1,1994,0,0,0,0,12,0,0,0,0,0
450151,1,1,1994,0,0,0,0,0,0,8,0,0,0
450152,0,1,1994,2,2,2,2,2,2,2,2,2,2
450152,1,1,1994,0,23,9,21,0,11,10,24,28,17
450153,1,1,1994,0,0,0,0,0,0,0,0,0,0
450154,1,1,1994,0,0,0,0,0,18,0,0,0,0
450155,0,1,1994,0,0,0,0,0,0,0,0,0,0
450155,1,1,1994,0,0,8,0,0,0,0,0,0,0
450156,1,1,1994,0,0,0,0,0,0,0,0,0,0
450157,1,1,1994,0,0,0,0,0,0,0,0,10,10
450158,0,1,1994,0,0,0,0,0,0,0,0,0,0
450158,1,1,1994,0,0,0,10,0,0,0,0,0,0
450159,1,1,1994,10,10,10,10,10,10,10,10,10,10
450159,2,1,1994,17,17,17,17,17,17,17,17,17,17
450160,0,1,1994,36,36,36,36,36,36,36,36,36,36
450160,1,1,1994,0,0,0,0,0,0,0,0,0,0
450161,0,1,1994,6,6,6,6,6,6,6,6,6,6
450161,1,1,1994,0,0,0,0,0,0,0,0,0,0
450162,1,1,1994,4,4,4,4,4,4,4,4,4,4
450163,1,1,1994,14,14,14,14,14,14,14,14,14,14
450164,1,1,1994,0,0,0,0,0,0,0,0,0,0
450164,2,1,1994,0,0,0,0,0,0,0,0,0,0
450165,1,1,1994,0,0,7,12,0,27,16,0,11,20
450166,1,1,1994,0,0,0,0,0,0,8,0,0,0
450166,2,1,1994,0,0,0,0,0,0,0,0,0,0
450167,1,1,1994,17,0,6,4,6,16,0,9,0,0
450168,1,1,1994,0,0,15,0,0,0,0,0,0,0
450168,2,1,1994,0,0,0,0,0,0,0,0,0,0
450169,1,1,1994,0,0,0,0,0,0,0,0,0,0
450170,1,1,1994,23,23,4,15,31,28,26,15,20,6
450171,1,1,1994,0,0,0,0,0,0,0,0,0,0
450171,2,1,1994,0,0,0,0,0,0,0,0,7,0
450172,1,1,1994,0,0,0,0,0,0,0,0,0,0
450172,2,1,1994,0,0,0,0,0,0,0,0,0,0
450173,1,1,1994,17,17,17,17,17,17,17,17,17,17
450174,1,1,1994,0,0,0,0,0,0,0,0,0,0
450174,2,1,1994,0,0,0,0,0,0,0,0,0,0
450175,1,2,1994,0,0,0,0,0,0,0,0,0,20
450176,1,1,1994,0,0,0,0,0,0,0,0,0,0
450177,1,1,1994,23,0,0,25,28,0,0,15,9,0
450178,0,1,1994,0,6,25,0,18,0,0,0,0,0
450178,0,2,1994,0,0,13,0,32,0,5,17,7,0
450178,1,1,1994,25,25,25,25,25,25,25,25,25,25
450179,0,1,1994,0,0,0,0,0,0,0,0,0,0
450179,1,1,1994,5,0,0,0,0,0,0,0,0,0
450180,1,1,1994,0,0,0,0,0,0,0,0,0,0
450181,1,1,1994,0,0,0,0,0,10,0,0,0,0
450181,2,1,1994,0,14,0,0,0,0,0,0,0,0
450182,1,1,1994,0,0,0,0,26,0,0,0,13,0
450183,1,1,1994,0,0,7,0,0,0,0,0,0,0
450184,1,1,1994,0,0,0,0,0,0,0,0,0,0
450184,2,1,1994,0,0,0,0,0,0,0,0,0,0
450185,1,1,1994,29,29,29,29,29,29,29,29,29,29
450186,1,1,1994,31,31,31,31,31,31,31,31,31,31
450186,2,1,1994,0,0,0,0,0,0,0,0,0,0
450187,0,1,1994,0,0,0,0,0,0,0,0,0,0
450187,1,1,1994,0,11,0,0,0,0,0,0,0,0
450188,1,1,1994,0,17,0,14,15,10,26,0,15,0
450189,1,1,1994,0,0,0,0,0,0,0,8,0,0
450189,2,1,1994,0,0,0,0,0,0,0,0,0,0
450190,1,1,1994,0,0,0,9,0,0,0,0,0,0
450190,2,1,1994,0,0,0,0,0,0,0,0,0,0
450190,3,1,1994,0,0,0,0,0,0,0,0,0,15
450191,1,1,1994,0,0,0,0,0,0,0,0,0,0
450191,2,1,1994,0,0,0,0,0,0,0,0,0,0
450191,3,1,1994,0,0,0,0,0,0,0,0,0,0
450192,1,1,1994,0,0,0,0,0,0,0,0,0,0
450192,2,1,1994,0,0,0,0,0,0,0,0,0,0
450192,3,1,1994,0,0,0,0,0,0,0,0,0,0
450193,1,2,1994,0,0,0,0,0,0,0,0,0,0
450194,1,1,1994,20,20,20,20,20,20,20,20,20,20
450195,0,1,1994,2,2,2,2,2,2,2,2,2,2
450195,1,1,1994,32,32,32,32,32,32,32,32,32,32
450196,1,1,1994,11,11,11,11,11,11,11,11,11,11
450197,1,1,1994,17,17,17,17,17,17,17,17,17,17
450198,1,1,1994,0,0,0,0,0,0,0,0,0,13
450199,1,1,1994,0,0,0,0,0,0,0,0,0,0
450200,1,1,1994,0,0,0,0,0,0,0,0,0,0
450200,2,1,1994,0,0,0,0,0,0,0,0,0,0
450201,1,1,1994,0,0,0,0,0,0,0,7,0,0
450202,0,1,1994,0,0,0,0,0,0,0,0,7,0
450202,1,1,1994,0,0,0,0,0,0,0,0,0,0
450203,1,1,1994,5,5,5,5,5,5,5,5,5,5
450203,2,1,1994,0,0,0,0,0,0,0,0,0,0
450204,1,1,1994,31,31,31,31,31,31,31,31,31,31
450205,1,1,1994,0,0,0,0,0,0,0,0,0,0
450205,2,1,1994,30,30,30,30,30,30,30,30,30,30
450206,1,1,1994,0,0,0,0,0,0,0,0,0,0
450206,2,1,1994,0,18,0,0,4,0,22,0,19,0
450207,1,1,1994,27,11,19,15,12,15,19,31,14,16
450208,0,1,1994,0,0,0,0,0,0,0,0,0,0
450208,1,1,1994,0,0,0,0,0,0,0,0,0,0
450209,1,1,1994,0,0,0,0,0,0,34,0,0,0
450210,1,1,1994,0,0,0,0,0,0,0,4,0,32
450211,1,1,1994,20,20,20,20,20,20,20,20,20,20
450212,1,1,1994,19,19,19,19,19,19,19,19,19,19
450212,2,1,1994,0,0,0,0,0,0,0,0,0,0
450213,1,1,1994,0,0,0,0,0,0,0,0,0,18
450213,2,1,1994,28,28,28,28,28,28,28,28,28,28
450214,1,1,1994,0,0,0,0,14,0,0,0,0,0
450214,2,1,1994,0,0,0,0,0,0,0,0,0,0
450215,1,1,1994,0,0,0,0,0,0,0,0,0,0
450215,2,1,1994,0,0,0,0,0,0,0,0,0,0
450216,1,1,1994,0,0,0,0,0,0,0,0,0,0
450216,2,1,1994,0,0,0,0,0,0,0,0,0,0
450217,1,1,1994,0,0,0,0,0,0,0,0,0,0
450217,2,1,1994,0,0,0,17,0,0,0,0,0,0
450218,1,1,1994,13,18,15,17,15,18,26,25,16,37
450219,1,1,1994,0,13,0,0,17,0,22,19,28,8
450220,1,1,1994,11,12,15,23,14,25,26,20,17,13
450221,1,1,1994,0,0,0,0,0,0,16,0,0,0
450221,2,1,1994,0,0,0,0,0,0,0,0,0,0
450222,1,1,1994,0,0,0,0,0,0,14,0,0,0
450222,2,1,1994,0,0,0,0,0,0,0,0,0,0
450223,1,1,1994,0,0,0,0,0,0,0,0,0,0
450223,2,1,1994,0,0,0,0,0,0,0,0,0,0
450224,1,1,1994,13,13,13,13,13,13,13,13,13,13
450227,1,1,1994,0,0,0,0,0,0,0,0,0,0
450227,2,1,1994,26,26,26,26,26,26,26,26,26,26
450228,1,1,1994,0,0,0,0,0,28,0,0,0,0
450229,1,1,1994,12,0,0,0,19,0,0,15,0,14
450230,1,1,1994,0,0,0,0,0,0,0,0,0,0
450230,2,1,1994,0,14,0,0,0,0,0,0,0,0
450231,1,1,1994,0,0,0,0,0,0,0,0,0,0
450231,2,1,1994,0,10,0,0,0,0,0,0,0,0
450233,1,1,1994,0,0,0,0,0,0,0,0,0,0
450233,2,1,1994,0,0,25,11,0,0,0,0,0,14
450234,1,1,1994,21,0,0,0,14,0,0,0,0,21
450235,1,1,1994,0,0,0,0,0,0,0,0,0,0
450236,0,1,1994,0,0,0,0,0,0,3,11,0,24
450236,1,1,1994,0,0,0,0,0,0,11,0,0,0
450237,1,1,1994,20,20,20,20,20,20,20,20,20,20
450238,1,1,1994,0,0,0,0,0,0,0,0,0,0
450238,2,1,1994,0,0,0,0,0,0,0,0,0,0
450239,1,1,1994,0,18,0,0,13,7,34,0,0,0
450240,1,1,1994,0,0,0,0,0,0,0,9,0,0
450240,2,1,1994,0,0,0,0,0,0,0,0,0,0
450241,0,1,1994,10,0,0,0,0,0,0,0,0,0
450241,1,1,1994,0,0,0,0,0,0,0,7,0,0
450242,1,1,1994,0,0,0,0,0,0,0,0,0,26
450242,2,3,1994,0,0,0,0,0,0,0,0,0,0
450243,1,1,1994,1,1,1,1,1,1,1,1,1,1
450243,2,1,1994,17,11,11,21,14,10,8,27,13,19
450244,1,1,1994,0,0,0,0,0,0,0,0,0,0
450244,2,1,1994,0,0,0,0,0,0,0,0,0,0
450244,3,1,1994,0,0,0,0,0,0,0,0,0,0
450245,1,1,1994,0,0,0,0,0,0,0,0,0,0
450245,2,1,1994,0,0,0,0,0,0,0,0,0,0
450246,1,1,1994,12,0,0,17,0,12,15,10,0,15
450246,2,1,1994,37,37,37,37,37,37,37,37,37,37
450247,1,1,1994,23,17,0,0,0,20,13,0,7,29
450247,2,1,1994,0,0,0,0,0,0,0,0,0,0
450248,1,1,1994,0,0,11,0,0,0,0,0,0,0
450248,2,1,1994,28,28,28,28,28,28,28,28,28,28
450249,1,1,1994,0,0,15,19,0,13,9,0,0,8
450250,1,1,1994,0,0,0,0,0,0,0,0,0,0
450250,2,1,1994,0,0,0,0,0,0,0,10,0,0
450251,1,1,1994,0,0,0,0,0,0,0,0,0,0
450252,1,1,1994,0,0,0,0,0,0,0,0,14,0
450253,1,1,1994,0,0,0,0,0,0,0,0,0,18
450254,1,1,1994,0,12,0,17,10,0,0,0,0,15
450255,1,1,1994,0,0,0,0,0,0,0,0,0,0
450255,2,1,1994,0,0,0,0,0,0,0,0,19,0
450256,1,1,1994,0,0,0,0,0,0,0,0,0,0
450257,1,1,1994,26,26,26,26,26,26,26,26,26,26
450258,1,1,1994,0,0,0,0,0,0,0,0,0,0
450258,2,1,1994,0,0,0,0,0,0,0,0,0,0
450259,1,1,1994,0,0,0,0,0,0,0,0,0,0
450259,2,1,1994,0,0,0,0,0,0,0,0,0,0
450260,1,1,1994,8,21,33,6,17,15,4,7,4,23
450261,1,1,1994,0,0,0,0,0,0,0,0,0,3
450261,2,1,1994,0,0,0,0,0,0,0,0,0,0
450262,1,1,1994,22,22,22,22,22,22,22,22,22,22
450263,1,1,1994,0,0,0,0,0,0,0,0,0,9
450264,0,1,1994,0,0,0,0,7,0,0,0,0,0
450264,0,2,1994,0,0,0,0,0,0,0,0,0,0
450264,1,1,1994,17,17,17,17,17,17,17,17,17,17
450265,0,1,1994,0,0,0,0,8,0,0,0,0,0
450265,1,1,1994,0,0,0,0,0,0,0,15,0,0
450266,1,1,1994,10,0,0,0,12,3,5,0,17,0
450267,1,1,1994,0,0,0,0,0,0,0,0,0,0
450268,1,1,1994,0,0,0,0,0,4,0,8,3,0
450269,1,1,1994,0,0,0,0,0,20,30,0,0,0
450270,1,1,1994,0,0,0,0,0,0,0,13,0,17
450271,1,1,1994,23,23,23,23,23,23,23,23,23,23
450272,1,1,1994,0,0,0,0,0,0,0,0,0,0
450272,2,1,1994,0,0,0,0,0,0,0,0,0,0
450273,1,1,1994,0,0,0,0,0,0,0,0,0,0
450273,2,1,1994,0,0,0,0,0,0,0,0,0,0
450274,1,1,1994,0,0,0,0,0,0,0,2,0,0
450275,1,1,1994,0,0,0,0,0,0,0,0,0,0
450275,2,1,1994,0,0,0,0,0,0,0,0,0,0
450277,1,1,1994,0,0,0,25,0,0,19,12,31,0
450278,1,1,1994,24,24,24,24,24,24,24,24,24,24
450279,1,1,1994,0,0,0,0,0,0,0,0,0,0
450280,1,1,1994,0,0,0,0,0,0,0,0,0,0
450280,2,1,1994,0,0,0,0,0,0,0,0,0,0
450281,1,1,1994,0,0,0,0,0,0,0,0,0,0
450282,1,1,1994,0,0,0,0,0,12,2,0,0,13
450283,1,1,1994,0,0,0,0,0,0,0,0,0,0
450284,1,1,1994,0,23,0,0,0,0,0,0,0,8
450284,2,1,1994,0,0,13,0,0,0,0,0,0,0
450285,1,1,1994,0,0,0,0,0,0,0,0,0,0
450285,2,1,1994,0,0,0,0,0,0,0,0,0,0
450286,1,1,1994,0,0,0,0,0,0,0,0,0,0
450286,2,1,1994,0,0,0,0,0,0,0,0,0,0
450287,1,1,1994,0,0,0,0,0,0,0,0,0,0
450288,0,1,1994,0,13,17,23,14,40,32,12,15,25
450288,1,1,1994,0,37,10,0,0,0,0,10,22,0
450289,1,1,1994,10,11,10,9,20,37,11,21,18,7
450290,1,1,1994,0,11,0,0,0,0,0,0,14,0
450291,1,1,1994,0,0,0,0,0,0,0,0,0,0
450291,2,1,1994,0,26,0,0,0,0,0,35,0,0
450292,0,1,1994,0,11,0,14,0,0,0,0,0,17
450292,1,1,1994,12,0,0,0,0,0,0,0,0,0
450293,0,1,1994,0,0,0,0,0,0,0,0,0,0
450293,1,1,1994,0,0,0,0,0,0,0,0,0,0
450294,1,1,1994,0,0,0,0,0,0,0,3,0,0
450294,2,1,1994,2,0,0,0,0,0,0,0,0,0
450295,1,1,1994,26,26,26,26,26,26,26,26,26,26
450296,1,1,1994,0,0,0,0,0,0,0,21,0,0
450296,2,1,1994,11,0,0,0,0,0,0,0,0,0
450297,1,1,1994,0,0,0,0,0,0,0,0,8,0
450298,1,1,1994,0,0,0,0,0,0,0,0,0,0
450299,1,1,1994,0,0,16,0,0,0,0,18,0,11
450300,1,1,1994,0,0,0,0,0,0,0,0,0,0
450301,0,1,1994,16,28,0,0,0,25,0,0,0,14
450301,1,1,1994,0,0,0,0,0,0,0,0,0,0
450303,1,1,1994,0,0,0,0,0,0,0,10,0,0
450304,0,1,1994,14,0,8,0,0,19,14,0,0,17
450304,1,1,1994,0,0,0,0,0,0,0,0,0,0
450305,1,1,1994,0,0,0,0,0,0,0,0,0,0
450305,2,1,1994,0,0,0,0,0,0,0,0,0,0
450306,0,1,1994,0,19,0,7,0,0,0,0,17,0
450306,1,1,1994,0,0,0,13,0,6,15,0,0,0
450307,1,1,1994,15,15,15,15,15,15,15,15,15,15
450308,1,1,1994,0,0,0,0,0,0,0,0,0,0
450308,2,1,1994,0,0,0,0,18,0,0,0,0,0
450310,1,1,1994,0,29,0,11,10,26,35,14,0,0
450311,0,1,1994,11,11,11,11,11,11,11,11,11,11
450311,1,1,1994,0,0,0,0,0,0,0,0,0,0
450312,1,1,1994,18,18,18,18,18,18,18,18,18,18
450313,0,1,1994,0,0,0,0,0,0,0,0,0,0
450313,1,1,1994,0,0,0,0,0,0,0,0,0,0
450314,1,1,1994,0,0,0,0,0,0,0,0,0,0
450315,1,1,1994,0,0,0,0,0,0,0,0,0,0
450315,2,1,1994,0,0,0,0,0,0,0,5,0,0
450315,3,1,1994,21,21,21,21,21,21,21,21,21,21
450316,1,1,1994,0,0,0,0,0,0,0,0,0,0
450316,2,1,1994,0,0,0,0,0,0,0,0,0,0
450317,1,1,1994,0,0,4,0,9,13,3,0,0,0
450318,1,1,1994,0,0,11,0,0,0,0,0,0,0
450318,2,1,1994,0,0,0,0,0,0,0,0,0,0
450319,1,1,1994,0,0,0,0,0,0,0,0,0,7
450319,2,1,1994,0,0,0,0,0,0,0,0,0,0
450320,1,1,1994,0,24,0,0,0,22,6,0,0,0
450320,2,1,1994,0,0,0,0,0,0,0,0,0,0
450321,1,1,1994,0,0,0,0,0,0,0,0,0,0
450321,2,1,1994,0,0,0,0,0,0,0,0,0,0
450322,1,1,1994,0,0,0,0,0,0,0,0,0,0
450322,2,1,1994,0,0,0,15,0,0,0,0,0,0
450323,1,1,1994,0,0,0,0,0,12,0,0,0,0
450323,2,1,1994,28,28,28,28,28,28,28,28,28,28
450324,1,1,1994,0,21,0,0,0,0,0,0,0,0
450325,1,1,1994,0,7,0,0,0,7,0,8,0,0
450326,0,1,1994,12,0,9,19,10,0,25,21,39,24
450326,1,1,1994,0,0,0,0,0,0,0,0,0,0
450327,1,1,1994,0,0,0,15,0,7,8,7,0,0
450327,2,1,1994,0,0,0,0,0,0,0,0,0,20
450328,1,1,1994,0,0,0,0,0,16,0,0,0,6
450329,1,1,1994,0,0,0,0,0,0,0,0,0,0
450330,1,1,1994,0,0,0,0,0,10,15,0,0,12
450330,2,1,1994,0,0,0,0,0,0,0,0,0,0
450331,1,1,1994,0,0,0,0,0,0,0,0,0,0
450331,2,1,1994,0,0,0,0,0,0,9,0,0,0
450332,1,1,1994,0,0,0,14,0,0,0,14,0,22
450332,2,1,1994,1,1,1,1,1,1,1,1,1,1
450333,1,1,1994,23,0,0,0,0,0,0,0,10,0
450334,1,1,1994,0,0,12,0,0,0,0,0,0,0
450334,2,1,1994,0,0,7,0,24,6,9,0,10,21
450335,1,1,1994,0,0,0,0,0,19,0,0,0,0
450335,2,1,1994,0,0,0,0,0,0,0,0,0,0
450336,1,1,1994,0,0,0,0,0,0,0,0,21,0
450337,1,1,1994,0,0,0,0,0,0,0,0,0,0
450337,2,1,1994,0,0,0,0,0,0,0,0,0,0
450338,1,1,1994,0,0,0,0,24,0,0,0,0,0
450338,2,1,1994,0,0,0,0,0,0,0,0,0,0
450339,1,1,1994,0,0,0,0,0,0,0,0,0,0
450339,2,1,1994,0,10,0,0,0,0,0,0,0,0
450340,0,1,1994,0,0,0,0,0,0,0,0,0,17
450340,1,1,1994,0,0,0,0,0,0,0,0,0,0
450341,1,1,1994,14,22,0,19,17,13,0,0,0,32
450342,1,1,1994,0,0,0,0,0,0,0,0,0,0
450342,2,1,1994,0,0,0,0,0,0,0,0,0,0
450343,1,1,1994,0,0,0,0,0,0,12,0,0,0
450343,2,1,1994,0,0,0,0,0,0,0,0,0,0
450343,3,1,1994,0,29,0,0,0,22,0,0,0,21
450344,1,1,1994,0,0,0,0,0,0,0,0,0,0
450344,2,1,1994,22,22,22,22,22,22,22,22,22,22
450345,1,1,1994,0,0,0,14,0,0,0,0,0,0
450346,1,1,1994,0,0,0,0,0,0,0,0,0,0
450346,2,1,1994,0,0,0,0,0,0,0,0,0,0
450347,1,1,1994,0,0,0,0,0,17,0,0,0,0
450347,2,1,1994,19,19,19,19,19,19,19,19,19,19
450348,1,1,1994,0,10,0,0,0,0,0,0,0,0
450348,2,1,1994,19,19,19,19,19,19,19,19,19,19
450349,1,1,1994,0,0,0,0,0,0,0,0,0,0
450350,1,1,1994,19,19,19,19,19,19,19,19,19,19
450351,0,1,1994,0,0,0,0,0,0,0,0,0,0
450351,1,1,1994,0,0,0,0,0,0,0,0,0,0
450352,1,1,1994,13,20,7,16,23,11,20,13,22,22
450352,2,1,1994,0,0,0,0,0,0,0,0,0,0
450353,0,1,1994,22,0,20,21,0,0,16,25,0,24
450353,1,1,1994,0,0,28,0,0,0,0,0,0,0
450354,1,1,1994,0,0,0,0,0,0,0,0,0,0
450355,1,1,1994,8,10,0,33,0,0,0,0,0,0
450356,1,1,1994,0,0,0,0,17,0,0,0,0,0
450356,2,1,1994,0,0,0,0,0,0,0,0,0,0
450357,1,1,1994,0,0,0,0,0,0,0,0,0,17
450357,2,1,1994,0,0,0,0,0,0,0,0,0,0
450358,1,1,1994,8,30,16,13,8,17,20,29,10,11
450359,1,1,1994,11,0,0,0,0,0,0,0,0,0
450359,2,1,1994,0,0,0,0,0,0,0,0,0,0
450360,1,1,1994,0,0,0,0,0,7,0,0,0,0
450360,2,1,1994,0,0,0,0,0,0,0,0,0,0
450361,1,1,1994,0,0,0,0,0,0,0,0,0,0
450361,2,1,1994,0,0,0,0,0,0,0,0,0,0
450362,1,1,1994,0,0,0,0,0,4,0,0,0,0
450362,2,1,1994,0,0,0,0,0,0,0,0,0,0
450363,1,1,1994,0,0,0,0,0,0,0,5,0,0
450363,2,1,1994,0,0,0,0,0,0,0,5,0,0
450364,1,1,1994,0,0,7,17,0,12,15,21,12,15
450365,0,1,1994,23,23,23,23,23,23,23,23,23,23
450365,1,1,1994,0,0,0,22,0,0,0,0,0,0
450366,1,1,1994,0,0,0,0,0,0,0,0,0,0
450367,0,1,1994,0,0,0,0,0,0,0,0,0,0
450367,1,1,1994,0,0,0,0,0,0,0,0,0,0
450368,1,1,1994,22,22,22,22,22,22,22,22,22,22
450369,1,1,1994,0,0,0,0,0,0,0,0,0,0
450369,2,1,1994,37,37,37,37,37,37,37,37,37,37
450370,1,1,1994,0,0,0,15,0,0,0,0,0,0
450370,2,1,1994,0,0,0,0,0,0,0,0,0,0
450371,1,1,1994,0,0,0,23,0,0,0,0,0,22
450372,0,1,1994,22,22,22,22,22,22,22,22,22,22
450372,1,1,1994,0,0,0,0,0,0,0,0,0,0
450373,1,1,1994,0,0,0,0,0,0,0,0,0,0
450373,2,1,1994,0,0,0,0,0,0,0,0,0,0
450374,1,1,1994,0,0,0,8,3,0,0,0,0,0
450375,1,1,1994,0,0,0,0,0,0,0,0,0,0
450375,2,1,1994,0,0,0,15,16,0,0,0,0,0
450376,1,1,1994,0,0,0,0,0,0,0,0,0,0
450377,1,1,1994,0,0,0,0,0,0,0,0,0,0
450378,0,1,1994,14,14,14,14,14,14,14,14,14,14
450378,1,1,1994,0,0,0,0,0,0,0,0,0,0
450379,1,1,1994,0,0,0,0,0,0,0,0,16,0
450380,1,1,1994,15,15,15,15,15,15,15,15,15,15
450380,2,1,1994,0,0,0,0,0,0,0,0,0,0
450381,1,1,1994,0,6,0,14,20,0,0,0,0,0
450382,1,1,1994,0,0,0,0,0,0,0,0,0,0
450383,1,1,1994,0,0,0,0,9,0,0,0,0,0
450383,2,1,1994,20,20,20,20,20,20,20,20,20,20
450384,1,1,1994,20,20,20,20,20,20,20,20,20,20
450385,1,1,1994,0,0,0,0,0,0,0,18,0,0
450386,1,1,1994,0,0,0,0,0,0,0,0,0,9
450387,1,1,1994,0,10,0,19,0,7,0,18,0,0
450388,1,1,1994,0,0,0,0,0,0,0,0,0,0
450389,0,1,1994,0,0,0,0,0,0,0,0,0,0
450389,1,1,1994,0,0,0,0,0,0,0,0,0,0
450390,1,1,1994,0,0,0,0,0,0,0,0,0,0
450390,2,1,1994,0,0,0,0,0,0,0,0,0,0
450390,3,1,1994,0,0,0,0,0,0,0,0,0,0
450391,0,1,1994,0,0,0,0,0,0,0,0,0,0
450391,1,1,1994,22,17,0,0,0,0,15,0,0,0
450392,1,1,1994,10,0,0,0,16,0,0,0,0,0
450392,2,1,1994,0,0,0,0,0,0,0,0,0,0
450393,1,1,1994,8,0,0,15,0,15,0,0,5,0
450394,1,1,1994,11,11,11,11,11,11,11,11,11,11
450395,1,1,1994,0,0,0,0,0,0,0,0,0,9
450396,0,1,1994,0,0,0,0,0,0,0,3,0,0
450396,1,1,1994,0,0,0,0,0,0,0,0,0,0
450397,1,1,1994,0,0,0,0,0,0,0,0,0,0
450398,1,1,1994,0,24,0,7,23,0,24,0,0,4
450398,2,1,1994,0,0,0,0,0,0,0,0,0,0
450399,1,1,1994,0,0,0,0,0,0,0,0,0,0