ST_CASE,VEH_NO,PER_NO,YEAR,P1,P2,P3,P4,P5,P6,P7,P8,P9,P10
450400,1,1,1994,0,0,0,0,0,0,0,0,0,0
450401,1,1,1994,27,27,27,27,27,27,27,27,27,27
450402,1,1,1994,0,0,0,0,0,0,0,0,0,0
450403,0,1,1994,0,0,0,0,0,0,0,0,0,0
450403,1,1,1994,0,0,0,0,0,0,0,0,0,0
450404,1,1,1994,0,0,0,0,0,0,0,0,0,0
450404,2,1,1994,13,3,0,0,0,0,0,0,0,0
450405,0,1,1994,18,0,0,0,0,8,12,0,0,0
450405,1,1,1994,0,0,0,0,0,0,0,0,0,0
450406,0,1,1994,0,0,0,0,0,0,0,0,0,0
450406,1,1,1994,0,0,0,0,0,0,0,0,0,0
450406,2,1,1994,0,0,0,0,0,0,0,0,0,0
450407,1,1,1994,0,0,0,0,0,0,0,0,0,0
450407,2,1,1994,0,0,0,0,0,0,0,0,24,0
450408,1,1,1994,0,0,0,0,0,0,0,0,0,0
450408,2,1,1994,0,5,0,0,0,0,0,0,0,0
450409,1,1,1994,0,0,0,0,0,0,0,0,0,0
450410,1,1,1994,0,0,0,0,0,0,0,3,0,0
450410,2,1,1994,0,0,0,0,0,0,0,0,0,0
450411,1,1,1994,0,0,0,0,0,0,28,0,0,13
450412,1,1,1994,11,0,11,0,0,0,0,0,17,0
450413,0,1,1994,24,15,40,11,47,19,13,9,36,15
450413,1,1,1994,15,10,0,0,33,10,9,12,0,20
450414,1,1,1994,0,0,0,0,0,0,0,0,0,0
450414,2,1,1994,0,0,0,0,0,0,0,0,0,0
450415,1,1,1994,20,16,28,9,0,0,0,35,0,0
450416,1,1,1994,16,16,16,16,16,16,16,16,16,16
450417,1,1,1994,0,0,0,0,0,0,0,0,0,0
450417,2,1,1994,0,0,0,0,0,0,0,0,0,0
450418,1,1,1994,0,0,0,0,0,0,0,0,20,0
450419,1,1,1994,25,5,0,0,0,0,0,0,0,0
450420,1,1,1994,0,0,0,0,0,0,0,0,0,0
450420,2,1,1994,0,0,0,0,0,0,0,0,0,0
450420,3,1,1994,0,0,0,0,0,0,0,0,0,0
450420,4,1,1994,0,0,0,0,0,0,17,0,0,0
450421,1,1,1994,0,0,9,0,0,15,0,0,0,0
450422,1,1,1994,0,0,0,0,0,0,0,0,0,0
450422,2,1,1994,0,0,0,0,0,0,0,0,0,0
450423,1,1,1994,27,18,0,0,26,0,0,0,0,0
450424,1,1,1994,0,0,0,0,0,0,0,0,0,0
450425,1,1,1994,0,0,0,0,0,0,0,0,0,0
450425,2,1,1994,0,0,0,0,0,0,0,0,0,0
450426,1,1,1994,0,0,0,0,0,0,0,0,0,0
450426,2,1,1994,0,0,0,0,0,0,0,0,0,0
450427,1,1,1994,0,0,0,0,0,0,0,0,0,18
450428,1,1,1994,0,0,0,0,0,0,0,0,0,0
450429,1,1,1994,0,10,0,0,0,0,0,0,23,0
450430,1,1,1994,0,0,18,22,17,0,32,27,17,0
450431,1,1,1994,0,0,0,0,0,0,0,0,0,0
450431,2,1,1994,0,0,0,0,0,0,0,0,0,0
450432,0,1,1994,25,25,25,25,25,25,25,25,25,25
450432,1,1,1994,0,0,0,0,0,0,0,0,0,0
450433,0,1,1994,24,37,26,4,45,26,0,18,11,26
450433,1,1,1994,0,0,8,27,0,0,18,10,0,0
450435,1,1,1994,0,0,0,0,0,0,0,0,0,0
450436,1,1,1994,15,15,15,15,15,15,15,15,15,15
450436,2,1,1994,0,0,0,0,0,0,0,0,0,0
450437,1,1,1994,0,0,0,0,0,0,0,0,0,0
450437,2,1,1994,0,0,0,0,0,0,0,0,5,0
450438,0,1,1994,24,28,31,39,25,18,35,21,34,16
450438,1,1,1994,0,0,0,5,0,18,0,0,0,0
450439,1,1,1994,0,0,0,0,0,0,0,0,0,0
450439,2,1,1994,0,0,0,0,0,0,11,14,0,0
450440,1,1,1994,20,0,0,0,0,0,0,0,0,13
450441,1,1,1994,0,0,0,26,25,0,16,23,0,0
450442,1,1,1994,0,0,0,0,0,42,0,0,0,0
450443,1,1,1994,0,0,0,0,0,0,0,0,0,0
450443,2,1,1994,0,0,0,0,0,0,0,0,0,0
450444,1,1,1994,0,0,0,19,0,0,0,0,14,0
450445,1,1,1994,9,17,18,11,29,20,18,20,0,0
450445,2,1,1994,0,0,0,0,0,0,0,0,0,0
450446,1,1,1994,0,0,0,0,0,18,0,16,7,0
450447,1,1,1994,0,0,0,0,0,0,0,0,0,0
450447,2,1,1994,0,0,0,0,0,0,0,0,0,0
450447,3,1,1994,0,0,0,0,0,0,0,0,0,0
450448,1,1,1994,22,22,22,22,22,22,22,22,22,22
450449,1,1,1994,19,19,19,19,19,19,19,19,19,19
450450,1,1,1994,35,35,35,35,35,35,35,35,35,35
450451,0,1,1994,3,3,3,3,3,3,3,3,3,3
450451,1,1,1994,38,38,38,38,38,38,38,38,38,38
450452,1,1,1994,0,0,0,0,0,0,0,0,0,9
450453,1,1,1994,0,0,0,0,0,0,0,0,0,0
450453,2,1,1994,0,0,0,0,0,0,0,0,0,0
450453,3,1,1994,0,0,0,0,0,0,0,0,0,0
450453,4,1,1994,0,0,0,0,0,0,0,0,0,0
450456,1,1,1994,0,0,0,0,0,0,0,0,0,0
450456,2,1,1994,0,0,0,0,0,0,0,0,0,12
450456,3,1,1994,0,0,0,0,0,0,0,0,0,0
450457,0,1,1994,19,19,19,19,19,19,19,19,19,19
450457,1,1,1994,15,26,23,12,0,5,0,13,29,13
450458,1,1,1994,0,0,0,0,0,0,0,0,0,0
450458,2,1,1994,0,0,0,0,0,0,0,0,0,0
450459,1,1,1994,0,0,0,0,0,0,0,0,0,0
450460,1,1,1994,0,0,0,0,0,0,0,0,0,0
450460,2,1,1994,0,0,0,0,0,0,0,0,0,0
450461,1,1,1994,0,0,0,0,0,0,0,0,0,0
450462,1,1,1994,0,0,0,0,0,0,0,0,0,0
450462,2,1,1994,0,10,0,0,0,0,0,0,0,0
450463,1,1,1994,0,0,0,0,0,0,0,0,0,0
450463,2,1,1994,0,0,0,0,0,0,0,0,0,0
450464,1,1,1994,21,0,0,0,0,0,0,0,0,0
450465,1,1,1994,0,0,0,0,0,0,0,7,0,14
450466,1,1,1994,0,0,0,0,0,0,0,0,0,0
450466,2,1,1994,0,0,0,0,0,0,0,0,0,0
450466,3,1,1994,0,0,0,0,0,0,0,0,0,0
450467,1,1,1994,0,0,0,0,0,0,0,0,0,0
450468,1,1,1994,0,0,0,0,0,0,0,0,0,8
450468,2,1,1994,0,0,0,0,0,0,0,0,0,0
450470,1,1,1994,0,25,0,0,7,0,0,0,0,0
450471,1,1,1994,25,0,13,0,0,0,0,0,0,0
450471,2,1,1994,0,0,0,0,0,0,0,0,0,0
450474,1,1,1994,0,0,0,5,0,19,0,0,0,0
450475,1,1,1994,0,0,0,0,0,0,0,0,0,0
450475,2,1,1994,0,0,0,0,0,0,0,0,0,0
450476,1,1,1994,0,0,22,16,0,0,0,0,0,18
450476,2,1,1994,0,0,0,0,0,0,0,0,0,0
450477,1,1,1994,30,30,30,30,30,30,30,30,30,30
450478,1,1,1994,0,0,0,0,0,0,0,0,0,0
450478,2,1,1994,0,0,0,0,0,0,0,0,23,0
450478,3,1,1994,0,0,0,0,0,0,0,0,0,0
450479,0,1,1994,0,0,0,0,0,0,0,0,0,0
450479,1,1,1994,0,0,0,0,0,0,0,0,0,0
450480,1,1,1994,0,0,0,23,0,0,0,0,0,0
450480,2,1,1994,0,0,9,0,0,0,0,0,0,0
450481,1,1,1994,0,0,0,0,0,0,0,0,0,0
450481,2,1,1994,0,0,0,0,0,0,0,0,0,0
450482,1,1,1994,0,0,0,0,0,0,0,0,0,0
450482,2,1,1994,0,13,0,0,31,0,0,0,0,0
450483,1,1,1994,0,3,0,0,0,0,0,0,0,0
450484,1,1,1994,0,0,0,0,0,0,0,0,0,0
450485,1,1,1994,0,0,0,0,0,0,4,0,0,5
450486,1,1,1994,0,0,0,0,0,0,0,0,0,0
450487,1,1,1994,0,0,0,0,0,0,0,0,0,0
450488,1,1,1994,0,0,0,0,0,0,0,0,0,0
450488,2,1,1994,0,6,0,27,0,0,0,0,11,0
450489,1,1,1994,0,0,0,0,0,0,0,0,0,0
450489,2,1,1994,0,0,0,0,0,0,0,0,0,0
450490,1,1,1994,0,0,0,0,22,0,0,0,0,0
450491,1,1,1994,0,0,0,0,0,0,0,0,0,0
450491,2,1,1994,0,0,10,0,0,0,0,0,0,0
450492,1,1,1994,0,0,0,0,0,0,0,0,0,0
450492,2,1,1994,29,29,29,29,29,29,29,29,29,29
450492,3,1,1994,0,0,0,0,0,0,0,0,0,0
450493,1,1,1994,0,0,0,31,0,0,0,0,0,0
450493,2,1,1994,0,0,0,0,0,0,0,0,0,0
450493,3,1,1994,0,0,0,0,0,0,0,0,0,0
450495,1,1,1994,0,0,0,0,0,0,0,0,0,0
450496,1,1,1994,0,0,0,0,14,0,0,0,0,0
450496,2,1,1994,0,0,0,0,0,0,0,0,0,0
450497,1,1,1994,12,0,0,0,0,21,0,0,0,7
450498,1,1,1994,0,0,0,0,0,0,0,15,0,0
450499,0,1,1994,0,13,0,0,0,0,0,0,0,0
450499,1,1,1994,0,0,0,0,0,8,0,0,0,0
450500,1,1,1994,0,0,0,0,0,0,0,5,0,0
450501,1,1,1994,0,0,0,0,0,0,0,0,0,0
450501,2,1,1994,0,0,0,0,0,0,0,0,0,0
450501,3,1,1994,0,0,0,0,0,0,0,0,0,0
450502,1,1,1994,0,0,0,0,0,0,13,0,0,0
450504,1,1,1994,0,0,0,10,0,0,12,20,0,12
450505,1,1,1994,0,0,0,0,0,0,0,10,0,0
450505,2,1,1994,8,13,0,5,0,0,8,4,0,0
450506,1,1,1994,0,0,0,0,0,0,0,0,0,0
450506,2,1,1994,0,0,0,0,0,0,0,0,0,0
450506,3,1,1994,0,0,0,0,0,0,0,0,0,0
450506,4,1,1994,0,0,0,0,0,0,0,0,0,0
450507,1,1,1994,0,0,0,0,0,0,0,0,0,0
450507,2,1,1994,0,0,0,0,0,0,0,16,0,0
450508,0,1,1994,22,22,12,12,14,32,42,20,16,31
450508,1,1,1994,13,13,13,13,13,13,13,13,13,13
450509,0,1,1994,11,11,11,11,11,11,11,11,11,11
450509,1,1,1994,0,0,0,0,0,0,0,0,0,0
450510,1,1,1994,0,0,0,27,0,0,10,19,0,13
450511,1,1,1994,14,14,14,14,14,14,14,14,14,14
450512,0,1,1994,28,28,28,28,28,28,28,28,28,28
450512,1,1,1994,0,0,13,18,0,0,0,0,0,0
450513,1,1,1994,0,0,0,0,0,0,0,0,0,14
450513,2,1,1994,0,0,0,0,0,0,0,0,0,0
450514,1,1,1994,0,0,0,0,0,0,0,0,12,0
450515,1,1,1994,0,0,0,0,0,0,0,0,0,0
450515,2,1,1994,0,0,0,0,0,0,0,0,0,0
450516,1,1,1994,0,0,0,0,0,0,0,0,0,0
450516,2,1,1994,0,0,0,11,0,0,6,0,0,0
450517,1,1,1994,0,0,0,0,0,0,0,0,14,0
450518,1,1,1994,0,0,0,0,0,0,0,0,0,0
450518,2,1,1994,0,0,15,0,0,0,0,0,0,0
450518,3,1,1994,0,0,0,0,0,0,0,0,0,0
450519,1,1,1994,17,41,30,8,13,11,21,15,29,23
450520,1,1,1994,0,0,0,0,0,0,0,0,0,0
450520,2,1,1994,0,0,0,0,0,0,0,0,0,0
450521,1,1,1994,22,22,22,22,22,22,22,22,22,22
450522,1,1,1994,0,0,0,0,0,0,0,0,0,0
450523,1,1,1994,0,0,0,0,0,0,0,0,0,0
450523,2,1,1994,0,0,0,0,0,8,0,0,0,0
450524,1,1,1994,0,0,0,0,0,0,0,0,0,0
450524,2,1,1994,0,0,0,0,0,0,0,0,0,0
450525,1,1,1994,0,0,0,0,0,0,0,0,0,0
450526,1,1,1994,0,0,0,0,0,0,0,0,0,0
450526,2,1,1994,0,0,0,0,0,0,0,0,0,0
450527,1,1,1994,5,0,0,11,0,0,0,0,0,0
450527,2,1,1994,0,0,0,0,0,0,0,0,0,0
450528,1,1,1994,0,0,0,0,0,0,0,0,0,0
450528,2,2,1994,0,0,0,0,0,0,0,0,0,0
450528,3,2,1994,0,0,0,0,0,0,0,0,0,0
450529,0,1,1994,0,0,0,0,0,0,0,0,0,0
450529,1,1,1994,0,0,0,0,0,0,0,0,0,0
450530,1,1,1994,0,0,0,0,0,0,0,0,0,0
450530,2,1,1994,0,0,0,0,0,0,0,0,0,0
450531,1,1,1994,0,0,0,0,0,0,0,0,0,0
450532,1,1,1994,8,0,0,0,0,21,0,0,0,0
450532,2,1,1994,0,0,0,0,0,0,0,0,0,0
450533,0,1,1994,30,30,30,30,30,30,30,30,30,30
450533,1,1,1994,0,0,0,0,0,0,0,0,0,31
450534,1,1,1994,14,14,14,14,14,14,14,14,14,14
450535,1,1,1994,0,0,0,0,0,0,0,0,0,0
450535,2,1,1994,0,0,0,0,0,0,0,0,0,10
450536,1,1,1994,21,21,21,21,21,21,21,21,21,21
450537,1,1,1994,0,0,0,11,0,0,0,0,10,0
450538,0,1,1994,0,0,0,0,0,0,0,0,0,0
450538,1,1,1994,0,0,0,4,0,0,25,0,0,0
450539,1,1,1994,0,0,0,0,0,0,0,0,0,0
450539,2,1,1994,0,0,0,0,0,0,0,0,0,0
450540,1,1,1994,0,0,0,0,0,0,0,0,0,0
450540,2,1,1994,5,24,32,19,19,18,15,23,7,8
450541,1,1,1994,0,0,0,0,0,0,0,0,0,0
450541,2,1,1994,0,0,0,0,0,0,0,0,0,0
450542,1,1,1994,0,0,0,0,0,0,0,0,0,0
450542,2,1,1994,0,0,0,0,0,0,0,0,0,0
450543,0,1,1994,35,35,35,35,35,35,35,35,35,35
450543,1,1,1994,0,0,0,0,0,0,0,0,0,0
450544,1,1,1994,0,14,0,0,0,0,0,0,13,0
450545,1,1,1994,0,0,0,14,0,25,0,0,0,0
450545,2,1,1994,0,0,0,0,0,0,0,0,0,0
450546,0,1,1994,7,0,0,26,0,0,0,0,0,0
450546,1,1,1994,0,0,0,0,0,0,0,0,0,0
450547,1,1,1994,0,0,23,0,0,0,34,0,0,0
450548,1,1,1994,0,0,0,0,0,0,0,0,0,0
450548,2,1,1994,0,0,0,0,14,0,0,0,0,0
450549,1,1,1994,17,17,17,17,17,17,17,17,17,17
450550,1,1,1994,17,17,17,17,17,17,17,17,17,17
450551,1,1,1994,0,0,0,0,0,0,17,0,0,0
450552,1,1,1994,0,0,0,0,0,0,0,21,0,7
450552,2,1,1994,0,0,0,0,0,0,0,0,0,0
450552,3,1,1994,0,0,0,0,0,0,0,0,0,0
450553,1,1,1994,0,0,0,0,0,0,0,0,0,0
450553,2,1,1994,24,0,0,0,0,0,0,0,0,0
450553,3,1,1994,0,0,0,0,22,0,0,0,0,21
450554,1,1,1994,12,12,12,12,12,12,12,12,12,12
450555,1,1,1994,9,12,0,13,0,22,3,0,0,18
450556,0,1,1994,28,28,28,28,28,28,28,28,28,28
450556,1,1,1994,0,0,0,0,8,0,0,19,0,0
450557,0,1,1994,0,0,0,0,0,0,0,0,0,0
450557,1,1,1994,0,0,0,0,0,0,0,0,0,0
450558,1,1,1994,16,0,9,0,18,0,26,0,0,0
450559,1,1,1994,0,0,0,0,13,0,0,0,0,0
450559,2,1,1994,19,19,19,19,19,19,19,19,19,19
450560,1,1,1994,0,0,0,0,0,0,0,0,0,0
450560,2,1,1994,0,21,0,0,0,0,0,0,0,0
450561,1,1,1994,14,30,28,18,0,4,21,5,17,30
450562,1,1,1994,0,0,0,0,0,0,0,0,0,0
450563,1,1,1994,0,5,0,0,0,0,0,0,18,0
450564,1,1,1994,11,21,21,21,18,14,7,38,0,6
450564,2,1,1994,0,17,0,0,0,0,0,0,0,0
450565,0,1,1994,0,0,0,0,0,0,0,0,0,0
450565,1,1,1994,0,0,0,0,0,0,0,0,0,0
450566,1,1,1994,0,0,0,0,20,15,0,0,0,0
450566,2,1,1994,0,0,0,0,0,0,0,0,0,0
450567,1,1,1994,16,16,16,16,16,16,16,16,16,16
450567,2,1,1994,0,11,7,18,40,19,0,0,0,0
450568,1,1,1994,0,0,0,0,0,0,0,14,0,6
450569,1,1,1994,0,0,0,0,0,0,0,0,0,0
450569,2,1,1994,0,0,0,0,0,0,0,0,0,0
450569,3,1,1994,0,0,0,0,0,0,0,0,0,0
450570,1,1,1994,0,0,0,0,0,0,0,0,0,0
450570,2,1,1994,10,10,10,10,10,10,10,10,10,10
450571,1,1,1994,16,16,16,16,16,16,16,16,16,16
450572,1,1,1994,0,0,0,0,0,0,0,0,0,0
450572,2,1,1994,0,0,0,0,0,0,0,0,0,0
450573,1,1,1994,15,11,15,21,21,12,19,17,22,6
450574,1,1,1994,0,0,0,0,0,0,0,0,0,0
450574,2,1,1994,0,0,0,0,0,0,0,0,0,0
450575,1,1,1994,0,0,0,0,0,0,0,0,0,0
450576,1,1,1994,0,0,0,0,0,0,0,0,0,0
450576,2,1,1994,0,0,0,0,0,0,0,0,0,0
450577,1,1,1994,0,13,0,0,0,0,0,0,0,0
450578,0,1,1994,0,0,0,23,0,0,0,0,0,0
450578,1,1,1994,0,0,0,0,0,0,0,0,0,0
450579,0,1,1994,24,0,12,0,0,24,0,0,27,17
450579,1,1,1994,0,0,0,26,0,0,0,0,0,0
450580,1,1,1994,0,0,0,0,0,0,0,0,0,0
450581,1,1,1994,0,19,0,22,0,0,0,0,0,0
450581,2,1,1994,0,0,0,0,0,0,0,0,0,0
450582,0,1,1994,0,0,0,0,0,0,0,0,0,0
450582,1,1,1994,8,0,0,0,0,0,0,0,0,0
450584,1,1,1994,9,9,9,9,9,9,9,9,9,9
450585,1,1,1994,0,0,0,0,37,0,0,0,0,17
450586,1,1,1994,16,6,13,12,15,19,20,8,15,23
450587,1,1,1994,0,4,0,0,0,0,0,0,0,0
450588,1,1,1994,0,0,0,0,0,0,4,0,0,0
450588,2,1,1994,0,0,18,0,14,0,10,0,0,0
450589,1,1,1994,0,0,0,0,0,0,0,0,0,0
450589,2,1,1994,0,0,0,0,0,0,0,12,0,0
450590,1,1,1994,19,19,19,19,19,19,19,19,19,19
450591,1,1,1994,0,0,0,0,0,0,0,0,0,0
450591,2,1,1994,0,0,0,0,0,0,0,0,0,0
450592,1,1,1994,0,0,0,0,0,0,0,0,0,0
450593,1,1,1994,0,0,0,0,0,0,0,10,0,0
450594,1,1,1994,0,0,0,0,0,0,0,0,0,0
450594,2,1,1994,0,0,0,0,0,0,0,0,26,0
450594,3,1,1994,0,0,0,0,0,0,0,0,0,0
450595,1,1,1994,0,0,0,0,0,0,0,0,0,0
450595,2,1,1994,0,0,0,0,0,0,0,0,0,0
450596,0,1,1994,6,29,23,21,18,2,17,15,21,23
450596,1,1,1994,16,0,0,0,0,0,0,0,5,13
450597,0,1,1994,11,26,0,0,0,0,0,17,0,0
450597,1,1,1994,0,0,0,0,0,0,0,0,0,11
450598,1,1,1994,0,0,12,4,0,0,0,0,0,0
450598,2,1,1994,0,0,0,26,0,0,0,0,0,0
450599,0,1,1994,0,0,0,0,0,0,0,0,0,0
450599,0,2,1994,0,0,0,0,0,0,0,8,0,0
450599,1,1,1994,0,0,0,0,0,0,0,0,0,0
450600,1,1,1994,0,0,0,0,0,0,0,0,0,0
450601,1,1,1994,0,0,0,0,21,0,0,0,0,0
450601,2,1,1994,0,12,0,0,0,0,0,0,0,0
450602,0,1,1994,0,0,0,0,0,0,0,0,0,0
450602,1,1,1994,0,0,0,0,0,0,0,0,0,0
450603,1,1,1994,11,0,23,0,0,0,19,0,9,0
450604,1,1,1994,0,0,0,0,0,0,0,0,0,0
450605,1,1,1994,0,0,0,0,5,0,0,0,0,0
450605,2,1,1994,0,0,0,0,0,0,0,0,0,0
450606,1,1,1994,0,0,0,0,0,0,0,0,0,0
450606,2,1,1994,0,0,0,0,0,0,13,0,0,0
450607,0,1,1994,0,13,0,0,0,0,0,0,0,0
450607,1,1,1994,0,0,0,0,0,0,0,0,0,0
450608,1,1,1994,17,0,0,0,0,0,0,0,0,0
450609,0,1,1994,0,0,0,0,0,0,0,0,0,0
450609,1,1,1994,0,0,0,0,0,0,0,0,0,0
450610,1,1,1994,0,5,6,0,0,0,0,0,0,0
450610,2,1,1994,13,13,13,13,13,13,13,13,13,13
450611,1,1,1994,0,0,0,0,0,5,0,0,0,0
450611,2,1,1994,0,0,0,0,0,0,0,0,0,0
450612,1,1,1994,0,0,0,0,0,0,0,0,0,0
450613,1,1,1994,32,32,32,32,32,32,32,32,32,32
450613,2,1,1994,0,0,0,0,0,0,0,0,0,0
450614,1,1,1994,0,0,0,0,0,0,0,0,0,0
450614,2,1,1994,0,0,0,0,0,0,0,0,0,0
450615,1,1,1994,0,0,0,0,14,0,7,0,0,0
450615,2,1,1994,0,0,0,0,0,7,0,0,0,0
450616,0,1,1994,0,0,0,0,0,0,0,0,0,0
450616,1,1,1994,0,0,0,0,0,0,0,0,0,0
450617,1,1,1994,0,0,0,0,0,0,0,0,0,0
450618,1,1,1994,0,0,0,0,0,0,0,0,0,0
450619,1,1,1994,0,0,0,0,0,0,0,12,0,0
450620,1,1,1994,0,0,0,0,0,0,0,0,0,0
450620,2,1,1994,0,0,0,0,0,0,0,0,0,0
450620,3,1,1994,0,0,0,0,0,0,0,0,0,0
450621,1,1,1994,7,7,7,7,7,7,7,7,7,7
450622,1,1,1994,13,13,13,13,13,13,13,13,13,13
450623,1,1,1994,0,0,0,0,0,0,0,0,0,0
450623,2,1,1994,0,9,0,16,0,29,9,9,28,17
450624,1,1,1994,0,0,0,0,0,0,20,0,0,0
450624,2,1,1994,0,0,0,0,0,0,0,0,0,8
450625,1,1,1994,0,0,0,0,0,0,0,0,0,0
450625,2,1,1994,0,0,0,0,0,0,0,0,0,0
450626,1,1,1994,0,0,0,0,0,0,0,0,0,0
450627,1,1,1994,0,0,0,7,0,0,0,0,0,0
450627,2,1,1994,0,0,0,0,0,0,0,0,0,0
450627,3,1,1994,0,0,0,0,0,0,0,0,0,0
450627,4,1,1994,0,0,0,0,0,0,0,0,0,13
450628,1,1,1994,5,5,5,5,5,5,5,5,5,5
450628,2,1,1994,0,0,0,0,0,0,0,0,0,0
450629,0,1,1994,0,0,0,0,0,0,0,0,0,14
450629,1,1,1994,10,0,0,0,0,0,0,0,0,0
450630,1,1,1994,0,0,0,0,0,0,0,0,0,0
450630,2,1,1994,10,14,16,36,26,30,16,13,9,7
450631,1,1,1994,0,0,0,0,0,0,0,0,0,0
450632,1,1,1994,0,15,0,0,0,0,0,0,0,0
450632,2,1,1994,0,0,0,0,0,0,0,0,0,0
450633,1,1,1994,0,0,0,0,0,0,0,0,0,0
450633,2,1,1994,0,0,0,0,0,0,0,0,0,0
450634,1,1,1994,0,0,0,0,0,0,16,0,0,0
450634,2,1,1994,0,0,0,0,0,0,0,0,0,0
450635,1,1,1994,0,0,0,0,0,0,0,0,0,0
450635,2,1,1994,3,11,29,14,12,9,11,12,12,16
450635,3,1,1994,0,0,0,0,0,0,0,0,0,0
450636,1,1,1994,0,0,0,6,0,0,0,0,0,0
450637,1,1,1994,15,15,31,17,4,12,3,14,4,19
450638,0,1,1994,0,0,7,0,31,0,5,20,7,0
450638,1,1,1994,0,0,0,0,0,0,0,0,0,0
450639,1,1,1994,0,0,0,0,0,0,0,0,0,0
450639,2,1,1994,0,0,0,0,0,0,0,0,0,0
450640,1,1,1994,0,0,0,12,0,0,0,0,7,0
450641,0,1,1994,0,40,0,0,0,0,0,37,0,0
450641,1,1,1994,20,0,0,0,8,0,0,0,0,0
450642,0,1,1994,22,22,22,22,22,22,22,22,22,22
450642,1,1,1994,14,19,21,35,0,0,14,19,0,0
450643,1,1,1994,0,0,0,0,11,0,0,3,0,0
450644,0,1,1994,0,33,0,0,0,0,0,9,50,41
450644,1,1,1994,6,3,0,0,0,0,0,0,0,0
450645,1,1,1994,0,11,0,0,0,6,0,0,0,5
450646,1,1,1994,0,0,0,0,0,0,0,0,0,0
450646,2,1,1994,0,0,0,0,0,0,0,0,0,0
450647,1,1,1994,0,14,0,0,0,9,0,0,0,0
450648,1,1,1994,0,0,0,0,0,0,0,0,0,0
450648,2,1,1994,0,0,0,0,0,0,0,0,0,0
450648,3,1,1994,0,0,0,0,0,0,0,0,0,0
450649,1,1,1994,0,0,0,9,0,0,0,24,0,0
450649,2,1,1994,0,0,0,0,0,0,0,0,0,0
450650,1,1,1994,23,0,0,0,0,0,0,0,15,0
450651,1,1,1994,31,0,0,0,14,0,16,0,0,0
450652,1,1,1994,0,0,15,0,0,0,0,0,0,0
450652,2,1,1994,0,0,0,0,0,0,0,0,0,0
450653,0,1,1994,0,0,0,0,0,0,0,0,0,0
450653,1,1,1994,0,0,0,0,0,0,0,0,0,0
450654,0,1,1994,0,0,0,0,0,0,0,0,0,0
450654,1,1,1994,0,0,0,0,0,0,0,0,0,0
450655,1,1,1994,0,0,0,0,0,0,0,0,0,0
450655,2,1,1994,0,0,0,0,0,0,0,0,0,0
450655,3,1,1994,0,0,0,0,0,0,0,0,0,0
450655,4,1,1994,0,0,0,0,0,0,0,0,0,12
450656,1,1,1994,15,0,8,14,20,22,18,9,13,21
450657,1,1,1994,0,0,0,0,0,0,0,0,0,0
450658,1,1,1994,0,19,0,0,0,0,0,0,0,21
450659,1,1,1994,10,23,29,16,15,28,23,14,13,13
450660,1,1,1994,0,0,0,0,0,0,0,0,0,0
450660,2,1,1994,37,37,37,37,37,37,37,37,37,37
450661,1,1,1994,0,0,0,0,0,0,0,0,0,0
450661,2,1,1994,0,0,0,0,0,0,0,0,0,0
450661,3,1,1994,0,0,0,0,0,0,0,0,0,0
450662,1,1,1994,0,22,0,19,31,7,29,29,27,5
450663,0,1,1994,0,0,0,0,0,0,0,0,0,0
450663,1,1,1994,0,0,0,0,0,0,0,0,0,0
450664,1,1,1994,0,0,0,0,0,0,0,0,0,0
450664,2,1,1994,0,0,0,0,0,0,0,0,0,0
450665,0,1,1994,12,12,12,12,12,12,12,12,12,12
450665,0,2,1994,10,0,8,17,0,29,22,16,9,28
450665,0,3,1994,14,0,0,0,13,0,14,12,21,0
450665,1,1,1994,0,0,0,0,0,0,7,0,0,0
450667,0,1,1994,0,0,0,0,0,0,0,0,0,0
450667,1,1,1994,0,12,0,0,0,0,0,0,0,0
450668,0,1,1994,0,0,0,0,0,0,0,6,0,0
450668,1,1,1994,0,0,0,0,0,0,0,0,0,0
450669,1,1,1994,0,9,17,0,0,0,16,0,16,0
450670,1,1,1994,0,0,17,16,0,23,16,33,0,0
450671,0,1,1994,0,0,0,0,0,0,0,0,0,0
450671,1,1,1994,0,0,0,0,0,0,0,0,0,0
450672,0,1,1994,0,0,0,0,0,5,12,14,11,0
450672,1,1,1994,4,0,29,13,0,10,0,0,0,0
450673,0,1,1994,27,0,0,0,0,0,0,0,0,0
450674,1,1,1994,17,0,0,0,0,0,0,0,0,0
450675,1,1,1994,0,25,0,0,0,0,20,14,0,0
450675,2,1,1994,9,0,0,0,0,0,0,0,0,0
450676,1,1,1994,0,0,0,0,0,0,0,0,0,0
450676,2,1,1994,0,0,0,0,0,0,0,0,0,0
450677,1,1,1994,0,0,0,0,0,0,0,0,0,0
450677,2,1,1994,0,0,0,0,0,13,0,0,0,0
450678,1,1,1994,0,21,14,0,0,0,0,0,0,18
450679,0,1,1994,0,0,0,0,0,0,0,0,0,0
450679,1,1,1994,0,0,0,0,0,0,0,0,0,0
450680,0,1,1994,0,0,0,0,0,0,0,0,0,0
450680,1,1,1994,0,0,0,0,0,0,0,0,0,0
450681,0,1,1994,0,0,0,0,0,0,0,0,0,0
450681,1,1,1994,0,0,0,0,0,0,0,0,0,0
450682,1,1,1994,0,0,15,0,0,0,0,0,13,0
450682,2,1,1994,0,0,0,0,0,0,0,0,0,0
450683,1,1,1994,0,0,0,0,0,0,0,0,0,0
450683,2,1,1994,0,0,0,0,0,0,0,0,0,0
450684,1,1,1994,0,0,0,0,0,0,0,0,0,0