ST_CASE,VEH_NO,PER_NO,YEAR,P1,P2,P3,P4,P5,P6,P7,P8,P9,P10
450684,2,1,1994,0,0,0,0,0,0,0,0,0,0
450684,3,1,1994,0,0,0,0,0,0,0,0,0,0
450685,1,1,1994,14,7,18,10,23,10,28,13,31,16
450686,1,1,1994,0,0,0,0,0,0,0,0,0,0
450687,1,1,1994,0,22,0,0,0,39,0,30,0,0
450688,0,1,1994,0,0,0,0,12,0,0,9,0,0
450688,1,1,1994,0,0,0,0,0,0,0,0,0,0
450689,1,1,1994,11,0,21,0,0,0,0,0,0,17
450690,1,1,1994,0,0,0,0,0,0,0,0,0,0
450690,2,1,1994,0,0,0,0,0,0,0,0,0,0
450691,0,1,1994,0,0,0,0,0,0,0,0,0,0
450691,1,1,1994,0,0,0,0,0,0,0,0,0,0
450692,0,1,1994,0,11,0,0,0,0,0,0,0,8
450692,1,1,1994,0,0,0,0,0,0,0,0,0,0
450693,1,1,1994,0,0,0,0,0,0,0,0,0,0
450693,2,1,1994,0,0,0,0,0,0,0,0,0,0
450694,1,1,1994,0,0,0,0,0,0,4,0,0,0
450694,2,1,1994,0,0,0,0,0,0,0,0,0,0
450694,3,1,1994,0,0,0,21,15,0,0,0,0,0
450695,1,1,1994,14,14,14,14,14,14,14,14,14,14
450696,1,1,1994,11,11,11,11,11,11,11,11,11,11
450696,2,1,1994,24,24,24,24,24,24,24,24,24,24
450697,1,1,1994,0,0,0,0,0,0,0,0,0,0
450697,2,1,1994,0,0,0,0,0,0,0,0,0,0
450698,1,1,1994,0,0,0,0,0,0,0,0,0,0
450698,2,1,1994,0,0,0,0,0,12,0,0,0,0
450700,0,1,1994,39,39,39,39,39,39,39,39,39,39
450700,1,1,1994,18,0,0,0,13,38,0,0,0,0
450701,1,1,1994,0,0,0,0,0,0,18,0,15,0
450702,1,1,1994,0,0,0,0,0,0,0,0,0,0
450702,2,1,1994,0,0,0,0,0,0,0,8,0,0
450703,0,1,1994,0,0,0,0,0,0,0,0,0,0
450703,1,1,1994,0,0,0,0,0,0,0,0,0,0
450704,1,1,1994,0,0,0,0,0,0,0,0,16,0
450705,1,1,1994,0,0,0,0,0,0,0,0,0,0
450705,2,1,1994,0,0,0,0,0,0,0,0,0,0
450706,1,1,1994,19,19,19,19,19,19,19,19,19,19
450707,1,1,1994,0,0,0,0,0,0,0,0,0,0
450707,2,1,1994,0,0,0,0,0,0,0,0,0,0
450708,1,1,1994,0,0,0,0,0,0,0,0,0,0
450708,2,1,1994,0,18,0,0,0,0,0,0,0,0
450709,1,1,1994,0,0,0,0,0,0,0,0,0,0
450710,1,1,1994,0,15,0,0,0,0,13,0,13,0
450711,1,1,1994,0,0,0,0,0,0,0,0,0,0
450711,2,1,1994,0,0,0,0,0,0,0,0,0,0
450712,1,1,1994,0,0,5,0,12,18,0,0,0,0
450713,1,1,1994,0,0,0,0,0,0,0,0,0,0
450713,2,1,1994,0,20,0,0,0,0,27,0,2,0
450714,0,1,1994,0,0,0,0,0,0,0,0,0,0
450714,1,1,1994,0,0,0,0,0,0,0,0,0,0
450715,1,1,1994,0,0,0,0,0,0,0,0,0,0
450717,1,1,1994,0,0,0,0,0,0,0,0,0,0
450718,1,1,1994,0,0,0,0,0,0,0,0,0,0
450718,2,1,1994,0,0,0,0,0,0,0,0,0,0
450719,0,1,1994,16,16,16,16,16,16,16,16,16,16
450719,1,1,1994,0,0,0,0,0,0,0,0,0,0
450720,1,1,1994,0,0,0,0,0,0,0,0,0,0
450720,2,1,1994,0,0,0,0,0,0,0,0,0,0
450720,3,1,1994,0,0,0,0,0,0,0,0,0,0
450721,1,1,1994,0,0,0,0,0,0,0,0,0,0
450722,0,1,1994,0,0,0,0,0,0,0,0,0,0
450722,0,2,1994,0,0,0,0,0,0,0,0,0,0
450722,1,1,1994,17,0,0,0,0,0,26,0,0,12
450723,1,1,1994,12,12,12,12,12,12,12,12,12,12
450723,2,1,1994,0,0,0,0,0,0,0,0,0,0
450724,1,1,1994,0,23,0,7,0,0,0,0,0,0
450724,2,1,1994,0,11,0,0,0,0,0,0,0,0
450725,1,1,1994,0,0,0,0,0,0,0,0,0,0
450726,1,1,1994,0,0,0,0,0,0,0,0,0,0
450727,1,1,1994,0,0,0,0,0,0,0,0,0,0
450727,2,1,1994,0,0,0,0,0,0,0,0,5,0
450727,3,1,1994,0,0,0,0,0,0,0,0,0,0
450728,1,1,1994,0,0,0,0,0,0,0,0,0,0
450728,2,1,1994,0,0,0,0,0,0,0,0,0,0
450729,1,1,1994,0,0,0,0,0,0,18,5,12,0
450729,2,2,1994,0,0,11,0,0,0,0,0,0,0
450730,1,1,1994,20,0,0,0,0,0,0,0,0,0
450730,2,1,1994,0,0,0,0,0,0,0,0,0,0
450732,1,1,1994,0,0,0,0,0,0,0,0,0,0
450732,2,1,1994,0,0,0,0,0,0,0,0,0,0
450734,1,1,1994,0,0,0,0,0,0,0,0,20,0
450735,1,1,1994,0,0,0,0,0,0,0,0,0,0
450736,0,1,1994,0,0,0,0,0,0,0,0,0,0
450736,1,1,1994,0,0,0,0,0,0,0,0,0,0
450737,0,1,1994,19,19,19,19,19,19,19,19,19,19
450737,1,1,1994,10,10,10,10,10,10,10,10,10,10
450738,1,1,1994,0,0,0,0,0,0,0,0,0,0
450738,2,1,1994,0,0,0,0,0,0,0,0,0,0
450739,1,1,1994,0,0,0,0,0,0,0,0,0,0
450739,2,1,1994,0,0,0,7,0,0,0,0,0,0
450740,1,1,1994,0,0,0,0,0,0,7,0,0,10
450742,1,1,1994,0,0,0,0,0,0,0,0,0,0
450743,1,1,1994,0,0,0,0,0,0,0,0,0,0
450743,2,1,1994,0,0,0,5,0,0,0,0,0,0
450744,1,1,1994,0,0,0,0,0,0,0,0,0,20
450745,1,1,1994,0,0,0,0,19,0,0,0,0,0
450745,2,1,1994,0,0,0,0,0,0,0,0,0,0
450746,1,1,1994,0,0,0,0,0,0,0,0,0,0
450749,1,1,1994,0,0,0,0,0,0,0,0,0,0
450750,1,1,1994,18,18,18,18,18,18,18,18,18,18
450751,1,1,1994,0,0,0,0,0,0,0,0,0,0
450751,2,1,1994,0,0,0,0,0,0,0,0,0,0
450752,1,1,1994,23,0,0,0,0,19,0,0,0,15
450753,0,1,1994,0,17,0,0,0,0,0,0,0,0
450753,1,1,1994,0,0,0,0,0,0,0,0,0,0
450754,0,1,1994,0,0,0,0,0,0,0,0,0,0
450754,1,1,1994,0,0,0,0,0,0,0,0,0,0
450755,1,1,1994,0,0,0,0,7,0,0,0,0,0
450755,2,1,1994,0,14,0,0,0,0,0,0,0,0
450756,0,1,1994,0,0,0,0,28,0,16,0,0,0
450756,1,1,1994,0,0,0,0,0,0,0,23,0,0
450757,1,1,1994,0,0,0,0,0,0,0,0,0,0
450758,1,1,1994,26,26,26,26,26,26,26,26,26,26
450759,1,1,1994,0,0,0,0,0,0,0,0,0,0
450760,1,1,1994,0,0,0,0,9,0,0,0,0,0
450760,2,1,1994,0,0,0,0,19,19,11,0,14,0
450761,1,1,1994,0,0,0,0,0,0,0,0,0,0
450761,2,1,1994,0,0,0,0,17,0,0,0,0,0
450762,1,1,1994,0,0,0,0,0,0,8,0,0,0
450762,2,1,1994,24,0,13,0,0,0,0,19,0,0
450763,0,1,1994,0,0,0,0,0,0,0,0,0,0
450763,1,1,1994,0,0,0,0,0,0,0,0,0,0
450764,0,1,1994,0,0,0,0,0,0,0,0,31,0
450764,1,1,1994,0,0,0,0,0,0,0,0,0,0
450765,1,1,1994,21,0,0,0,0,0,0,0,0,11
450766,1,1,1994,0,0,0,0,0,0,0,0,0,0
450767,1,1,1994,0,0,0,0,0,0,0,0,0,0
450767,2,1,1994,0,0,0,0,0,0,0,0,0,0
450768,1,1,1994,0,0,7,0,0,0,0,0,0,0
450769,1,1,1994,0,0,0,0,0,0,0,0,0,0
450769,2,1,1994,0,0,0,0,0,0,0,0,0,0
450769,3,1,1994,0,0,0,0,0,0,0,0,0,0
450770,1,1,1994,0,0,0,5,0,0,0,0,0,0
450770,2,1,1994,0,0,0,0,0,0,0,0,0,0
450771,1,1,1994,0,0,0,0,0,0,0,0,0,0
450772,1,1,1994,18,14,0,22,0,22,22,7,0,0
450773,1,1,1994,0,0,0,0,0,0,0,0,0,0
450773,2,1,1994,20,20,20,20,20,20,20,20,20,20
450775,1,1,1994,0,0,0,0,0,0,0,0,0,0
450775,2,1,1994,0,0,0,0,0,0,0,0,0,0
450776,0,1,1994,0,0,0,0,0,0,0,0,0,0
450776,1,1,1994,0,0,0,17,0,0,0,0,0,0
450777,1,1,1994,0,0,0,0,0,0,0,0,0,0
450777,2,1,1994,0,0,0,0,0,0,0,0,0,0
450778,1,1,1994,0,0,0,0,0,0,0,0,0,0
460001,1,1,1994,0,0,0,0,0,0,0,0,0,0
460001,2,1,1994,0,0,0,0,0,0,0,0,0,0
460002,1,1,1994,0,0,0,0,0,0,0,0,0,0
460003,1,1,1994,0,0,0,0,0,0,0,0,0,0
460003,2,1,1994,0,0,0,0,0,0,0,0,0,0
460004,1,1,1994,26,26,26,26,26,26,26,26,26,26
460005,1,1,1994,0,21,0,0,0,0,15,0,0,0
460005,2,1,1994,20,20,20,20,20,20,20,20,20,20
460006,0,1,1994,0,0,0,0,0,0,0,0,0,0
460006,1,1,1994,0,0,0,0,0,0,0,0,0,0
460007,1,1,1994,24,24,24,24,24,24,24,24,24,24
460007,2,1,1994,0,0,0,0,0,0,0,0,0,0
460008,1,1,1994,0,0,0,0,0,0,0,0,0,0
460008,2,1,1994,0,0,0,0,0,0,0,0,0,0
460009,1,1,1994,0,0,0,0,0,0,0,0,0,0
460009,2,1,1994,0,0,0,0,0,0,0,0,0,0
460009,3,1,1994,0,0,0,0,0,0,0,0,0,0
460009,4,1,1994,0,0,0,0,0,0,0,0,0,0
460009,5,1,1994,0,0,0,0,0,0,0,0,0,0
460010,1,1,1994,0,0,0,0,0,0,0,0,0,0
460011,1,1,1994,0,0,0,0,0,0,0,0,0,0
460011,2,1,1994,0,0,0,0,0,0,0,0,0,0
460012,1,1,1994,0,0,0,0,0,0,0,0,0,0
460013,1,1,1994,0,0,0,0,0,0,0,0,0,0
460013,2,1,1994,0,0,0,0,0,0,0,0,0,0
460014,0,1,1994,0,0,0,0,0,0,0,0,0,0
460014,1,1,1994,0,0,0,0,0,0,0,0,0,0
460015,1,1,1994,19,19,19,19,19,19,19,19,19,19
460016,1,1,1994,26,26,26,26,26,26,26,26,26,26
460017,1,1,1994,0,0,0,0,0,0,0,0,0,0
460018,1,1,1994,0,0,0,0,0,0,0,0,0,0
460018,2,1,1994,0,0,0,0,0,0,0,0,0,0
460019,1,2,1994,20,25,10,13,45,29,0,14,27,28
460020,1,1,1994,0,0,0,0,0,0,0,0,0,0
460020,2,1,1994,31,31,31,31,31,31,31,31,31,31
460021,1,1,1994,17,17,17,17,17,17,17,17,17,17
460022,1,1,1994,20,20,20,20,20,20,20,20,20,20
460023,1,1,1994,38,13,0,11,23,7,17,22,0,33
460024,0,1,1994,0,0,0,0,0,0,0,0,0,0
460024,1,1,1994,0,0,0,0,0,0,0,0,0,0
460025,1,1,1994,15,15,15,15,15,15,15,15,15,15
460026,0,1,1994,33,33,33,33,33,33,33,33,33,33
460026,1,1,1994,17,17,17,17,17,17,17,17,17,17
460027,1,1,1994,19,19,19,19,19,19,19,19,19,19
460028,1,1,1994,0,0,0,0,0,0,0,0,0,0
460029,1,1,1994,0,0,0,0,0,0,0,0,0,0
460029,2,1,1994,0,0,0,0,0,0,0,0,0,0
460030,1,1,1994,0,0,0,0,0,0,0,0,0,0
460030,2,1,1994,0,0,0,0,0,0,0,0,0,0
460031,1,1,1994,12,12,12,12,12,12,12,12,12,12
460032,1,1,1994,0,0,0,0,0,0,0,0,0,0
460032,2,1,1994,0,0,0,0,0,0,0,0,0,0
460033,1,1,1994,0,16,9,0,0,18,9,20,0,15
460034,1,1,1994,0,0,0,0,0,0,0,0,0,0
460034,2,1,1994,0,0,0,0,0,0,0,0,0,0
460035,0,1,1994,0,0,0,0,0,0,0,0,0,0
460035,1,1,1994,0,0,0,0,0,0,0,0,0,0
460036,1,1,1994,3,3,3,3,3,3,3,3,3,3
460037,1,1,1994,0,0,0,0,0,0,0,0,0,0
460037,2,1,1994,26,26,26,26,26,26,26,26,26,26
460038,1,1,1994,0,0,0,0,0,0,0,0,0,0
460039,1,1,1994,3,3,3,3,3,3,3,3,3,3
460040,0,1,1994,0,0,0,0,0,0,0,0,0,0
460040,1,1,1994,0,0,0,0,11,10,0,15,0,6
460041,1,1,1994,16,16,16,16,16,16,16,16,16,16
460041,2,1,1994,0,0,0,3,14,0,0,0,0,0
460042,1,1,1994,22,22,22,22,22,22,22,22,22,22
460043,0,1,1994,29,29,29,29,29,29,29,29,29,29
460043,1,1,1994,7,7,7,7,7,7,7,7,7,7
460044,0,1,1994,0,0,0,0,0,0,0,0,0,0
460044,1,1,1994,0,0,0,0,0,0,0,0,0,0
460045,1,1,1994,0,0,0,0,0,0,0,0,0,0
460046,1,1,1994,0,0,0,0,0,0,0,0,0,0
460047,1,1,1994,0,0,0,0,0,0,0,0,0,0
460048,1,1,1994,11,11,11,11,11,11,11,11,11,11
460049,1,1,1994,0,0,0,0,0,0,0,0,0,0
460050,1,1,1994,25,25,25,25,25,25,25,25,25,25
460051,1,1,1994,18,18,18,18,18,18,18,18,18,18
460052,1,1,1994,0,0,0,0,0,0,0,0,0,0
460052,2,1,1994,0,0,0,0,0,0,0,0,0,0
460053,0,1,1994,0,0,0,0,0,0,0,0,0,0
460054,1,1,1994,16,16,16,16,16,16,16,16,16,16
460055,1,1,1994,0,0,0,0,0,0,0,0,0,0
460056,1,1,1994,10,10,10,10,10,10,10,10,10,10
460057,1,1,1994,20,20,20,20,20,20,20,20,20,20
460058,0,1,1994,21,21,21,21,21,21,21,21,21,21
460058,1,1,1994,0,0,0,0,0,0,0,0,0,0
460059,1,1,1994,19,19,19,19,19,19,19,19,19,19
460060,1,1,1994,0,0,0,0,0,0,0,0,0,0
460060,2,1,1994,0,0,0,0,0,0,0,0,24,0
460061,1,1,1994,18,18,18,18,18,18,18,18,18,18
460062,1,1,1994,16,16,16,16,16,16,16,16,16,16
460063,1,1,1994,0,0,0,0,0,0,0,0,0,0
460063,2,1,1994,23,0,0,0,0,0,0,0,0,0
460064,1,1,1994,0,0,0,0,0,9,12,0,0,0
460065,1,1,1994,29,0,34,24,0,31,0,0,0,0
460066,1,1,1994,0,0,0,0,0,0,0,0,0,0
460067,1,1,1994,0,0,0,0,0,0,0,0,0,0
460067,2,1,1994,0,0,0,0,0,0,0,0,0,0
460068,1,1,1994,20,20,20,20,20,20,20,20,20,20
460069,1,1,1994,0,0,0,0,0,0,0,0,0,0
460070,1,1,1994,0,0,0,0,0,0,0,0,0,0
460071,1,1,1994,0,0,0,0,0,0,0,0,0,0
460072,1,1,1994,0,0,0,0,0,0,0,0,0,0
460073,1,1,1994,0,0,0,0,0,0,0,0,0,0
460073,2,1,1994,6,6,6,6,6,6,6,6,6,6
460074,1,1,1994,27,27,27,27,27,27,27,27,27,27
460075,1,1,1994,0,0,0,0,0,0,0,0,0,0
460075,2,1,1994,21,21,21,21,21,21,21,21,21,21
460076,0,1,1994,0,0,0,0,0,0,0,0,0,0
460076,1,1,1994,0,0,0,0,0,0,0,0,0,0
460077,1,1,1994,0,0,0,0,0,0,0,0,0,0
460078,1,1,1994,8,8,8,8,8,8,8,8,8,8
460079,1,1,1994,0,0,0,0,0,0,0,0,0,0
460080,1,1,1994,14,14,14,14,14,14,14,14,14,14
460080,2,1,1994,0,0,0,0,0,0,0,0,0,0
460081,1,1,1994,0,0,0,0,0,0,0,0,0,0
460081,2,1,1994,3,3,3,3,3,3,3,3,3,3
460081,3,1,1994,15,17,33,13,9,15,6,27,37,19
460082,0,1,1994,0,0,5,0,0,0,0,0,0,0
460082,1,1,1994,0,0,0,0,0,0,0,0,0,0
460083,1,1,1994,0,0,0,0,0,0,0,0,0,0
460083,2,1,1994,0,0,0,0,0,0,0,0,0,0
460084,1,1,1994,0,0,0,20,0,0,0,11,0,0
460084,2,1,1994,0,0,0,0,0,0,5,23,0,0
460085,0,1,1994,18,18,18,18,18,18,18,18,18,18
460085,1,1,1994,0,0,0,0,0,0,0,13,0,18
460086,1,1,1994,0,0,0,0,0,0,0,0,0,0
460086,2,1,1994,0,0,0,0,0,0,0,0,0,0
460087,1,1,1994,14,8,16,22,0,26,11,21,15,21
460087,2,1,1994,18,0,0,2,0,0,12,4,4,21
460088,1,1,1994,13,13,13,13,13,13,13,13,13,13
460089,1,1,1994,19,19,19,19,19,19,19,19,19,19
460090,1,1,1994,22,22,22,22,22,22,22,22,22,22
460091,1,1,1994,12,16,29,0,11,32,34,13,24,25
460092,1,1,1994,0,0,0,0,0,0,12,0,0,0
460092,2,1,1994,0,0,0,0,0,0,0,0,0,0
460093,1,1,1994,19,19,19,19,19,19,19,19,19,19
460094,1,1,1994,10,10,10,10,10,10,10,10,10,10
460095,1,1,1994,10,10,10,10,10,10,10,10,10,10
460096,1,1,1994,9,9,9,9,9,9,9,9,9,9
460096,2,1,1994,0,0,0,0,0,0,0,0,0,0
460097,1,1,1994,0,0,0,0,0,0,0,0,0,0
460097,2,1,1994,0,0,0,0,0,0,0,0,0,0
460098,1,1,1994,0,0,0,0,0,0,0,0,0,0
460098,2,1,1994,0,0,0,0,0,0,0,0,0,0
460099,0,1,1994,20,20,20,20,20,20,20,20,20,20
460099,1,1,1994,0,0,0,0,0,0,0,0,0,0
460100,1,1,1994,0,0,0,0,0,0,0,0,0,0
460101,1,1,1994,0,0,0,0,0,0,0,0,0,0
460101,2,1,1994,0,0,0,0,0,8,0,0,0,0
460102,1,1,1994,10,10,10,10,10,10,10,10,10,10
460103,1,1,1994,21,21,21,21,21,21,21,21,21,21
460104,1,1,1994,0,0,0,0,0,0,0,0,0,0
460104,2,1,1994,0,0,0,0,0,0,0,0,0,0
460105,1,1,1994,0,0,0,0,0,0,0,0,0,0
460105,2,1,1994,0,0,0,0,0,0,0,0,0,0
460106,1,1,1994,0,0,0,0,0,0,0,0,0,0
460106,2,1,1994,0,0,12,0,0,0,0,0,16,0
460107,1,1,1994,23,23,23,23,23,23,23,23,23,23
460108,1,1,1994,0,0,0,0,0,0,0,0,0,0
460109,1,1,1994,0,0,0,0,0,0,0,0,0,0
460110,1,1,1994,0,0,0,0,0,0,0,0,0,0
460110,2,1,1994,0,0,0,0,0,0,0,0,0,0
460110,3,1,1994,0,0,0,0,0,0,0,0,0,0
460111,0,1,1994,36,36,36,36,36,36,36,36,36,36
460111,1,1,1994,0,0,0,0,0,0,0,0,0,0
460112,1,1,1994,0,0,0,0,0,0,0,0,0,14
460112,2,1,1994,0,0,20,0,0,0,0,0,0,0
460113,0,1,1994,0,0,0,0,0,0,0,0,0,0
460113,1,1,1994,0,0,0,15,0,0,0,0,0,0
460114,1,1,1994,0,0,0,0,0,0,0,0,0,0
460115,1,1,1994,16,15,8,11,12,19,12,15,9,44
460116,1,1,1994,12,18,26,23,33,16,18,7,16,35
460117,1,1,1994,4,8,14,12,13,8,11,18,17,0
460118,0,1,1994,25,25,25,25,25,25,25,25,25,25
460118,1,1,1994,0,0,0,0,0,0,0,0,0,0
460119,1,1,1994,0,0,0,0,0,0,0,0,0,0
460120,0,1,1994,7,7,7,7,7,7,7,7,7,7
460120,1,1,1994,0,0,0,0,0,2,0,0,0,0
460121,1,1,1994,0,0,0,0,0,0,0,0,0,0
460122,0,1,1994,0,0,0,0,0,0,0,0,0,32
460122,1,1,1994,0,0,0,0,0,0,0,0,0,0
460123,1,1,1994,0,0,0,0,0,0,0,0,0,0
460123,2,1,1994,0,0,0,0,0,0,0,0,0,0
460124,1,1,1994,0,0,0,0,0,0,0,0,0,0
460125,1,1,1994,22,22,22,22,22,22,22,22,22,22
460126,1,1,1994,14,14,14,14,14,14,14,14,14,14
460127,0,1,1994,23,23,23,23,23,23,23,23,23,23
460127,1,1,1994,12,11,0,5,0,16,23,0,12,10
460128,1,1,1994,2,2,2,2,2,2,2,2,2,2
460129,1,1,1994,0,0,0,0,0,0,0,0,0,0
460129,2,1,1994,0,0,0,0,0,0,0,0,0,0
460129,3,1,1994,0,0,0,0,0,0,0,0,0,0
460130,1,1,1994,0,0,0,0,9,0,0,0,0,0
460131,0,1,1994,0,0,0,0,0,0,0,0,0,0
460131,1,1,1994,7,7,7,7,7,7,7,7,7,7
460132,1,1,1994,0,0,0,0,0,0,0,0,0,0
460132,2,1,1994,0,0,0,0,0,0,0,0,0,0
460133,1,1,1994,0,0,0,0,0,0,0,0,0,0
460134,1,1,1994,24,24,24,24,24,24,24,24,24,24
460135,1,1,1994,16,18,5,15,0,18,23,24,18,9
460136,1,1,1994,0,0,0,0,0,0,0,0,0,0
460137,1,1,1994,0,0,0,0,0,0,0,0,0,0
460138,1,1,1994,22,0,9,11,3,0,10,21,26,27
460140,1,1,1994,0,0,21,0,0,0,15,0,0,0
460140,2,1,1994,0,0,0,0,0,21,0,0,0,0
460141,0,1,1994,20,15,23,25,16,19,17,15,14,16
460141,1,1,1994,0,0,0,0,0,0,0,0,0,0
460142,0,1,1994,0,0,0,0,0,0,0,0,0,0
460142,1,1,1994,0,0,0,0,0,0,0,0,0,0
470001,1,1,1994,13,13,13,13,13,13,13,13,13,13
470001,2,1,1994,0,0,0,0,0,0,0,0,0,0
470002,1,1,1994,12,12,12,12,12,12,12,12,12,12
470003,1,1,1994,14,14,14,14,14,14,14,14,14,14
470004,1,1,1994,14,14,14,14,14,14,14,14,14,14
470006,1,1,1994,3,3,3,3,3,3,3,3,3,3
470007,1,1,1994,0,0,0,0,0,0,0,0,0,0
470007,2,1,1994,0,0,0,0,0,0,0,0,0,0
470008,1,1,1994,0,7,0,0,0,7,0,0,0,0
470009,1,1,1994,35,35,35,35,35,35,35,35,35,35
470009,2,1,1994,0,0,0,0,0,0,0,0,0,0
470010,1,1,1994,0,0,0,0,0,0,0,0,0,0
470010,2,1,1994,0,0,0,0,0,0,0,0,0,0
470011,1,1,1994,28,0,40,0,0,8,15,0,0,23
470012,1,1,1994,11,11,11,11,11,11,11,11,11,11
470013,1,1,1994,19,19,19,19,19,19,19,19,19,19
470014,1,1,1994,19,19,19,19,19,19,19,19,19,19
470015,1,1,1994,0,0,0,0,0,0,0,0,0,0
470015,2,1,1994,0,0,0,0,0,0,0,0,0,0
470016,1,1,1994,2,2,2,2,2,2,2,2,2,2
470016,2,1,1994,0,0,0,0,0,0,0,0,0,0
470018,1,1,1994,0,0,0,0,0,0,0,0,0,0
470019,1,1,1994,24,24,24,24,24,24,24,24,24,24
470020,1,1,1994,0,0,0,0,0,0,0,0,0,0
470021,1,1,1994,18,18,18,18,18,18,18,18,18,18
470022,0,1,1994,0,0,0,0,0,0,0,0,0,0
470022,1,1,1994,0,0,0,0,0,0,0,0,0,0
470023,0,1,1994,21,21,21,21,21,21,21,21,21,21
470023,1,1,1994,0,0,0,0,0,0,0,0,0,0
470024,1,1,1994,0,0,0,0,0,0,0,0,0,0
470025,1,1,1994,14,14,14,14,14,14,14,14,14,14
470025,2,1,1994,0,0,0,0,0,0,0,0,0,0
470026,1,1,1994,21,21,21,21,21,21,21,21,21,21
470026,2,1,1994,0,0,25,0,0,0,0,0,0,12
470027,1,1,1994,21,21,21,21,21,21,21,21,21,21
470029,1,1,1994,0,0,0,0,0,0,0,0,0,0
470029,2,1,1994,0,0,0,0,0,0,0,0,0,0
470030,1,1,1994,0,0,0,0,0,0,0,0,0,0
470030,2,1,1994,18,18,18,18,18,18,18,18,18,18
470031,0,1,1994,16,16,16,16,16,16,16,16,16,16
470031,1,1,1994,0,12,14,7,0,0,0,0,0,0
470032,1,1,1994,0,0,0,0,0,0,0,0,0,0
470032,2,1,1994,0,0,0,0,0,0,0,0,0,0
470033,1,1,1994,0,0,0,0,0,0,0,0,0,0
470033,2,1,1994,0,0,0,0,0,0,0,0,0,0
470034,1,1,1994,12,12,12,12,12,12,12,12,12,12
470035,1,1,1994,0,0,0,0,0,0,0,0,0,0
470035,2,1,1994,0,0,0,0,2,0,0,0,0,0
470036,1,1,1994,10,10,10,10,10,10,10,10,10,10
470037,1,1,1994,18,18,18,18,18,18,18,18,18,18
470038,1,1,1994,0,0,0,0,0,0,0,0,0,0
470038,2,1,1994,0,2,0,0,0,0,0,0,0,0
470039,1,1,1994,5,5,5,5,5,5,5,5,5,5
470040,1,1,1994,10,10,10,10,10,10,10,10,10,10
470040,2,1,1994,0,0,0,0,0,0,0,0,0,0
470041,1,1,1994,0,0,0,0,0,0,0,0,0,0
470041,2,1,1994,0,0,0,0,0,0,0,0,0,0
470041,3,1,1994,0,0,0,0,0,0,0,0,0,0
470042,1,1,1994,0,0,0,0,0,0,0,0,0,0
470043,1,1,1994,0,0,0,0,0,0,0,0,0,0
470043,2,1,1994,0,0,0,0,0,0,0,0,0,0
470044,1,1,1994,0,0,0,16,25,0,19,9,21,21
470045,1,1,1994,3,3,3,3,3,3,3,3,3,3
470046,1,1,1994,0,0,0,0,0,0,0,0,0,0
470046,2,1,1994,6,6,6,6,6,6,6,6,6,6
470047,1,1,1994,19,21,21,22,15,19,15,31,40,7
470048,1,1,1994,0,0,0,0,0,0,0,0,0,0
470048,2,1,1994,0,0,0,0,0,0,0,0,0,0
470049,1,1,1994,0,0,0,0,0,0,0,0,0,0
470049,2,1,1994,0,0,0,0,0,0,0,0,0,0
470050,1,1,1994,21,21,21,21,21,21,21,21,21,21
470051,1,1,1994,14,14,14,14,14,14,14,14,14,14
470051,2,1,1994,0,0,0,0,0,0,0,0,0,0
470052,1,1,1994,22,22,22,22,22,22,22,22,22,22
470053,1,1,1994,0,0,0,0,0,0,0,0,0,0
470053,2,1,1994,8,8,8,8,8,8,8,8,8,8
470054,1,1,1994,0,0,0,0,0,0,0,0,0,0
470054,2,1,1994,0,0,0,0,0,0,0,0,0,0
470055,1,1,1994,16,16,16,16,16,16,16,16,16,16
470055,2,1,1994,0,0,0,0,10,0,12,0,0,0
470055,3,1,1994,0,0,0,16,0,0,0,0,0,12
470056,0,1,1994,1,1,1,1,1,1,1,1,1,1
470056,1,1,1994,0,0,0,0,0,0,0,0,0,0
470056,2,1,1994,0,0,0,0,0,0,0,0,0,0
470057,1,1,1994,0,0,0,0,0,0,0,0,0,0
470058,1,1,1994,0,0,0,0,0,0,0,0,0,0
470058,2,1,1994,0,0,0,0,0,0,0,0,0,0
470059,1,1,1994,0,0,0,0,0,0,0,0,0,0
470059,2,1,1994,0,0,0,0,0,0,0,0,0,0
470060,1,1,1994,12,0,9,0,0,0,0,0,0,0
470061,1,1,1994,13,13,13,13,13,13,13,13,13,13
470062,1,1,1994,0,0,0,0,0,0,0,0,0,0
470062,2,1,1994,0,0,0,0,0,0,0,5,0,0
470063,1,1,1994,15,15,15,15,15,15,15,15,15,15
470063,2,1,1994,0,0,0,0,0,0,0,0,0,0
470064,1,1,1994,0,0,0,0,0,0,0,0,0,0
470065,1,1,1994,6,6,6,6,6,6,6,6,6,6
470066,1,1,1994,0,0,0,0,0,0,6,0,0,0
470066,2,1,1994,0,0,0,0,14,0,0,0,0,0
470067,0,1,1994,0,25,0,0,0,0,25,0,6,0
470067,1,1,1994,0,0,29,0,0,0,0,0,0,0