ST_CASE,VEH_NO,PER_NO,YEAR,P1,P2,P3,P4,P5,P6,P7,P8,P9,P10
470672,0,1,1994,0,0,0,0,0,0,0,0,0,0
470672,1,1,1994,0,0,0,0,0,0,0,0,0,0
470673,1,1,1994,0,0,0,0,0,0,0,0,0,0
470673,2,1,1994,0,0,0,0,0,0,0,0,0,0
470674,0,1,1994,27,18,6,39,37,15,43,7,31,7
470674,1,1,1994,0,0,0,0,0,0,0,0,0,0
470675,1,1,1994,0,0,0,0,10,0,0,0,0,0
470675,2,1,1994,0,0,0,0,0,0,0,0,0,4
470676,1,1,1994,0,0,0,0,0,0,0,0,0,0
470676,2,1,1994,0,0,0,0,0,0,0,0,0,0
470677,1,1,1994,0,8,0,23,0,0,0,0,0,0
470677,2,1,1994,0,0,0,0,0,0,0,19,0,16
470678,1,1,1994,21,21,21,21,21,21,21,21,21,21
470679,1,1,1994,0,0,0,0,0,0,0,0,0,0
470680,1,1,1994,11,11,11,11,11,11,11,11,11,11
470681,1,1,1994,0,0,0,0,0,0,0,0,0,0
470681,2,1,1994,0,0,0,0,0,0,0,0,0,0
470683,1,1,1994,0,0,0,0,0,0,0,0,0,0
470683,2,1,1994,0,0,0,0,0,0,0,0,0,0
470684,1,1,1994,0,0,0,0,0,0,0,0,0,0
470684,2,1,1994,0,0,0,0,0,0,0,0,0,0
470685,1,1,1994,0,0,0,0,0,0,0,0,0,0
470685,2,1,1994,0,0,0,0,0,0,0,0,0,0
470686,1,1,1994,35,35,35,35,35,35,35,35,35,35
470687,0,1,1994,0,0,0,0,0,0,0,0,0,0
470687,1,1,1994,5,5,5,5,5,5,5,5,5,5
470688,1,1,1994,0,0,0,0,0,0,0,0,0,0
470688,2,1,1994,0,0,0,0,15,0,0,0,0,11
470688,3,1,1994,0,0,0,0,0,0,0,0,0,0
470690,1,1,1994,19,19,19,19,19,19,19,19,19,19
470691,1,1,1994,0,0,0,0,0,0,0,0,0,0
470691,2,1,1994,0,0,0,0,0,0,0,0,0,0
470692,1,1,1994,0,0,0,0,0,0,0,0,0,0
470692,2,1,1994,0,0,0,0,0,0,0,0,0,0
470692,3,1,1994,0,0,0,0,0,0,0,0,0,0
470693,1,1,1994,4,4,4,4,4,4,4,4,4,4
470694,1,1,1994,0,0,0,0,0,0,0,0,0,0
470695,1,1,1994,0,0,0,0,0,0,0,0,0,0
470696,1,1,1994,21,21,21,21,21,21,21,21,21,21
470697,1,1,1994,26,26,26,26,26,26,26,26,26,26
470698,1,1,1994,0,0,0,0,0,0,0,0,0,0
470699,0,1,1994,33,33,33,33,33,33,33,33,33,33
470699,1,1,1994,0,0,0,0,0,0,0,0,0,0
470700,1,1,1994,0,0,0,0,0,0,0,0,0,0
470701,1,1,1994,0,0,0,0,0,0,0,0,0,0
470701,2,1,1994,0,0,0,0,0,0,0,0,0,0
470702,1,1,1994,14,14,14,14,14,14,14,14,14,14
470703,1,1,1994,0,0,19,0,0,0,0,0,0,0
470703,2,1,1994,0,0,0,17,0,0,11,0,0,0
470704,1,1,1994,0,0,0,0,10,0,0,0,0,0
470704,2,1,1994,0,0,0,0,0,0,0,0,0,0
470705,1,1,1994,0,0,0,0,0,0,0,0,0,0
470705,2,1,1994,0,0,0,0,0,0,0,0,0,0
470705,3,1,1994,0,0,0,0,0,0,0,0,0,0
470705,4,1,1994,0,0,0,0,0,0,0,0,0,0
470706,1,1,1994,0,0,0,0,0,0,0,0,0,0
470706,2,1,1994,0,0,0,0,0,0,0,0,0,0
470707,1,1,1994,20,20,20,20,20,20,20,20,20,20
470708,1,1,1994,0,0,0,0,0,0,0,0,0,0
470708,2,1,1994,0,0,0,0,0,0,0,0,0,0
470709,1,1,1994,23,23,23,23,23,23,23,23,23,23
470710,1,1,1994,0,0,0,0,0,0,0,0,0,0
470710,2,1,1994,0,0,0,0,0,0,0,0,0,0
470711,1,1,1994,34,34,34,34,34,34,34,34,34,34
470712,0,1,1994,0,0,0,0,0,0,0,0,0,0
470712,1,1,1994,0,0,0,0,0,0,0,0,0,0
470713,1,1,1994,14,14,14,14,14,14,14,14,14,14
470714,1,1,1994,0,0,0,0,0,0,0,0,0,0
470714,2,1,1994,0,0,0,0,0,0,0,0,0,0
470715,1,1,1994,13,13,13,13,13,13,13,13,13,13
470716,1,1,1994,0,0,9,12,0,0,0,0,0,0
470717,1,1,1994,0,0,0,0,0,0,0,0,0,0
470717,2,1,1994,0,0,0,18,0,0,0,0,0,13
470718,1,1,1994,0,0,0,0,0,0,0,0,0,0
470718,2,1,1994,0,0,0,0,0,0,0,0,0,0
470719,1,1,1994,0,0,0,0,0,0,0,0,0,0
470719,2,1,1994,0,0,0,0,0,0,0,0,0,0
470720,0,1,1994,0,0,0,0,0,0,0,0,0,0
470720,1,1,1994,0,0,0,0,0,15,0,0,0,0
470721,1,1,1994,30,29,10,3,21,33,0,6,9,13
470722,1,1,1994,9,9,9,9,9,9,9,9,9,9
470723,1,1,1994,0,0,0,0,0,0,0,0,0,0
470724,0,1,1994,8,17,23,14,0,31,3,18,25,16
470724,1,1,1994,0,0,0,0,0,22,19,0,11,0
470725,0,1,1994,0,0,0,0,0,0,0,0,0,0
470725,1,1,1994,0,0,0,0,0,0,0,0,0,0
470726,1,1,1994,22,27,23,27,19,14,5,14,14,11
470726,2,1,1994,0,0,0,0,0,0,0,0,0,0
470727,0,1,1994,27,0,0,0,0,0,0,0,0,25
470727,1,1,1994,0,0,0,0,0,0,0,0,0,0
470728,1,1,1994,0,0,0,0,0,0,0,0,0,0
470729,1,1,1994,0,0,0,0,0,0,12,0,0,0
470729,2,1,1994,0,0,0,0,0,0,0,0,0,0
470730,1,1,1994,0,0,0,0,0,0,0,0,0,0
470731,1,1,1994,0,0,0,0,0,0,0,0,0,0
470731,2,1,1994,0,0,0,0,0,0,0,0,0,0
470732,1,1,1994,0,0,0,0,0,0,0,0,0,0
470733,0,1,1994,0,0,0,0,0,0,0,0,0,0
470733,1,1,1994,0,0,0,0,0,0,0,0,0,0
470734,1,1,1994,0,0,0,0,15,0,0,0,0,0
470735,1,1,1994,0,0,0,0,0,0,0,0,0,0
470736,1,1,1994,12,12,12,12,12,12,12,12,12,12
470736,2,1,1994,0,0,0,0,0,0,0,0,0,0
470737,1,1,1994,0,0,0,0,0,0,0,0,0,0
470738,1,1,1994,21,21,21,21,21,21,21,21,21,21
470739,1,1,1994,0,0,0,0,0,0,0,0,0,0
470739,2,1,1994,0,0,0,0,0,0,0,0,0,0
470740,1,1,1994,0,0,0,0,0,0,0,0,0,0
470740,2,1,1994,0,0,0,0,0,0,0,0,0,0
470741,1,1,1994,0,0,0,0,0,0,0,0,0,0
470741,2,1,1994,24,24,24,24,24,24,24,24,24,24
470742,0,1,1994,0,0,0,0,0,0,0,0,0,0
470742,1,1,1994,0,0,0,0,0,12,0,0,0,0
470744,1,1,1994,21,21,21,21,21,21,21,21,21,21
470745,1,1,1994,0,0,0,0,0,0,0,0,0,0
470746,1,1,1994,33,33,33,33,33,33,33,33,33,33
470747,1,1,1994,0,0,0,0,0,0,0,0,0,0
470747,2,1,1994,0,0,0,0,0,0,0,0,0,0
470748,1,1,1994,0,0,0,0,0,0,0,0,0,0
470749,1,1,1994,0,0,0,0,0,0,0,0,0,0
470749,2,1,1994,0,0,0,0,0,0,0,0,0,0
470750,0,1,1994,7,7,7,7,7,7,7,7,7,7
470750,1,1,1994,1,1,1,1,1,1,1,1,1,1
470751,1,1,1994,0,0,0,0,0,0,0,0,0,0
470751,2,1,1994,0,0,0,0,0,0,0,0,0,0
470752,1,1,1994,0,0,0,0,0,0,0,0,0,0
470752,2,1,1994,0,0,0,0,0,0,0,0,0,0
470753,1,1,1994,0,0,0,0,0,0,0,0,0,0
470753,2,1,1994,0,0,0,0,0,0,0,0,0,0
470754,1,1,1994,12,12,12,12,12,12,12,12,12,12
470755,1,1,1994,0,0,0,0,0,0,0,0,0,0
470756,1,1,1994,0,0,0,0,0,0,11,0,17,0
470756,2,1,1994,11,0,20,0,0,0,0,0,0,0
470758,1,1,1994,0,0,0,0,0,0,22,0,0,0
470758,2,1,1994,0,0,0,0,0,0,0,0,0,0
470759,1,1,1994,0,0,0,0,0,0,2,0,0,0
470759,2,1,1994,14,14,14,14,14,14,14,14,14,14
470760,1,1,1994,0,0,0,0,0,0,19,0,0,0
470761,1,1,1994,0,0,0,0,0,0,0,0,0,0
470762,0,1,1994,0,0,0,0,0,0,0,0,0,0
470762,1,1,1994,0,0,0,0,0,0,0,0,0,0
470763,1,1,1994,15,15,15,15,15,15,15,15,15,15
470764,1,1,1994,0,0,0,0,0,0,0,0,0,0
470764,2,1,1994,0,0,14,22,24,0,20,9,24,23
470766,1,4,1994,15,0,19,10,13,27,10,18,19,15
470767,1,1,1994,0,0,0,0,0,0,0,0,0,0
470767,2,1,1994,21,0,0,0,0,0,0,14,0,0
470768,0,1,1994,13,13,13,13,13,13,13,13,13,13
470768,1,1,1994,0,33,0,0,0,0,0,0,0,19
470769,1,1,1994,19,27,16,11,19,0,4,21,23,15
470769,2,1,1994,0,0,0,0,0,0,0,0,0,0
470770,1,1,1994,8,8,8,8,8,8,8,8,8,8
470771,1,1,1994,0,0,0,0,0,0,0,0,0,0
470771,2,1,1994,0,0,0,0,0,0,0,0,0,0
470772,1,1,1994,13,2,15,11,5,20,4,15,20,29
470772,2,1,1994,0,0,0,0,0,0,0,0,0,0
470773,1,1,1994,14,14,14,14,14,14,14,14,14,14
470774,1,1,1994,0,0,0,0,0,0,0,0,0,0
470775,1,1,1994,6,6,6,6,6,6,6,6,6,6
470776,1,1,1994,27,27,27,27,27,27,27,27,27,27
470777,1,1,1994,0,0,0,0,0,0,0,0,0,0
470778,1,1,1994,0,0,0,0,0,0,0,0,0,0
470779,1,1,1994,0,0,0,0,0,0,0,0,0,0
470779,2,1,1994,0,0,0,0,0,0,0,0,0,0
470780,1,1,1994,9,9,9,9,9,9,9,9,9,9
470781,1,1,1994,0,0,0,0,0,0,0,0,0,0
470781,2,1,1994,0,0,0,0,0,0,0,0,0,0
470782,1,1,1994,23,23,23,23,23,23,23,23,23,23
470783,1,1,1994,0,0,0,0,0,0,0,0,0,0
470783,2,1,1994,0,0,0,0,0,0,0,0,0,0
470785,1,1,1994,0,0,0,0,0,0,0,0,0,0
470786,1,1,1994,0,0,0,0,0,0,0,0,0,0
470786,2,1,1994,0,0,0,0,0,0,0,0,0,0
470787,1,1,1994,0,0,0,0,0,0,0,0,0,0
470787,2,1,1994,0,0,0,0,0,0,0,0,0,0
470788,1,1,1994,0,0,0,0,0,0,0,0,0,0
470789,1,1,1994,8,8,8,8,8,8,8,8,8,8
470790,1,1,1994,11,11,11,11,11,11,11,11,11,11
470791,1,2,1994,0,7,0,0,19,10,0,0,5,0
470792,1,1,1994,0,0,0,0,0,0,0,0,0,0
470793,1,1,1994,0,0,0,5,28,0,0,0,0,0
470794,0,1,1994,0,0,0,0,0,0,0,0,0,0
470794,1,1,1994,0,0,0,0,0,0,0,0,0,0
470795,1,1,1994,0,9,20,14,6,13,8,11,12,8
470795,2,1,1994,0,0,0,0,0,0,0,0,0,0
470797,1,1,1994,0,0,0,0,0,0,0,0,0,0
470797,2,1,1994,0,0,0,0,0,0,0,0,0,0
470798,1,1,1994,0,0,0,0,0,0,0,0,0,0
470798,2,1,1994,0,0,0,0,0,0,0,0,0,0
470799,1,1,1994,7,14,0,28,20,12,0,17,20,0
470800,1,1,1994,0,0,0,0,0,0,0,0,0,0
470800,2,1,1994,0,0,0,0,0,0,0,0,0,0
470801,1,1,1994,0,0,0,18,26,0,0,0,13,12
470802,1,1,1994,0,0,0,0,0,8,0,0,0,0
470802,2,1,1994,0,0,0,0,0,0,0,0,0,0
470802,3,1,1994,0,0,0,0,0,0,0,0,0,0
470803,1,1,1994,0,0,0,0,0,0,0,0,0,0
470804,1,1,1994,10,10,10,10,10,10,10,10,10,10
470805,1,1,1994,0,0,0,0,0,0,0,0,0,0
470806,1,1,1994,34,34,34,34,34,34,34,34,34,34
470807,1,1,1994,0,0,0,0,0,0,0,0,0,0
470808,1,1,1994,11,11,11,11,11,11,11,11,11,11
470808,2,1,1994,0,0,0,0,0,0,0,0,0,0
470809,0,1,1994,0,0,0,0,0,0,0,0,0,0
470809,1,1,1994,0,0,0,0,0,0,0,0,0,0
470810,1,1,1994,0,0,0,0,0,0,0,0,0,0
470810,2,1,1994,0,0,0,0,0,0,0,0,0,0
470811,1,1,1994,1,1,1,1,1,1,1,1,1,1
470812,1,1,1994,14,14,14,14,14,14,14,14,14,14
470813,1,1,1994,29,29,29,29,29,29,29,29,29,29
470815,1,1,1994,0,0,0,0,0,0,0,0,0,0
470815,2,1,1994,0,0,0,0,0,0,0,0,0,0
470816,1,1,1994,16,16,16,16,16,16,16,16,16,16
470817,1,1,1994,0,0,0,0,0,0,0,0,0,0
470817,2,1,1994,0,0,0,0,0,0,0,0,0,0
470818,1,1,1994,13,13,13,13,13,13,13,13,13,13
470819,1,1,1994,0,0,3,0,0,0,6,12,0,0
470819,2,1,1994,0,0,0,0,0,0,0,0,0,0
470819,3,1,1994,0,0,0,0,0,0,0,0,0,0
470820,1,1,1994,0,0,0,0,0,0,0,0,0,0
470820,2,1,1994,0,0,0,0,0,0,0,0,0,0
470821,1,1,1994,17,12,17,12,22,17,25,18,14,4
470822,1,1,1994,0,0,0,0,0,0,0,0,0,0
470823,1,1,1994,0,0,0,0,0,0,0,0,0,0
470824,1,1,1994,0,0,0,0,0,0,0,0,0,0
470825,1,1,1994,0,0,0,0,0,0,0,0,0,0
470826,1,1,1994,33,0,13,0,0,18,28,0,13,0
470827,1,1,1994,0,15,0,0,0,0,0,0,0,0
470827,2,1,1994,0,0,0,0,0,0,0,0,0,0
470828,1,1,1994,16,16,16,16,16,16,16,16,16,16
470829,0,1,1994,44,44,44,44,44,44,44,44,44,44
470829,1,1,1994,0,0,0,0,0,0,0,0,3,16
470830,1,1,1994,18,18,18,18,18,18,18,18,18,18
470831,1,1,1994,18,18,18,18,18,18,18,18,18,18
470832,0,1,1994,0,0,0,0,0,0,0,0,0,0
470832,1,1,1994,0,0,0,0,0,0,0,0,0,0
470833,0,1,1994,43,43,43,43,43,43,43,43,43,43
470833,1,1,1994,0,0,0,0,0,0,0,0,0,0
470834,1,1,1994,13,13,13,13,13,13,13,13,13,13
470835,1,1,1994,0,0,0,0,0,10,4,0,0,0
470836,1,1,1994,15,15,15,15,15,15,15,15,15,15
470837,1,1,1994,23,23,23,23,23,23,23,23,23,23
470838,1,1,1994,23,23,23,23,23,23,23,23,23,23
470839,1,1,1994,0,0,0,0,0,0,0,0,0,0
470840,0,1,1994,0,0,15,11,0,11,0,0,0,0
470840,1,1,1994,0,0,0,0,0,0,0,0,0,0
470841,1,1,1994,0,14,0,0,0,0,0,0,0,0
470841,2,1,1994,0,0,0,0,0,0,0,0,0,20
470842,1,1,1994,0,0,0,0,0,0,0,0,0,0
470843,1,1,1994,0,0,0,0,0,0,0,0,0,0
470843,2,1,1994,0,0,0,0,0,0,0,0,0,0
470844,1,1,1994,0,0,0,0,0,13,11,0,0,0
470844,2,1,1994,0,0,0,20,0,0,0,0,0,0
470845,0,1,1994,0,0,0,0,0,0,0,0,0,0
470845,1,1,1994,0,0,0,0,0,0,0,0,0,0
470846,1,1,1994,0,0,0,0,0,0,0,0,0,0
470847,1,1,1994,11,11,11,11,11,11,11,11,11,11
470848,1,1,1994,0,0,0,0,0,0,0,0,0,0
470848,2,1,1994,0,0,0,0,0,0,0,7,0,0
470849,0,1,1994,22,0,0,0,0,0,25,0,0,0
470849,1,1,1994,0,0,0,0,0,0,0,0,0,0
470850,1,1,1994,16,16,16,16,16,16,16,16,16,16
470851,1,1,1994,0,0,0,0,0,0,0,0,0,0
470852,0,1,1994,27,27,27,27,27,27,27,27,27,27
470852,1,1,1994,0,17,13,30,16,0,16,0,16,0
470853,1,1,1994,0,0,0,0,0,0,0,0,0,0
470853,2,1,1994,0,0,0,0,0,0,0,0,0,0
470853,3,1,1994,0,0,0,0,0,0,0,0,0,0
470854,1,1,1994,31,31,31,31,31,31,31,31,31,31
470855,1,1,1994,0,7,0,0,0,0,0,0,0,0
470855,2,1,1994,0,0,0,0,0,0,0,11,0,0
470856,1,1,1994,0,0,0,0,0,0,0,0,0,0
470856,2,1,1994,0,0,0,0,0,0,0,0,0,0
470857,1,1,1994,0,0,0,0,0,0,0,0,0,0
470857,2,1,1994,0,0,0,0,0,0,0,0,0,0
470858,1,1,1994,12,12,12,12,12,12,12,12,12,12
470859,1,1,1994,34,34,34,34,34,34,34,34,34,34
470860,1,1,1994,0,0,0,0,0,0,0,0,0,0
470860,2,1,1994,28,28,28,28,28,28,28,28,28,28
470861,1,1,1994,0,0,0,0,0,0,0,0,0,0
470862,1,1,1994,0,0,0,0,0,0,0,0,0,0
470862,2,1,1994,30,30,30,30,30,30,30,30,30,30
470863,1,1,1994,0,0,0,0,0,0,0,0,0,0
470864,0,1,1994,0,0,0,0,0,0,0,0,0,0
470864,1,1,1994,0,0,0,0,0,0,0,0,0,0
470865,0,1,1994,0,0,0,0,0,0,0,0,0,0
470865,1,1,1994,0,0,0,0,0,10,0,13,0,0
470866,1,1,1994,0,0,0,0,0,0,0,0,0,0
470866,2,1,1994,0,0,0,22,0,0,0,0,0,0
470867,1,1,1994,0,0,0,0,0,0,0,0,0,0
470867,2,1,1994,0,0,0,0,0,0,0,0,0,0
470868,1,1,1994,0,5,0,0,0,0,0,0,0,0
470868,2,1,1994,0,0,0,0,0,0,0,0,0,0
470869,1,1,1994,4,4,4,4,4,4,4,4,4,4
470870,1,1,1994,8,8,8,8,8,8,8,8,8,8
470871,1,1,1994,0,0,0,0,0,0,0,0,0,0
470871,2,1,1994,0,0,0,0,0,0,0,0,0,0
470871,3,1,1994,0,0,0,0,0,0,0,0,0,0
470872,1,1,1994,0,0,0,0,0,0,0,0,0,0
470872,2,1,1994,0,0,0,0,0,0,0,0,0,0
470873,1,1,1994,0,0,0,0,0,0,0,0,0,0
470873,2,1,1994,0,0,0,0,0,0,0,0,0,0
470874,1,1,1994,0,0,0,0,0,0,0,0,0,0
470874,2,1,1994,0,0,0,0,0,0,0,0,0,0
470874,3,1,1994,0,0,0,0,0,0,0,0,0,0
470875,1,1,1994,0,0,0,0,0,0,0,0,0,0
470875,2,1,1994,0,0,0,0,0,0,0,0,0,0
470876,1,1,1994,0,0,0,0,0,0,0,0,0,0
470877,0,1,1994,0,0,0,0,0,0,0,0,0,0
470877,1,1,1994,0,0,0,0,0,0,0,0,0,0
470878,1,1,1994,0,0,0,0,0,0,0,0,0,0
470878,2,1,1994,0,0,0,0,0,0,0,0,0,0
470879,1,1,1994,0,0,0,0,0,0,0,0,0,0
470879,2,1,1994,0,0,0,0,0,0,0,0,0,0
470879,3,1,1994,0,0,0,0,0,0,0,0,0,0
470880,1,1,1994,23,23,23,23,23,23,23,23,23,23
470882,1,1,1994,0,0,0,0,0,0,0,0,0,0
470883,1,1,1994,0,0,0,0,0,0,0,0,0,0
470884,1,1,1994,0,0,0,0,0,0,13,0,0,0
470884,2,1,1994,0,0,0,0,0,0,30,0,0,0
470885,1,1,1994,0,0,0,0,5,0,0,0,0,0
470885,2,1,1994,0,0,0,0,0,0,0,0,0,0
470886,0,1,1994,26,26,26,26,26,26,26,26,26,26
470886,1,1,1994,4,4,4,4,4,4,4,4,4,4
470887,1,1,1994,13,13,13,13,13,13,13,13,13,13
470888,1,1,1994,27,27,27,27,27,27,27,27,27,27
470889,1,1,1994,19,19,19,19,19,19,19,19,19,19
470889,2,1,1994,0,0,0,0,0,0,0,0,0,0
470890,1,1,1994,0,0,0,0,0,0,0,0,0,0
470891,1,1,1994,0,0,0,0,0,0,0,0,0,0
470891,2,1,1994,0,0,0,0,0,0,0,0,0,0
470891,3,1,1994,0,0,0,0,0,0,0,0,0,0
470891,4,1,1994,0,0,0,0,0,0,0,0,0,0
470892,1,1,1994,0,0,0,0,0,0,0,0,0,0
470893,1,1,1994,0,0,0,0,0,0,0,0,0,0
470893,2,1,1994,0,0,0,0,0,0,0,0,0,0
470894,1,1,1994,0,0,0,0,0,0,0,0,0,0
470895,0,1,1994,0,0,0,0,0,0,0,0,0,0
470895,1,1,1994,0,0,0,0,0,0,0,0,0,0
470896,1,1,1994,11,11,11,11,11,11,11,11,11,11
470897,1,1,1994,0,0,0,0,0,0,0,0,0,0
470897,2,1,1994,0,0,0,0,0,0,0,0,0,0
470898,1,1,1994,0,0,0,0,0,0,0,0,0,0
470898,2,1,1994,0,0,0,0,0,0,0,0,0,0
470899,1,1,1994,4,4,4,4,4,4,4,4,4,4
470899,2,1,1994,0,0,0,0,0,0,0,0,0,0
470900,1,1,1994,0,0,0,0,0,0,0,0,0,0
470901,1,1,1994,0,0,0,0,0,0,0,0,0,0
470901,2,1,1994,0,0,0,0,0,0,0,0,0,0
470902,1,1,1994,10,0,0,0,0,0,0,0,0,0
470903,1,1,1994,0,0,0,0,0,0,0,0,0,0
470904,1,1,1994,22,22,22,22,22,22,22,22,22,22
470905,1,1,1994,23,23,23,23,23,23,23,23,23,23
470906,1,1,1994,17,17,17,17,17,17,17,17,17,17
470906,2,1,1994,0,0,0,0,0,0,0,0,0,0
470907,1,1,1994,0,0,0,0,14,0,0,0,0,0
470908,1,1,1994,0,0,0,0,0,0,0,0,0,0
470908,2,1,1994,0,0,0,0,0,0,0,0,0,0
470909,1,1,1994,0,0,0,15,0,0,0,0,0,0
470909,2,1,1994,19,19,19,19,19,19,19,19,19,19
470910,1,1,1994,16,16,16,16,16,16,16,16,16,16
470911,1,1,1994,0,0,0,0,0,0,0,0,0,0
470911,2,1,1994,0,0,0,0,0,0,0,0,0,0
470911,3,1,1994,24,0,0,0,0,0,0,0,0,0
470911,4,1,1994,0,0,0,0,0,0,0,0,0,0
470912,1,1,1994,0,0,0,11,7,7,16,24,0,0
470913,1,1,1994,0,0,0,0,0,0,0,0,0,0
470914,0,1,1994,0,0,0,0,0,0,0,0,0,0
470914,1,1,1994,0,0,0,0,0,0,0,0,0,0
470915,1,1,1994,0,0,0,0,0,0,0,0,0,0
470916,1,1,1994,17,17,17,17,17,17,17,17,17,17
470917,1,1,1994,0,0,0,0,0,0,0,0,0,0
470917,2,1,1994,0,0,0,0,0,0,0,0,0,0
470918,1,1,1994,9,9,9,9,9,9,9,9,9,9
470919,1,1,1994,12,23,8,20,18,20,27,12,17,22
470919,2,1,1994,0,0,0,0,0,0,0,0,0,0
470920,1,1,1994,0,0,0,0,0,0,0,0,0,0
470921,0,1,1994,0,0,0,0,13,0,16,0,0,0
470921,1,1,1994,0,0,0,0,0,0,0,0,0,0
470922,1,1,1994,0,0,0,0,0,0,0,0,0,0
470922,2,1,1994,13,13,13,13,13,13,13,13,13,13
470923,1,1,1994,0,9,0,15,21,0,10,16,17,25
470924,1,1,1994,41,41,41,41,41,41,41,41,41,41
470925,1,1,1994,0,0,0,0,0,0,6,0,0,0
470925,2,1,1994,23,6,0,0,5,0,13,0,0,6
470926,1,1,1994,24,24,24,24,24,24,24,24,24,24
470927,1,1,1994,0,0,0,0,0,0,0,0,0,0
470929,1,1,1994,0,0,0,0,0,0,0,0,0,0
470929,2,1,1994,0,0,0,0,0,0,0,0,0,0
470929,3,1,1994,0,0,0,0,0,0,0,0,0,0
470930,1,1,1994,34,34,34,34,34,34,34,34,34,34
470931,1,1,1994,0,0,0,0,0,0,0,0,0,0
470932,0,1,1994,0,0,0,0,0,0,0,0,0,0
470932,1,1,1994,0,0,0,0,0,0,0,0,0,0
470933,1,1,1994,0,0,0,0,0,0,0,0,0,0
470934,1,1,1994,0,0,0,0,0,0,0,0,0,0
470935,1,1,1994,0,0,0,0,0,0,0,0,0,0
470935,2,1,1994,0,0,0,0,0,0,0,0,0,0
470935,3,1,1994,0,7,0,0,0,9,0,0,0,0
470935,4,1,1994,0,0,0,0,0,0,0,0,0,2
470935,5,1,1994,0,0,0,0,0,0,0,0,0,0
470935,6,1,1994,0,0,0,0,0,0,0,0,0,0
470936,0,1,1994,8,8,8,8,8,8,8,8,8,8
470936,1,1,1994,0,0,0,0,0,0,0,0,0,0
470937,1,1,1994,0,0,0,0,0,0,0,0,0,0
470937,2,1,1994,0,0,0,0,0,0,0,0,0,0
470938,1,1,1994,0,0,0,0,0,0,0,0,0,0
470939,1,1,1994,0,0,0,0,0,0,0,0,0,0
470940,1,1,1994,7,7,7,7,7,7,7,7,7,7
470941,1,1,1994,13,13,13,13,13,13,13,13,13,13
470942,1,1,1994,0,0,0,0,0,0,0,0,0,0
470942,2,1,1994,0,0,0,0,0,0,0,0,0,0
470943,1,1,1994,18,8,18,9,0,12,15,21,21,15
470944,1,1,1994,4,4,4,4,4,4,4,4,4,4
470945,1,1,1994,0,0,0,0,0,0,0,0,0,0
470946,1,1,1994,3,37,9,16,18,0,15,20,0,0
470947,1,1,1994,0,0,0,0,18,0,0,0,0,0
470948,1,1,1994,27,27,27,27,27,27,27,27,27,27
470948,2,1,1994,0,0,0,0,0,0,0,0,0,0
470949,1,1,1994,30,0,19,15,11,13,8,0,0,25
470949,2,1,1994,0,0,0,0,0,0,0,0,0,0
470950,1,1,1994,8,13,12,20,13,17,8,0,11,24
470951,1,1,1994,0,0,0,0,0,0,0,0,0,0
470951,2,1,1994,0,0,0,0,0,0,0,0,0,0
470952,1,1,1994,0,0,0,0,0,0,0,0,0,0
470953,1,1,1994,0,0,0,0,0,0,0,0,0,0
470953,2,1,1994,0,0,0,0,0,0,0,0,0,0
470954,1,1,1994,0,0,0,0,0,0,0,0,0,0
470955,1,1,1994,15,0,0,0,0,0,0,0,11,0
470955,2,1,1994,0,0,0,0,0,0,13,0,0,0
470956,1,1,1994,0,0,0,0,0,0,0,0,0,0
470956,2,1,1994,0,0,0,0,0,0,0,0,0,0
470957,1,1,1994,14,14,14,14,14,14,14,14,14,14
470958,1,1,1994,22,22,22,22,22,22,22,22,22,22
470959,1,1,1994,3,3,3,3,3,3,3,3,3,3
470960,1,1,1994,0,0,0,0,0,0,0,0,0,0
470960,2,1,1994,0,0,0,0,0,0,0,0,0,0
470961,1,1,1994,15,19,17,13,25,0,14,21,21,12
470962,1,1,1994,0,0,0,0,0,0,0,0,0,0
470962,2,1,1994,0,0,0,0,0,0,0,0,0,0
470963,1,1,1994,36,36,36,36,36,36,36,36,36,36
470964,1,1,1994,0,0,0,0,0,0,0,0,0,0
470964,2,1,1994,0,0,0,0,0,0,0,0,0,0
470965,1,1,1994,0,0,0,0,0,0,0,0,0,0
470966,1,1,1994,0,0,0,0,0,0,0,0,0,0
470966,2,1,1994,0,0,0,0,0,0,0,0,0,0
470966,3,1,1994,0,0,0,0,0,0,0,0,0,0
470966,4,1,1994,0,0,0,0,0,0,0,0,0,0
470967,1,1,1994,0,0,0,0,0,0,0,0,0,0
470967,2,1,1994,0,0,0,0,0,0,0,0,0,0
470968,1,1,1994,22,22,22,22,22,22,22,22,22,22
470968,2,1,1994,0,0,0,0,0,0,0,0,0,0
470968,3,1,1994,0,0,0,0,0,0,0,0,0,0
470969,1,1,1994,21,14,40,27,13,31,22,24,30,17
470970,1,1,1994,0,0,0,0,0,0,0,0,0,0
470970,2,1,1994,0,0,0,0,0,0,0,0,0,0
470971,1,1,1994,0,0,0,0,0,0,0,0,0,0
470971,2,1,1994,0,0,0,0,0,0,0,0,0,0
470972,1,1,1994,0,0,0,0,0,0,0,0,0,0
470972,2,1,1994,0,0,0,0,0,0,0,0,0,0
470973,1,1,1994,0,0,0,0,0,0,0,0,0,0