ST_CASE,VEH_NO,PER_NO,YEAR,P1,P2,P3,P4,P5,P6,P7,P8,P9,P10
470973,2,1,1994,0,0,0,0,0,0,0,0,0,0
470974,1,1,1994,15,15,15,15,15,15,15,15,15,15
470975,1,1,1994,0,0,0,0,0,0,0,0,0,0
470975,2,1,1994,0,0,0,0,0,0,0,0,0,0
470976,1,1,1994,0,0,0,0,0,0,0,0,0,0
470977,1,1,1994,7,7,7,7,7,7,7,7,7,7
470978,0,1,1994,24,24,24,24,24,24,24,24,24,24
470978,1,1,1994,0,0,0,0,0,0,0,0,0,0
470979,1,1,1994,0,0,0,0,0,0,0,0,0,0
470980,1,1,1994,0,0,0,0,0,0,0,0,0,0
470981,1,1,1994,0,0,0,0,0,0,0,0,0,0
470981,2,1,1994,0,0,0,0,0,0,0,0,0,0
470982,1,1,1994,0,0,0,0,0,0,0,0,0,0
470983,2,1,1994,0,0,0,0,0,0,0,0,15,0
470984,1,1,1994,0,0,0,0,0,0,0,0,0,0
470985,1,1,1994,0,0,0,0,0,0,0,0,0,0
470986,0,1,1994,3,3,3,3,3,3,3,3,3,3
470986,0,2,1994,35,5,10,13,15,0,0,0,23,22
470986,1,1,1994,0,0,0,0,0,0,0,0,0,19
470986,2,1,1994,0,0,0,0,0,0,0,0,4,0
470986,3,1,1994,0,0,0,0,0,0,0,0,0,0
470987,1,1,1994,0,0,0,0,0,0,0,0,0,0
470987,2,1,1994,0,0,0,0,26,14,0,0,0,0
470988,1,1,1994,11,11,11,11,11,11,11,11,11,11
470988,2,1,1994,0,0,0,0,0,0,0,0,0,0
470989,1,1,1994,0,0,0,0,0,0,0,0,0,0
470989,2,1,1994,0,0,0,0,0,0,0,0,10,21
470990,1,1,1994,0,0,0,0,0,0,0,0,0,0
470990,2,1,1994,0,0,0,0,0,0,0,0,0,0
470991,1,1,1994,0,0,0,0,0,10,11,14,16,11
470992,1,1,1994,0,0,22,0,0,0,0,12,0,0
470992,2,1,1994,0,0,0,0,0,0,0,0,0,0
470992,3,1,1994,0,0,0,0,0,0,0,0,0,0
470994,1,1,1994,0,0,0,0,0,0,0,0,0,0
470994,2,1,1994,0,0,0,0,0,0,0,0,0,0
470995,1,1,1994,0,0,0,0,0,0,0,0,0,0
470996,1,1,1994,17,17,17,17,17,17,17,17,17,17
470996,2,1,1994,0,0,0,0,0,0,0,0,0,0
470996,3,1,1994,10,0,13,0,0,0,0,0,4,0
470997,0,1,1994,0,0,0,11,0,0,0,0,0,0
470997,1,1,1994,33,33,33,33,33,33,33,33,33,33
470997,2,1,1994,0,0,0,0,0,0,0,0,0,0
470998,1,1,1994,19,19,19,19,19,19,19,19,19,19
470999,1,1,1994,30,30,30,30,30,30,30,30,30,30
470999,2,1,1994,12,12,12,12,12,12,12,12,12,12
471000,1,1,1994,0,0,0,0,0,0,0,0,0,0
471000,2,1,1994,0,0,0,0,0,0,0,0,0,0
471000,3,1,1994,0,0,0,0,0,0,0,0,0,0
471002,1,1,1994,13,13,13,13,13,13,13,13,13,13
471002,2,1,1994,0,0,0,0,0,0,0,0,0,0
471003,1,1,1994,0,0,0,0,0,0,0,0,0,0
471003,2,1,1994,0,0,0,0,0,0,0,15,0,0
471005,1,1,1994,23,23,23,23,23,23,23,23,23,23
471005,2,1,1994,0,0,0,0,0,0,0,0,0,0
471006,1,1,1994,0,0,0,0,0,0,0,0,0,0
471007,1,1,1994,18,18,18,18,18,18,18,18,18,18
471008,1,1,1994,21,21,21,21,21,21,21,21,21,21
471009,1,1,1994,0,0,0,0,0,0,0,0,0,0
471009,2,1,1994,0,0,0,0,0,0,0,0,0,0
471010,1,1,1994,0,0,0,0,0,0,0,0,0,0
471011,1,1,1994,0,0,0,0,0,0,0,0,0,0
471012,1,1,1994,15,15,15,15,15,15,15,15,15,15
471013,1,1,1994,0,0,0,19,0,0,0,0,0,24
471013,2,1,1994,0,0,0,0,0,0,0,0,0,0
471014,1,1,1994,66,66,66,66,66,66,66,66,66,66
471015,1,1,1994,13,13,13,13,13,13,13,13,13,13
471016,1,1,1994,15,15,15,15,15,15,15,15,15,15
471017,0,1,1994,0,0,0,0,0,0,0,0,0,0
471017,1,1,1994,0,0,0,0,0,0,0,0,0,0
471018,1,1,1994,13,13,13,13,13,13,13,13,13,13
471019,1,1,1994,0,0,0,0,0,0,0,0,0,0
471020,1,1,1994,27,27,27,27,27,27,27,27,27,27
471021,1,1,1994,0,0,0,0,0,0,0,0,0,0
471021,2,1,1994,0,0,0,0,0,0,0,0,0,0
471022,0,1,1994,0,0,0,0,0,0,0,0,0,0
471022,1,1,1994,0,0,0,0,0,0,0,0,0,0
471023,1,1,1994,0,0,0,0,0,0,0,0,0,0
471024,1,1,1994,0,0,0,0,0,0,0,0,0,0
471024,2,1,1994,0,0,0,0,0,0,0,0,0,0
471025,1,1,1994,0,0,0,0,0,0,0,0,0,0
471025,2,1,1994,0,0,0,0,0,0,0,0,0,0
471026,1,1,1994,0,0,0,0,0,0,6,0,0,0
471027,1,1,1994,0,0,0,0,0,0,0,0,0,0
471028,1,1,1994,21,21,21,21,21,21,21,21,21,21
471029,1,1,1994,9,9,9,9,9,9,9,9,9,9
471029,2,1,1994,0,0,11,0,0,0,0,0,0,12
471030,1,1,1994,3,24,23,6,20,14,20,9,14,8
471030,2,1,1994,0,0,0,0,0,0,0,0,0,0
471031,1,1,1994,0,0,0,0,0,0,0,0,0,0
471031,2,1,1994,0,0,0,0,0,0,0,0,0,0
471032,1,1,1994,0,0,0,0,0,0,0,0,0,0
471032,2,1,1994,0,0,0,0,0,0,0,0,0,0
471033,1,1,1994,0,0,0,0,0,0,0,0,0,0
471033,2,1,1994,0,0,0,0,0,0,0,0,0,0
471034,1,1,1994,0,0,0,0,0,0,0,0,0,0
471034,2,1,1994,0,0,0,0,0,0,0,0,0,0
471035,1,1,1994,19,19,19,19,19,19,19,19,19,19
471036,1,1,1994,0,0,0,8,0,0,0,0,3,0
471036,2,1,1994,9,0,0,0,0,0,0,0,0,0
471037,1,1,1994,0,0,0,0,0,0,0,0,0,0
471037,2,1,1994,10,11,10,17,13,23,9,0,0,9
471038,1,1,1994,10,7,24,37,29,18,27,8,0,13
471039,0,1,1994,0,0,0,0,0,0,0,0,0,0
471039,1,1,1994,2,2,2,2,2,2,2,2,2,2
471040,1,1,1994,0,0,0,0,0,0,0,0,0,0
471041,1,1,1994,0,0,0,0,0,0,0,0,0,0
471041,2,1,1994,0,0,0,0,0,0,0,0,0,0
471041,3,1,1994,0,0,0,0,0,0,0,0,0,0
471042,1,1,1994,0,0,0,0,0,0,0,0,0,0
471042,2,1,1994,19,19,19,19,19,19,19,19,19,19
471043,1,1,1994,0,0,0,0,0,0,0,0,0,0
471043,2,1,1994,0,0,0,0,0,0,0,0,0,0
471044,1,1,1994,0,0,0,0,0,0,0,0,0,0
471044,2,1,1994,0,0,0,0,0,0,16,0,0,0
471045,1,1,1994,0,0,0,7,0,12,0,0,0,0
471046,1,1,1994,0,0,0,0,0,0,0,0,0,0
471046,2,1,1994,0,0,0,0,0,0,0,0,0,0
471047,1,1,1994,0,0,0,0,0,0,0,0,0,0
471048,1,1,1994,0,0,0,0,0,0,0,0,0,0
471049,1,1,1994,0,0,0,0,0,0,0,0,0,0
471049,2,1,1994,4,4,4,4,4,4,4,4,4,4
471050,1,1,1994,0,0,0,0,0,0,0,0,0,0
471051,1,1,1994,0,0,0,0,0,0,0,0,0,0
471052,1,1,1994,21,21,21,21,21,21,21,21,21,21
471053,1,1,1994,22,22,22,22,22,22,22,22,22,22
471053,2,1,1994,0,0,0,0,0,0,0,0,0,0
471054,1,1,1994,9,9,9,9,9,9,9,9,9,9
471054,2,1,1994,0,0,0,0,0,0,0,0,0,0
471055,1,1,1994,4,4,4,4,4,4,4,4,4,4
471056,0,1,1994,0,0,19,0,0,0,0,0,0,0
471056,1,1,1994,0,0,0,0,0,0,0,0,0,0
471057,1,1,1994,8,8,8,8,8,8,8,8,8,8
471057,2,1,1994,31,31,31,31,31,31,31,31,31,31
471058,1,1,1994,0,0,0,0,0,0,0,0,0,0
471058,2,1,1994,6,6,6,6,6,6,6,6,6,6
471059,0,1,1994,0,0,0,0,0,0,0,0,0,0
471059,1,1,1994,0,0,0,0,0,0,0,0,0,0
471060,1,1,1994,0,0,0,0,0,0,0,0,0,0
471061,1,1,1994,0,0,0,0,0,0,0,0,0,0
471061,2,1,1994,0,0,0,0,0,0,0,0,0,0
471062,1,1,1994,0,0,0,0,0,0,0,0,0,0
471063,1,1,1994,0,0,0,0,0,0,0,0,0,0
471063,2,1,1994,0,0,0,0,0,0,0,0,0,0
471064,1,1,1994,29,29,29,29,29,29,29,29,29,29
471065,1,1,1994,7,7,7,7,7,7,7,7,7,7
471066,1,1,1994,0,0,0,0,0,0,0,0,0,0
471067,1,1,1994,0,0,0,0,0,0,0,0,0,0
471067,2,1,1994,17,17,17,17,17,17,17,17,17,17
471068,1,1,1994,9,9,9,9,9,9,9,9,9,9
471068,2,1,1994,62,62,62,62,62,62,62,62,62,62
471069,1,1,1994,21,21,21,21,21,21,21,21,21,21
471070,1,1,1994,23,7,15,22,24,6,26,8,18,26
471070,2,1,1994,0,0,0,0,0,0,0,0,0,0
471071,1,1,1994,0,0,0,0,0,0,0,0,0,0
471071,2,1,1994,0,0,0,0,0,0,0,0,0,0
471072,1,1,1994,0,0,0,0,0,0,0,0,0,0
471072,2,1,1994,0,0,0,0,0,0,0,0,0,0
471073,1,1,1994,18,18,18,18,18,18,18,18,18,18
471073,2,1,1994,0,0,0,0,0,0,0,0,0,0
471074,1,1,1994,26,26,26,26,26,26,26,26,26,26
471074,2,1,1994,0,0,0,0,0,0,0,0,0,0
471075,1,1,1994,21,21,21,21,21,21,21,21,21,21
471076,1,1,1994,17,7,0,6,21,0,9,19,20,35
471077,1,1,1994,0,0,0,0,0,0,0,0,0,0
471077,2,1,1994,22,0,0,0,29,27,19,7,13,0
471078,1,1,1994,0,0,0,11,0,0,21,0,0,13
471079,0,1,1994,27,0,18,0,14,0,14,0,0,0
471079,1,1,1994,0,0,0,0,0,0,0,0,0,0
471080,1,1,1994,0,0,0,0,0,0,0,0,0,0
471080,2,1,1994,21,21,21,21,21,21,21,21,21,21
471081,1,1,1994,19,19,19,19,19,19,19,19,19,19
471082,1,1,1994,21,21,21,21,21,21,21,21,21,21
471082,2,1,1994,26,11,4,16,2,21,14,17,14,19
471083,1,1,1994,0,0,0,0,0,0,0,0,0,0
471084,1,1,1994,0,9,0,14,0,0,0,0,0,0
471084,2,1,1994,17,17,17,17,17,17,17,17,17,17
471085,1,1,1994,0,0,0,0,0,0,0,0,0,0
471086,1,1,1994,0,0,0,0,0,0,0,0,0,0
471086,2,1,1994,0,0,0,0,0,0,0,0,0,0
471087,1,1,1994,0,0,0,0,0,0,0,0,0,0
471087,2,1,1994,0,0,0,0,0,0,0,0,0,0
471088,1,1,1994,15,15,15,15,15,15,15,15,15,15
471088,2,1,1994,0,0,0,0,0,0,0,0,0,0
471089,1,1,1994,19,19,19,19,19,19,19,19,19,19
471090,1,1,1994,0,0,0,0,0,0,0,0,0,0
471091,0,1,1994,21,0,0,0,0,0,0,0,0,0
471091,1,1,1994,0,0,0,0,0,0,0,0,0,0
471092,1,1,1994,0,0,0,0,0,0,0,0,0,0
471093,1,1,1994,0,0,0,0,0,11,21,22,0,0
471094,1,1,1994,0,0,0,0,0,0,0,0,0,0
471094,2,1,1994,0,0,0,16,0,0,20,0,0,0
471095,1,1,1994,0,0,0,0,0,0,0,0,0,0
471095,2,1,1994,0,0,0,0,0,0,0,0,0,0
471096,1,1,1994,23,23,23,23,23,23,23,23,23,23
471096,2,1,1994,0,0,0,0,0,0,0,0,0,0
471097,1,1,1994,18,18,18,18,18,18,18,18,18,18
471098,1,1,1994,0,0,0,0,0,0,0,0,0,0
471098,2,1,1994,13,10,0,0,0,0,0,0,0,0
471099,1,1,1994,27,27,27,27,27,27,27,27,27,27
471099,2,1,1994,0,0,0,0,0,0,0,0,0,0
471099,3,1,1994,0,0,0,0,0,0,0,8,8,0
471100,1,1,1994,0,0,0,0,0,0,0,23,27,0
471101,1,1,1994,13,0,14,16,12,25,13,37,13,6
471102,1,1,1994,0,0,0,0,0,0,0,0,0,0
471103,1,1,1994,15,15,15,15,15,15,15,15,15,15
471103,2,1,1994,0,0,0,0,0,0,0,0,0,0
471104,1,2,1994,0,11,0,0,0,27,24,0,0,5
471105,1,1,1994,0,0,0,0,0,0,0,0,0,0
471105,2,1,1994,0,0,0,0,0,0,0,0,0,0
471105,3,1,1994,0,0,0,0,0,0,0,0,0,0
471106,1,1,1994,18,18,18,18,18,18,18,18,18,18
471107,1,1,1994,9,9,9,9,9,9,9,9,9,9
471108,1,1,1994,0,0,0,0,0,10,0,0,3,17
471109,1,1,1994,0,0,0,0,0,0,0,0,0,0
471109,2,1,1994,0,0,0,0,0,0,0,0,0,0
471110,1,1,1994,26,26,26,26,26,26,26,26,26,26
471111,1,1,1994,0,13,0,25,0,0,0,0,0,0
471112,1,1,1994,23,23,23,23,23,23,23,23,23,23
471113,1,1,1994,0,0,0,0,0,0,0,0,0,0
471113,2,1,1994,0,0,0,0,0,0,0,0,0,0
471114,0,1,1994,0,0,0,0,0,0,0,0,0,0
471114,1,1,1994,0,0,0,0,0,0,0,0,0,0
471115,1,1,1994,0,0,0,0,0,0,0,0,0,0
471115,2,1,1994,0,0,0,0,27,0,0,0,0,0
471116,0,1,1994,6,6,6,6,6,6,6,6,6,6
471116,1,1,1994,0,0,17,0,11,12,10,0,18,15
471116,2,1,1994,0,0,13,0,0,0,0,0,0,0
471117,1,1,1994,0,17,25,0,0,0,0,0,14,0
471117,2,1,1994,0,0,0,4,0,0,0,0,0,0
471117,3,1,1994,0,13,0,0,0,0,0,0,0,0
471117,4,1,1994,0,0,0,0,0,0,0,0,0,0
471117,5,1,1994,0,0,0,0,0,0,0,0,0,0
471118,0,1,1994,35,35,35,35,35,35,35,35,35,35
471118,1,1,1994,14,0,0,0,20,0,0,13,0,19
471119,0,1,1994,0,0,0,0,0,0,0,0,0,0
471119,1,1,1994,31,38,0,0,0,0,0,28,0,0
471120,1,1,1994,29,29,29,29,29,29,29,29,29,29
471121,1,1,1994,0,0,0,0,0,0,0,0,0,0
471121,2,1,1994,0,0,0,0,0,0,0,0,0,0
471122,1,1,1994,0,0,0,0,0,0,0,0,12,0
471123,1,1,1994,8,9,0,0,0,10,0,0,8,3
471124,1,1,1994,0,0,0,23,0,0,0,17,0,0
471125,1,1,1994,12,0,0,0,0,0,0,0,0,0
471125,2,1,1994,0,0,0,0,0,0,0,0,0,0
471126,1,1,1994,0,0,0,0,0,0,4,0,0,0
471126,2,1,1994,0,0,0,0,0,0,0,0,0,0
471127,1,1,1994,0,13,0,0,9,0,0,16,25,0
471127,2,1,1994,0,0,0,0,0,0,0,0,0,0
471128,1,1,1994,0,9,0,0,0,0,0,0,0,0
471129,1,1,1994,0,0,0,0,0,0,0,0,0,0
471129,2,1,1994,0,0,0,0,0,0,0,0,0,0
471130,1,1,1994,0,32,0,0,0,0,0,0,0,0
471131,1,1,1994,0,0,0,0,0,0,0,0,0,0
471131,2,1,1994,0,0,0,0,0,0,0,0,0,0
471132,1,1,1994,18,18,18,18,18,18,18,18,18,18
471133,0,1,1994,0,0,10,0,22,0,20,0,0,0
471133,1,1,1994,0,0,0,0,0,0,0,0,12,0
471135,0,1,1994,27,27,27,27,27,27,27,27,27,27
471135,1,1,1994,0,18,16,0,0,33,0,0,0,11
471136,1,1,1994,0,0,0,0,0,0,0,0,0,0
471136,2,1,1994,0,0,0,0,0,0,0,0,0,0
471138,1,1,1994,40,40,40,40,40,40,40,40,40,40
471139,1,1,1994,0,0,0,0,0,0,0,0,0,0
471140,1,1,1994,0,25,23,15,10,14,0,0,0,8
471143,1,1,1994,8,0,14,23,23,12,37,13,18,19
471144,1,1,1994,16,16,16,16,16,16,16,16,16,16
471146,0,1,1994,29,29,29,29,29,29,29,29,29,29
471146,1,1,1994,0,0,0,0,0,0,0,0,0,0
471147,1,1,1994,0,0,0,0,0,0,0,0,0,0
471147,2,1,1994,0,0,0,0,0,0,0,0,0,0
471148,0,1,1994,27,27,27,27,27,27,27,27,27,27
471148,1,1,1994,5,5,5,5,5,5,5,5,5,5
480001,1,1,1994,17,17,17,17,17,17,17,17,17,17
480002,1,1,1994,23,23,23,23,23,23,23,23,23,23
480003,1,1,1994,23,23,23,23,23,23,23,23,23,23
480004,1,1,1994,0,0,0,0,0,0,0,0,0,0
480004,2,1,1994,16,24,0,5,0,0,13,0,12,0
480005,1,1,1994,11,11,11,11,11,11,11,11,11,11
480006,1,1,1994,7,7,7,7,7,7,7,7,7,7
480007,0,1,1994,10,0,9,0,0,9,0,0,0,0
480007,1,1,1994,23,23,23,23,23,23,23,23,23,23
480008,1,1,1994,0,0,0,0,0,0,0,0,0,0
480008,2,1,1994,12,12,12,12,12,12,12,12,12,12
480009,1,1,1994,7,19,14,10,16,15,0,0,15,40
480010,1,1,1994,0,16,11,0,11,13,0,0,14,16
480010,2,1,1994,0,0,0,7,32,7,11,3,0,0
480011,1,1,1994,0,0,0,0,0,0,11,0,0,0
480012,1,1,1994,22,22,22,22,22,22,22,22,22,22
480013,0,1,1994,0,0,0,0,0,0,0,0,0,0
480013,1,1,1994,0,0,0,0,0,0,0,0,0,0
480014,1,1,1994,11,11,11,11,11,11,11,11,11,11
480015,1,1,1994,0,24,13,45,15,24,15,14,37,0
480016,0,1,1994,0,0,0,0,0,0,0,0,0,0
480016,1,1,1994,33,9,22,0,17,3,0,0,33,0
480017,1,1,1994,0,0,0,0,10,0,0,0,0,0
480018,1,1,1994,16,16,16,16,16,16,16,16,16,16
480019,1,1,1994,23,23,23,23,23,23,23,23,23,23
480020,1,1,1994,15,15,15,15,15,15,15,15,15,15
480021,1,1,1994,27,27,27,27,27,27,27,27,27,27
480022,1,1,1994,0,0,0,0,0,0,0,0,0,0
480022,2,1,1994,0,0,0,0,0,0,0,0,0,0
480023,1,1,1994,26,26,26,26,26,26,26,26,26,26
480023,2,1,1994,0,14,11,0,0,17,0,0,0,17
480023,3,1,1994,8,0,0,12,0,0,0,0,0,0
480024,0,1,1994,0,0,0,0,0,0,0,0,0,0
480024,1,1,1994,0,0,0,0,0,0,0,0,0,0
480024,2,1,1994,0,0,0,0,0,5,0,0,0,0
480025,1,1,1994,0,0,0,10,0,0,0,0,0,0
480026,0,1,1994,0,0,0,0,0,0,0,36,0,29
480026,1,1,1994,0,0,0,0,0,0,0,0,0,0
480027,1,1,1994,0,22,13,19,22,46,5,15,20,27
480028,1,1,1994,18,18,18,18,18,18,18,18,18,18
480029,1,1,1994,0,0,0,0,17,0,12,0,0,0
480030,1,1,1994,0,0,0,0,0,0,0,0,0,0
480031,1,1,1994,0,0,0,0,0,0,0,0,0,0
480031,2,1,1994,0,10,0,0,6,0,19,0,0,0
480032,1,1,1994,29,29,29,29,29,29,29,29,29,29
480033,1,1,1994,15,15,15,15,15,15,15,15,15,15
480034,0,1,1994,25,25,25,25,25,25,25,25,25,25
480034,1,1,1994,0,0,0,0,0,0,0,0,0,0
480035,1,1,1994,29,29,29,29,29,29,29,29,29,29
480035,2,1,1994,25,22,15,9,0,40,0,3,0,13
480036,0,1,1994,30,30,30,30,30,30,30,30,30,30
480036,1,1,1994,0,0,0,0,9,0,0,0,0,0
480037,0,1,1994,0,0,0,0,0,0,0,0,0,0
480037,1,1,1994,0,0,0,0,0,0,0,0,0,0
480038,1,1,1994,11,29,16,28,0,0,19,10,0,12
480039,1,1,1994,0,0,8,0,0,0,0,0,0,0
480039,2,1,1994,0,0,0,0,0,0,0,0,0,21
480040,1,1,1994,22,22,22,22,22,22,22,22,22,22
480040,2,1,1994,22,22,22,22,22,22,22,22,22,22
480041,1,1,1994,0,0,0,0,0,0,0,0,0,0
480041,2,1,1994,0,0,0,0,0,0,0,0,0,0
480041,3,1,1994,0,0,0,0,0,13,0,0,0,0
480042,0,1,1994,37,16,49,20,19,27,39,22,16,15
480042,1,1,1994,0,0,13,0,0,0,17,6,0,0
480043,1,1,1994,11,11,11,11,11,11,11,11,11,11
480044,1,1,1994,0,0,0,0,0,0,0,0,0,0
480044,2,1,1994,0,0,0,0,0,0,0,0,0,0
480045,1,1,1994,22,0,9,19,21,15,19,0,20,9
480046,1,1,1994,22,22,22,22,22,22,22,22,22,22
480047,1,1,1994,28,28,28,28,28,28,28,28,28,28
480048,1,1,1994,0,0,0,15,21,0,0,0,0,20
480049,1,1,1994,0,0,0,0,0,0,0,0,0,0
480049,2,1,1994,0,0,0,0,0,0,0,0,0,0
480050,1,1,1994,0,0,0,0,0,0,0,0,15,0
480050,2,1,1994,0,0,28,0,0,8,0,0,0,0
480051,1,1,1994,0,0,0,0,21,46,38,14,0,0
480052,0,1,1994,0,0,0,0,0,0,0,0,0,0
480052,1,1,1994,0,0,8,0,9,0,0,0,0,0
480053,1,1,1994,0,0,0,21,0,0,9,0,20,16
480053,2,1,1994,0,0,0,0,0,0,0,0,0,0
480054,0,1,1994,20,20,20,20,20,20,20,20,20,20
480054,1,1,1994,0,0,0,0,0,0,19,0,0,0
480055,1,1,1994,0,0,0,20,0,24,0,0,6,0
480056,1,1,1994,0,0,0,0,0,0,0,0,0,0
480056,2,1,1994,0,9,0,0,0,0,15,0,0,0
480056,3,1,1994,0,0,0,0,0,0,0,16,0,0
480057,1,1,1994,26,26,26,26,26,26,26,26,26,26
480058,1,1,1994,28,28,28,28,28,28,28,28,28,28
480059,0,1,1994,0,0,0,0,0,0,0,0,0,0
480059,1,1,1994,0,0,0,0,0,0,0,0,0,0
480060,1,1,1994,29,29,29,29,29,29,29,29,29,29
480060,2,1,1994,0,0,0,0,0,0,0,0,0,0
480061,1,1,1994,0,0,0,0,0,0,0,0,0,0
480062,1,1,1994,0,0,0,0,0,0,0,0,0,0
480062,2,1,1994,0,0,0,15,0,0,0,0,0,0
480063,1,1,1994,0,0,0,0,0,0,0,0,0,0
480063,2,1,1994,30,30,30,30,30,30,30,30,30,30
480064,1,1,1994,0,0,0,0,0,0,0,0,0,0
480064,2,1,1994,0,0,0,0,0,0,0,0,0,0
480065,1,1,1994,9,9,9,9,9,9,9,9,9,9
480066,1,1,1994,0,0,0,0,0,0,0,0,0,0
480066,2,1,1994,0,0,0,0,0,0,0,0,0,0
480067,0,1,1994,0,0,0,0,0,0,0,0,0,0
480067,1,1,1994,18,0,0,17,0,0,0,0,6,0
480068,0,1,1994,0,0,0,0,0,0,0,0,0,0
480068,1,1,1994,0,0,0,17,0,0,0,0,0,0
480069,0,1,1994,12,12,12,12,12,12,12,12,12,12
480069,1,1,1994,14,14,14,14,14,14,14,14,14,14
480070,1,1,1994,24,5,19,15,23,0,8,18,10,21
480070,2,1,1994,0,0,0,0,4,0,0,10,8,0
480071,1,1,1994,0,0,0,0,0,10,0,0,0,0
480071,2,1,1994,0,0,0,0,0,0,0,0,0,0
480072,1,1,1994,0,0,0,0,0,0,0,0,0,0
480073,0,1,1994,15,0,0,0,15,10,0,37,0,49
480073,0,2,1994,0,0,0,0,0,0,0,0,0,0
480073,1,1,1994,24,24,24,24,24,24,24,24,24,24
480074,1,1,1994,14,14,14,14,14,14,14,14,14,14
480075,1,1,1994,15,18,0,7,13,0,12,24,26,0
480076,0,1,1994,24,24,24,24,24,24,24,24,24,24
480076,1,1,1994,0,8,0,0,0,12,19,0,21,0
480077,1,1,1994,31,31,31,31,31,31,31,31,31,31
480078,0,1,1994,7,0,0,8,11,0,19,19,0,0
480078,1,1,1994,0,0,0,0,0,0,0,0,0,0
480079,1,1,1994,14,14,14,14,14,14,14,14,14,14
480080,1,1,1994,14,14,14,14,14,14,14,14,14,14
480080,2,1,1994,0,0,0,0,0,0,0,0,0,0
480081,1,1,1994,0,0,0,0,0,0,0,0,0,0
480082,1,1,1994,16,12,22,15,8,38,16,25,14,11
480082,2,1,1994,0,26,0,9,20,18,0,0,10,0
480083,1,1,1994,9,9,9,9,9,9,9,9,9,9
480083,2,1,1994,14,14,14,14,14,14,14,14,14,14
480084,0,1,1994,0,0,0,0,0,0,0,0,0,0
480084,1,1,1994,0,0,0,0,6,0,0,0,0,0
480085,1,1,1994,0,0,0,0,0,0,0,0,0,0
480085,2,1,1994,0,0,0,0,0,0,0,0,0,0
480086,1,1,1994,10,0,0,0,24,0,0,16,0,0
480087,1,1,1994,0,0,0,0,0,0,10,0,24,0
480088,1,1,1994,0,0,0,0,0,0,0,22,0,0
480088,2,1,1994,14,10,0,0,0,0,0,0,17,7
480089,1,1,1994,0,0,0,0,0,0,0,0,0,0
480090,1,1,1994,0,0,0,0,0,0,0,0,0,6
480090,2,1,1994,0,0,0,0,0,0,14,0,0,0
480091,0,1,1994,20,20,20,20,20,20,20,20,20,20
480091,1,1,1994,17,0,0,0,0,22,17,0,20,0
480092,1,1,1994,0,0,0,0,0,0,0,0,24,0
480093,1,1,1994,18,18,18,18,18,18,18,18,18,18
480094,1,1,1994,19,19,19,19,19,19,19,19,19,19
480094,2,1,1994,7,7,7,7,7,7,7,7,7,7
480095,1,1,1994,0,0,0,0,0,0,0,0,0,0
480095,2,1,1994,0,0,0,0,0,0,27,0,0,0
480096,1,1,1994,0,0,0,0,0,0,0,0,0,0
480097,1,1,1994,14,0,24,28,17,19,16,21,9,31
480098,1,1,1994,22,0,15,18,25,18,21,16,0,23
480099,1,1,1994,0,0,0,0,0,0,0,0,0,0
480100,1,1,1994,0,0,0,0,0,0,0,0,0,0
480101,1,1,1994,0,0,0,0,0,0,0,0,0,0
480101,2,1,1994,0,0,0,0,0,0,0,0,0,0
480102,1,1,1994,30,30,30,30,30,30,30,30,30,30
480103,0,1,1994,16,0,0,0,0,0,0,16,0,0
480103,1,1,1994,0,0,0,0,0,0,0,0,0,0
480104,1,1,1994,33,33,33,33,33,33,33,33,33,33
480104,2,1,1994,0,0,0,0,0,0,0,0,0,0
480105,1,1,1994,32,32,32,32,32,32,32,32,32,32
480106,1,1,1994,0,23,0,26,12,14,0,21,20,18
480106,2,1,1994,0,0,0,0,0,0,0,0,0,0
480106,3,1,1994,0,0,0,0,0,0,0,0,0,0
480106,4,1,1994,0,0,0,0,0,0,0,0,0,0
480107,0,1,1994,18,18,18,18,18,18,18,18,18,18
480107,1,1,1994,0,0,0,0,0,0,0,0,0,0
480108,1,1,1994,0,0,0,0,0,0,0,0,0,0
480108,2,1,1994,10,10,10,10,10,10,10,10,10,10
480109,0,1,1994,26,26,26,26,26,26,26,26,26,26
480109,1,1,1994,0,17,0,0,8,0,0,0,4,0
480110,1,1,1994,0,0,0,0,18,18,24,0,0,0
480111,1,1,1994,0,0,0,0,0,0,0,0,0,0
480111,2,1,1994,0,0,0,0,10,0,0,0,0,0
480112,1,1,1994,0,0,16,10,0,0,0,0,0,0
480112,2,1,1994,0,0,0,0,0,12,0,0,0,18