ST_CASE,VEH_NO,PER_NO,YEAR,P1,P2,P3,P4,P5,P6,P7,P8,P9,P10
480113,1,1,1994,27,27,27,27,27,27,27,27,27,27
480114,1,1,1994,26,26,26,26,26,26,26,26,26,26
480115,1,1,1994,16,16,16,16,16,16,16,16,16,16
480116,1,1,1994,3,3,3,3,3,3,3,3,3,3
480116,2,1,1994,7,7,7,7,7,7,7,7,7,7
480117,0,1,1994,3,3,3,3,3,3,3,3,3,3
480117,1,1,1994,0,0,0,0,0,0,0,0,0,0
480118,1,1,1994,0,0,0,0,0,0,0,0,0,0
480118,2,1,1994,0,0,0,0,0,0,0,0,0,0
480119,1,1,1994,15,15,15,15,15,15,15,15,15,15
480120,1,1,1994,0,0,0,0,0,0,0,0,0,0
480120,2,1,1994,0,0,0,0,0,0,0,0,0,0
480121,1,1,1994,14,19,8,8,20,31,12,14,10,16
480121,2,1,1994,0,0,0,0,0,0,0,0,0,0
480122,1,1,1994,14,16,8,35,14,0,0,32,15,0
480123,1,1,1994,0,7,16,0,0,0,0,18,0,0
480123,2,1,1994,18,18,35,17,12,22,8,23,12,18
480124,1,1,1994,15,15,15,15,15,15,15,15,15,15
480125,1,1,1994,0,0,20,0,0,0,9,0,0,0
480126,0,1,1994,0,0,0,0,0,0,0,0,0,0
480126,1,1,1994,4,3,0,0,0,0,0,16,0,0
480127,0,1,1994,20,20,20,20,20,20,20,20,20,20
480127,1,1,1994,0,0,0,0,0,0,0,21,16,0
480128,0,1,1994,4,4,4,4,4,4,4,4,4,4
480128,1,1,1994,0,0,0,22,0,14,0,0,18,0
480129,1,1,1994,0,0,0,0,0,0,0,0,0,0
480129,2,1,1994,0,0,0,0,0,0,0,0,0,22
480129,3,1,1994,0,0,0,0,0,0,0,0,0,0
480130,1,1,1994,41,41,41,41,41,41,41,41,41,41
480131,1,1,1994,0,0,0,0,0,0,0,0,0,0
480131,2,1,1994,0,0,0,0,0,0,0,0,0,0
480132,0,1,1994,0,0,0,0,0,0,0,0,0,0
480132,1,1,1994,0,0,0,0,0,0,0,0,0,0
480133,0,1,1994,5,5,5,5,5,5,5,5,5,5
480133,1,1,1994,0,21,0,28,0,11,0,0,0,0
480134,1,1,1994,0,0,0,0,0,0,0,0,0,0
480134,2,1,1994,3,0,0,0,0,0,25,0,18,0
480135,1,1,1994,0,0,0,0,0,9,0,0,0,0
480136,1,1,1994,0,0,0,0,0,0,0,0,0,0
480137,0,1,1994,0,0,0,0,0,0,0,0,0,0
480137,1,1,1994,0,0,0,0,0,0,0,0,0,0
480138,1,1,1994,28,28,28,28,28,28,28,28,28,28
480139,0,1,1994,28,0,11,0,0,0,0,17,0,26
480139,1,1,1994,0,11,0,0,0,0,0,21,0,0
480140,0,1,1994,0,0,11,0,0,21,0,13,7,4
480140,1,1,1994,0,0,0,0,0,0,0,0,0,0
480141,1,1,1994,0,0,0,0,0,0,0,18,0,0
480141,2,1,1994,9,9,9,9,9,9,9,9,9,9
480142,1,1,1994,0,0,0,0,0,0,0,0,0,0
480143,1,1,1994,18,18,18,18,18,18,18,18,18,18
480144,1,1,1994,15,16,7,9,18,22,11,14,14,7
480145,0,1,1994,27,27,27,27,27,27,27,27,27,27
480145,1,1,1994,24,0,0,0,0,0,0,0,8,26
480146,0,1,1994,0,0,0,0,0,0,0,0,0,17
480146,1,1,1994,0,0,0,0,0,0,0,0,0,0
480147,1,1,1994,22,0,0,0,0,0,0,0,0,0
480148,1,1,1994,12,0,0,0,0,0,0,0,0,6
480148,2,1,1994,0,0,0,0,0,0,0,0,0,0
480149,1,1,1994,28,28,28,28,28,28,28,28,28,28
480150,1,1,1994,19,19,19,19,19,19,19,19,19,19
480150,2,1,1994,0,0,0,17,0,0,0,0,0,0
480151,1,1,1994,0,0,0,0,0,0,0,0,0,0
480151,2,1,1994,26,26,26,26,26,26,26,26,26,26
480152,1,1,1994,13,17,20,25,16,11,23,21,24,20
480153,1,1,1994,19,19,19,19,19,19,19,19,19,19
480154,1,1,1994,22,22,22,22,22,22,22,22,22,22
480155,1,1,1994,19,19,19,19,19,19,19,19,19,19
480156,1,1,1994,38,38,38,38,38,38,38,38,38,38
480156,2,1,1994,0,0,0,0,0,0,0,0,0,0
480157,1,1,1994,0,0,0,0,0,0,13,0,0,0
480158,1,1,1994,0,0,0,0,0,0,0,0,0,0
480159,1,1,1994,24,11,4,25,0,0,0,0,0,9
480160,1,1,1994,1,1,1,1,1,1,1,1,1,1
480160,2,1,1994,0,0,0,0,0,0,0,0,0,13
480161,1,1,1994,30,15,28,0,12,32,21,14,14,22
480162,1,1,1994,0,35,11,9,12,26,14,26,0,0
480163,1,1,1994,5,0,0,2,0,0,0,0,0,0
480163,2,1,1994,21,0,0,0,0,22,31,0,34,0
480164,1,1,1994,0,0,0,0,0,0,0,0,0,0
480164,2,1,1994,0,0,0,0,0,0,0,0,0,0
480165,1,1,1994,0,0,0,0,0,0,0,0,0,0
480165,2,1,1994,0,0,0,0,0,0,0,0,0,0
480166,1,1,1994,0,0,0,0,0,0,0,0,0,0
480166,2,1,1994,0,0,0,0,0,0,0,0,0,0
480167,1,1,1994,0,0,0,0,0,0,0,0,0,0
480167,2,1,1994,0,0,0,9,27,0,0,0,0,0
480167,3,1,1994,0,0,0,0,0,0,0,0,0,0
480168,1,1,1994,0,0,0,0,0,0,0,0,0,0
480168,2,1,1994,21,21,21,21,21,21,21,21,21,21
480169,1,1,1994,0,0,0,0,0,0,0,0,0,0
480169,2,1,1994,0,0,0,0,0,0,25,0,0,0
480170,0,1,1994,0,0,0,0,0,0,0,0,0,0
480170,1,1,1994,0,0,0,0,0,0,0,0,0,0
480171,1,1,1994,0,0,0,0,0,0,0,0,0,0
480171,2,1,1994,0,0,0,0,0,0,0,0,0,0
480172,0,1,1994,0,0,0,0,0,0,0,0,0,0
480172,1,1,1994,0,0,0,0,0,0,0,0,0,0
480173,1,1,1994,0,41,37,30,14,13,11,37,15,6
480173,2,1,1994,0,3,30,0,0,0,0,5,0,0
480174,1,1,1994,0,0,0,0,0,0,0,6,0,0
480174,2,1,1994,0,0,0,0,0,0,0,0,0,0
480174,3,1,1994,0,0,0,0,0,0,0,0,0,0
480174,4,1,1994,0,0,0,0,0,0,0,0,0,0
480175,1,1,1994,0,0,0,0,0,0,0,0,0,0
480175,2,1,1994,0,0,0,0,0,0,0,0,0,0
480175,3,1,1994,0,0,0,0,0,0,0,0,0,0
480176,1,1,1994,17,17,17,17,17,17,17,17,17,17
480176,2,1,1994,0,0,0,0,0,0,0,0,0,0
480177,1,1,1994,0,0,0,0,0,0,0,0,0,0
480177,2,1,1994,0,0,0,0,0,0,0,0,0,0
480178,1,1,1994,0,0,0,0,0,0,0,0,0,0
480179,1,1,1994,18,18,18,18,18,18,18,18,18,18
480180,1,1,1994,0,0,0,0,0,0,0,0,0,0
480180,2,1,1994,0,0,0,0,0,0,0,0,0,0
480181,1,1,1994,25,25,25,25,25,25,25,25,25,25
480181,2,1,1994,0,0,0,0,0,0,0,0,0,0
480181,3,1,1994,0,0,0,0,0,0,0,0,0,0
480182,1,1,1994,0,0,0,0,0,0,0,0,0,0
480183,1,1,1994,0,0,0,0,0,0,0,0,0,0
480183,2,1,1994,0,0,0,0,0,4,0,0,0,0
480183,3,1,1994,0,15,0,0,0,0,0,0,0,0
480184,1,1,1994,0,0,0,0,0,0,0,0,0,0
480185,0,1,1994,0,0,0,0,8,0,0,0,0,0
480185,1,1,1994,0,0,0,0,0,0,0,0,0,0
480186,1,1,1994,0,0,0,0,0,0,0,0,0,0
480186,2,1,1994,0,0,0,0,0,0,7,0,0,0
480187,1,1,1994,0,0,19,0,10,17,0,0,0,6
480188,1,1,1994,0,0,0,3,0,0,0,0,0,0
480188,2,1,1994,13,0,0,18,3,0,0,0,9,11
480189,1,1,1994,39,20,20,44,23,11,15,13,18,24
480190,1,1,1994,0,0,0,0,0,0,0,0,0,0
480190,2,1,1994,0,0,0,0,0,0,0,0,0,0
480191,1,1,1994,0,0,0,0,0,0,0,0,0,0
480192,1,1,1994,0,0,24,0,0,0,13,0,0,0
480193,1,1,1994,0,0,0,0,0,0,0,0,0,0
480193,2,1,1994,0,0,0,0,0,0,0,0,0,0
480194,0,1,1994,0,38,0,0,0,0,4,0,0,11
480194,1,1,1994,0,0,0,0,0,0,0,0,0,0
480195,1,1,1994,0,0,0,0,0,0,0,0,0,0
480195,2,1,1994,0,0,0,0,0,0,0,0,0,0
480196,1,1,1994,0,0,0,0,0,0,0,0,0,0
480196,2,1,1994,0,0,0,0,0,0,0,0,0,0
480197,1,1,1994,14,14,14,14,14,14,14,14,14,14
480198,0,1,1994,21,21,21,21,21,21,21,21,21,21
480198,1,1,1994,0,0,15,0,0,0,0,0,0,0
480199,0,1,1994,11,0,34,0,19,0,0,29,0,56
480199,1,1,1994,0,0,0,0,0,0,0,0,0,0
480199,2,1,1994,0,0,0,0,0,0,0,0,0,0
480199,3,1,1994,0,0,0,0,0,0,0,0,0,0
480199,4,1,1994,0,0,0,0,0,0,0,0,0,0
480200,1,1,1994,22,22,22,22,22,22,22,22,22,22
480201,1,1,1994,0,0,0,0,0,0,0,0,0,0
480201,2,1,1994,0,0,0,0,0,4,0,0,0,0
480201,3,1,1994,0,0,0,0,0,0,0,0,0,0
480202,1,1,1994,0,0,0,0,0,0,0,0,0,4
480202,2,1,1994,0,0,0,7,15,0,0,0,0,0
480203,1,1,1994,0,0,0,0,0,0,0,0,0,0
480203,2,1,1994,0,0,0,0,0,0,0,0,0,0
480204,1,1,1994,0,0,0,0,0,0,0,0,0,0
480204,2,1,1994,10,10,10,10,10,10,10,10,10,10
480204,3,1,1994,10,10,10,10,10,10,10,10,10,10
480205,1,1,1994,27,27,27,27,27,27,27,27,27,27
480206,1,1,1994,8,8,8,8,8,8,8,8,8,8
480206,2,1,1994,0,0,0,24,0,23,15,0,0,0
480207,2,1,1994,0,0,0,0,0,0,0,0,0,0
480208,1,1,1994,9,15,7,6,14,24,12,15,15,8
480209,1,1,1994,10,16,0,14,9,21,25,0,0,22
480209,2,1,1994,0,22,17,0,38,31,0,0,15,0
480210,1,1,1994,34,27,18,0,23,22,0,17,0,0
480210,2,1,1994,0,0,0,0,45,0,17,20,0,0
480210,3,1,1994,7,4,2,0,0,0,0,0,0,31
480211,0,1,1994,0,21,0,21,0,0,34,23,43,38
480211,1,1,1994,0,0,0,0,0,0,0,5,0,14
480212,1,1,1994,0,0,46,0,0,0,0,3,0,0
480213,1,1,1994,27,27,27,27,27,27,27,27,27,27
480213,2,1,1994,0,0,0,0,0,0,0,0,0,0
480214,1,1,1994,0,0,0,0,0,0,0,0,0,0
480214,2,1,1994,0,24,7,14,14,0,0,7,7,30
480215,1,1,1994,0,0,0,0,0,5,0,0,23,0
480215,2,1,1994,0,0,0,0,14,0,0,0,9,0
480216,1,1,1994,25,25,25,25,25,25,25,25,25,25
480216,2,1,1994,0,0,0,0,0,0,0,0,0,0
480217,0,1,1994,0,0,0,0,0,0,0,0,27,0
480217,1,1,1994,19,6,0,18,10,7,16,18,7,16
480218,1,1,1994,20,20,20,20,20,20,20,20,20,20
480219,0,1,1994,16,16,16,16,16,16,16,16,16,16
480219,2,1,1994,11,11,11,11,11,11,11,11,11,11
480220,1,1,1994,0,0,0,0,0,0,0,0,0,0
480221,1,1,1994,0,0,0,0,0,0,0,0,0,0
480221,2,1,1994,1,1,1,1,1,1,1,1,1,1
480222,1,1,1994,0,0,0,0,0,0,0,0,0,0
480222,2,1,1994,0,0,0,0,0,0,0,0,0,0
480223,1,1,1994,0,0,0,0,7,0,0,0,0,0
480223,2,1,1994,20,20,20,20,20,20,20,20,20,20
480224,1,1,1994,8,8,8,8,8,8,8,8,8,8
480224,2,1,1994,0,0,0,0,0,0,0,0,0,0
480225,1,1,1994,41,41,41,41,41,41,41,41,41,41
480226,0,1,1994,0,0,0,0,0,0,0,0,0,0
480226,1,1,1994,0,0,0,0,0,0,0,0,0,0
480227,1,1,1994,0,12,3,11,0,0,45,0,0,0
480227,2,1,1994,18,16,5,0,19,0,27,33,0,0
480228,1,1,1994,0,0,0,0,0,0,0,0,0,0
480229,0,1,1994,0,0,0,0,0,0,0,0,0,0
480229,1,1,1994,0,0,0,0,0,0,0,0,0,0
480230,1,1,1994,28,28,28,28,28,28,28,28,28,28
480230,2,1,1994,23,23,23,23,23,23,23,23,23,23
480231,1,1,1994,0,0,0,14,15,0,0,8,14,12
480232,1,1,1994,32,32,32,32,32,32,32,32,32,32
480233,1,1,1994,15,15,15,15,15,15,15,15,15,15
480234,0,1,1994,0,0,0,0,0,0,40,0,11,0
480234,1,1,1994,16,16,16,16,16,16,16,16,16,16
480235,1,1,1994,0,0,0,0,0,0,0,0,0,0
480235,2,1,1994,0,0,0,0,0,0,0,0,0,0
480236,1,1,1994,0,0,0,0,0,14,0,17,0,17
480237,1,1,1994,0,0,0,0,0,0,0,0,0,0
480238,1,1,1994,0,0,0,0,0,0,0,0,0,0
480238,2,1,1994,0,0,0,0,0,0,0,0,0,0
480239,1,1,1994,25,25,25,25,25,25,25,25,25,25
480240,1,1,1994,25,25,25,25,25,25,25,25,25,25
480241,1,1,1994,0,0,0,0,0,0,0,0,0,0
480242,1,1,1994,0,0,0,0,0,0,0,0,0,0
480243,1,1,1994,0,0,0,0,22,0,0,0,0,0
480243,2,1,1994,0,0,0,0,0,0,0,0,0,0
480244,1,1,1994,29,29,29,29,29,29,29,29,29,29
480244,2,1,1994,0,23,0,0,0,0,0,0,0,0
480244,3,1,1994,0,0,0,0,0,0,0,15,0,0
480245,1,1,1994,0,0,0,0,0,0,0,0,0,0
480245,2,1,1994,0,0,0,0,0,0,0,0,0,0
480246,1,1,1994,0,0,32,0,0,0,0,0,0,0
480246,2,1,1994,0,19,0,0,0,0,0,0,0,0
480247,1,1,1994,0,0,0,0,0,0,0,0,0,0
480248,1,1,1994,12,12,12,12,12,12,12,12,12,12
480249,1,1,1994,0,0,0,0,0,0,0,0,0,0
480249,2,1,1994,0,0,0,0,0,0,0,0,0,0
480250,1,1,1994,0,0,0,0,0,0,0,0,0,0
480250,2,1,1994,10,2,0,0,0,18,0,0,0,31
480251,1,1,1994,0,0,0,0,0,0,0,0,0,0
480252,1,1,1994,16,16,16,16,16,16,16,16,16,16
480253,0,1,1994,26,26,26,26,26,26,26,26,26,26
480253,1,1,1994,0,0,0,0,0,0,0,0,0,0
480254,1,1,1994,0,0,0,0,0,0,0,0,0,11
480255,1,1,1994,17,17,17,17,17,17,17,17,17,17
480256,1,1,1994,0,0,0,0,0,0,0,0,0,0
480256,2,1,1994,0,0,0,0,0,0,0,0,0,0
480257,1,1,1994,0,0,0,0,0,0,0,0,0,0
480258,1,1,1994,0,0,8,0,8,0,14,5,0,0
480258,2,1,1994,5,0,0,0,0,0,0,0,15,19
480259,0,1,1994,30,22,0,24,0,22,0,0,12,11
480259,1,1,1994,0,24,23,0,0,0,28,19,6,28
480260,1,1,1994,39,39,39,39,39,39,39,39,39,39
480261,0,1,1994,0,0,0,0,0,0,0,0,0,0
480261,1,1,1994,0,0,0,0,0,0,0,0,23,0
480262,1,1,1994,0,0,0,0,0,0,0,0,0,0
480262,2,1,1994,0,0,0,0,0,0,0,0,0,0
480263,1,1,1994,20,20,20,20,20,20,20,20,20,20
480263,2,1,1994,7,7,7,7,7,7,7,7,7,7
480264,1,1,1994,0,0,0,0,0,0,0,0,0,0
480265,1,1,1994,13,13,13,13,13,13,13,13,13,13
480265,2,1,1994,3,3,3,3,3,3,3,3,3,3
480266,1,1,1994,29,29,29,29,29,29,29,29,29,29
480267,1,1,1994,19,19,19,19,19,19,19,19,19,19
480267,2,1,1994,0,0,0,0,0,0,0,0,0,0
480267,3,1,1994,0,0,0,6,0,0,0,5,16,13
480267,4,1,1994,0,17,14,0,0,0,0,0,0,0
480268,0,1,1994,0,0,0,0,0,0,0,0,0,0
480268,1,1,1994,0,0,0,0,0,0,0,0,0,0
480269,1,1,1994,0,13,6,0,0,0,0,7,0,0
480270,1,1,1994,0,4,0,12,15,18,0,24,0,0
480271,0,1,1994,0,7,0,0,0,0,0,0,0,16
480271,1,1,1994,0,0,0,0,0,0,0,0,0,0
480272,0,1,1994,8,8,8,8,8,8,8,8,8,8
480272,1,1,1994,9,9,9,9,9,9,9,9,9,9
480273,1,1,1994,0,0,0,0,0,0,0,10,0,0
480274,1,1,1994,0,0,0,0,0,0,0,0,0,0
480274,2,1,1994,0,0,0,0,0,0,0,23,0,0
480274,3,1,1994,0,0,0,0,0,0,0,0,0,0
480275,1,1,1994,0,0,0,0,0,0,0,0,0,0
480275,2,1,1994,0,0,0,0,0,0,0,0,0,0
480275,3,1,1994,0,0,0,0,0,0,0,0,0,8
480276,1,1,1994,0,0,0,0,0,0,0,0,0,0
480277,0,1,1994,0,0,0,0,0,0,0,0,0,0
480277,1,1,1994,0,0,0,0,0,0,0,0,0,0
480278,1,1,1994,0,0,0,0,0,0,0,0,0,0
480279,1,1,1994,0,0,0,0,0,0,0,0,0,0
480279,2,1,1994,0,0,0,0,0,0,0,0,0,0
480280,0,1,1994,0,0,49,12,0,10,41,0,17,0
480280,1,1,1994,0,0,0,14,0,10,19,10,0,0
480281,1,1,1994,0,0,0,0,0,0,0,0,0,0
480281,2,1,1994,0,0,0,0,0,0,0,0,0,0
480282,1,1,1994,21,21,21,21,21,21,21,21,21,21
480282,2,1,1994,0,0,0,0,0,32,3,16,0,0
480283,1,1,1994,0,0,0,0,0,0,0,0,0,0
480283,2,1,1994,0,0,0,0,0,0,0,0,0,0
480283,3,1,1994,0,0,0,0,0,0,0,0,0,0
480284,1,1,1994,0,0,0,0,0,0,0,0,0,0
480284,2,1,1994,0,0,0,0,0,0,0,0,0,0
480285,1,1,1994,14,14,14,14,14,14,14,14,14,14
480285,2,1,1994,0,0,0,0,0,0,0,0,0,0
480286,1,1,1994,0,0,0,0,0,11,0,0,0,15
480286,2,1,1994,21,21,21,21,21,21,21,21,21,21
480287,1,1,1994,10,10,10,10,10,10,10,10,10,10
480287,2,1,1994,1,1,1,1,1,1,1,1,1,1
480288,0,1,1994,0,0,0,0,0,0,0,0,0,0
480288,1,1,1994,0,0,0,0,0,16,0,0,0,0
480289,1,1,1994,0,0,0,0,0,0,0,0,0,0
480290,1,1,1994,0,0,0,0,0,0,11,0,0,0
480290,2,1,1994,0,0,0,0,0,0,0,0,0,0
480291,1,1,1994,0,0,0,0,0,0,0,0,0,0
480292,1,1,1994,4,4,4,4,4,4,4,4,4,4
480293,1,1,1994,0,0,0,5,0,0,0,0,0,24
480293,2,1,1994,0,0,0,0,0,0,0,0,0,0
480294,1,1,1994,0,0,0,0,0,0,0,0,0,0
480295,0,1,1994,17,30,0,13,10,21,24,0,6,28
480295,1,1,1994,0,17,21,22,0,24,0,0,8,0
480296,0,1,1994,0,0,0,0,0,0,0,0,0,0
480296,1,1,1994,0,0,0,0,12,0,14,0,0,0
480297,0,1,1994,15,0,0,13,0,22,0,10,37,24
480297,1,1,1994,0,17,0,28,0,0,0,26,0,10
480298,1,1,1994,16,16,16,16,16,16,16,16,16,16
480299,0,1,1994,30,30,30,30,30,30,30,30,30,30
480299,1,1,1994,0,0,0,0,0,0,12,38,0,0
480300,1,1,1994,25,25,25,25,25,25,25,25,25,25
480301,1,1,1994,17,17,17,17,17,17,17,17,17,17
480302,1,1,1994,27,27,27,27,27,27,27,27,27,27
480303,1,1,1994,0,0,0,0,0,0,0,0,0,0
480303,2,1,1994,0,0,0,0,0,0,0,0,0,0
480304,0,1,1994,0,0,0,0,0,0,0,0,0,0
480304,1,1,1994,0,0,16,0,0,0,0,0,8,27
480305,1,1,1994,0,0,21,25,6,21,7,0,12,0
480306,1,1,1994,20,20,20,20,20,20,20,20,20,20
480307,1,1,1994,10,10,10,10,10,10,10,10,10,10
480308,1,1,1994,10,10,10,10,10,10,10,10,10,10
480309,1,1,1994,0,7,0,0,0,0,0,0,0,0
480309,2,1,1994,0,0,0,0,0,0,27,0,0,0
480310,1,1,1994,21,24,0,0,9,14,33,10,17,13
480311,0,1,1994,0,0,0,0,0,0,0,0,0,0
480311,1,1,1994,0,0,0,0,0,0,0,0,0,0
480312,1,1,1994,16,16,16,16,16,16,16,16,16,16
480313,1,1,1994,29,29,29,29,29,29,29,29,29,29
480313,2,1,1994,2,2,2,2,2,2,2,2,2,2
480314,1,1,1994,24,24,24,24,24,24,24,24,24,24
480315,1,1,1994,0,0,0,0,0,0,0,0,0,0
480316,1,1,1994,14,13,22,15,11,15,12,16,32,15
480317,1,1,1994,18,15,12,22,10,28,14,35,7,17
480318,1,1,1994,0,0,0,0,0,0,0,0,0,0
480318,2,1,1994,7,7,7,7,7,7,7,7,7,7
480319,1,1,1994,9,15,27,30,17,37,14,9,5,24
480319,2,1,1994,12,6,16,10,22,23,7,14,2,0
480320,0,1,1994,0,0,0,0,0,0,0,0,0,0
480320,1,1,1994,0,0,0,0,0,0,0,0,0,0
480321,1,1,1994,0,0,0,0,0,0,0,0,0,0
480321,2,1,1994,0,0,0,0,0,0,0,0,0,0
480322,0,1,1994,23,23,23,23,23,23,23,23,23,23
480322,1,1,1994,8,12,10,26,13,0,19,0,0,15
480323,1,1,1994,0,0,0,0,0,0,0,0,0,0
480323,2,1,1994,0,0,0,0,0,0,0,0,0,0
480324,1,1,1994,24,24,24,24,24,24,24,24,24,24
480324,2,1,1994,5,0,0,0,0,0,0,0,0,0
480325,1,1,1994,26,26,26,26,26,26,26,26,26,26
480326,1,1,1994,0,0,0,0,0,0,0,0,0,0
480326,2,1,1994,0,0,4,0,0,0,0,0,0,0
480327,0,1,1994,0,31,0,0,0,0,24,0,15,0
480327,1,1,1994,0,0,0,20,0,0,0,9,3,0
480328,1,1,1994,10,10,10,10,10,10,10,10,10,10
480329,1,1,1994,0,0,0,0,0,0,0,0,0,0
480329,2,1,1994,26,26,26,26,26,26,26,26,26,26
480330,1,1,1994,0,0,0,0,0,0,0,0,0,0
480330,2,1,1994,0,0,11,0,0,0,0,0,0,18
480330,3,1,1994,27,1,0,0,0,0,3,0,0,24
480330,4,1,1994,0,0,0,0,5,0,0,0,8,0
480330,5,1,1994,0,0,0,0,0,0,0,0,0,0
480331,1,1,1994,17,17,17,17,17,17,17,17,17,17
480332,0,1,1994,10,10,10,10,10,10,10,10,10,10
480332,1,1,1994,0,0,0,0,0,0,7,0,0,0
480333,1,1,1994,0,0,0,0,0,0,0,0,0,0
480333,2,1,1994,0,0,0,0,0,0,0,0,0,0
480334,1,1,1994,0,0,0,0,0,0,0,0,0,0
480334,2,1,1994,0,0,0,0,0,0,0,0,0,0
480335,0,1,1994,0,0,0,0,0,0,0,4,0,25
480335,1,1,1994,18,4,0,12,0,0,0,0,24,0
480336,1,1,1994,17,17,17,17,17,17,17,17,17,17
480336,2,1,1994,12,12,12,12,12,12,12,12,12,12
480337,1,1,1994,13,13,13,13,13,13,13,13,13,13
480337,2,1,1994,0,0,0,0,0,0,0,0,0,0
480338,1,1,1994,18,18,18,18,18,18,18,18,18,18
480338,2,1,1994,44,44,44,44,44,44,44,44,44,44
480339,1,1,1994,16,16,16,16,16,16,16,16,16,16
480340,1,1,1994,26,26,26,26,26,26,26,26,26,26
480341,0,1,1994,0,0,0,0,0,0,0,0,0,0
480341,1,1,1994,0,0,0,0,0,0,0,13,0,0
480342,1,1,1994,11,11,11,11,11,11,11,11,11,11
480343,1,1,1994,11,11,11,11,11,11,11,11,11,11
480344,1,1,1994,0,29,0,0,0,0,0,5,11,20
480344,2,1,1994,13,5,19,31,20,15,14,14,25,5
480345,0,1,1994,23,23,23,23,23,23,23,23,23,23
480345,1,1,1994,0,0,15,0,0,0,38,0,0,9
480346,1,1,1994,33,33,33,33,33,33,33,33,33,33
480347,1,1,1994,21,21,21,21,21,21,21,21,21,21
480348,1,1,1994,0,0,0,0,0,0,0,0,0,0
480348,2,1,1994,0,0,0,0,0,0,0,0,0,0
480349,1,1,1994,0,0,0,0,0,0,0,0,0,0
480350,1,1,1994,0,0,0,0,0,0,0,0,0,0
480350,2,1,1994,0,0,0,0,0,0,0,0,0,0
480351,1,1,1994,32,32,32,32,32,32,32,32,32,32
480352,1,1,1994,22,0,0,22,0,24,0,0,0,0
480353,1,1,1994,13,13,13,13,13,13,13,13,13,13
480354,1,1,1994,8,8,27,0,18,0,17,0,15,6
480354,2,1,1994,0,0,0,0,0,10,0,0,0,0
480355,1,1,1994,21,21,21,21,21,21,21,21,21,21
480356,1,1,1994,0,0,0,0,0,0,0,0,0,0
480357,0,1,1994,0,0,0,24,0,0,0,0,0,0
480357,1,1,1994,0,0,25,0,7,0,0,0,0,0
480358,1,1,1994,0,0,4,0,0,0,0,0,0,0
480358,2,1,1994,20,20,20,20,20,20,20,20,20,20
480359,1,1,1994,0,0,0,0,0,0,0,0,0,0
480359,2,1,1994,0,0,0,0,0,0,0,0,0,0
480360,1,1,1994,25,25,25,25,25,25,25,25,25,25
480360,2,1,1994,0,0,0,0,0,0,0,0,0,0
480361,0,1,1994,0,0,0,0,0,0,0,0,0,0
480361,1,1,1994,14,0,7,0,17,28,0,0,14,0
480362,1,1,1994,0,0,0,0,0,0,0,0,0,0
480362,2,1,1994,0,0,0,0,0,0,0,0,0,0
480363,1,1,1994,25,25,25,25,25,25,25,25,25,25
480363,2,1,1994,0,0,0,10,0,0,0,14,30,0
480364,1,1,1994,0,0,0,0,0,0,0,0,0,0
480364,2,1,1994,0,0,0,0,0,0,0,0,0,0
480365,0,1,1994,14,0,0,0,0,0,0,0,0,0
480365,1,1,1994,0,0,0,0,0,0,0,0,0,0
480366,1,1,1994,22,22,22,22,22,22,22,22,22,22
480367,1,1,1994,23,23,23,23,23,23,23,23,23,23
480368,1,1,1994,27,27,27,27,27,27,27,27,27,27
480369,0,1,1994,0,0,0,0,0,0,0,0,0,0
480369,1,1,1994,0,0,0,0,0,0,0,8,0,0
480370,1,1,1994,0,0,0,0,0,0,0,0,0,0
480370,2,1,1994,17,17,17,17,17,17,17,17,17,17
480371,0,1,1994,20,50,0,0,0,0,0,0,0,0
480371,1,1,1994,0,0,0,0,0,0,0,0,0,0
480372,1,1,1994,1,1,1,1,1,1,1,1,1,1
480373,1,1,1994,0,0,0,0,0,0,0,0,0,0
480374,1,1,1994,0,0,0,0,0,0,0,0,0,0
480374,2,1,1994,0,0,0,0,0,0,0,0,0,0
480375,1,1,1994,19,17,31,22,15,7,20,10,12,10
480376,1,1,1994,11,11,11,11,11,11,11,11,11,11
480377,1,1,1994,22,22,22,22,22,22,22,22,22,22
480378,1,1,1994,17,17,17,17,17,17,17,17,17,17
480378,2,1,1994,0,0,0,0,0,0,0,0,0,0
480379,1,1,1994,24,24,24,24,24,24,24,24,24,24
480380,1,1,1994,23,23,23,23,23,23,23,23,23,23
480381,0,1,1994,24,24,24,24,24,24,24,24,24,24