ST_CASE,VEH_NO,PER_NO,YEAR,P1,P2,P3,P4,P5,P6,P7,P8,P9,P10
480381,1,1,1994,0,7,0,13,12,0,0,10,0,6
480382,1,1,1994,21,21,21,21,21,21,21,21,21,21
480382,2,1,1994,0,0,0,0,0,0,0,0,0,0
480383,1,1,1994,0,0,0,0,0,0,0,0,0,0
480383,2,1,1994,0,0,0,0,0,0,0,0,0,0
480384,1,1,1994,10,11,4,19,27,7,10,24,13,17
480385,1,1,1994,1,1,1,1,1,1,1,1,1,1
480386,1,1,1994,0,0,0,0,0,0,0,0,0,0
480386,2,1,1994,17,17,17,17,17,17,17,17,17,17
480387,1,1,1994,15,6,16,17,27,24,30,12,22,29
480388,1,1,1994,33,33,33,33,33,33,33,33,33,33
480389,1,1,1994,20,20,20,20,20,20,20,20,20,20
480389,2,1,1994,0,57,20,16,0,0,17,27,24,9
480390,1,1,1994,7,13,0,19,13,21,0,4,18,30
480391,1,1,1994,28,28,28,28,28,28,28,28,28,28
480391,2,1,1994,0,0,0,0,0,0,0,0,0,0
480392,0,1,1994,0,0,0,0,0,0,0,0,0,0
480392,1,1,1994,18,18,18,18,18,18,18,18,18,18
480393,1,1,1994,0,0,0,0,0,0,0,0,0,0
480393,2,1,1994,0,0,0,0,0,0,0,0,0,0
480394,1,1,1994,0,0,0,0,0,0,0,0,0,0
480395,1,1,1994,0,7,20,12,0,0,0,0,0,0
480395,2,1,1994,5,0,0,0,0,0,0,0,0,0
480396,1,1,1994,25,25,25,25,25,25,25,25,25,25
480397,0,1,1994,0,0,22,23,8,0,0,20,27,0
480397,1,1,1994,0,0,0,0,0,0,0,0,14,0
480398,1,1,1994,0,0,0,0,0,0,0,0,0,0
480398,2,1,1994,0,0,0,0,0,0,0,0,0,0
480399,1,1,1994,0,0,0,0,0,0,0,0,0,0
480399,2,1,1994,0,0,0,0,0,0,0,0,0,0
480400,1,1,1994,0,0,0,0,0,0,0,0,0,0
480400,2,1,1994,0,0,0,0,0,0,0,0,0,0
480401,1,1,1994,0,0,0,0,0,0,0,0,0,0
480402,0,1,1994,0,10,0,0,0,0,12,12,0,0
480402,1,1,1994,0,0,0,0,0,0,0,0,0,0
480402,2,1,1994,17,0,0,0,0,0,0,17,0,0
480402,3,1,1994,0,0,0,22,0,0,15,0,0,0
480403,1,1,1994,0,0,0,0,0,0,0,0,0,0
480403,2,1,1994,0,0,0,0,0,0,0,0,0,0
480404,1,1,1994,0,0,0,0,0,9,0,0,0,0
480404,2,1,1994,0,0,3,2,0,0,0,0,0,0
480404,3,1,1994,0,27,0,0,0,0,0,0,0,0
480405,1,1,1994,18,0,21,0,29,22,13,0,14,15
480406,1,1,1994,25,13,11,15,9,18,11,28,37,4
480407,1,1,1994,21,21,21,21,21,21,21,21,21,21
480408,1,1,1994,0,0,0,0,0,0,0,0,3,0
480409,1,1,1994,0,0,0,0,0,0,0,0,0,0
480409,2,1,1994,0,0,0,0,0,0,0,0,0,0
480410,1,1,1994,28,28,28,28,28,28,28,28,28,28
480411,1,1,1994,17,17,17,17,17,17,17,17,17,17
480412,1,1,1994,23,0,0,0,0,0,0,21,0,0
480412,2,1,1994,0,0,0,0,0,0,0,0,0,0
480413,1,1,1994,0,0,0,0,0,0,0,0,0,0
480413,2,1,1994,0,0,0,0,0,0,0,0,0,0
480414,1,1,1994,3,3,3,3,3,3,3,3,3,3
480415,0,1,1994,0,0,0,0,0,0,24,0,0,0
480415,1,1,1994,0,0,0,0,0,0,0,0,0,0
480416,1,1,1994,0,9,0,19,0,0,0,0,0,0
480417,1,1,1994,0,0,0,0,0,0,7,0,0,0
480418,1,1,1994,0,0,0,0,0,0,19,0,0,0
480418,2,1,1994,0,0,0,0,0,0,0,0,13,0
480419,1,1,1994,20,20,20,20,20,20,20,20,20,20
480419,2,1,1994,0,0,0,0,0,0,0,0,0,0
480420,1,1,1994,0,0,0,0,0,0,0,0,0,0
480420,2,1,1994,0,0,0,0,0,0,0,0,0,0
480420,3,1,1994,0,0,0,0,0,0,0,0,0,0
480420,4,1,1994,0,0,0,0,0,0,5,0,29,0
480420,5,1,1994,0,0,0,0,0,0,5,27,0,0
480421,1,1,1994,34,34,34,34,34,34,34,34,34,34
480422,1,1,1994,13,0,0,0,0,0,7,0,0,0
480423,0,1,1994,0,0,11,0,0,0,0,0,0,0
480423,0,2,1994,0,0,0,0,0,0,0,0,0,0
480423,1,1,1994,0,0,0,0,0,0,0,0,0,0
480424,1,1,1994,2,2,2,2,2,2,2,2,2,2
480424,2,1,1994,15,15,15,15,15,15,15,15,15,15
480425,1,1,1994,34,34,34,34,34,34,34,34,34,34
480426,1,1,1994,22,22,22,22,22,22,22,22,22,22
480427,1,1,1994,0,0,0,0,0,0,0,0,0,0
480428,1,1,1994,17,17,17,17,17,17,17,17,17,17
480429,1,1,1994,23,23,23,23,23,23,23,23,23,23
480429,2,1,1994,13,13,13,13,13,13,13,13,13,13
480430,1,1,1994,0,0,0,0,0,0,0,0,0,0
480431,1,1,1994,24,24,24,24,24,24,24,24,24,24
480432,1,1,1994,0,0,0,0,0,0,0,0,0,0
480432,2,1,1994,20,0,9,24,0,24,14,17,21,0
480433,1,1,1994,8,19,15,11,18,13,7,0,21,21
480433,2,1,1994,0,15,26,0,0,0,0,0,9,23
480434,1,1,1994,0,0,0,0,0,0,0,0,0,0
480435,1,1,1994,33,31,16,12,17,19,14,29,19,30
480435,2,1,1994,18,8,6,15,22,17,11,0,17,13
480436,1,1,1994,25,25,25,25,25,25,25,25,25,25
480437,1,1,1994,22,0,0,0,0,0,0,0,0,0
480437,2,1,1994,0,0,0,0,0,0,0,0,0,0
480438,1,1,1994,0,0,0,0,0,0,0,0,0,0
480438,2,1,1994,0,0,0,0,0,0,0,0,0,0
480439,1,1,1994,22,22,22,22,22,22,22,22,22,22
480439,2,1,1994,0,0,10,0,0,0,0,12,0,12
480440,1,1,1994,26,9,36,0,0,11,0,0,0,0
480441,1,1,1994,0,4,0,0,0,0,0,0,0,0
480441,2,1,1994,0,0,0,0,0,0,0,0,0,0
480442,1,1,1994,0,0,0,0,0,0,0,0,0,0
480443,0,1,1994,0,0,0,0,0,0,0,0,0,0
480443,1,1,1994,0,0,0,0,0,0,0,0,0,0
480444,1,1,1994,17,17,17,17,17,17,17,17,17,17
480445,1,1,1994,14,14,14,14,14,14,14,14,14,14
480446,1,1,1994,0,0,0,0,0,0,0,0,21,0
480446,2,1,1994,0,0,14,0,0,3,0,0,6,0
480447,1,1,1994,27,27,27,27,27,27,27,27,27,27
480448,1,1,1994,0,0,0,0,0,0,0,0,0,0
480448,2,1,1994,0,0,0,0,0,0,0,0,0,0
480449,1,1,1994,0,0,0,0,0,0,0,0,0,0
480449,2,1,1994,10,10,10,10,10,10,10,10,10,10
480450,1,1,1994,0,0,0,0,0,13,0,0,0,0
480450,2,1,1994,0,0,0,0,0,0,0,0,0,0
480451,1,1,1994,0,0,0,0,0,0,0,0,0,0
480451,2,1,1994,0,0,0,0,0,0,0,0,0,0
480451,3,1,1994,12,0,0,0,0,0,0,0,0,0
480452,1,1,1994,0,0,0,0,0,0,0,0,0,0
480453,1,1,1994,0,0,0,0,0,0,0,0,0,0
480453,2,1,1994,0,0,0,0,0,0,0,0,0,0
480454,0,1,1994,21,0,0,0,11,0,0,28,0,0
480454,0,2,1994,0,0,0,0,0,0,0,0,0,0
480454,0,3,1994,0,0,0,0,0,0,0,0,0,0
480454,1,1,1994,0,0,0,0,0,7,0,0,0,0
480455,1,1,1994,25,25,25,25,25,25,25,25,25,25
480455,2,1,1994,0,0,7,0,7,0,0,0,3,0
480456,1,1,1994,0,0,20,13,10,0,10,0,0,0
480457,1,1,1994,0,0,0,0,0,0,0,0,0,0
480458,1,1,1994,0,0,0,0,0,0,0,0,0,0
480458,2,1,1994,0,0,0,0,0,0,0,0,0,0
480459,1,1,1994,6,0,0,0,0,0,0,0,0,0
480459,2,1,1994,0,0,0,0,0,0,0,0,0,0
480460,0,1,1994,22,22,22,22,22,22,22,22,22,22
480460,1,1,1994,16,14,19,7,0,24,39,0,14,24
480461,1,1,1994,0,18,0,0,16,4,17,0,0,18
480462,1,1,1994,0,0,0,0,0,0,0,0,0,0
480463,1,1,1994,25,25,25,25,25,25,25,25,25,25
480464,0,1,1994,14,14,14,14,14,14,14,14,14,14
480464,1,1,1994,23,0,0,0,13,0,0,0,0,0
480465,1,1,1994,20,10,17,17,0,26,18,23,6,28
480465,2,1,1994,0,0,20,0,0,24,9,0,0,13
480466,1,1,1994,0,0,0,0,0,0,0,0,0,0
480466,2,1,1994,4,4,4,4,4,4,4,4,4,4
480467,1,1,1994,12,0,13,0,14,7,20,7,13,0
480467,2,1,1994,0,0,0,0,0,0,0,0,0,0
480468,1,1,1994,16,16,16,16,16,16,16,16,16,16
480468,2,1,1994,0,0,0,0,0,0,0,0,0,0
480469,1,1,1994,0,0,0,0,0,0,0,0,0,0
480469,2,1,1994,22,22,22,22,22,22,22,22,22,22
480470,1,1,1994,0,0,0,0,0,0,0,0,0,0
480470,2,1,1994,0,0,0,0,0,0,0,0,0,0
480471,1,1,1994,0,0,0,0,0,0,0,0,0,0
480471,2,1,1994,0,0,0,0,0,0,0,0,0,17
480472,1,1,1994,0,0,0,0,0,0,0,0,0,0
480472,2,1,1994,0,0,0,0,0,0,0,0,0,0
480473,1,1,1994,0,0,0,0,0,0,0,0,0,0
480474,1,1,1994,20,20,20,20,20,20,20,20,20,20
480475,1,1,1994,0,0,3,0,0,6,0,0,0,0
480475,2,1,1994,12,12,12,12,12,12,12,12,12,12
480476,1,1,1994,17,15,15,0,27,0,60,0,0,0
480476,2,1,1994,0,0,0,0,0,0,0,0,0,0
480476,3,1,1994,0,0,0,0,0,0,0,0,0,0
480477,1,1,1994,0,0,0,0,0,0,0,0,0,0
480477,2,1,1994,0,0,0,0,0,0,5,0,0,0
480478,1,1,1994,5,17,0,42,0,18,0,0,0,10
480478,2,1,1994,0,0,0,9,23,0,0,0,0,0
480478,3,1,1994,23,0,0,0,4,0,0,0,0,0
480479,0,1,1994,0,0,0,0,0,0,0,0,0,0
480479,1,1,1994,23,0,19,0,0,20,10,14,0,0
480480,1,1,1994,0,0,0,0,0,0,0,0,0,0
480481,0,1,1994,36,36,36,36,36,36,36,36,36,36
480481,1,1,1994,0,0,5,0,0,0,0,0,0,0
480482,1,1,1994,22,22,22,22,22,22,22,22,22,22
480483,1,1,1994,25,25,25,25,25,25,25,25,25,25
480483,2,1,1994,0,0,0,0,0,0,0,0,0,0
480484,1,1,1994,10,10,10,10,10,10,10,10,10,10
480485,1,1,1994,0,21,0,8,9,0,0,0,0,0
480486,1,1,1994,18,18,18,18,18,18,18,18,18,18
480486,2,1,1994,0,0,0,0,0,11,0,0,0,0
480487,0,1,1994,20,20,20,20,20,20,20,20,20,20
480487,1,1,1994,17,17,17,17,17,17,17,17,17,17
480488,1,1,1994,0,46,7,9,0,10,18,0,0,0
480489,1,1,1994,17,17,17,17,17,17,17,17,17,17
480490,1,1,1994,1,1,1,1,1,1,1,1,1,1
480491,0,1,1994,47,47,47,47,47,47,47,47,47,47
480491,1,1,1994,0,0,0,0,0,0,0,0,0,0
480492,1,1,1994,0,0,0,0,0,0,0,0,0,0
480493,1,1,1994,0,0,0,0,0,0,0,0,0,0
480494,1,1,1994,0,0,0,0,0,0,0,0,0,0
480494,2,1,1994,0,0,0,0,15,0,0,0,0,0
480495,1,1,1994,9,35,16,23,25,21,0,0,0,15
480495,2,1,1994,0,0,0,0,22,0,0,0,0,0
480495,3,1,1994,0,0,28,0,0,25,13,0,8,18
480496,0,1,1994,8,8,8,8,8,8,8,8,8,8
480496,0,2,1994,0,0,0,0,0,0,0,0,0,0
480496,1,1,1994,14,14,14,14,14,14,14,14,14,14
480497,1,1,1994,11,0,0,0,0,15,0,0,0,0
480497,2,1,1994,0,0,0,0,0,0,0,0,10,0
480498,1,1,1994,0,4,0,0,0,15,0,0,0,0
480498,2,1,1994,0,0,0,0,0,0,0,0,0,0
480499,1,1,1994,0,0,0,0,0,0,0,0,0,0
480499,2,1,1994,0,0,0,0,0,0,17,0,0,0
480500,1,1,1994,0,0,0,37,35,7,11,19,15,0
480501,1,1,1994,0,0,0,0,0,0,0,0,0,0
480501,2,1,1994,0,0,0,0,0,0,0,0,7,0
480502,1,1,1994,0,0,0,0,0,0,0,0,0,0
480502,2,1,1994,0,0,0,0,0,0,0,0,0,0
480503,0,1,1994,0,0,15,13,0,9,0,0,15,29
480503,1,1,1994,0,0,0,0,0,0,0,0,0,0
480504,1,1,1994,0,0,0,0,0,0,0,0,0,0
480505,1,1,1994,0,0,0,0,0,0,0,0,0,0
480505,2,1,1994,0,0,0,0,0,0,0,0,0,0
480506,1,1,1994,0,0,11,0,0,0,0,0,0,0
480506,2,1,1994,0,0,0,0,15,0,0,9,0,0
480507,1,1,1994,0,0,0,0,0,0,0,0,0,0
480507,2,1,1994,24,14,0,0,0,0,0,18,18,0
480508,1,1,1994,0,0,0,0,0,0,0,0,0,0
480508,2,1,1994,10,10,10,10,10,10,10,10,10,10
480509,1,1,1994,13,13,13,13,13,13,13,13,13,13
480510,1,1,1994,17,28,28,12,17,21,11,9,30,22
480511,1,1,1994,0,0,0,0,0,0,0,0,0,0
480512,1,1,1994,0,0,0,0,0,0,0,0,0,0
480512,2,1,1994,0,0,0,0,0,0,0,0,0,0
480512,3,1,1994,0,0,0,0,0,0,0,0,0,0
480513,1,1,1994,0,0,0,0,0,0,0,0,0,0
480514,1,1,1994,0,0,0,20,0,0,0,23,19,0
480515,1,1,1994,0,0,0,0,0,0,0,41,0,0
480515,2,1,1994,0,0,0,11,0,0,0,0,10,0
480516,0,1,1994,16,16,16,16,16,16,16,16,16,16
480516,1,1,1994,17,9,20,12,19,16,25,41,4,6
480517,0,1,1994,26,0,0,0,14,0,0,0,0,0
480517,0,2,1994,0,0,0,0,34,10,0,0,0,0
480517,1,1,1994,20,20,20,20,20,20,20,20,20,20
480518,1,1,1994,0,0,0,0,21,0,0,0,0,0
480518,2,1,1994,28,0,0,0,0,0,0,0,0,0
480518,3,1,1994,0,0,0,0,0,0,0,0,16,0
480519,0,1,1994,22,22,22,22,22,22,22,22,22,22
480519,1,1,1994,0,14,15,0,8,0,16,24,15,23
480520,1,1,1994,0,11,0,0,0,0,0,0,0,0
480520,2,1,1994,8,0,0,0,0,0,0,0,0,0
480521,1,1,1994,2,2,2,2,2,2,2,2,2,2
480521,2,1,1994,0,0,0,0,0,0,0,0,0,0
480522,0,1,1994,2,2,2,2,2,2,2,2,2,2
480522,1,1,1994,0,0,0,0,0,0,0,0,0,0
480523,1,1,1994,15,15,15,15,15,15,15,15,15,15
480523,2,1,1994,0,0,0,0,0,0,0,0,0,0
480524,1,1,1994,15,15,15,15,15,15,15,15,15,15
480525,1,1,1994,0,0,0,0,0,0,0,0,0,0
480525,2,1,1994,32,32,32,32,32,32,32,32,32,32
480526,1,1,1994,0,0,0,0,0,0,0,0,0,0
480526,2,1,1994,22,22,22,22,22,22,22,22,22,22
480527,1,1,1994,0,0,0,0,0,0,0,0,0,0
480527,2,1,1994,35,35,35,35,35,35,35,35,35,35
480528,0,1,1994,0,0,14,32,29,0,0,20,0,9
480528,1,1,1994,0,13,0,0,0,0,0,0,0,0
480529,1,1,1994,0,0,0,0,0,0,0,0,0,0
480529,2,1,1994,0,0,0,0,0,0,0,0,0,0
480530,1,1,1994,24,26,29,23,24,10,31,19,15,16
480531,1,1,1994,18,18,18,18,18,18,18,18,18,18
480531,2,1,1994,0,0,0,0,0,0,0,0,0,0
480532,1,1,1994,0,0,0,0,0,0,0,0,0,0
480533,1,1,1994,0,0,0,0,0,0,0,0,0,0
480533,2,1,1994,0,20,18,0,0,0,24,0,0,0
480534,0,1,1994,0,12,0,0,14,24,0,0,32,0
480534,1,1,1994,0,0,0,0,0,0,0,0,0,0
480534,2,1,1994,14,14,0,0,0,0,0,0,0,0
480535,1,1,1994,15,15,15,15,15,15,15,15,15,15
480536,1,1,1994,27,27,27,27,27,27,27,27,27,27
480536,2,1,1994,0,0,0,0,0,0,0,0,0,0
480536,3,1,1994,0,0,0,0,0,0,0,0,0,0
480537,1,1,1994,13,13,13,13,13,13,13,13,13,13
480537,2,1,1994,0,0,0,0,0,0,0,0,0,0
480538,1,1,1994,0,0,0,0,0,0,0,0,0,0
480539,0,1,1994,19,19,19,19,19,19,19,19,19,19
480539,1,1,1994,0,0,0,0,0,0,0,0,0,16
480540,1,1,1994,24,24,24,24,24,24,24,24,24,24
480540,2,1,1994,0,0,0,0,0,0,0,0,0,0
480541,0,1,1994,0,0,0,17,16,0,0,14,0,27
480541,1,1,1994,0,0,18,0,16,0,0,12,0,0
480542,0,1,1994,0,22,21,10,3,11,32,0,25,30
480542,1,1,1994,0,0,0,0,0,0,0,0,0,0
480543,0,1,1994,0,9,9,0,0,7,0,0,0,0
480543,1,1,1994,6,29,12,22,19,12,18,11,0,16
480544,1,1,1994,29,29,29,29,29,29,29,29,29,29
480545,0,1,1994,26,26,26,26,26,26,26,26,26,26
480545,1,1,1994,0,0,0,0,0,0,8,0,0,0
480546,1,1,1994,0,0,0,0,0,0,0,0,0,17
480546,2,1,1994,0,0,13,9,14,0,20,0,0,0
480547,1,1,1994,13,13,13,13,13,13,13,13,13,13
480548,1,1,1994,0,0,0,0,0,12,0,0,17,0
480548,2,1,1994,10,29,28,26,17,24,18,26,5,8
480549,1,1,1994,20,20,20,20,20,20,20,20,20,20
480549,2,1,1994,27,0,17,0,23,22,20,0,2,11
480550,1,1,1994,0,0,0,0,0,0,0,0,0,0
480551,1,1,1994,5,5,5,5,5,5,5,5,5,5
480552,1,1,1994,15,17,0,0,13,17,5,0,0,0
480552,2,1,1994,0,0,0,0,0,0,0,6,0,0
480553,1,1,1994,0,0,0,0,0,12,14,0,0,7
480554,1,1,1994,0,0,0,0,0,0,0,0,0,0
480555,1,1,1994,0,0,0,0,0,0,0,0,0,0
480556,1,1,1994,18,18,11,7,0,22,12,27,20,14
480557,1,1,1994,34,34,34,34,34,34,34,34,34,34
480558,1,1,1994,11,11,11,11,11,11,11,11,11,11
480559,1,1,1994,12,20,7,11,29,0,0,0,14,20
480560,1,1,1994,0,0,0,0,0,0,0,0,0,0
480561,1,1,1994,15,15,15,15,15,15,15,15,15,15
480561,2,1,1994,0,0,0,9,0,0,4,0,0,0
480562,1,1,1994,15,15,15,15,15,15,15,15,15,15
480563,0,1,1994,34,34,34,34,34,34,34,34,34,34
480563,1,1,1994,7,0,0,0,0,0,0,0,0,0
480564,1,1,1994,20,20,20,20,20,20,20,20,20,20
480565,0,1,1994,15,15,15,15,15,15,15,15,15,15
480565,1,1,1994,0,0,0,0,0,0,0,0,0,0
480566,0,1,1994,29,0,19,0,0,23,19,0,16,4
480566,1,1,1994,0,0,0,0,0,0,0,0,0,0
480567,0,1,1994,0,0,0,0,0,0,0,0,0,0
480567,1,1,1994,0,0,0,0,0,0,0,0,0,0
480568,1,1,1994,0,0,0,0,0,0,0,0,0,0
480569,1,1,1994,21,21,21,21,21,21,21,21,21,21
480570,1,1,1994,16,16,16,16,16,16,16,16,16,16
480571,0,1,1994,0,0,0,0,0,0,0,0,0,0
480571,1,1,1994,0,0,0,0,0,0,0,0,0,0
480572,0,1,1994,0,0,0,0,0,0,0,0,0,0
480572,1,1,1994,0,0,0,0,0,0,0,0,0,0
480573,1,1,1994,17,17,17,17,17,17,17,17,17,17
480574,1,1,1994,28,28,28,28,28,28,28,28,28,28
480574,2,1,1994,0,0,0,0,15,3,0,0,0,0
480575,1,1,1994,29,29,29,29,29,29,29,29,29,29
480576,1,1,1994,10,0,2,0,0,0,8,31,10,15
480577,0,1,1994,0,0,0,0,0,0,0,0,0,0
480577,1,1,1994,0,0,0,0,0,0,0,0,0,0
480578,1,1,1994,0,0,0,0,0,0,18,0,0,0
480579,1,1,1994,0,27,0,0,16,34,0,0,0,0
480579,2,1,1994,0,0,20,0,0,0,0,0,0,0
480579,3,1,1994,0,0,0,0,0,0,0,0,0,0
480580,1,1,1994,0,0,10,16,13,3,0,12,4,0
480581,1,1,1994,0,0,0,0,0,0,0,0,0,0
480581,2,1,1994,0,0,0,0,0,0,0,0,0,0
480582,1,1,1994,15,15,15,15,15,15,15,15,15,15
480583,0,1,1994,0,0,0,0,0,0,0,0,0,0
480583,1,1,1994,0,0,0,0,0,0,0,0,0,0
480584,1,1,1994,0,0,0,0,0,0,0,0,0,0
480584,2,1,1994,0,0,0,0,0,0,0,0,0,0
480585,0,1,1994,0,0,0,0,0,0,0,0,0,0
480585,1,1,1994,0,0,0,0,0,0,0,12,0,0
480586,1,1,1994,12,12,12,12,12,12,12,12,12,12
480587,0,1,1994,7,7,7,7,7,7,7,7,7,7
480587,0,2,1994,0,0,0,0,0,0,0,0,0,0
480587,1,1,1994,0,0,0,0,0,0,0,6,0,0
480588,1,1,1994,17,17,17,17,17,17,17,17,17,17
480588,2,1,1994,0,0,0,0,0,0,0,0,0,0
480588,3,1,1994,0,0,0,0,0,0,0,0,0,0
480588,4,1,1994,0,0,0,0,0,0,0,0,0,0
480589,1,1,1994,8,8,8,8,8,8,8,8,8,8
480589,2,1,1994,0,0,0,0,0,0,0,0,0,0
480590,1,1,1994,16,16,16,16,16,16,16,16,16,16
480590,2,1,1994,0,0,0,0,0,0,0,0,0,0
480591,1,1,1994,0,0,0,0,0,0,0,0,0,0
480591,2,1,1994,0,0,0,0,0,0,0,0,0,0
480592,1,1,1994,0,0,0,0,0,0,14,0,6,0
480592,2,1,1994,0,0,0,14,0,0,0,0,0,0
480593,1,1,1994,15,15,15,15,15,15,15,15,15,15
480594,1,1,1994,0,0,0,0,0,0,0,0,11,0
480594,2,1,1994,13,13,13,13,13,13,13,13,13,13
480595,1,1,1994,0,0,0,0,0,0,0,0,0,0
480595,2,1,1994,0,0,0,0,0,0,0,0,0,0
480596,1,1,1994,34,34,34,34,34,34,34,34,34,34
480596,2,1,1994,6,0,0,0,0,0,0,0,0,0
480597,0,1,1994,0,0,0,0,0,0,0,0,0,0
480597,0,2,1994,0,0,0,0,0,0,0,0,0,0
480597,1,1,1994,11,11,11,11,11,11,11,11,11,11
480598,1,1,1994,0,0,0,0,0,0,0,0,0,0
480599,1,1,1994,0,0,0,0,0,0,0,0,20,0
480600,1,1,1994,16,16,16,16,16,16,16,16,16,16
480601,1,1,1994,0,0,9,0,0,0,0,0,0,6
480601,2,1,1994,0,0,0,0,0,0,0,0,0,0
480602,1,1,1994,0,0,0,0,0,0,0,0,0,0
480603,1,1,1994,13,13,13,13,13,13,13,13,13,13
480604,1,1,1994,17,17,17,17,17,17,17,17,17,17
480605,1,1,1994,17,17,17,17,17,17,17,17,17,17
480606,1,1,1994,0,0,0,0,0,0,0,0,31,0
480606,2,1,1994,0,0,0,0,0,0,0,0,0,0
480606,3,1,1994,0,0,0,5,0,0,0,0,0,0
480606,4,1,1994,0,0,0,0,0,0,0,0,0,0
480607,1,1,1994,0,0,0,0,0,0,0,0,0,0
480608,1,1,1994,0,0,0,0,0,0,0,0,0,0
480608,2,1,1994,0,0,0,0,0,0,0,0,0,0
480609,1,1,1994,11,11,11,11,11,11,11,11,11,11
480610,1,1,1994,0,0,0,0,0,0,0,0,0,0
480611,1,1,1994,0,0,0,0,0,0,0,0,0,0
480611,2,1,1994,0,0,0,0,0,0,0,0,0,0
480612,1,1,1994,5,0,0,0,0,0,0,27,0,0
480613,1,1,1994,7,19,26,14,29,13,0,31,22,22
480614,1,1,1994,36,36,36,36,36,36,36,36,36,36
480614,2,1,1994,0,0,0,0,0,0,0,0,0,0
480615,0,1,1994,0,0,0,0,0,0,0,0,0,0
480615,0,2,1994,0,0,0,0,0,0,0,0,0,0
480615,1,1,1994,0,0,0,0,0,0,0,0,0,21
480616,1,1,1994,39,39,39,39,39,39,39,39,39,39
480617,1,1,1994,23,0,0,0,0,10,0,0,0,25
480618,1,1,1994,0,0,0,0,0,0,0,0,0,0
480618,2,1,1994,0,0,0,0,0,0,0,0,0,0
480619,1,1,1994,0,0,0,0,0,0,0,0,0,0
480619,2,1,1994,0,0,0,0,0,0,0,0,0,0
480619,3,1,1994,0,0,0,0,0,0,0,0,21,0
480620,1,1,1994,0,0,0,0,0,0,0,0,0,15
480620,2,1,1994,0,0,0,0,0,0,0,0,0,0
480620,3,1,1994,0,0,0,0,0,0,0,0,7,0
480620,4,1,1994,0,0,0,0,0,0,0,0,0,0
480621,1,1,1994,0,0,0,0,0,0,0,0,0,0
480621,2,1,1994,0,0,0,0,0,0,0,0,0,0
480622,1,1,1994,17,17,17,17,17,17,17,17,17,17
480623,1,1,1994,0,0,0,0,0,0,7,0,0,0
480623,2,1,1994,0,0,0,0,0,0,0,0,0,0
480624,1,1,1994,0,0,0,0,0,0,0,0,0,0
480624,2,1,1994,0,0,0,0,0,0,0,0,0,0
480624,3,1,1994,0,0,0,0,0,0,0,0,16,0
480624,4,1,1994,0,0,0,0,0,0,0,0,0,0
480624,5,1,1994,0,0,7,0,0,0,0,0,0,6
480625,1,1,1994,0,0,0,0,0,0,0,0,0,0
480625,2,1,1994,0,0,0,0,0,0,0,0,0,0
480626,1,1,1994,17,17,17,17,17,17,17,17,17,17
480626,2,1,1994,0,0,21,12,17,0,12,14,23,22
480627,1,1,1994,0,0,0,0,0,0,0,0,0,0
480627,2,1,1994,0,0,0,0,0,0,0,0,0,0
480628,1,1,1994,0,0,0,0,0,0,0,0,0,0
480628,2,1,1994,0,0,8,6,16,0,20,0,9,0
480629,1,1,1994,0,0,0,0,0,0,0,0,0,0
480629,2,1,1994,0,0,0,0,0,0,0,0,0,0
480630,1,1,1994,0,0,18,0,27,6,20,36,25,0
480631,0,1,1994,30,0,20,35,0,28,19,31,19,0
480631,1,1,1994,23,0,0,28,0,10,21,0,0,0
480632,1,1,1994,0,0,0,0,0,0,6,9,0,0
480633,1,1,1994,0,0,0,0,13,0,0,0,0,0
480634,1,1,1994,0,9,0,0,0,0,0,0,11,0
480634,2,1,1994,0,21,0,0,0,0,0,0,0,0
480635,1,1,1994,11,0,0,0,0,17,10,13,17,32
480636,1,1,1994,0,0,0,0,0,0,0,0,0,0
480636,2,1,1994,0,0,0,0,0,0,0,0,0,0
480637,1,1,1994,0,0,0,0,0,0,0,0,0,0
480637,2,1,1994,0,0,0,0,0,0,0,0,0,0
480638,1,1,1994,0,0,0,0,0,0,0,0,0,0
480638,2,1,1994,0,0,0,0,0,0,0,0,0,0
480638,3,1,1994,0,0,0,0,0,0,0,0,0,0
480639,0,1,1994,0,0,0,0,0,0,0,0,0,0
480639,1,1,1994,0,0,0,0,15,0,0,0,0,9
480640,0,1,1994,0,0,0,0,0,0,0,0,0,0
480640,1,1,1994,16,16,16,16,16,16,16,16,16,16
480641,1,1,1994,0,0,0,0,0,0,0,24,0,0
480641,2,1,1994,0,0,0,0,0,0,0,0,0,0