ST_CASE,VEH_NO,PER_NO,YEAR,P1,P2,P3,P4,P5,P6,P7,P8,P9,P10
480642,1,1,1994,0,0,0,12,0,0,22,0,0,9
480642,2,1,1994,19,19,19,19,19,19,19,19,19,19
480642,3,1,1994,0,0,0,0,0,0,12,0,13,0
480643,1,1,1994,16,16,16,16,16,16,16,16,16,16
480644,1,1,1994,0,0,0,0,0,0,0,0,0,0
480644,2,1,1994,0,0,0,0,0,0,0,0,0,0
480645,1,1,1994,12,0,0,0,0,0,7,0,19,0
480645,2,1,1994,0,0,0,0,0,0,25,0,0,0
480646,1,1,1994,0,0,0,0,0,0,0,0,0,0
480646,2,1,1994,25,25,25,25,25,25,25,25,25,25
480647,1,1,1994,19,19,19,19,19,19,19,19,19,19
480648,1,1,1994,6,0,0,9,8,13,7,0,14,0
480648,2,1,1994,9,9,9,9,9,9,9,9,9,9
480649,0,1,1994,5,0,10,0,0,0,0,0,0,0
480649,0,2,1994,12,0,18,0,6,18,0,2,7,8
480649,1,1,1994,25,25,25,25,25,25,25,25,25,25
480649,2,1,1994,19,8,0,11,20,16,25,10,21,9
480650,1,1,1994,13,13,13,13,13,13,13,13,13,13
480651,0,1,1994,0,13,0,23,0,0,0,20,0,0
480651,1,1,1994,22,26,10,17,20,0,24,17,40,9
480652,1,1,1994,0,0,0,0,0,0,0,0,0,0
480652,2,1,1994,0,0,0,0,0,0,0,4,0,0
480653,0,1,1994,0,0,0,0,0,0,0,0,0,0
480653,0,2,1994,23,0,11,17,0,18,0,9,6,34
480653,1,1,1994,0,0,0,25,0,0,33,0,18,33
480654,1,1,1994,35,35,35,35,35,35,35,35,35,35
480655,1,1,1994,31,31,31,31,31,31,31,31,31,31
480655,2,1,1994,0,0,0,0,0,0,0,0,0,0
480656,1,1,1994,23,23,23,23,23,23,23,23,23,23
480656,2,1,1994,10,10,0,21,27,16,0,0,21,24
480657,1,1,1994,0,0,0,0,0,0,0,0,0,0
480658,1,1,1994,0,0,0,0,0,0,0,0,0,0
480658,2,1,1994,9,0,17,0,23,0,0,0,0,0
480659,1,1,1994,30,30,30,30,30,30,30,30,30,30
480660,1,1,1994,24,26,11,11,24,0,19,5,4,44
480660,2,1,1994,0,0,0,0,0,0,0,0,0,0
480661,1,1,1994,0,0,0,0,0,0,0,0,0,0
480662,1,1,1994,9,5,13,0,0,20,0,19,14,0
480663,1,1,1994,0,0,0,0,0,0,0,0,0,0
480663,2,1,1994,0,0,0,0,0,0,0,0,0,0
480664,1,1,1994,0,0,0,0,0,0,0,0,0,0
480664,2,1,1994,0,0,0,0,0,0,0,0,0,0
480665,1,1,1994,24,24,24,24,24,24,24,24,24,24
480666,0,1,1994,0,0,0,0,0,0,0,0,0,0
480666,1,1,1994,7,0,0,7,34,0,21,0,12,0
480666,3,1,1994,0,53,33,21,0,0,21,0,0,12
480667,1,1,1994,0,0,0,4,0,0,8,0,0,0
480668,1,1,1994,0,3,32,16,30,24,0,0,9,0
480669,0,1,1994,8,8,8,8,8,8,8,8,8,8
480669,1,1,1994,0,0,4,0,6,0,0,14,0,11
480670,1,1,1994,27,21,21,17,0,0,25,0,15,17
480670,2,1,1994,0,11,0,0,7,0,0,0,16,0
480671,1,1,1994,27,12,13,14,22,3,27,21,11,11
480672,0,1,1994,0,0,0,0,0,0,0,0,0,0
480672,1,1,1994,0,0,0,0,26,31,0,5,0,0
480673,1,1,1994,14,14,14,14,14,14,14,14,14,14
480674,0,1,1994,0,0,0,0,0,0,5,0,0,0
480674,1,1,1994,0,0,17,0,0,0,0,19,0,12
480675,1,1,1994,0,8,0,0,0,0,0,0,0,0
480675,2,1,1994,22,22,22,22,22,22,22,22,22,22
480676,1,1,1994,0,13,0,22,0,16,2,0,0,23
480677,0,1,1994,0,0,0,18,15,0,13,25,23,0
480677,1,1,1994,0,0,0,0,0,0,0,0,0,0
480678,0,1,1994,47,15,13,0,19,14,0,0,0,17
480678,0,2,1994,0,0,0,0,0,0,0,0,0,0
480678,1,1,1994,0,0,0,0,0,0,0,0,0,0
480678,2,1,1994,0,0,0,0,0,0,0,0,0,0
480679,1,1,1994,0,0,0,0,0,0,0,0,0,0
480680,1,1,1994,0,0,0,0,0,0,0,0,0,0
480680,2,1,1994,0,0,0,23,0,0,0,0,0,0
480681,1,1,1994,0,0,0,0,0,0,19,0,0,0
480681,2,1,1994,0,0,0,0,0,0,0,0,0,0
480682,1,1,1994,0,0,9,0,0,0,0,27,0,13
480682,2,1,1994,25,0,11,11,0,20,26,15,9,0
480682,3,1,1994,0,0,0,11,0,0,0,0,0,0
480683,1,1,1994,14,14,14,14,14,14,14,14,14,14
480684,1,1,1994,8,8,8,8,8,8,8,8,8,8
480684,2,1,1994,0,0,0,4,0,0,0,0,0,0
480685,1,1,1994,18,18,18,18,18,18,18,18,18,18
480686,1,1,1994,0,0,0,0,0,0,0,0,0,0
480687,1,1,1994,0,0,0,0,0,0,0,0,0,0
480688,1,1,1994,4,4,4,4,4,4,4,4,4,4
480688,2,1,1994,17,0,0,0,0,0,0,0,0,0
480689,1,1,1994,22,22,22,22,22,22,22,22,22,22
480690,1,1,1994,10,10,10,10,10,10,10,10,10,10
480691,0,1,1994,0,0,30,0,13,0,20,0,17,0
480691,1,1,1994,0,0,28,4,0,0,0,0,16,15
480692,1,1,1994,0,0,0,0,0,0,0,0,0,0
480692,2,1,1994,0,0,0,0,0,0,0,0,0,0
480693,0,1,1994,0,0,0,0,0,0,0,0,0,0
480693,1,1,1994,0,0,0,0,0,0,0,0,0,0
480694,1,1,1994,23,12,10,11,8,12,9,13,8,20
480695,1,1,1994,14,14,14,14,14,14,14,14,14,14
480696,0,1,1994,0,0,0,0,0,0,0,0,0,0
480696,1,1,1994,17,19,0,0,0,0,0,0,0,0
480697,0,1,1994,30,30,30,30,30,30,30,30,30,30
480697,1,1,1994,13,0,0,0,0,0,0,0,0,0
480698,1,1,1994,30,0,0,44,0,0,6,9,0,0
480698,2,1,1994,21,21,21,21,21,21,21,21,21,21
480699,1,1,1994,16,0,17,0,18,12,12,0,0,0
480699,2,1,1994,0,0,0,0,0,0,0,0,13,0
480700,1,1,1994,0,0,0,3,0,0,0,5,0,0
480700,2,1,1994,0,0,0,0,0,0,0,0,0,0
480701,1,1,1994,0,18,0,0,0,0,0,12,20,0
480701,2,1,1994,0,0,0,0,0,4,0,0,0,0
480702,1,1,1994,0,0,0,0,0,0,0,0,0,0
480702,2,1,1994,0,0,0,26,0,0,0,18,0,0
480703,0,1,1994,31,31,31,31,31,31,31,31,31,31
480703,1,1,1994,24,0,0,0,0,0,0,5,0,0
480704,1,1,1994,15,15,15,15,15,15,15,15,15,15
480705,1,1,1994,0,0,0,0,0,0,0,0,0,0
480705,2,1,1994,0,0,0,0,0,35,0,0,0,0
480705,3,1,1994,0,0,0,0,0,0,8,0,0,0
480706,1,1,1994,6,6,6,6,6,6,6,6,6,6
480707,1,1,1994,0,25,0,0,0,0,0,0,17,0
480707,2,1,1994,0,0,0,0,0,0,0,14,0,0
480707,3,1,1994,8,0,0,0,0,0,0,0,0,0
480707,4,1,1994,0,0,0,0,0,0,0,0,0,0
480708,1,1,1994,23,21,7,9,17,0,8,0,13,0
480709,1,1,1994,0,0,0,0,0,0,0,0,0,0
480710,1,1,1994,0,0,0,0,0,0,0,0,0,0
480710,2,1,1994,5,0,0,0,0,0,0,10,0,0
480710,3,1,1994,0,0,0,0,0,0,0,0,0,0
480711,1,1,1994,0,0,0,0,0,0,0,0,0,0
480712,0,1,1994,0,46,13,0,0,0,22,0,0,0
480712,1,1,1994,0,0,0,0,0,13,0,0,0,0
480712,2,1,1994,0,18,0,0,0,0,0,0,0,0
480713,1,1,1994,0,0,0,0,0,0,0,0,0,0
480713,2,1,1994,0,0,0,0,3,2,0,0,0,0
480714,1,1,1994,0,0,0,14,7,0,0,0,0,0
480714,2,1,1994,0,0,0,0,0,0,0,0,0,0
480715,1,1,1994,0,0,0,0,0,0,0,0,20,0
480715,2,1,1994,0,0,0,0,0,0,0,0,0,0
480716,1,1,1994,0,0,14,0,0,12,0,0,0,0
480717,0,1,1994,19,0,16,41,17,17,27,37,15,8
480717,1,1,1994,0,25,0,0,32,0,0,0,0,0
480718,1,1,1994,11,9,25,27,21,13,25,25,19,22
480719,1,1,1994,0,0,0,0,0,0,0,0,0,0
480719,2,1,1994,1,1,1,1,1,1,1,1,1,1
480720,1,1,1994,17,17,17,17,17,17,17,17,17,17
480720,2,1,1994,36,36,36,36,36,36,36,36,36,36
480720,3,1,1994,0,0,0,0,0,0,0,0,0,0
480721,1,1,1994,0,0,9,0,0,0,0,0,0,0
480721,2,1,1994,0,0,0,0,0,0,0,0,0,0
480722,0,1,1994,0,0,0,25,0,0,0,28,14,25
480722,1,1,1994,4,4,4,4,4,4,4,4,4,4
480723,1,1,1994,23,23,23,23,23,23,23,23,23,23
480724,1,1,1994,0,0,0,0,0,0,0,0,0,9
480724,2,1,1994,0,0,11,0,25,8,20,17,0,0
480725,1,1,1994,18,0,0,0,0,0,0,0,0,0
480725,2,1,1994,16,16,16,16,16,16,16,16,16,16
480726,1,1,1994,0,0,0,0,0,0,0,0,0,0
480726,2,1,1994,13,13,13,13,13,13,13,13,13,13
480727,1,1,1994,17,17,17,17,17,17,17,17,17,17
480728,1,1,1994,19,19,19,19,19,19,19,19,19,19
480729,1,1,1994,0,0,0,0,34,0,0,7,0,6
480729,2,1,1994,5,0,0,0,0,0,3,0,0,0
480730,1,1,1994,16,16,16,16,16,16,16,16,16,16
480730,2,1,1994,0,0,0,0,0,0,0,0,0,0
480731,0,1,1994,0,0,0,0,0,0,0,0,0,0
480731,1,1,1994,0,0,0,0,0,0,0,0,0,0
480732,1,1,1994,27,22,26,7,8,17,4,33,22,25
480733,0,1,1994,10,0,24,31,29,26,0,17,16,43
480733,1,1,1994,0,0,0,16,0,0,0,0,0,0
480734,0,1,1994,0,0,0,8,0,0,0,0,0,0
480734,1,1,1994,0,0,0,0,0,0,0,0,0,0
480735,1,1,1994,0,0,0,10,0,0,0,0,0,0
480735,2,1,1994,7,0,0,0,0,0,0,0,0,0
480736,1,1,1994,11,11,8,16,15,15,24,40,16,13
480737,0,1,1994,0,0,0,0,0,12,0,19,10,0
480737,1,1,1994,10,24,15,27,22,22,22,26,24,34
480738,0,1,1994,12,0,0,0,0,0,0,0,15,0
480738,1,1,1994,0,0,0,0,0,0,0,0,0,0
480739,1,1,1994,0,0,0,0,0,0,0,0,0,0
480740,1,1,1994,0,0,0,0,0,0,0,0,0,0
480740,2,1,1994,0,0,0,0,0,0,0,0,0,0
480740,3,1,1994,0,0,0,0,0,0,0,0,0,0
480741,1,1,1994,0,0,0,0,0,0,0,0,0,0
480741,2,1,1994,0,0,0,13,0,0,0,0,10,0
480741,3,1,1994,11,0,0,0,0,0,0,0,7,0
480742,1,1,1994,0,0,0,0,0,0,0,0,0,0
480742,2,1,1994,0,0,0,0,0,0,0,0,0,0
480743,0,1,1994,0,0,0,0,0,0,0,0,0,0
480743,1,1,1994,0,0,0,0,0,0,0,0,0,0
480744,1,1,1994,0,0,0,0,0,29,0,0,8,0
480744,2,1,1994,0,0,0,7,0,0,0,0,0,0
480745,1,1,1994,0,0,0,0,0,0,0,0,0,0
480746,1,1,1994,0,0,0,0,0,0,0,0,0,0
480746,2,1,1994,0,0,0,0,0,0,0,0,10,0
480747,1,1,1994,31,14,21,12,15,14,17,13,24,19
480748,1,1,1994,0,0,0,0,0,0,0,0,0,0
480749,1,1,1994,19,8,12,0,21,27,29,22,11,10
480750,1,1,1994,0,0,0,0,0,0,0,0,0,0
480750,2,1,1994,0,0,0,0,0,0,0,0,0,0
480751,0,1,1994,32,32,32,32,32,32,32,32,32,32
480751,1,1,1994,9,0,0,0,0,0,0,0,3,0
480752,1,1,1994,28,22,12,38,0,0,28,27,33,10
480753,1,1,1994,9,9,9,9,9,9,9,9,9,9
480753,2,1,1994,33,33,33,33,33,33,33,33,33,33
480754,1,1,1994,8,8,8,8,8,8,8,8,8,8
480755,1,1,1994,0,0,0,0,0,0,0,0,0,0
480755,2,1,1994,0,0,0,0,0,0,0,0,0,0
480755,3,1,1994,0,0,0,0,0,0,0,0,0,0
480756,1,1,1994,0,0,0,0,0,0,0,0,0,0
480756,2,1,1994,0,0,0,0,0,0,0,0,0,0
480757,1,1,1994,0,0,0,0,0,0,0,0,0,13
480757,2,1,1994,0,0,0,0,0,0,0,0,0,0
480757,3,1,1994,0,0,0,0,0,0,0,0,0,0
480757,4,1,1994,0,16,0,0,0,0,0,0,0,0
480757,5,1,1994,0,0,0,0,0,0,0,0,0,0
480758,1,1,1994,0,0,0,0,0,0,0,0,0,0
480759,1,1,1994,0,0,0,0,0,0,0,0,0,0
480759,2,1,1994,0,0,0,0,0,0,0,0,20,0
480760,0,1,1994,0,6,0,10,0,0,0,20,0,0
480760,1,1,1994,20,13,25,0,0,10,27,0,0,0
480761,1,1,1994,0,0,0,0,0,0,0,0,0,0
480762,1,1,1994,0,0,0,0,0,0,0,0,0,0
480762,2,1,1994,15,0,0,0,10,21,0,0,0,0
480763,0,1,1994,24,0,37,47,0,0,0,0,0,0
480763,1,1,1994,0,0,0,0,0,0,0,0,0,0
480764,1,1,1994,0,0,0,0,0,0,0,0,0,0
480765,1,1,1994,0,0,0,0,0,0,0,0,0,0
480765,2,1,1994,0,0,0,0,0,0,0,0,0,0
480766,1,1,1994,0,0,0,0,0,0,0,0,0,0
480767,1,1,1994,0,0,0,0,0,0,21,0,0,0
480767,2,1,1994,0,20,0,0,39,27,8,0,8,0
480768,1,1,1994,38,38,38,38,38,38,38,38,38,38
480769,1,1,1994,0,0,0,0,0,0,0,0,0,0
480770,1,1,1994,0,0,0,0,0,0,0,0,0,0
480770,2,1,1994,14,0,15,0,0,0,12,0,0,0
480771,1,1,1994,0,0,0,0,0,0,0,0,0,0
480771,2,1,1994,0,0,0,0,0,0,0,0,0,0
480772,0,1,1994,22,22,22,22,22,22,22,22,22,22
480772,1,1,1994,20,0,31,0,0,0,0,0,17,0
480773,0,1,1994,12,12,12,12,12,12,12,12,12,12
480773,0,2,1994,19,12,3,0,9,0,17,0,27,26
480773,1,1,1994,0,0,0,0,15,0,15,0,5,20
480774,1,1,1994,0,0,0,0,0,0,0,0,0,0
480775,0,1,1994,22,0,31,0,0,12,0,7,0,25
480775,1,1,1994,19,19,19,19,19,19,19,19,19,19
480776,1,1,1994,34,34,34,34,34,34,34,34,34,34
480777,1,1,1994,0,0,0,0,0,0,0,0,0,0
480778,1,1,1994,0,0,0,0,0,0,0,0,0,0
480779,1,1,1994,25,0,0,24,0,14,23,0,24,0
480780,1,1,1994,0,0,0,0,0,0,0,0,0,0
480780,2,1,1994,0,0,0,25,0,0,0,16,0,0
480781,0,1,1994,0,0,0,0,0,0,0,0,0,0
480781,1,1,1994,0,0,0,0,0,0,0,0,0,0
480782,1,1,1994,4,4,4,4,4,4,4,4,4,4
480783,1,1,1994,17,17,17,17,17,17,17,17,17,17
480784,0,1,1994,12,12,12,12,12,12,12,12,12,12
480784,0,2,1994,0,0,0,0,0,0,0,0,0,0
480784,1,1,1994,0,0,0,0,0,0,0,0,0,0
480785,1,1,1994,19,19,19,19,19,19,19,19,19,19
480786,1,1,1994,0,0,0,0,18,0,0,0,6,0
480787,1,1,1994,3,0,0,24,0,0,0,0,0,0
480787,2,1,1994,6,6,6,6,6,6,6,6,6,6
480788,1,1,1994,0,0,0,0,0,0,0,0,0,0
480788,2,1,1994,0,0,0,0,0,0,0,0,0,0
480789,0,1,1994,12,12,12,12,12,12,12,12,12,12
480789,0,2,1994,0,0,0,0,0,0,0,0,0,0
480789,2,1,1994,0,5,14,10,0,23,0,0,0,0
480790,1,1,1994,0,0,19,0,0,0,0,0,0,0
480790,2,1,1994,0,0,30,19,0,0,0,0,0,0
480791,1,1,1994,0,0,0,0,0,0,0,0,0,0
480791,2,1,1994,0,17,7,24,12,0,0,0,0,12
480791,3,1,1994,0,0,0,0,0,0,0,0,0,0
480792,1,1,1994,0,0,0,0,0,0,0,0,0,0
480793,1,1,1994,18,18,18,18,18,18,18,18,18,18
480793,2,1,1994,5,5,5,5,5,5,5,5,5,5
480794,1,1,1994,0,0,0,0,0,0,0,0,0,0
480794,2,1,1994,0,0,0,0,0,0,0,0,0,0
480795,1,1,1994,18,18,18,18,18,18,18,18,18,18
480796,0,1,1994,0,0,0,18,0,0,0,0,0,0
480796,1,1,1994,0,0,0,0,0,0,0,0,0,0
480797,1,1,1994,25,25,25,25,25,25,25,25,25,25
480798,1,1,1994,16,16,16,16,16,16,16,16,16,16
480799,1,1,1994,18,18,18,18,18,18,18,18,18,18
480800,0,1,1994,17,17,17,17,17,17,17,17,17,17
480800,1,1,1994,0,0,0,0,0,0,0,0,0,0
480801,1,1,1994,4,4,4,4,4,4,4,4,4,4
480802,1,1,1994,35,35,35,35,35,35,35,35,35,35
480802,2,1,1994,0,0,0,0,0,0,0,0,0,5
480803,0,1,1994,0,0,0,0,0,0,0,0,0,0
480803,1,1,1994,15,0,0,0,0,0,0,0,0,0
480804,1,1,1994,0,0,0,0,0,0,0,6,0,0
480804,2,1,1994,0,0,0,0,6,0,0,0,0,0
480804,3,1,1994,0,0,0,0,0,0,0,0,0,0
480804,4,1,1994,0,0,0,0,0,0,0,0,0,0
480804,5,1,1994,0,0,0,0,0,0,0,0,0,0
480805,1,1,1994,9,9,9,9,9,9,9,9,9,9
480806,1,1,1994,22,0,0,0,0,10,0,0,0,0
480806,2,1,1994,0,0,0,0,0,0,0,0,28,0
480807,0,1,1994,0,0,0,0,0,0,0,0,0,0
480807,1,1,1994,0,0,0,0,0,0,0,0,0,0
480808,1,1,1994,0,0,0,0,0,0,0,0,0,0
480808,2,1,1994,0,0,0,0,0,0,0,0,0,0
480809,1,1,1994,0,0,0,0,0,0,0,0,0,0
480809,2,1,1994,0,0,0,0,0,0,0,0,0,0
480810,1,1,1994,8,0,0,0,0,0,0,0,0,0
480810,2,1,1994,0,0,0,0,0,0,0,0,0,0
480811,0,1,1994,0,6,0,0,0,0,0,0,0,0
480811,1,1,1994,0,0,0,0,0,0,0,0,0,0
480812,1,1,1994,20,20,20,20,20,20,20,20,20,20
480812,2,1,1994,14,0,0,8,0,0,14,0,0,0
480813,0,1,1994,0,17,38,20,23,26,15,6,0,0
480813,1,1,1994,41,41,41,41,41,41,41,41,41,41
480814,1,1,1994,0,0,0,0,0,0,0,0,0,0
480814,2,1,1994,7,7,7,7,7,7,7,7,7,7
480815,1,1,1994,14,14,14,14,14,14,14,14,14,14
480816,1,1,1994,17,17,17,17,17,17,17,17,17,17
480816,2,1,1994,0,0,0,0,2,0,0,0,8,0
480817,1,1,1994,0,0,7,0,0,0,0,0,0,0
480818,1,1,1994,15,15,15,15,15,15,15,15,15,15
480818,2,1,1994,0,0,0,0,0,0,0,0,0,0
480818,3,1,1994,0,2,0,9,0,13,0,0,0,18
480818,4,1,1994,0,0,20,0,0,0,18,0,0,29
480818,5,1,1994,0,0,0,0,0,0,0,0,6,0
480819,1,1,1994,0,0,0,0,0,0,0,0,0,0
480820,1,1,1994,0,3,0,0,0,0,0,0,23,0
480820,2,1,1994,0,8,0,0,0,0,0,0,0,0
480821,1,1,1994,0,0,0,0,0,0,0,0,0,0
480821,2,1,1994,0,14,0,0,0,0,0,0,0,0
480822,1,1,1994,0,0,0,0,5,0,0,16,0,0
480823,1,1,1994,0,0,0,0,0,0,0,0,0,0
480823,2,1,1994,0,0,0,0,0,0,0,0,0,0
480823,3,1,1994,0,0,0,0,0,0,0,0,0,0
480824,1,1,1994,0,0,0,21,0,0,0,0,8,0
480824,2,1,1994,0,0,0,0,0,0,0,0,0,0
480825,1,1,1994,24,24,24,24,24,24,24,24,24,24
480826,0,1,1994,0,0,0,0,0,0,0,0,0,0
480826,1,1,1994,0,0,0,0,0,0,0,0,0,0
480827,1,1,1994,0,0,0,0,0,0,0,0,0,0
480828,1,1,1994,13,0,0,0,21,0,0,11,0,0
480828,2,1,1994,0,0,0,0,0,7,0,0,0,0
480829,1,1,1994,18,14,13,15,17,12,10,20,26,20
480830,1,1,1994,0,0,0,11,12,0,22,0,0,0
480831,0,1,1994,22,22,22,22,22,22,22,22,22,22
480831,1,1,1994,0,0,13,0,0,0,0,0,0,0
480832,0,1,1994,0,0,0,0,0,0,0,0,0,0
480832,1,1,1994,10,0,0,0,0,13,0,0,0,0
480833,1,1,1994,7,7,7,7,7,7,7,7,7,7
480833,2,1,1994,0,0,0,0,0,0,0,0,0,13
480834,0,1,1994,0,0,3,0,0,0,0,0,0,0
480834,1,1,1994,0,0,0,0,0,0,0,0,0,0
480835,1,1,1994,15,4,0,0,0,0,0,0,0,0
480836,0,1,1994,0,0,0,0,0,0,0,0,0,0
480836,1,1,1994,0,21,0,0,0,0,0,0,0,0
480837,1,1,1994,12,12,12,12,12,12,12,12,12,12
480838,1,1,1994,0,0,0,9,0,16,0,23,8,20
480838,2,1,1994,15,19,14,13,25,15,20,12,17,12
480839,1,1,1994,21,18,10,0,0,20,0,0,0,21
480839,2,1,1994,20,7,0,19,0,21,19,0,0,17
480840,1,1,1994,14,14,14,14,14,14,14,14,14,14
480840,2,1,1994,0,0,0,0,0,0,0,0,0,0
480840,3,1,1994,0,0,0,0,0,0,0,0,0,0
480841,1,1,1994,19,19,19,19,19,19,19,19,19,19
480841,2,1,1994,10,0,0,0,25,29,22,16,16,6
480842,1,1,1994,24,24,24,24,24,24,24,24,24,24
480842,2,1,1994,18,18,18,18,18,18,18,18,18,18
480843,1,1,1994,0,0,0,0,0,0,0,0,0,0
480843,2,1,1994,0,0,0,0,0,0,0,0,0,0
480844,1,1,1994,0,0,0,0,0,0,0,0,0,0
480845,1,1,1994,0,0,0,0,0,0,0,0,0,0
480845,2,1,1994,0,0,0,0,0,0,0,0,0,0
480846,1,1,1994,18,0,18,10,14,8,28,0,11,32
480847,1,1,1994,20,20,20,20,20,20,20,20,20,20
480847,2,1,1994,14,14,14,14,14,14,14,14,14,14
480848,1,1,1994,0,0,8,20,12,17,0,0,0,0
480849,1,1,1994,28,0,0,22,14,0,22,19,28,0
480849,2,1,1994,14,25,25,2,22,16,0,9,11,0
480850,0,1,1994,31,31,31,31,31,31,31,31,31,31
480850,1,1,1994,0,0,0,0,0,0,0,0,0,0
480850,2,1,1994,0,0,0,0,0,0,0,0,0,0
480851,1,1,1994,28,0,0,36,0,0,3,5,0,0
480851,2,1,1994,0,0,0,0,0,0,0,0,0,0
480852,1,1,1994,0,0,0,0,0,0,0,0,0,0
480853,1,1,1994,0,0,0,0,0,0,0,0,0,0
480854,1,1,1994,27,27,27,27,27,27,27,27,27,27
480855,1,1,1994,0,0,0,0,0,0,0,0,18,0
480855,2,1,1994,0,0,0,0,0,0,0,0,0,0
480856,1,1,1994,11,11,11,11,11,11,11,11,11,11
480857,1,1,1994,0,0,0,7,0,21,0,17,20,0
480858,1,1,1994,0,15,0,10,0,0,7,0,24,20
480859,0,1,1994,0,0,0,0,0,0,0,0,0,0
480859,1,1,1994,0,0,0,0,0,0,0,0,0,0
480860,1,1,1994,0,0,0,0,0,0,0,0,3,0
480860,2,1,1994,0,0,0,0,0,0,0,0,0,0
480861,1,1,1994,0,0,0,0,0,0,0,0,0,0
480861,2,1,1994,7,0,0,0,0,0,0,0,0,0
480862,1,1,1994,0,0,0,20,0,0,0,0,0,0
480862,2,1,1994,0,0,0,0,0,0,16,0,0,0
480863,1,1,1994,0,0,0,0,0,0,9,0,0,0
480863,2,1,1994,0,0,0,0,0,10,15,3,11,17
480864,0,1,1994,25,25,25,25,25,25,25,25,25,25
480864,1,1,1994,31,28,26,0,0,16,0,0,0,0
480864,2,1,1994,0,0,0,0,0,0,0,0,0,0
480864,3,1,1994,0,0,0,0,0,18,0,10,0,0
480864,4,1,1994,0,0,0,0,0,0,0,0,0,0
480865,1,1,1994,26,26,26,26,26,26,26,26,26,26
480866,1,1,1994,0,0,0,0,0,0,0,0,0,0
480867,1,1,1994,0,21,20,28,27,9,31,2,30,8
480868,1,1,1994,0,0,0,0,0,0,0,0,0,0
480869,1,1,1994,0,0,29,0,0,7,0,0,0,0
480870,1,1,1994,0,0,0,0,0,0,0,0,0,0
480870,2,1,1994,0,0,0,0,0,0,0,0,0,0
480871,1,1,1994,0,0,33,0,5,0,0,0,11,0
480871,2,1,1994,0,0,22,25,7,18,14,0,12,15
480872,0,1,1994,0,11,0,0,20,0,0,0,0,0
480872,1,1,1994,33,33,33,33,33,33,33,33,33,33
480873,1,1,1994,24,24,24,24,24,24,24,24,24,24
480873,2,1,1994,0,0,0,0,0,0,0,0,0,0
480874,1,1,1994,0,0,0,0,0,0,0,0,0,0
480874,2,1,1994,0,0,0,5,0,0,0,0,0,0
480875,1,1,1994,0,0,23,0,0,0,0,0,0,0
480875,2,1,1994,0,0,0,0,0,0,0,0,0,0
480876,0,1,1994,10,10,10,10,10,10,10,10,10,10
480876,0,2,1994,0,0,0,6,0,0,0,26,3,0
480876,1,1,1994,4,4,4,4,4,4,4,4,4,4
480877,1,1,1994,28,28,28,28,28,28,28,28,28,28
480877,2,1,1994,5,5,5,5,5,5,5,5,5,5
480878,1,1,1994,0,21,0,0,6,0,0,12,0,0
480878,2,1,1994,0,0,0,0,0,0,0,0,0,0
480879,1,1,1994,14,14,14,14,14,14,14,14,14,14
480879,2,1,1994,0,17,14,0,0,0,15,14,0,19
480880,1,1,1994,0,0,0,0,0,15,0,0,0,0
480880,2,1,1994,0,0,0,0,0,0,0,0,0,0
480881,0,1,1994,0,22,0,0,0,0,32,0,11,0
480881,0,2,1994,0,0,7,0,10,9,0,0,17,0
480881,1,1,1994,0,0,11,9,19,0,0,0,0,0
480882,1,1,1994,0,0,0,0,0,0,0,0,47,0
480882,2,1,1994,14,0,0,0,18,9,9,26,0,9
480883,1,1,1994,31,31,31,31,31,31,31,31,31,31
480884,1,1,1994,18,18,18,18,18,18,18,18,18,18
480885,1,1,1994,19,19,19,19,19,19,19,19,19,19
480885,2,1,1994,0,0,0,0,0,0,0,0,0,0
480886,1,1,1994,0,0,0,0,0,0,0,0,0,0
480887,0,1,1994,15,15,15,15,15,15,15,15,15,15
480887,1,1,1994,9,14,18,20,0,10,14,14,15,19
480888,1,1,1994,22,0,0,0,0,19,0,10,0,0
480889,0,1,1994,33,33,33,33,33,33,33,33,33,33
480889,1,1,1994,0,0,0,24,13,0,8,0,0,15
480890,1,1,1994,19,19,19,19,19,19,19,19,19,19
480890,2,1,1994,0,0,0,0,0,0,0,0,0,0
480891,1,1,1994,0,0,0,0,0,0,0,0,0,0
480892,1,1,1994,13,13,13,13,13,13,13,13,13,13
480893,1,1,1994,33,33,33,33,33,33,33,33,33,33
480893,2,1,1994,0,0,0,0,0,0,0,0,0,0
480894,0,1,1994,0,0,0,0,0,0,0,0,0,0
480894,1,1,1994,0,14,0,17,25,0,18,0,0,21
480895,1,1,1994,0,21,0,0,0,0,0,0,0,2