ST_CASE,VEH_NO,PER_NO,YEAR,P1,P2,P3,P4,P5,P6,P7,P8,P9,P10
480895,2,1,1994,0,0,0,0,0,0,0,0,0,0
480895,3,1,1994,0,0,0,0,0,0,0,0,0,0
480896,1,1,1994,1,1,1,1,1,1,1,1,1,1
480896,2,1,1994,0,0,10,0,0,0,0,0,21,0
480896,3,1,1994,0,12,0,0,0,0,8,0,0,0
480897,1,1,1994,0,0,0,0,0,0,0,0,0,0
480897,2,1,1994,0,0,0,0,0,0,0,0,0,0
480898,1,1,1994,0,0,0,0,0,0,0,0,0,0
480899,1,1,1994,0,0,0,0,0,0,0,0,0,0
480899,2,1,1994,0,0,0,0,0,0,0,0,0,0
480900,1,1,1994,0,0,0,0,17,0,0,0,0,0
480901,1,1,1994,0,0,4,0,0,0,0,0,0,0
480901,2,1,1994,0,12,0,0,0,0,0,11,22,0
480901,3,1,1994,0,0,0,0,0,0,0,0,0,0
480902,1,1,1994,0,0,0,0,0,0,0,0,0,0
480902,2,1,1994,0,0,0,0,0,0,0,0,0,0
480903,0,1,1994,21,0,0,11,0,8,21,10,23,31
480903,1,1,1994,33,18,12,0,0,0,0,0,6,0
480904,1,1,1994,22,0,0,0,10,0,0,0,0,0
480904,2,1,1994,0,0,0,0,0,0,12,0,0,0
480905,1,1,1994,38,38,38,38,38,38,38,38,38,38
480906,1,1,1994,0,0,0,0,0,0,25,0,19,0
480907,1,1,1994,0,0,0,0,0,0,0,0,0,0
480907,2,1,1994,0,0,58,0,0,0,0,0,0,0
480908,1,1,1994,8,8,8,8,8,8,8,8,8,8
480908,2,1,1994,0,0,0,0,0,0,0,0,0,0
480909,1,1,1994,0,0,7,0,0,0,44,11,6,0
480910,1,1,1994,23,23,23,23,23,23,23,23,23,23
480911,1,1,1994,0,0,0,0,0,0,0,0,0,0
480911,2,1,1994,0,0,0,0,0,0,0,0,0,0
480912,1,1,1994,0,14,9,5,26,0,10,0,13,4
480913,1,1,1994,0,0,0,0,0,0,0,0,0,0
480913,2,1,1994,0,0,0,0,0,0,0,0,0,0
480914,1,1,1994,0,0,0,0,0,0,0,0,0,0
480914,2,1,1994,0,0,0,0,0,0,0,0,0,0
480915,1,1,1994,16,13,0,0,0,0,0,21,0,0
480915,2,1,1994,0,0,0,0,0,0,0,0,0,0
480916,1,1,1994,31,31,31,31,31,31,31,31,31,31
480916,2,1,1994,0,0,0,0,0,0,0,0,0,0
480917,1,1,1994,10,10,10,10,10,10,10,10,10,10
480918,1,1,1994,21,21,21,21,21,21,21,21,21,21
480919,1,1,1994,0,0,0,0,0,0,0,0,0,0
480920,1,1,1994,0,23,14,0,23,24,0,5,5,25
480920,2,1,1994,0,31,0,0,0,0,0,0,16,0
480921,0,1,1994,2,2,2,2,2,2,2,2,2,2
480921,1,1,1994,0,0,21,0,0,0,0,0,0,0
480922,1,1,1994,0,9,0,20,10,0,0,0,13,10
480922,2,1,1994,0,17,23,30,0,0,15,0,0,20
480923,1,1,1994,11,11,11,11,11,11,11,11,11,11
480923,2,1,1994,0,0,0,0,0,17,0,0,0,0
480924,1,1,1994,0,0,0,0,0,0,0,0,0,0
480924,2,1,1994,0,0,0,0,0,0,0,0,0,0
480925,1,1,1994,0,2,0,18,0,0,0,0,0,0
480925,2,1,1994,0,0,12,0,0,0,0,0,0,28
480926,1,1,1994,6,6,6,6,6,6,6,6,6,6
480927,1,1,1994,14,14,14,14,14,14,14,14,14,14
480928,1,1,1994,25,25,25,25,25,25,25,25,25,25
480928,2,1,1994,0,0,0,0,0,0,0,0,0,0
480929,1,1,1994,0,0,0,0,0,0,0,0,0,0
480929,2,1,1994,0,0,0,0,17,0,10,0,0,0
480930,1,1,1994,19,19,19,19,19,19,19,19,19,19
480930,2,1,1994,0,0,0,0,0,0,0,0,0,0
480931,1,1,1994,31,31,31,31,31,31,31,31,31,31
480932,1,1,1994,0,0,0,0,23,0,0,0,0,22
480933,0,1,1994,26,26,26,26,26,26,26,26,26,26
480933,1,1,1994,0,0,13,0,23,15,0,0,0,0
480934,1,1,1994,1,1,1,1,1,1,1,1,1,1
480934,2,1,1994,0,8,0,12,0,0,0,0,0,0
480935,0,1,1994,0,0,0,0,0,0,8,0,0,0
480935,1,1,1994,0,0,0,0,0,7,0,0,0,0
480936,1,1,1994,29,29,29,29,29,29,29,29,29,29
480937,1,1,1994,15,24,29,17,10,36,22,21,27,0
480938,1,1,1994,0,0,0,0,0,0,0,0,0,0
480938,2,1,1994,17,17,17,17,17,17,17,17,17,17
480939,1,1,1994,10,10,10,10,10,10,10,10,10,10
480940,1,1,1994,19,30,13,0,0,0,7,0,17,14
480940,2,1,1994,0,0,0,0,0,0,0,0,0,0
480941,1,1,1994,32,32,32,32,32,32,32,32,32,32
480942,0,1,1994,19,0,2,0,7,15,10,18,0,23
480942,0,2,1994,0,0,0,9,12,12,0,0,0,0
480942,1,1,1994,10,0,0,0,0,0,0,0,0,0
480943,1,1,1994,0,0,26,0,0,0,0,0,0,0
480944,1,1,1994,22,0,7,0,9,28,0,0,14,0
480945,1,1,1994,14,14,14,14,14,14,14,14,14,14
480946,1,1,1994,0,0,0,0,0,0,0,0,0,0
480946,2,1,1994,0,0,0,0,0,0,0,0,0,0
480947,0,1,1994,0,0,0,0,0,0,0,0,0,0
480947,1,1,1994,0,0,0,0,0,0,0,0,0,0
480948,1,1,1994,30,30,30,30,30,30,30,30,30,30
480949,1,1,1994,13,13,13,13,13,13,13,13,13,13
480950,1,1,1994,0,0,0,0,0,0,0,0,0,0
480951,1,1,1994,30,0,0,0,14,0,21,0,14,0
480951,2,1,1994,0,0,0,0,0,0,0,0,0,0
480951,3,1,1994,0,0,0,0,0,0,0,0,0,0
480952,0,1,1994,0,12,0,28,0,35,0,0,0,0
480952,1,1,1994,11,14,0,17,23,14,14,0,0,0
480953,1,1,1994,0,0,0,0,0,0,0,0,0,0
480953,2,1,1994,0,2,12,0,0,0,0,0,0,0
480954,0,1,1994,8,14,0,0,0,16,24,17,17,21
480954,1,1,1994,0,0,0,0,0,0,5,0,0,0
480955,0,1,1994,8,15,10,6,0,14,13,7,9,5
480955,1,1,1994,20,17,0,18,27,23,0,37,12,31
480956,0,1,1994,31,31,31,31,31,31,31,31,31,31
480956,1,1,1994,0,0,18,18,0,0,0,10,11,11
480956,2,1,1994,19,10,4,29,0,16,0,0,28,0
480956,3,1,1994,27,0,24,0,0,24,0,15,0,0
480957,1,1,1994,0,0,0,0,0,0,0,0,0,0
480958,0,1,1994,0,0,0,0,0,0,0,0,0,0
480958,1,1,1994,0,0,0,0,0,0,0,0,0,0
480959,1,1,1994,11,11,11,11,11,11,11,11,11,11
480960,1,1,1994,21,21,21,21,21,21,21,21,21,21
480961,1,1,1994,10,0,0,6,0,0,0,24,20,7
480962,1,1,1994,0,0,0,0,0,0,0,0,0,0
480962,2,1,1994,0,0,0,0,0,0,0,0,0,0
480963,0,1,1994,0,0,0,0,0,0,0,0,0,0
480963,1,1,1994,22,29,21,24,22,10,27,18,15,0
480964,0,1,1994,0,0,0,0,0,0,0,0,0,0
480964,1,1,1994,0,0,0,0,30,0,25,0,0,0
480965,0,1,1994,0,0,8,0,0,0,0,0,0,0
480965,1,1,1994,0,0,0,0,0,0,0,0,0,0
480966,1,1,1994,0,6,0,0,0,20,0,22,0,0
480966,2,1,1994,0,0,0,0,0,0,0,0,0,0
480967,0,1,1994,0,0,0,0,0,0,0,0,0,0
480967,1,1,1994,0,19,0,0,0,0,12,0,0,15
480968,1,1,1994,0,0,0,0,0,0,0,0,0,0
480969,1,1,1994,14,14,14,14,14,14,14,14,14,14
480970,1,1,1994,0,0,0,0,0,0,0,0,0,0
480970,2,1,1994,0,0,0,0,0,0,0,0,0,0
480971,0,1,1994,0,0,0,0,0,0,0,0,0,0
480971,1,1,1994,0,0,0,0,0,0,0,0,0,0
480972,1,1,1994,0,0,0,0,0,0,0,0,0,0
480972,2,1,1994,0,0,0,0,0,0,0,0,0,21
480973,1,1,1994,0,0,0,0,0,0,0,0,0,0
480973,2,1,1994,0,0,0,0,0,0,0,0,0,0
480974,1,1,1994,0,0,0,0,0,17,11,8,9,0
480975,1,1,1994,0,0,0,0,0,0,0,0,0,0
480975,2,1,1994,16,16,16,16,16,16,16,16,16,16
480976,1,1,1994,0,0,0,0,0,0,0,0,0,0
480977,1,1,1994,13,0,0,0,0,0,0,23,22,0
480978,1,1,1994,22,22,22,22,22,22,22,22,22,22
480978,2,1,1994,0,0,25,6,0,0,0,24,0,0
480979,1,1,1994,0,17,7,11,0,0,0,0,0,26
480979,2,1,1994,0,0,0,0,0,0,0,0,0,0
480979,3,1,1994,0,0,0,0,0,0,11,0,0,0
480979,4,1,1994,0,0,0,0,0,13,0,0,0,0
480980,1,1,1994,11,15,30,26,19,21,26,11,18,30
480981,1,1,1994,0,8,0,0,0,0,9,0,0,0
480981,2,1,1994,14,0,18,25,0,0,15,14,20,0
480982,1,1,1994,8,8,8,8,8,8,8,8,8,8
480983,1,1,1994,0,0,24,12,20,0,0,0,0,0
480984,1,1,1994,0,0,0,0,0,0,0,0,0,0
480984,2,1,1994,0,7,12,0,0,0,0,0,6,0
480985,1,1,1994,0,0,18,0,0,0,0,0,8,0
480985,2,1,1994,12,0,0,0,0,0,0,0,0,0
480985,3,1,1994,0,0,0,0,0,0,0,0,0,0
480986,0,1,1994,30,30,30,30,30,30,30,30,30,30
480986,1,1,1994,6,6,6,6,6,6,6,6,6,6
480987,1,1,1994,0,0,0,0,0,0,0,0,0,0
480987,2,1,1994,0,0,0,0,0,0,0,0,0,0
480988,1,1,1994,0,0,0,0,0,0,0,0,0,0
480989,1,1,1994,0,0,0,0,0,0,0,0,0,0
480989,2,1,1994,13,13,13,13,13,13,13,13,13,13
480989,3,1,1994,12,0,0,0,0,0,0,0,0,0
480990,1,1,1994,0,0,0,0,0,0,0,0,0,0
480990,2,1,1994,6,6,6,6,6,6,6,6,6,6
480991,1,1,1994,0,0,0,0,0,0,0,0,0,0
480991,2,1,1994,0,0,0,0,0,0,0,0,0,0
480992,1,1,1994,0,0,0,0,0,0,0,0,0,0
480992,2,1,1994,0,0,0,0,0,0,0,0,0,0
480993,1,1,1994,41,41,41,41,41,41,41,41,41,41
480994,1,1,1994,16,16,16,16,16,16,16,16,16,16
480995,1,1,1994,32,32,32,32,32,32,32,32,32,32
480996,1,1,1994,0,0,0,0,0,0,0,0,0,0
480996,2,1,1994,0,0,0,0,0,0,0,0,0,0
480997,0,1,1994,0,18,0,0,12,6,0,0,0,0
480997,1,1,1994,0,0,0,0,0,0,0,0,0,0
480998,1,1,1994,0,0,0,0,0,0,0,0,0,0
480998,2,1,1994,0,0,0,0,0,0,0,0,0,0
480999,1,1,1994,5,0,0,0,0,0,0,0,0,0
480999,2,1,1994,0,0,0,0,0,0,0,0,0,0
480999,3,1,1994,0,0,0,0,0,0,0,16,0,0
481000,1,1,1994,0,0,0,0,0,0,0,0,0,0
481001,1,1,1994,0,0,0,0,0,0,0,3,0,0
481001,2,1,1994,17,17,17,17,17,17,17,17,17,17
481001,3,1,1994,0,0,0,0,0,0,0,0,0,0
481002,1,1,1994,16,16,16,16,16,16,16,16,16,16
481003,1,1,1994,0,0,0,0,0,0,0,0,0,0
481003,2,1,1994,0,0,0,0,0,0,0,0,0,0
481004,1,1,1994,9,12,0,0,0,0,0,15,0,0
481004,2,1,1994,0,0,19,0,0,0,0,0,0,0
481005,1,1,1994,12,12,12,12,12,12,12,12,12,12
481006,1,1,1994,0,0,0,0,0,0,0,0,0,0
481006,2,1,1994,0,0,0,0,0,0,0,0,0,0
481007,0,1,1994,0,0,0,0,0,0,0,0,0,0
481007,1,1,1994,0,0,0,0,0,0,0,0,0,0
481008,1,1,1994,0,0,0,0,0,0,0,0,0,0
481008,2,1,1994,0,0,0,0,0,0,0,0,0,0
481009,0,1,1994,31,31,31,31,31,31,31,31,31,31
481009,1,1,1994,0,0,0,0,0,0,0,0,0,0
481010,1,1,1994,23,23,23,23,23,23,23,23,23,23
481011,1,1,1994,0,0,0,0,0,0,0,0,0,0
481012,1,1,1994,0,0,8,0,0,0,0,13,0,0
481013,1,1,1994,0,0,0,0,0,0,0,0,0,0
481013,2,1,1994,0,0,0,0,0,0,0,0,0,0
481014,1,1,1994,0,0,0,0,0,0,0,0,0,0
481014,2,1,1994,0,0,0,0,0,0,0,0,0,0
481015,1,1,1994,0,0,0,0,0,0,0,0,0,0
481015,2,1,1994,0,0,0,0,0,0,0,0,0,0
481015,3,1,1994,0,0,0,0,0,0,0,0,0,13
481015,4,1,1994,0,0,0,0,0,0,0,0,0,0
481016,1,1,1994,0,0,0,0,0,0,0,0,0,0
481016,2,1,1994,0,0,0,0,0,0,0,0,0,0
481017,1,1,1994,18,0,0,0,13,11,11,25,19,5
481018,1,1,1994,0,0,0,0,0,0,0,0,0,0
481018,2,1,1994,0,0,0,0,0,0,0,0,0,0
481019,0,1,1994,0,0,0,0,0,0,0,0,0,0
481019,0,2,1994,0,0,0,0,0,0,0,0,0,0
481019,1,1,1994,0,14,0,0,0,0,11,10,0,21
481020,1,1,1994,8,8,0,15,0,14,12,14,19,22
481021,1,1,1994,8,8,8,8,8,8,8,8,8,8
481022,1,1,1994,0,22,0,15,11,11,29,10,22,35
481023,0,1,1994,0,23,11,11,15,11,7,0,0,0
481023,1,1,1994,0,0,0,0,0,0,0,0,0,0
481024,1,1,1994,0,0,0,0,0,0,0,0,0,0
481025,1,1,1994,0,0,0,0,0,0,0,0,0,0
481026,1,1,1994,0,0,0,0,0,0,0,0,0,0
481027,1,1,1994,5,5,5,5,5,5,5,5,5,5
481027,2,1,1994,0,0,0,0,0,0,0,0,0,0
481027,3,1,1994,0,0,0,0,0,0,0,0,0,0
481028,1,1,1994,12,12,12,12,12,12,12,12,12,12
481029,1,1,1994,14,14,14,14,14,14,14,14,14,14
481030,1,1,1994,0,0,0,0,2,9,0,0,0,0
481030,2,1,1994,0,0,0,0,0,0,0,0,0,0
481030,3,1,1994,13,0,15,5,14,6,0,0,0,0
481031,0,1,1994,0,0,0,0,0,0,0,0,0,0
481031,1,1,1994,0,0,0,0,0,0,0,0,0,0
481032,1,1,1994,12,0,0,0,0,0,0,0,0,0
481033,1,1,1994,0,0,0,0,0,15,0,16,0,0
481033,2,1,1994,10,10,10,10,10,10,10,10,10,10
481034,1,1,1994,0,0,0,0,0,0,0,0,0,0
481034,2,1,1994,0,0,0,0,0,0,0,0,0,0
481035,0,1,1994,0,0,0,0,0,0,0,0,0,0
481035,1,1,1994,0,15,0,0,0,0,0,0,0,7
481036,1,1,1994,17,15,0,11,8,0,9,20,0,0
481037,1,1,1994,19,19,19,19,19,19,19,19,19,19
481038,1,1,1994,0,0,0,0,0,0,0,0,0,0
481039,1,1,1994,20,20,20,20,20,20,20,20,20,20
481040,1,1,1994,0,0,0,0,0,0,0,0,0,0
481041,1,1,1994,17,17,17,17,17,17,17,17,17,17
481042,1,1,1994,0,0,0,0,0,0,0,0,0,0
481043,1,1,1994,16,16,16,16,16,16,16,16,16,16
481043,2,1,1994,0,0,0,0,17,0,0,0,0,0
481044,1,1,1994,0,0,0,0,0,0,0,0,0,0
481044,2,1,1994,0,0,19,14,0,0,0,0,0,0
481045,1,1,1994,0,0,0,0,0,0,0,0,0,0
481045,2,1,1994,0,0,0,0,0,0,0,0,0,0
481046,1,1,1994,0,0,0,0,0,0,0,0,0,0
481047,0,1,1994,12,16,10,0,28,0,21,0,10,0
481047,1,1,1994,0,23,0,8,0,0,0,16,0,0
481048,1,1,1994,0,0,0,0,0,0,0,0,0,0
481048,2,1,1994,0,0,0,0,0,0,0,0,0,0
481049,1,1,1994,0,0,13,0,25,0,0,0,25,7
481050,1,1,1994,0,0,0,0,0,0,0,0,0,0
481050,2,1,1994,0,10,0,0,42,0,0,0,0,0
481051,1,1,1994,0,0,0,0,0,0,0,0,0,0
481052,1,1,1994,8,8,8,8,8,8,8,8,8,8
481053,1,1,1994,17,17,17,17,17,17,17,17,17,17
481053,2,1,1994,0,0,0,0,0,0,0,0,8,0
481054,1,1,1994,0,5,0,16,0,0,0,0,0,0
481054,2,1,1994,0,0,0,0,0,0,0,0,0,0
481055,1,1,1994,19,19,19,19,19,19,19,19,19,19
481056,1,1,1994,16,16,16,16,16,16,16,16,16,16
481057,1,1,1994,0,0,0,0,0,0,0,0,0,0
481058,1,1,1994,0,0,0,0,0,0,0,0,0,0
481059,0,1,1994,0,0,0,0,0,0,0,0,0,0
481059,1,1,1994,0,0,0,0,0,0,0,0,0,0
481060,1,1,1994,0,0,0,4,0,0,0,0,0,6
481060,2,1,1994,0,6,15,25,0,0,0,16,0,0
481061,1,1,1994,0,0,0,0,0,0,0,0,0,0
481061,2,1,1994,0,0,0,0,0,0,0,0,0,0
481062,1,1,1994,8,6,18,14,9,12,9,13,0,16
481063,0,1,1994,0,0,21,0,13,30,0,22,0,21
481063,1,1,1994,0,0,0,0,0,0,0,0,0,0
481064,1,1,1994,31,31,31,31,31,31,31,31,31,31
481065,0,1,1994,0,20,0,10,0,0,0,23,0,0
481065,1,1,1994,0,0,0,0,0,0,0,0,0,0
481066,1,1,1994,0,0,0,0,0,0,0,0,0,0
481066,2,1,1994,11,0,0,0,0,0,0,13,0,13
481067,1,1,1994,0,0,0,29,0,0,0,0,7,0
481067,2,1,1994,0,0,0,0,0,0,0,0,0,0
481068,1,1,1994,0,0,0,0,0,0,0,0,0,0
481068,2,1,1994,0,0,0,0,0,0,0,0,0,0
481069,0,1,1994,0,0,0,0,0,0,0,0,0,0
481069,1,1,1994,0,0,0,0,0,0,0,0,0,0
481070,1,1,1994,0,0,0,0,0,0,0,0,0,0
481070,2,1,1994,8,0,0,0,0,0,0,0,4,0
481071,1,1,1994,21,21,21,21,21,21,21,21,21,21
481071,2,1,1994,0,0,0,0,0,0,0,0,0,0
481072,1,1,1994,7,7,7,7,7,7,7,7,7,7
481073,1,1,1994,13,0,0,0,0,0,8,0,0,0
481073,2,1,1994,0,0,0,0,0,0,0,0,0,0
481074,1,1,1994,0,0,4,0,0,0,0,0,0,0
481074,2,1,1994,0,0,0,0,0,0,0,0,0,0
481075,0,1,1994,0,0,0,0,0,0,0,0,0,0
481075,0,2,1994,0,0,0,0,0,0,0,0,0,17
481075,1,1,1994,0,13,0,0,0,0,0,0,0,0
481076,1,1,1994,12,0,0,0,0,0,0,0,0,0
481076,2,1,1994,0,0,0,0,0,0,0,14,0,0
481077,1,1,1994,34,34,34,34,34,34,34,34,34,34
481078,0,1,1994,5,45,0,16,10,18,15,16,14,10
481078,1,1,1994,0,0,21,10,21,37,25,0,17,0
481078,2,1,1994,0,0,12,0,0,41,0,13,0,0
481079,1,1,1994,0,0,0,0,0,0,0,0,0,0
481079,2,1,1994,0,0,0,0,0,0,0,0,0,0
481080,1,1,1994,11,11,11,11,11,11,11,11,11,11
481081,1,1,1994,0,0,0,0,0,0,0,0,0,0
481082,1,1,1994,0,0,0,0,0,0,0,0,0,0
481082,2,1,1994,0,0,0,0,0,0,0,0,0,0
481083,1,1,1994,0,0,0,0,0,0,0,0,0,0
481084,1,1,1994,2,2,2,2,2,2,2,2,2,2
481085,1,1,1994,10,20,11,11,16,20,12,17,22,29
481086,1,1,1994,0,0,0,0,0,0,0,0,0,0
481086,2,1,1994,0,0,0,0,0,0,9,0,6,0
481087,1,1,1994,0,0,0,0,0,0,0,0,0,0
481088,0,1,1994,29,29,29,29,29,29,29,29,29,29
481088,1,1,1994,13,18,13,5,35,0,25,0,0,0
481089,1,1,1994,18,25,17,21,19,0,0,0,23,0
481089,2,1,1994,0,0,0,0,0,0,0,0,0,0
481090,1,1,1994,15,15,15,15,15,15,15,15,15,15
481090,2,1,1994,0,0,0,0,16,0,0,0,0,0
481090,3,1,1994,14,14,14,14,14,14,14,14,14,14
481091,1,1,1994,0,0,0,0,0,0,0,0,0,0
481091,2,1,1994,0,0,0,0,0,0,0,0,0,0
481092,1,1,1994,0,0,0,0,0,0,0,0,0,0
481093,0,1,1994,0,0,0,0,0,0,0,0,0,0
481093,0,2,1994,0,0,0,0,0,0,0,0,0,0
481093,1,1,1994,0,0,0,0,0,0,0,0,0,0
481094,1,1,1994,4,4,4,4,4,4,4,4,4,4
481095,1,1,1994,0,0,0,0,0,0,0,0,0,0
481095,2,1,1994,8,8,8,8,8,8,8,8,8,8
481096,1,1,1994,0,0,0,0,0,0,0,0,0,0
481097,1,1,1994,0,7,0,12,0,0,6,0,0,0
481098,0,1,1994,0,0,0,0,0,0,0,0,0,0
481098,1,1,1994,34,0,0,13,0,0,0,0,0,0
481099,0,1,1994,0,0,0,0,0,0,0,0,0,0
481099,1,1,1994,0,0,0,0,0,0,0,0,0,0
481100,1,1,1994,0,30,0,34,12,30,17,16,0,0
481101,0,1,1994,0,0,0,0,0,0,0,0,0,0
481101,1,1,1994,0,0,0,0,0,0,0,0,0,0
481102,1,1,1994,0,0,0,0,5,0,22,0,0,13
481102,2,1,1994,0,0,0,0,0,0,0,0,0,0
481103,0,1,1994,18,18,18,18,18,18,18,18,18,18
481103,1,1,1994,31,23,44,9,15,14,19,0,26,10
481104,1,1,1994,25,25,25,25,25,25,25,25,25,25
481105,1,1,1994,13,0,0,11,0,17,17,27,17,20
481106,1,1,1994,0,0,0,0,0,0,0,0,0,0
481106,2,1,1994,0,0,0,0,0,0,0,7,0,0
481107,1,1,1994,0,16,0,0,0,0,0,0,0,0
481108,0,1,1994,0,0,0,0,0,0,0,0,0,0
481108,1,1,1994,0,8,0,0,0,0,6,0,0,0
481109,1,1,1994,0,0,0,0,0,0,0,0,0,0
481109,2,1,1994,0,0,0,0,0,0,0,0,0,0
481110,1,1,1994,0,0,0,0,0,0,0,0,0,0
481110,2,1,1994,0,0,0,0,0,0,0,0,0,0
481111,0,1,1994,9,9,9,9,9,9,9,9,9,9
481111,1,1,1994,0,0,0,0,0,0,0,0,0,0
481112,1,1,1994,0,25,0,0,0,0,0,0,0,0
481112,2,1,1994,0,0,0,0,0,0,0,0,0,0
481112,3,1,1994,0,0,0,0,17,0,0,0,13,0
481113,1,1,1994,0,17,7,0,0,0,0,0,0,0
481113,2,1,1994,0,0,0,0,0,0,0,0,0,12
481114,1,1,1994,0,0,0,0,0,0,0,0,0,0
481114,2,1,1994,0,0,0,0,0,0,0,0,0,0
481115,1,1,1994,24,24,24,24,24,24,24,24,24,24
481116,1,1,1994,15,0,23,40,27,14,0,36,18,28
481117,1,1,1994,8,6,12,9,21,12,17,20,12,13
481118,1,1,1994,0,0,0,0,0,0,0,0,0,0
481119,1,1,1994,0,0,36,5,9,32,24,22,17,11
481119,2,1,1994,0,0,0,0,0,0,0,0,0,0
481120,1,1,1994,0,0,0,0,0,0,0,0,6,0
481121,1,1,1994,0,0,0,0,0,0,0,0,0,0
481121,2,1,1994,29,29,29,29,29,29,29,29,29,29
481122,1,1,1994,17,17,17,17,17,17,17,17,17,17
481122,2,1,1994,6,0,0,0,0,0,0,0,0,0
481122,3,1,1994,0,0,4,14,0,0,0,0,24,0
481122,4,1,1994,0,5,10,26,0,12,16,10,8,35
481123,1,1,1994,0,0,0,0,0,0,0,0,0,0
481123,2,1,1994,0,0,0,0,0,0,0,0,0,0
481124,0,1,1994,0,12,19,0,0,0,22,16,6,34
481124,1,1,1994,0,0,0,0,0,0,0,0,16,0
481125,1,1,1994,0,0,0,0,0,0,0,0,0,0
481126,1,1,1994,0,0,0,0,0,0,0,0,0,0
481126,2,1,1994,0,10,0,6,0,0,23,0,0,0
481127,0,1,1994,8,36,33,26,21,8,0,28,23,14
481127,1,1,1994,0,0,0,0,19,0,0,0,0,0
481127,2,1,1994,0,0,0,0,17,0,0,0,0,0
481128,1,1,1994,1,1,1,1,1,1,1,1,1,1
481129,1,1,1994,0,0,0,0,12,15,0,0,0,0
481129,2,1,1994,0,0,0,0,0,0,0,0,0,0
481130,1,1,1994,0,0,0,0,0,0,0,0,0,0
481131,1,1,1994,19,19,19,19,19,19,19,19,19,19
481132,1,1,1994,0,0,0,0,0,0,0,0,0,0
481132,2,1,1994,7,7,7,7,7,7,7,7,7,7
481133,1,1,1994,25,25,25,25,25,25,25,25,25,25
481134,1,1,1994,24,24,24,24,24,24,24,24,24,24
481134,2,1,1994,0,0,0,0,0,0,0,0,0,0
481135,0,1,1994,0,9,0,18,4,0,0,0,0,0
481135,0,2,1994,9,30,8,0,8,13,14,19,6,8
481135,1,1,1994,32,0,0,0,12,17,9,0,0,16
481136,0,1,1994,0,0,0,0,0,0,0,0,0,0
481136,1,1,1994,0,0,0,0,0,0,0,8,0,0
481137,1,1,1994,0,0,0,0,0,0,0,0,0,0
481137,2,1,1994,0,0,0,0,0,0,0,0,0,0
481138,0,1,1994,0,0,0,0,11,10,0,28,16,0
481138,1,1,1994,0,0,0,0,0,0,0,0,0,0
481139,1,1,1994,0,0,0,0,0,0,0,0,0,0
481139,2,1,1994,0,0,28,0,0,0,0,0,0,0
481140,1,1,1994,19,19,19,19,19,19,19,19,19,19
481141,1,1,1994,0,0,0,0,0,0,0,0,0,0
481142,0,1,1994,0,0,0,0,0,0,0,0,0,0
481142,1,1,1994,0,0,0,21,8,15,0,0,0,21
481143,0,1,1994,0,18,16,23,0,0,17,23,35,0
481143,1,1,1994,2,2,2,2,2,2,2,2,2,2
481144,1,1,1994,0,0,0,0,0,0,0,0,0,0
481145,1,1,1994,19,0,30,0,20,8,29,14,0,0
481146,1,1,1994,0,0,0,0,0,0,0,0,0,0
481146,2,1,1994,0,0,0,0,0,0,0,0,0,3
481147,1,1,1994,0,0,0,0,17,0,0,23,0,0
481147,2,1,1994,0,0,0,0,0,0,0,0,0,0
481148,1,1,1994,19,0,0,19,0,0,27,0,0,11
481149,1,1,1994,0,0,0,0,0,0,0,0,0,0
481150,1,1,1994,7,7,7,7,7,7,7,7,7,7
481150,2,1,1994,0,0,0,0,0,0,0,0,0,0
481151,0,1,1994,0,0,0,0,0,43,0,9,0,0
481151,0,2,1994,0,0,0,0,0,0,0,0,0,0
481151,1,1,1994,0,0,19,0,8,0,0,0,0,0
481152,1,1,1994,13,13,13,13,13,13,13,13,13,13
481153,0,1,1994,4,0,0,0,0,0,0,0,0,32
481153,1,1,1994,0,0,0,0,14,0,0,0,22,0
481154,1,1,1994,0,0,0,0,0,0,0,0,0,0
481155,1,1,1994,0,0,0,0,0,0,0,0,0,0
481155,2,1,1994,0,0,0,0,0,0,0,0,0,0
481156,0,1,1994,0,0,0,0,0,0,0,0,0,0
481156,1,1,1994,0,0,0,0,0,0,0,0,0,0
481156,2,1,1994,0,0,0,0,0,0,0,0,0,0
481157,1,1,1994,0,0,0,0,0,0,0,0,0,0
481157,2,1,1994,0,0,0,0,0,0,0,0,0,0
481158,1,1,1994,0,0,0,0,0,0,0,0,0,0
481158,2,1,1994,0,0,0,0,0,0,0,0,0,0
481159,0,1,1994,0,0,0,0,0,0,0,0,0,0
481159,0,2,1994,0,0,0,0,0,0,0,0,0,0
481159,0,3,1994,0,0,0,0,0,0,0,0,0,0
481159,1,1,1994,0,0,0,0,0,0,0,0,0,0
481160,0,1,1994,28,28,28,28,28,28,28,28,28,28
481160,1,1,1994,0,0,0,0,0,0,0,0,0,0
481161,1,1,1994,28,28,28,28,28,28,28,28,28,28
481161,2,1,1994,20,0,0,0,0,9,30,7,7,0
481161,3,1,1994,0,13,0,0,15,0,0,0,0,0