ST_CASE,VEH_NO,PER_NO,YEAR,P1,P2,P3,P4,P5,P6,P7,P8,P9,P10
481161,4,1,1994,0,0,0,0,0,0,0,0,0,0
481162,1,1,1994,25,25,25,25,25,25,25,25,25,25
481162,2,1,1994,0,18,16,4,0,0,20,9,0,17
481163,1,1,1994,23,23,23,23,23,23,23,23,23,23
481164,1,1,1994,0,32,11,18,0,25,13,31,0,15
481165,1,1,1994,0,0,0,0,0,0,0,0,0,0
481165,2,1,1994,0,0,0,0,0,0,0,0,0,0
481166,1,1,1994,0,0,0,0,0,0,0,0,0,0
481167,1,1,1994,0,0,0,0,0,0,0,0,0,0
481167,2,1,1994,0,0,0,0,0,0,0,0,0,0
481168,1,1,1994,0,0,0,0,0,0,0,0,0,0
481168,2,1,1994,0,0,0,0,0,0,0,0,0,5
481169,1,1,1994,0,0,0,0,0,0,0,0,0,0
481170,1,1,1994,0,0,0,0,0,0,0,0,0,0
481171,1,1,1994,0,0,0,20,0,0,12,0,0,0
481171,2,1,1994,22,0,6,12,0,18,8,14,0,18
481172,0,1,1994,19,19,19,19,19,19,19,19,19,19
481172,1,1,1994,0,0,0,0,0,0,28,22,42,0
481173,1,1,1994,17,17,17,17,17,17,17,17,17,17
481174,1,1,1994,0,17,0,0,0,0,0,0,0,0
481174,2,1,1994,0,0,0,0,0,0,0,0,0,0
481175,1,1,1994,28,28,28,28,28,28,28,28,28,28
481175,2,1,1994,0,0,0,0,0,11,18,5,0,0
481175,3,1,1994,0,0,0,15,10,0,0,21,0,20
481176,1,1,1994,0,0,0,0,0,0,0,0,0,0
481176,2,1,1994,22,0,0,0,20,0,0,0,11,0
481177,1,1,1994,13,10,14,22,10,22,28,33,9,13
481178,1,1,1994,32,29,9,13,0,29,14,7,15,9
481179,1,1,1994,17,17,17,17,17,17,17,17,17,17
481180,1,1,1994,0,0,8,19,24,0,11,11,0,0
481181,1,1,1994,0,0,0,0,0,0,0,0,0,0
481182,1,1,1994,0,0,0,0,0,0,0,0,0,8
481183,1,1,1994,0,0,0,0,0,0,0,0,0,0
481183,2,1,1994,9,9,9,9,9,9,9,9,9,9
481184,1,1,1994,23,27,0,0,0,0,11,0,0,0
481184,2,1,1994,3,24,20,30,8,19,11,26,19,13
481185,1,1,1994,0,0,0,0,0,0,0,0,0,0
481185,2,1,1994,0,0,0,0,0,0,0,0,0,0
481186,1,1,1994,0,0,0,0,0,0,0,0,0,0
481186,2,1,1994,0,0,0,0,0,0,0,0,0,0
481187,1,1,1994,0,0,0,0,0,0,0,0,0,0
481187,2,1,1994,0,0,0,0,0,0,0,0,0,0
481188,1,1,1994,0,0,0,0,0,0,23,0,0,0
481189,1,1,1994,0,0,0,0,0,0,0,0,0,0
481189,2,1,1994,0,0,0,0,6,0,24,0,0,0
481190,1,1,1994,9,9,9,9,9,9,9,9,9,9
481191,1,1,1994,0,0,0,0,0,0,0,0,0,0
481191,2,1,1994,0,0,0,0,0,0,0,0,0,0
481191,3,1,1994,0,0,0,0,0,0,0,0,0,0
481192,0,1,1994,10,10,10,10,10,10,10,10,10,10
481192,1,1,1994,8,8,8,8,8,8,8,8,8,8
481193,0,1,1994,0,31,0,0,0,0,0,0,0,0
481193,1,1,1994,0,0,0,0,0,0,0,0,0,0
481194,1,1,1994,23,23,23,23,23,23,23,23,23,23
481195,1,1,1994,0,0,0,0,0,0,0,0,0,0
481196,1,1,1994,0,0,0,0,0,0,0,0,0,0
481197,1,1,1994,16,0,0,18,0,20,9,0,11,22
481198,1,1,1994,0,0,0,0,0,0,0,0,0,0
481198,2,1,1994,0,0,0,3,0,0,0,0,0,0
481199,1,1,1994,8,8,8,8,8,8,8,8,8,8
481200,0,1,1994,0,0,0,0,0,0,0,0,0,0
481200,1,1,1994,24,24,24,24,24,24,24,24,24,24
481201,1,1,1994,0,0,0,0,0,0,0,0,0,0
481201,2,1,1994,0,0,0,0,0,15,0,0,0,0
481202,1,1,1994,16,11,0,0,0,0,13,14,0,0
481203,1,1,1994,0,20,0,0,12,0,0,15,0,32
481203,2,1,1994,14,14,14,14,14,14,14,14,14,14
481204,1,1,1994,0,0,0,0,0,0,0,0,0,0
481204,2,1,1994,2,2,2,2,2,2,2,2,2,2
481205,1,1,1994,34,0,0,0,0,0,0,10,20,0
481206,1,1,1994,20,20,20,20,20,20,20,20,20,20
481209,1,1,1994,0,0,0,0,0,0,0,0,0,0
481209,2,1,1994,0,0,0,0,0,0,0,0,0,0
481210,1,1,1994,0,24,6,17,4,0,17,19,0,21
481211,1,1,1994,0,0,0,0,0,0,0,0,0,0
481212,1,1,1994,0,0,0,0,0,0,0,0,0,0
481213,1,1,1994,13,0,0,0,0,0,0,0,0,0
481213,2,1,1994,0,0,0,0,0,0,0,0,0,0
481214,0,1,1994,7,11,22,22,0,0,18,28,0,35
481214,1,1,1994,0,22,0,0,0,0,0,0,0,0
481215,1,1,1994,0,0,0,0,0,0,0,0,15,0
481216,1,1,1994,0,0,0,0,0,0,0,0,0,0
481217,1,1,1994,0,0,59,0,0,0,0,0,0,0
481217,2,1,1994,21,9,0,9,15,15,19,23,20,27
481218,1,1,1994,0,0,0,0,0,0,0,0,0,0
481219,1,1,1994,20,20,20,20,20,20,20,20,20,20
481220,1,1,1994,0,0,9,0,2,0,0,0,0,0
481221,1,1,1994,0,0,0,9,0,0,10,0,0,0
481221,2,1,1994,0,17,0,0,0,0,0,0,0,0
481222,1,1,1994,0,0,0,0,0,0,0,0,0,0
481223,1,1,1994,0,0,0,0,0,0,0,0,0,0
481224,1,1,1994,9,9,9,9,9,9,9,9,9,9
481224,2,1,1994,0,0,0,0,0,0,2,0,0,0
481225,1,1,1994,3,3,3,3,3,3,3,3,3,3
481226,1,1,1994,15,15,15,15,15,15,15,15,15,15
481227,1,1,1994,13,13,13,13,13,13,13,13,13,13
481228,1,1,1994,0,0,0,0,14,0,6,0,11,0
481228,2,1,1994,21,0,0,0,0,13,0,0,0,0
481228,3,1,1994,0,0,0,0,0,0,0,0,0,0
481229,0,1,1994,0,0,0,0,0,0,0,0,0,0
481229,1,1,1994,0,0,0,0,0,0,0,0,0,0
481230,1,1,1994,21,24,29,8,15,31,0,10,31,0
481231,1,1,1994,24,24,24,24,24,24,24,24,24,24
481231,2,1,1994,5,5,5,5,5,5,5,5,5,5
481231,3,1,1994,0,12,0,0,0,0,0,0,0,0
481232,1,1,1994,14,14,14,14,14,14,14,14,14,14
481233,0,1,1994,9,38,17,0,0,9,0,8,4,10
481233,0,2,1994,0,0,8,0,8,8,0,8,0,0
481233,0,3,1994,21,0,0,20,0,22,0,0,0,10
481233,0,4,1994,9,0,4,6,20,0,0,0,22,20
481233,1,1,1994,23,23,23,23,23,23,23,23,23,23
481234,0,1,1994,4,0,40,0,21,5,0,0,0,0
481234,1,1,1994,0,0,0,0,0,0,0,0,0,0
481235,1,1,1994,0,0,0,4,18,14,6,0,0,13
481236,1,1,1994,0,0,0,0,0,0,0,0,9,0
481236,2,1,1994,0,0,0,0,0,0,0,0,0,0
481237,1,1,1994,0,0,0,0,0,7,0,0,0,0
481237,2,1,1994,0,0,0,0,0,0,0,0,0,0
481238,1,1,1994,12,7,12,11,14,14,10,24,13,0
481238,2,1,1994,0,0,0,0,0,0,0,0,0,0
481238,3,1,1994,0,0,11,18,0,0,0,0,0,0
481239,1,1,1994,0,0,0,0,0,0,0,0,0,0
481239,2,1,1994,0,0,0,0,0,0,0,0,0,0
481240,1,1,1994,23,23,23,23,23,23,23,23,23,23
481241,0,1,1994,20,20,20,20,20,20,20,20,20,20
481241,2,1,1994,17,17,17,17,17,17,17,17,17,17
481242,0,1,1994,17,24,0,0,4,30,31,22,15,30
481242,1,1,1994,16,0,0,0,8,0,0,12,0,0
481243,1,1,1994,14,14,14,14,14,14,14,14,14,14
481244,1,1,1994,23,23,23,23,23,23,23,23,23,23
481245,1,1,1994,0,0,0,0,0,0,0,0,0,0
481245,2,1,1994,0,0,0,0,0,0,4,0,0,0
481246,1,1,1994,29,29,29,29,29,29,29,29,29,29
481247,1,1,1994,0,0,0,0,0,8,0,0,0,0
481248,1,1,1994,5,0,0,0,0,24,0,0,0,0
481248,2,1,1994,0,0,0,0,17,0,0,0,0,0
481249,1,1,1994,0,0,0,0,0,0,0,0,0,0
481249,2,1,1994,0,0,0,0,0,0,0,0,0,0
481249,3,1,1994,0,0,0,0,18,0,0,0,0,0
481249,4,1,1994,17,0,0,0,0,0,0,0,0,0
481250,1,1,1994,0,0,0,0,0,0,0,0,0,0
481251,1,1,1994,0,9,23,0,0,0,0,15,0,0
481252,1,1,1994,0,0,0,0,0,0,0,0,0,0
481253,1,1,1994,0,0,0,0,0,33,0,0,0,0
481254,0,1,1994,23,23,23,23,23,23,23,23,23,23
481254,1,1,1994,0,0,0,8,0,0,0,0,0,0
481255,1,1,1994,0,0,0,0,0,0,0,0,0,0
481255,2,1,1994,0,0,0,0,0,0,14,0,0,0
481256,1,1,1994,4,4,4,4,4,4,4,4,4,4
481256,2,1,1994,28,0,0,0,0,0,0,0,6,0
481257,1,1,1994,0,0,0,0,0,0,0,0,0,0
481257,2,1,1994,24,10,8,4,21,26,24,0,18,23
481257,3,1,1994,0,0,0,0,0,0,0,0,0,9
481257,4,1,1994,0,0,0,0,0,0,0,0,0,0
481257,5,1,1994,0,0,0,0,0,3,0,0,0,0
481258,1,1,1994,0,16,20,12,14,18,21,42,9,9
481259,1,1,1994,0,9,10,53,20,18,9,11,18,33
481260,1,1,1994,0,0,0,0,0,0,0,0,0,0
481261,1,1,1994,26,26,26,26,26,26,26,26,26,26
481261,2,1,1994,0,0,0,0,0,0,0,0,0,0
481262,1,1,1994,21,8,0,0,12,20,28,22,14,0
481263,1,1,1994,0,0,0,0,0,0,0,0,0,0
481264,1,1,1994,0,0,0,0,0,0,0,0,0,0
481265,1,1,1994,0,0,0,0,0,0,0,0,0,0
481265,2,1,1994,0,0,0,0,0,0,0,0,0,0
481266,1,1,1994,0,0,0,0,0,6,0,0,0,0
481266,2,1,1994,25,0,0,0,0,0,0,9,0,0
481267,1,1,1994,20,20,20,20,20,20,20,20,20,20
481268,1,1,1994,0,0,0,0,0,0,0,0,0,0
481268,2,1,1994,0,0,0,0,0,0,0,0,15,0
481269,1,1,1994,27,27,27,27,27,27,27,27,27,27
481270,1,1,1994,9,0,0,0,0,0,0,0,0,0
481270,2,1,1994,0,0,0,0,0,17,0,0,15,0
481271,1,1,1994,0,0,0,12,0,14,0,0,0,0
481272,1,1,1994,0,0,0,0,0,0,0,0,0,0
481273,1,1,1994,27,13,26,16,0,0,0,14,24,0
481273,2,1,1994,0,0,0,0,0,0,0,0,0,0
481274,1,1,1994,13,13,13,13,13,13,13,13,13,13
481275,1,1,1994,6,0,0,0,0,0,0,0,0,0
481276,1,1,1994,10,9,11,17,9,20,19,38,17,14
481277,1,1,1994,0,0,0,0,0,0,0,0,0,0
481277,2,1,1994,0,10,0,0,0,0,0,0,0,0
481278,1,1,1994,0,0,0,0,0,0,0,0,0,0
481278,2,1,1994,0,0,0,0,0,0,0,0,0,0
481279,0,1,1994,18,34,0,0,0,0,0,0,0,0
481279,1,1,1994,0,0,5,6,0,13,0,17,0,19
481279,2,1,1994,0,0,8,0,0,0,0,0,0,0
481280,1,1,1994,21,21,21,21,21,21,21,21,21,21
481281,0,1,1994,64,17,18,3,41,39,7,0,49,21
481281,1,1,1994,0,0,0,38,0,0,33,16,0,15
481282,1,1,1994,0,0,16,0,0,0,0,0,0,0
481282,2,1,1994,17,17,17,17,17,17,17,17,17,17
481283,1,1,1994,0,0,0,0,0,0,0,0,0,0
481283,2,1,1994,0,0,0,0,0,0,0,0,0,0
481284,1,1,1994,23,0,17,24,0,0,24,0,0,13
481284,2,1,1994,0,39,25,26,24,0,18,0,42,23
481285,1,1,1994,29,29,29,29,29,29,29,29,29,29
481285,2,1,1994,0,0,0,0,0,0,0,0,0,18
481286,1,1,1994,10,10,10,10,10,10,10,10,10,10
481286,2,1,1994,0,0,0,0,0,0,0,0,0,0
481287,1,1,1994,16,16,16,16,16,16,16,16,16,16
481288,1,1,1994,0,0,0,0,0,0,0,0,0,0
481288,2,1,1994,0,0,0,0,0,0,0,0,0,0
481288,3,1,1994,0,0,0,0,0,0,0,0,0,0
481289,1,1,1994,12,12,12,12,12,12,12,12,12,12
481290,1,1,1994,0,0,0,0,0,0,0,0,0,0
481290,2,1,1994,0,27,18,0,0,0,0,0,0,0
481291,1,1,1994,17,17,17,17,17,17,17,17,17,17
481292,1,1,1994,8,10,10,12,7,18,24,5,8,18
481293,1,1,1994,0,0,0,0,0,8,0,0,19,22
481293,2,1,1994,0,0,0,0,0,0,0,0,0,0
481294,0,1,1994,0,0,0,0,0,0,0,0,0,0
481294,1,1,1994,0,0,0,0,19,0,0,0,0,16
481295,1,1,1994,0,0,0,0,0,0,0,0,0,0
481296,0,1,1994,0,0,0,36,11,0,17,8,22,28
481296,1,1,1994,0,0,0,0,0,0,0,0,0,0
481297,1,1,1994,26,0,16,16,14,0,0,0,31,0
481298,1,1,1994,18,0,0,0,11,0,0,0,0,0
481298,2,1,1994,0,0,0,0,6,0,0,0,8,0
481299,1,1,1994,0,0,0,0,0,0,0,0,0,0
481300,1,1,1994,0,0,0,0,0,0,0,0,0,0
481300,2,1,1994,19,15,23,14,32,10,0,19,14,0
481301,1,1,1994,10,10,10,10,10,10,10,10,10,10
481301,2,1,1994,0,0,0,0,0,0,0,0,0,0
481302,0,1,1994,31,31,31,31,31,31,31,31,31,31
481302,1,1,1994,0,0,0,5,22,11,0,0,0,0
481302,2,1,1994,0,0,14,46,22,20,0,0,0,0
481303,1,1,1994,0,0,0,0,0,0,0,0,0,0
481303,2,1,1994,0,0,0,0,0,0,0,0,0,0
481304,1,1,1994,24,24,24,24,24,24,24,24,24,24
481305,1,1,1994,0,0,0,0,0,0,0,0,0,0
481306,1,1,1994,0,0,0,24,0,0,0,0,0,0
481306,2,1,1994,0,0,0,0,0,0,13,0,0,0
481307,0,1,1994,0,0,0,0,0,0,0,0,0,0
481307,1,1,1994,0,0,0,0,0,0,0,0,0,0
481308,1,1,1994,0,8,0,0,22,0,0,0,0,0
481308,2,1,1994,0,0,0,0,0,0,0,0,0,0
481309,1,1,1994,0,0,0,0,0,0,0,0,0,0
481309,2,1,1994,0,0,0,0,0,0,0,0,0,0
481310,1,1,1994,0,0,0,0,0,0,0,0,0,0
481310,2,1,1994,0,0,0,0,0,0,0,0,0,0
481311,1,1,1994,6,6,6,6,6,6,6,6,6,6
481311,2,1,1994,20,20,20,20,20,20,20,20,20,20
481312,1,1,1994,0,0,0,0,0,0,0,0,0,0
481313,1,1,1994,0,0,0,0,0,0,0,0,0,0
481313,2,1,1994,0,0,0,0,0,0,0,0,0,0
481314,0,1,1994,0,0,0,0,0,0,0,0,0,0
481314,1,1,1994,29,9,22,0,0,0,0,14,0,0
481314,2,1,1994,0,0,0,10,32,8,0,0,0,16
481315,1,1,1994,33,33,33,33,33,33,33,33,33,33
481316,1,1,1994,0,0,0,14,0,0,0,0,0,0
481317,1,1,1994,0,0,0,0,0,0,0,0,0,0
481317,2,1,1994,35,0,18,0,15,5,14,0,17,10
481318,1,1,1994,19,19,19,19,19,19,19,19,19,19
481319,1,1,1994,31,31,31,31,31,31,31,31,31,31
481320,1,1,1994,0,0,0,0,0,0,0,0,0,0
481320,2,1,1994,15,15,15,15,15,15,15,15,15,15
481321,1,1,1994,25,25,25,25,25,25,25,25,25,25
481322,1,1,1994,0,0,0,0,0,0,0,0,0,0
481322,2,1,1994,0,0,0,0,0,0,0,0,0,0
481323,1,1,1994,33,5,30,11,0,0,38,15,19,29
481324,1,1,1994,0,0,0,0,0,0,0,0,0,0
481325,1,1,1994,0,0,0,0,0,0,0,0,0,0
481326,1,1,1994,0,0,0,0,0,0,0,0,0,0
481327,1,1,1994,0,0,0,0,0,0,0,26,5,12
481328,1,1,1994,0,0,0,0,0,22,0,0,0,0
481328,2,1,1994,0,19,0,0,0,0,0,0,0,0
481329,1,1,1994,31,31,31,31,31,31,31,31,31,31
481330,1,1,1994,9,9,9,9,9,9,9,9,9,9
481331,1,1,1994,9,10,0,3,0,12,25,0,11,0
481332,1,1,1994,0,0,0,23,0,0,0,17,0,0
481333,1,1,1994,16,16,16,16,16,16,16,16,16,16
481334,1,1,1994,0,0,0,0,0,0,0,0,0,0
481335,1,1,1994,17,0,2,0,0,0,0,0,0,11
481336,1,1,1994,21,0,27,25,20,13,13,0,9,14
481337,1,1,1994,0,0,0,0,0,0,0,0,0,0
481337,2,1,1994,0,0,0,0,0,0,0,0,0,0
481337,3,1,1994,4,0,3,0,0,0,11,10,0,11
481338,1,1,1994,2,2,2,2,2,2,2,2,2,2
481339,1,1,1994,17,17,17,17,17,17,17,17,17,17
481340,0,1,1994,20,0,13,0,0,16,0,21,17,8
481340,1,1,1994,0,0,14,23,25,0,0,0,0,0
481341,1,1,1994,0,0,0,0,0,0,0,0,0,0
481341,2,1,1994,0,0,0,0,0,0,0,0,0,0
481342,1,1,1994,9,9,9,9,9,9,9,9,9,9
481343,1,1,1994,14,14,14,14,14,14,14,14,14,14
481344,1,1,1994,13,13,13,13,13,13,13,13,13,13
481345,1,1,1994,13,13,13,13,13,13,13,13,13,13
481345,2,1,1994,2,2,2,2,2,2,2,2,2,2
481346,1,1,1994,20,26,12,30,0,21,32,13,0,0
481347,1,1,1994,25,0,5,34,27,21,15,6,12,24
481348,1,1,1994,19,19,19,19,19,19,19,19,19,19
481349,1,1,1994,0,0,10,0,20,11,0,6,0,0
481350,1,1,1994,0,0,0,0,0,0,0,0,0,0
481351,1,1,1994,18,18,18,18,18,18,18,18,18,18
481351,2,1,1994,0,13,6,0,17,0,0,10,19,13
481352,1,1,1994,11,11,11,11,11,11,11,11,11,11
481352,2,1,1994,23,0,0,6,8,11,0,0,14,14
481353,1,1,1994,0,0,0,0,0,0,0,0,0,0
481354,1,1,1994,16,16,16,16,16,16,16,16,16,16
481355,1,1,1994,21,32,15,14,29,6,26,0,0,18
481356,1,1,1994,0,0,0,0,0,0,0,0,0,0
481356,2,1,1994,0,0,0,0,0,0,0,0,0,0
481356,3,1,1994,0,0,0,0,0,0,0,0,0,0
481357,0,1,1994,0,30,0,21,13,0,18,0,0,0
481357,1,1,1994,0,26,0,0,0,23,24,0,14,0
481358,1,1,1994,0,0,23,0,16,0,33,0,0,0
481358,2,1,1994,0,0,0,0,11,0,0,0,0,0
481359,1,1,1994,0,0,0,0,0,0,0,0,0,0
481360,1,1,1994,17,17,17,17,17,17,17,17,17,17
481361,1,1,1994,0,0,0,0,0,0,0,0,0,0
481361,2,1,1994,11,11,11,11,11,11,11,11,11,11
481362,1,1,1994,0,0,0,0,0,0,0,0,0,0
481362,2,1,1994,0,0,0,0,0,0,13,0,0,0
481363,1,1,1994,0,0,0,0,0,0,0,0,0,0
481364,1,1,1994,0,0,0,0,0,0,0,0,0,0
481364,2,1,1994,0,0,0,0,0,0,13,0,0,0
481364,3,1,1994,0,0,0,0,0,0,0,0,0,0
481365,1,1,1994,0,0,0,0,0,12,0,0,0,0
481365,2,1,1994,0,0,0,0,0,0,0,0,0,0
481366,1,1,1994,0,0,0,0,0,0,0,0,0,0
481366,2,1,1994,0,0,0,22,0,5,0,0,0,0
481366,3,1,1994,0,0,0,0,0,0,0,0,0,0
481367,1,1,1994,0,0,0,0,12,0,0,36,26,0
481368,1,1,1994,0,0,0,0,0,11,20,0,0,18
481369,1,1,1994,26,26,26,26,26,26,26,26,26,26
481370,1,1,1994,0,0,0,0,0,0,0,0,0,0
481371,1,1,1994,0,0,0,0,0,0,0,0,0,0
481371,2,1,1994,0,0,0,0,0,0,0,0,0,0
481372,1,1,1994,0,6,27,20,3,0,0,6,17,0
481373,1,1,1994,14,0,16,0,0,0,12,20,0,0
481374,1,1,1994,0,0,0,0,0,0,0,0,0,0
481374,2,1,1994,0,0,0,0,0,0,0,0,0,0
481375,1,1,1994,0,0,0,0,0,0,0,0,0,0
481375,2,1,1994,0,0,0,0,0,0,0,0,0,0
481376,1,1,1994,0,0,0,0,0,0,0,0,0,0
481377,1,1,1994,16,16,16,16,16,16,16,16,16,16
481378,1,1,1994,0,35,21,28,21,8,0,20,0,20
481379,0,1,1994,6,0,26,0,0,0,0,0,0,18
481379,1,1,1994,0,0,0,0,0,0,0,0,0,0
481380,1,1,1994,6,6,6,6,6,6,6,6,6,6
481380,2,1,1994,0,0,0,0,0,0,0,0,0,0
481381,0,1,1994,0,0,0,0,0,0,0,0,0,0
481381,1,1,1994,0,0,0,0,0,0,0,0,0,0
481382,1,1,1994,9,0,0,0,0,0,0,0,0,0
481382,2,1,1994,0,0,0,0,0,13,0,0,0,9
481382,3,1,1994,0,0,0,0,0,0,0,0,0,0
481383,0,1,1994,0,0,0,0,0,0,0,0,0,0
481383,1,1,1994,0,0,0,0,0,0,0,0,0,0
481384,1,1,1994,0,0,0,0,0,0,0,0,0,0
481384,2,1,1994,0,0,0,0,0,9,0,0,0,0
481385,1,1,1994,26,26,26,26,26,26,26,26,26,26
481385,2,1,1994,19,19,19,19,19,19,19,19,19,19
481386,1,1,1994,28,28,28,28,28,28,28,28,28,28
481387,1,1,1994,26,26,26,26,26,26,26,26,26,26
481388,1,1,1994,13,13,13,13,13,13,13,13,13,13
481388,2,1,1994,0,0,0,0,0,0,0,0,0,0
481389,1,1,1994,0,0,0,0,0,0,0,0,0,0
481389,2,1,1994,0,10,0,0,0,0,0,0,29,18
481389,3,1,1994,0,0,0,0,0,0,0,19,0,0
481390,0,1,1994,0,26,0,0,20,10,25,13,0,0
481390,1,1,1994,6,15,0,17,18,0,0,0,0,27
481391,1,1,1994,0,0,0,0,0,0,0,0,0,0
481391,2,1,1994,0,0,0,0,0,0,0,0,0,0
481392,1,1,1994,21,8,6,17,26,8,21,17,4,25
481392,2,1,1994,0,0,0,0,0,0,0,0,0,0
481393,1,1,1994,10,16,0,16,20,17,0,0,12,20
481394,1,1,1994,14,14,14,14,14,14,14,14,14,14
481395,0,1,1994,16,16,16,16,16,16,16,16,16,16
481395,1,1,1994,0,20,13,18,6,11,37,28,10,0
481396,1,1,1994,18,18,18,18,18,18,18,18,18,18
481397,1,1,1994,6,32,14,15,9,12,15,19,29,25
481398,1,1,1994,27,27,27,27,27,27,27,27,27,27
481399,1,1,1994,16,16,16,16,16,16,16,16,16,16
481400,1,1,1994,23,23,23,23,23,23,23,23,23,23
481401,1,1,1994,25,25,25,25,25,25,25,25,25,25
481401,2,1,1994,0,0,0,0,19,0,0,0,12,0
481401,3,1,1994,0,0,0,0,0,0,10,0,0,0
481401,4,1,1994,0,0,14,16,18,0,0,0,16,0
481402,1,1,1994,26,0,0,32,0,0,0,0,0,0
481403,0,1,1994,0,0,0,0,0,0,0,0,0,0
481403,1,1,1994,0,0,0,0,0,0,0,0,0,0
481404,0,1,1994,8,6,32,0,0,13,0,25,0,0
481404,1,1,1994,0,0,0,0,0,8,0,0,0,0
481405,1,1,1994,0,0,0,0,0,0,0,6,0,0
481406,1,1,1994,10,9,0,27,21,10,28,0,19,13
481407,0,1,1994,11,0,5,18,0,13,0,28,10,53
481407,1,1,1994,0,0,8,0,0,10,0,0,0,0
481408,1,1,1994,10,10,10,10,10,10,10,10,10,10
481408,2,1,1994,0,19,0,0,0,26,24,19,20,0
481409,1,1,1994,0,0,0,0,0,0,0,0,0,0
481410,1,1,1994,0,0,0,20,9,19,22,18,19,7
481410,2,1,1994,0,0,24,0,0,0,0,0,13,0
481411,0,1,1994,0,0,0,0,0,0,0,0,0,0
481411,1,1,1994,0,0,0,0,0,0,0,0,0,0
481412,1,1,1994,4,13,11,0,11,23,11,32,18,16
481412,2,1,1994,0,0,8,0,16,8,0,0,23,0
481413,1,1,1994,0,0,0,0,0,0,18,0,0,0
481414,0,1,1994,0,22,17,0,12,0,0,0,0,0
481414,1,1,1994,0,0,0,0,0,0,0,0,0,0
481415,1,1,1994,0,0,34,0,0,0,3,0,0,0
481416,1,1,1994,0,0,0,0,0,29,0,0,0,0
481416,2,1,1994,0,0,22,0,0,0,0,0,0,0
481417,0,1,1994,0,0,0,0,0,0,0,0,0,0
481417,1,1,1994,0,0,0,0,0,0,0,0,0,0
481418,1,1,1994,0,0,0,0,0,0,0,0,0,0
481419,1,1,1994,8,8,8,8,8,8,8,8,8,8
481420,0,1,1994,0,0,0,0,0,0,0,0,0,0
481420,1,1,1994,0,0,0,0,4,0,0,0,17,0
481421,1,1,1994,9,9,9,9,9,9,9,9,9,9
481421,2,1,1994,29,14,38,9,0,0,17,10,0,17
481422,1,1,1994,13,13,13,13,13,13,13,13,13,13
481423,1,1,1994,0,23,12,22,34,16,10,34,23,8
481424,1,1,1994,0,0,0,0,0,0,0,0,0,0
481425,1,1,1994,0,0,25,0,0,0,0,0,0,0
481425,2,1,1994,0,0,30,0,27,20,17,0,0,0
481425,3,1,1994,0,0,0,0,0,0,0,0,0,0
481425,4,1,1994,0,0,0,0,0,0,0,0,0,0
481425,5,1,1994,0,0,0,0,0,0,0,0,0,0
481426,1,1,1994,0,0,0,0,0,0,0,0,0,0
481426,2,1,1994,0,0,7,0,43,0,0,18,0,0
481427,1,1,1994,0,0,14,0,0,3,0,0,0,0
481427,2,1,1994,0,0,0,0,0,0,0,0,8,0
481428,1,1,1994,15,15,15,15,15,15,15,15,15,15
481429,1,1,1994,9,0,0,0,0,0,0,0,0,0
481429,2,1,1994,0,0,0,0,0,0,0,0,0,0
481430,1,1,1994,10,10,10,10,10,10,10,10,10,10
481431,1,1,1994,0,0,0,0,0,0,8,0,0,0
481431,2,1,1994,0,0,0,0,0,0,0,6,0,0
481432,1,1,1994,0,0,0,0,0,0,0,18,0,0
481432,2,1,1994,0,0,0,0,0,0,0,0,0,0
481433,1,1,1994,0,0,0,0,0,0,0,26,0,16
481434,0,1,1994,0,0,0,0,0,0,0,0,0,0
481434,1,1,1994,0,0,0,0,13,9,15,5,9,0
481435,1,1,1994,0,0,0,0,0,0,0,0,0,0
481435,2,1,1994,0,0,0,0,0,0,0,0,0,0
481436,1,1,1994,0,0,0,0,0,0,0,0,0,0
481436,2,1,1994,0,0,0,0,0,0,0,0,0,0
481437,1,1,1994,31,31,31,31,31,31,31,31,31,31
481437,2,1,1994,0,0,0,0,12,0,0,0,0,0
481437,3,1,1994,0,0,0,0,0,0,6,0,0,0
481438,1,1,1994,10,10,10,10,10,10,10,10,10,10
481438,2,1,1994,0,36,0,0,0,0,0,0,0,13
481439,1,1,1994,0,0,0,0,0,0,0,0,0,4
481439,2,1,1994,0,0,0,0,0,0,0,0,0,0
481439,3,1,1994,0,0,0,0,0,0,0,0,0,0
481440,1,1,1994,27,0,15,0,0,7,24,0,0,0
481440,2,1,1994,0,0,0,0,0,0,0,0,0,0
481441,1,1,1994,0,0,0,0,0,0,0,0,0,0
481442,1,1,1994,20,20,20,20,20,20,20,20,20,20
481443,1,1,1994,0,0,0,0,0,0,0,0,0,0