ST_CASE,VEH_NO,PER_NO,YEAR,P1,P2,P3,P4,P5,P6,P7,P8,P9,P10
481443,2,1,1994,0,0,0,0,0,0,0,0,0,0
481444,1,1,1994,14,14,14,14,14,14,14,14,14,14
481445,1,1,1994,0,0,12,0,0,19,0,0,0,18
481445,2,1,1994,0,0,0,0,0,41,0,0,0,0
481446,1,1,1994,12,12,12,12,12,12,12,12,12,12
481446,2,1,1994,0,0,0,0,0,0,0,0,0,0
481447,0,1,1994,28,0,0,15,0,0,0,0,18,32
481447,1,1,1994,9,0,0,0,19,0,16,8,18,21
481448,1,1,1994,14,14,14,14,14,14,14,14,14,14
481449,1,1,1994,0,27,0,25,14,2,18,6,10,25
481450,1,1,1994,0,26,0,0,0,0,10,31,0,15
481450,2,1,1994,32,0,0,0,0,0,0,0,0,0
481450,3,1,1994,0,0,0,0,0,0,0,0,0,0
481451,1,1,1994,0,0,19,0,0,0,0,0,0,0
481451,2,1,1994,0,0,0,0,0,0,0,0,0,0
481452,1,1,1994,11,11,11,11,11,11,11,11,11,11
481452,2,1,1994,0,0,0,0,0,0,0,0,0,0
481453,1,1,1994,15,15,15,15,15,15,15,15,15,15
481454,1,1,1994,0,0,0,0,0,17,0,13,0,0
481454,2,1,1994,0,0,0,0,0,0,0,0,0,0
481455,1,1,1994,22,22,22,22,22,22,22,22,22,22
481456,0,1,1994,18,46,11,26,8,0,0,0,21,21
481456,1,1,1994,0,0,24,0,0,0,0,0,10,15
481457,1,1,1994,0,0,0,0,0,0,0,0,0,0
481457,2,1,1994,0,0,0,0,0,0,0,0,0,0
481458,1,1,1994,0,0,0,0,0,0,0,0,0,0
481458,2,1,1994,0,0,0,0,0,0,0,0,0,0
481459,0,1,1994,43,0,0,0,0,0,0,0,0,0
481459,1,1,1994,0,0,0,0,0,0,0,0,0,0
481460,1,1,1994,0,0,0,0,0,26,0,0,0,0
481460,2,1,1994,0,0,0,25,0,0,0,0,0,0
481461,0,1,1994,0,6,0,0,0,11,0,0,0,0
481461,0,2,1994,0,0,0,0,0,0,0,0,0,0
481461,1,1,1994,0,0,0,0,0,0,13,0,0,17
481462,1,1,1994,0,0,0,0,3,0,0,0,0,0
481462,2,1,1994,0,0,0,6,0,9,0,5,0,0
481463,1,1,1994,0,0,0,0,0,0,0,0,0,0
481463,2,1,1994,0,0,0,0,0,0,0,0,0,0
481464,0,1,1994,0,13,0,0,8,22,0,35,0,0
481464,1,1,1994,0,0,0,0,0,0,0,0,0,0
481465,1,1,1994,0,0,0,0,0,20,0,0,9,8
481465,2,1,1994,0,0,12,0,0,0,0,0,0,0
481466,1,1,1994,32,24,17,24,29,16,12,14,28,32
481467,0,1,1994,20,24,0,16,0,6,9,8,0,7
481467,0,2,1994,0,0,5,0,13,0,22,0,23,11
481467,1,1,1994,25,29,20,13,0,35,17,0,11,15
481468,1,1,1994,16,16,16,16,16,16,16,16,16,16
481469,1,1,1994,0,13,0,0,0,0,0,0,0,17
481469,2,1,1994,28,28,28,28,28,28,28,28,28,28
481470,1,1,1994,8,8,8,8,8,8,8,8,8,8
481471,1,1,1994,23,24,22,23,0,18,32,20,25,22
481472,1,1,1994,30,30,30,30,30,30,30,30,30,30
481472,2,1,1994,0,24,6,4,0,3,8,19,0,12
481473,1,1,1994,35,35,35,35,35,35,35,35,35,35
481474,1,1,1994,0,0,0,0,0,3,0,0,0,0
481475,1,1,1994,0,0,0,0,0,0,0,0,0,0
481475,2,1,1994,0,0,11,0,26,5,0,0,0,20
481476,1,1,1994,7,7,7,7,7,7,7,7,7,7
481477,1,1,1994,22,0,0,0,21,0,0,0,14,9
481477,2,1,1994,18,18,18,18,18,18,18,18,18,18
481478,1,1,1994,0,0,0,0,0,0,0,0,0,0
481479,1,1,1994,17,17,17,17,17,17,17,17,17,17
481480,1,1,1994,0,0,0,0,0,0,0,0,0,0
481480,2,1,1994,0,0,0,0,0,0,0,0,0,0
481481,1,1,1994,0,0,0,0,0,0,0,0,0,0
481481,2,1,1994,0,0,0,0,0,0,0,0,0,0
481481,3,1,1994,0,0,0,0,0,0,20,0,0,0
481482,1,1,1994,0,12,6,0,0,0,14,25,20,10
481483,1,1,1994,0,0,0,0,0,0,0,0,0,0
481484,1,1,1994,0,11,18,0,0,0,8,0,0,11
481485,1,1,1994,15,29,12,31,12,6,22,0,9,0
481485,2,1,1994,0,0,0,0,0,0,0,0,7,0
481485,3,1,1994,0,0,0,0,0,0,0,0,0,0
481486,1,1,1994,19,19,19,19,19,19,19,19,19,19
481486,2,1,1994,0,0,0,0,0,0,0,0,0,0
481486,3,1,1994,0,0,0,0,0,13,0,0,0,0
481487,1,1,1994,6,6,6,6,6,6,6,6,6,6
481487,2,1,1994,0,0,0,0,0,0,0,0,0,0
481488,1,1,1994,22,22,22,22,22,22,22,22,22,22
481489,1,1,1994,0,0,0,0,0,0,0,0,0,0
481489,2,1,1994,0,0,0,0,0,0,0,0,0,0
481489,3,1,1994,0,0,0,0,0,0,0,0,0,0
481490,1,1,1994,22,22,22,22,22,22,22,22,22,22
481491,1,1,1994,15,15,15,15,15,15,15,15,15,15
481492,0,1,1994,2,2,2,2,2,2,2,2,2,2
481492,1,1,1994,0,9,9,10,0,22,28,0,8,0
481493,1,1,1994,0,0,0,0,0,0,0,0,0,0
481493,2,1,1994,0,0,0,0,0,0,0,0,0,0
481494,1,1,1994,12,22,14,25,16,9,25,17,20,14
481495,1,1,1994,7,7,7,7,7,7,7,7,7,7
481495,2,1,1994,15,0,0,0,21,0,0,0,0,0
481496,1,1,1994,0,0,0,0,0,0,0,0,0,0
481496,2,1,1994,0,0,0,0,0,13,0,0,0,0
481497,0,1,1994,22,22,22,22,22,22,22,22,22,22
481497,1,1,1994,0,0,0,0,0,0,0,0,0,0
481498,1,1,1994,21,21,21,21,21,21,21,21,21,21
481499,1,1,1994,0,0,0,0,0,0,0,0,0,0
481499,2,1,1994,0,0,8,0,0,0,0,14,0,0
481500,0,1,1994,11,11,11,11,11,11,11,11,11,11
481500,1,1,1994,13,13,13,13,13,13,13,13,13,13
481501,0,1,1994,18,0,0,0,0,0,0,0,0,0
481501,1,1,1994,0,0,0,0,0,0,0,0,0,0
481502,1,1,1994,0,0,0,0,0,0,0,0,0,0
481503,1,1,1994,0,0,0,0,0,0,0,0,0,0
481504,0,1,1994,0,0,0,0,0,0,0,0,0,0
481504,1,1,1994,0,0,0,0,0,0,0,0,0,0
481505,1,1,1994,0,0,0,0,0,0,0,0,0,0
481505,2,1,1994,0,0,0,0,0,0,0,0,0,0
481506,0,1,1994,7,0,0,0,0,0,0,0,29,0
481506,1,1,1994,0,0,0,0,0,0,0,26,0,0
481507,1,1,1994,28,32,0,0,14,0,12,18,25,0
481507,2,1,1994,0,0,0,0,0,0,0,0,0,0
481508,0,1,1994,0,0,0,23,0,0,0,0,14,0
481508,1,1,1994,0,0,0,0,0,0,0,0,0,0
481508,2,1,1994,0,0,0,0,0,0,0,0,0,0
481509,1,1,1994,19,19,19,19,19,19,19,19,19,19
481510,1,1,1994,15,15,15,15,15,15,15,15,15,15
481510,2,1,1994,0,0,0,0,0,0,0,0,0,0
481511,1,1,1994,0,0,0,0,0,0,0,0,0,0
481512,1,1,1994,22,22,22,22,22,22,22,22,22,22
481513,1,1,1994,0,0,0,0,0,0,0,0,0,0
481513,2,1,1994,19,0,0,0,0,0,0,0,19,0
481514,0,1,1994,0,0,0,0,0,0,0,0,0,0
481514,1,1,1994,0,0,0,0,0,0,0,0,0,0
481515,1,1,1994,0,0,0,0,0,0,0,0,16,0
481515,2,1,1994,0,0,0,0,0,0,0,0,0,0
481516,1,1,1994,17,17,17,17,17,17,17,17,17,17
481517,1,1,1994,14,0,0,0,0,0,0,0,0,0
481517,2,1,1994,31,0,0,0,0,22,0,0,11,0
481517,3,1,1994,0,0,0,0,0,0,0,0,0,0
481518,1,1,1994,14,14,14,14,14,14,14,14,14,14
481519,1,1,1994,0,16,26,34,32,0,19,20,13,18
481520,1,1,1994,0,0,0,0,0,0,0,0,0,0
481521,1,1,1994,20,20,20,20,20,20,20,20,20,20
481522,1,1,1994,0,0,0,0,0,0,0,0,0,0
481523,1,1,1994,3,3,3,3,3,3,3,3,3,3
481524,1,1,1994,0,0,18,0,0,0,0,0,0,0
481524,2,1,1994,0,0,0,0,0,0,0,0,0,0
481525,1,1,1994,0,0,0,0,0,0,0,0,0,0
481526,1,1,1994,0,14,12,0,18,0,0,0,0,0
481526,2,1,1994,0,0,0,13,0,0,0,0,0,0
481527,1,1,1994,0,0,21,10,24,26,0,0,8,24
481527,2,1,1994,18,0,0,0,0,11,0,5,0,19
481528,1,1,1994,16,9,13,13,0,21,18,11,16,14
481529,1,1,1994,0,0,0,0,0,0,0,0,22,0
481530,1,1,1994,11,11,11,11,11,11,11,11,11,11
481531,1,1,1994,15,15,15,15,15,15,15,15,15,15
481532,0,1,1994,12,12,12,12,12,12,12,12,12,12
481532,1,1,1994,17,18,14,23,0,0,2,13,19,0
481533,1,1,1994,0,0,0,0,0,8,0,0,0,0
481533,2,1,1994,3,23,22,0,0,13,15,0,0,15
481534,0,1,1994,17,28,15,0,23,26,0,14,39,18
481534,1,1,1994,0,7,6,7,14,13,5,13,13,10
481535,1,1,1994,15,15,15,15,15,15,15,15,15,15
481536,1,1,1994,0,0,0,0,0,0,0,0,4,0
481537,1,1,1994,0,9,0,0,0,16,0,0,0,0
481537,2,1,1994,0,0,0,0,0,0,0,0,0,0
481537,3,1,1994,0,0,0,0,0,0,0,0,0,0
481538,0,1,1994,0,0,0,0,0,0,0,0,0,0
481538,1,1,1994,0,28,0,2,0,0,26,0,15,12
481539,1,1,1994,0,0,0,0,0,0,0,0,0,0
481540,1,1,1994,0,24,0,0,0,0,0,0,0,0
481540,2,1,1994,0,0,0,0,0,11,0,0,0,0
481540,3,1,1994,0,0,0,0,0,0,0,0,0,0
481541,1,1,1994,16,16,16,16,16,16,16,16,16,16
481542,1,1,1994,26,26,26,26,26,26,26,26,26,26
481543,1,1,1994,0,0,0,0,0,0,0,0,0,0
481544,1,1,1994,5,9,17,10,24,17,15,29,0,34
481545,1,1,1994,16,34,35,10,14,14,17,17,41,7
481546,1,1,1994,0,0,0,0,0,0,0,0,0,0
481547,1,1,1994,0,0,0,0,0,0,0,0,0,0
481547,2,1,1994,0,0,0,0,0,0,0,0,0,0
481548,1,1,1994,0,0,0,0,0,0,0,0,12,0
481548,2,1,1994,0,0,0,0,0,21,0,0,0,0
481549,0,1,1994,0,0,0,0,0,0,0,0,0,0
481549,1,1,1994,0,0,0,0,0,0,0,0,0,0
481550,1,1,1994,0,0,0,0,0,9,0,0,0,0
481551,1,1,1994,0,0,20,20,0,0,0,25,6,7
481552,1,1,1994,0,0,0,10,0,0,7,0,0,0
481552,2,1,1994,0,0,31,7,24,15,6,27,24,0
481552,3,1,1994,0,0,0,0,13,0,0,9,0,0
481553,0,1,1994,0,0,15,26,11,4,18,13,0,20
481553,1,1,1994,0,25,0,0,0,3,0,0,0,0
481554,1,1,1994,0,0,0,0,0,0,0,0,0,0
481555,0,1,1994,0,0,0,0,0,0,0,0,0,0
481555,1,1,1994,0,0,0,0,0,0,0,0,0,0
481556,0,1,1994,33,33,33,33,33,33,33,33,33,33
481556,1,1,1994,0,24,0,12,17,0,0,0,14,0
481557,1,1,1994,21,21,21,21,21,21,21,21,21,21
481557,2,1,1994,0,0,0,0,0,0,0,0,0,0
481558,1,1,1994,4,0,0,0,0,17,7,0,0,0
481559,0,1,1994,0,16,0,0,0,0,0,0,0,0
481559,1,1,1994,0,0,0,0,0,0,0,0,0,0
481560,1,1,1994,0,0,0,0,0,0,15,0,0,0
481560,2,1,1994,0,13,0,0,0,0,0,0,0,0
481561,0,1,1994,4,4,4,4,4,4,4,4,4,4
481561,0,2,1994,14,0,0,17,11,0,0,2,0,0
481561,1,1,1994,19,16,15,18,4,9,17,9,21,0
481562,1,1,1994,0,0,0,0,0,0,0,0,0,0
481562,2,1,1994,0,26,0,0,0,0,0,29,0,0
481562,3,1,1994,0,0,0,0,0,6,0,0,0,0
481563,1,1,1994,0,0,0,0,0,0,0,0,0,0
481563,2,1,1994,0,0,0,0,0,0,0,0,0,0
481564,1,1,1994,0,0,0,0,0,0,20,0,4,0
481564,2,1,1994,15,15,15,15,15,15,15,15,15,15
481565,1,1,1994,0,15,24,0,0,0,29,0,17,4
481566,0,1,1994,30,30,30,30,30,30,30,30,30,30
481566,1,1,1994,0,0,0,23,7,0,0,6,0,0
481567,1,1,1994,0,0,0,0,0,0,0,0,0,0
481568,1,1,1994,0,0,0,0,0,0,0,0,0,0
481568,2,1,1994,0,0,0,0,0,0,0,0,0,0
481569,1,1,1994,9,9,9,9,9,9,9,9,9,9
481569,2,1,1994,0,0,0,0,0,0,0,0,0,0
481570,1,1,1994,0,0,0,0,0,0,0,0,0,0
481571,1,1,1994,0,0,0,0,0,0,0,0,0,0
481572,1,1,1994,9,9,9,9,9,9,9,9,9,9
481572,2,1,1994,0,0,0,0,0,0,0,0,0,0
481573,1,1,1994,23,23,23,23,23,23,23,23,23,23
481573,2,1,1994,0,4,0,8,0,0,6,0,4,0
481574,1,1,1994,13,13,13,13,13,13,13,13,13,13
481575,1,1,1994,9,9,9,9,9,9,9,9,9,9
481576,1,1,1994,47,18,0,27,0,0,28,9,0,0
481577,0,1,1994,17,17,17,17,17,17,17,17,17,17
481577,1,1,1994,35,17,14,22,0,0,15,15,0,0
481577,2,1,1994,0,0,0,0,0,10,0,0,0,0
481578,1,1,1994,25,25,25,25,25,25,25,25,25,25
481579,1,1,1994,0,0,0,0,0,0,0,0,0,0
481579,2,1,1994,0,19,26,0,18,29,0,0,0,13
481580,1,1,1994,0,0,0,0,0,0,0,0,0,0
481581,1,1,1994,19,19,19,19,19,19,19,19,19,19
481582,1,1,1994,17,17,17,17,17,17,17,17,17,17
481583,1,1,1994,10,10,10,10,10,10,10,10,10,10
481584,1,1,1994,6,6,6,6,6,6,6,6,6,6
481584,2,1,1994,0,0,10,0,0,42,0,0,0,21
481585,1,1,1994,0,0,0,0,0,0,0,0,0,0
481586,1,1,1994,0,0,0,0,0,0,16,0,0,0
481586,2,1,1994,0,0,27,0,0,0,0,0,0,0
481587,1,1,1994,12,12,12,12,12,12,12,12,12,12
481588,1,1,1994,15,15,15,15,15,15,15,15,15,15
481588,2,1,1994,35,24,14,0,0,0,14,0,0,15
481588,3,1,1994,40,0,0,0,0,0,0,0,8,12
481589,1,1,1994,8,8,8,8,8,8,8,8,8,8
481590,1,1,1994,0,0,0,0,0,0,0,0,0,0
481590,2,1,1994,0,0,0,0,0,0,0,0,0,0
481591,0,1,1994,0,0,0,0,0,0,0,0,0,30
481591,1,1,1994,0,0,0,0,0,9,0,0,8,0
481592,0,1,1994,33,33,33,33,33,33,33,33,33,33
481592,1,1,1994,0,0,0,0,0,0,0,0,0,0
481593,1,1,1994,25,25,25,25,25,25,25,25,25,25
481594,1,1,1994,0,0,0,0,0,0,0,0,0,0
481595,0,1,1994,18,17,34,28,17,18,12,24,4,24
481595,1,1,1994,16,16,0,0,17,7,17,20,0,0
481595,2,1,1994,26,0,0,0,0,0,0,0,0,0
481596,1,1,1994,12,0,0,0,0,0,0,0,0,0
481596,2,1,1994,30,30,30,30,30,30,30,30,30,30
481597,1,1,1994,0,0,0,0,0,0,0,0,0,0
481597,2,1,1994,0,0,0,0,0,0,0,0,0,0
481598,1,1,1994,0,0,0,0,0,0,0,0,0,0
481598,2,1,1994,11,11,11,11,11,11,11,11,11,11
481599,1,1,1994,0,0,0,0,0,0,0,0,0,0
481599,2,1,1994,0,0,0,0,0,0,0,0,0,0
481600,1,1,1994,0,0,0,0,0,0,8,0,0,0
481600,2,1,1994,0,0,0,0,0,0,0,0,0,0
481601,1,1,1994,0,0,0,0,0,0,0,0,0,0
481601,2,1,1994,0,0,0,0,0,0,0,0,0,0
481602,2,1,1994,0,0,0,0,0,0,0,0,0,0
481603,1,1,1994,0,0,0,0,0,0,0,0,0,0
481603,2,1,1994,0,0,0,20,0,0,5,0,0,0
481604,1,1,1994,15,15,15,15,15,15,15,15,15,15
481604,2,1,1994,1,1,1,1,1,1,1,1,1,1
481605,1,1,1994,0,0,0,0,0,0,0,0,3,0
481606,1,1,1994,25,25,25,25,25,25,25,25,25,25
481607,0,1,1994,0,0,18,44,7,38,30,0,5,28
481607,1,1,1994,0,0,0,0,0,0,0,0,0,0
481608,1,1,1994,7,7,7,7,7,7,7,7,7,7
481608,2,1,1994,0,0,0,0,0,0,0,29,0,0
481609,1,1,1994,16,16,16,16,16,16,16,16,16,16
481610,0,1,1994,0,0,30,0,42,20,16,25,13,0
481610,1,1,1994,0,0,0,0,0,0,0,0,0,0
481611,1,1,1994,7,7,7,7,7,7,7,7,7,7
481612,1,1,1994,10,10,10,10,10,10,10,10,10,10
481613,1,1,1994,0,0,0,0,0,0,0,0,0,0
481613,2,1,1994,0,0,0,0,0,0,0,0,0,0
481614,1,1,1994,0,0,0,0,0,0,0,0,0,0
481614,2,1,1994,0,0,11,0,0,8,0,0,0,0
481615,1,1,1994,22,22,22,22,22,22,22,22,22,22
481615,2,1,1994,0,0,0,0,0,0,0,0,0,0
481616,1,1,1994,16,16,16,16,16,16,16,16,16,16
481617,0,1,1994,17,17,17,17,17,17,17,17,17,17
481617,1,1,1994,13,0,21,0,0,12,14,18,0,18
481618,0,1,1994,35,35,35,35,35,35,35,35,35,35
481618,1,1,1994,0,0,0,0,0,0,0,0,0,0
481619,1,1,1994,18,18,18,18,18,18,18,18,18,18
481620,1,1,1994,8,8,8,8,8,8,8,8,8,8
481621,1,1,1994,0,9,0,20,0,0,0,0,0,0
481621,2,1,1994,0,0,0,0,0,0,0,0,0,0
481622,1,1,1994,15,15,15,15,15,15,15,15,15,15
481623,1,1,1994,0,0,0,0,0,0,0,0,0,0
481624,1,1,1994,0,0,0,0,0,0,0,0,0,0
481625,1,1,1994,37,37,37,37,37,37,37,37,37,37
481626,0,1,1994,29,29,29,29,29,29,29,29,29,29
481626,1,1,1994,0,0,0,0,0,0,0,0,0,0
481627,1,1,1994,29,29,29,29,29,29,29,29,29,29
481628,1,1,1994,15,0,0,18,0,0,17,8,14,7
481628,2,1,1994,22,22,22,22,22,22,22,22,22,22
481629,1,1,1994,0,0,0,0,0,0,0,0,0,0
481629,2,1,1994,0,0,0,0,0,0,0,0,0,0
481630,1,1,1994,17,27,15,9,19,17,0,14,11,34
481631,0,1,1994,15,15,15,15,15,15,15,15,15,15
481631,1,1,1994,9,0,0,0,0,0,0,0,0,0
481632,1,1,1994,0,0,0,0,0,0,0,0,0,0
481632,2,1,1994,0,0,0,0,0,16,0,0,0,0
481633,1,1,1994,0,0,0,29,18,17,13,0,9,0
481633,2,1,1994,0,0,0,0,0,0,9,17,18,0
481633,3,1,1994,0,0,0,0,0,0,0,0,0,0
481634,1,1,1994,0,0,0,0,0,0,0,0,0,0
481635,1,1,1994,0,0,0,0,0,0,0,0,0,0
481636,1,1,1994,0,16,20,25,0,0,0,0,0,0
481636,2,1,1994,8,8,8,8,8,8,8,8,8,8
481637,1,1,1994,27,27,27,27,27,27,27,27,27,27
481637,2,1,1994,9,9,9,9,9,9,9,9,9,9
481638,0,1,1994,33,33,33,33,33,33,33,33,33,33
481638,1,1,1994,22,0,0,26,14,0,13,0,0,16
481639,1,1,1994,22,22,22,22,22,22,22,22,22,22
481640,0,1,1994,0,25,0,0,0,0,0,0,0,0
481640,1,1,1994,0,12,0,0,0,0,0,16,22,0
481641,1,1,1994,17,17,17,17,17,17,17,17,17,17
481642,1,1,1994,0,0,0,0,0,0,0,0,0,0
481643,0,1,1994,0,0,0,0,0,0,0,0,0,0
481643,1,1,1994,18,18,18,18,18,18,18,18,18,18
481644,1,1,1994,1,1,1,1,1,1,1,1,1,1
481644,2,1,1994,41,41,41,41,41,41,41,41,41,41
481645,1,1,1994,33,33,33,33,33,33,33,33,33,33
481646,0,1,1994,0,0,0,0,0,0,0,0,0,0
481646,1,1,1994,0,0,0,0,0,0,0,0,0,0
481647,1,1,1994,11,20,0,0,6,0,0,0,0,0
481647,2,1,1994,0,10,0,0,31,0,0,0,24,0
481648,1,1,1994,0,0,0,0,0,0,21,0,0,0
481648,2,1,1994,0,0,0,0,0,0,0,0,0,0
481649,1,1,1994,13,16,19,0,31,12,16,16,3,6
481649,2,1,1994,0,0,0,0,0,0,0,0,0,0
481649,3,1,1994,0,0,0,0,13,0,0,0,0,0
481650,1,1,1994,9,0,0,0,0,0,0,0,0,0
481650,2,1,1994,0,0,0,0,0,0,0,0,0,0
481651,1,1,1994,0,0,0,0,0,0,0,0,0,0
481652,1,1,1994,19,0,0,0,0,0,14,0,0,0
481652,4,1,1994,0,0,0,0,0,0,0,0,0,0
481653,1,1,1994,0,0,0,0,0,0,0,17,0,0
481654,1,1,1994,0,0,0,0,0,0,0,0,0,0
481654,2,1,1994,0,0,0,0,0,0,0,0,0,0
481655,1,1,1994,25,25,25,25,25,25,25,25,25,25
481656,1,1,1994,25,25,25,25,25,25,25,25,25,25
481657,1,1,1994,28,28,28,28,28,28,28,28,28,28
481658,0,1,1994,0,28,0,27,7,0,22,24,23,0
481658,1,1,1994,0,24,0,18,0,0,15,17,0,0
481659,1,1,1994,0,0,0,0,0,0,0,0,0,0
481659,2,1,1994,0,0,0,0,0,0,0,0,0,0
481659,3,1,1994,0,0,0,0,0,0,0,0,0,0
481659,4,1,1994,0,0,0,0,0,0,0,0,0,0
481660,1,1,1994,0,0,0,0,0,0,0,0,0,0
481661,1,1,1994,0,0,0,0,0,0,13,12,0,13
481661,2,1,1994,17,0,9,6,8,4,10,8,11,7
481661,3,1,1994,0,11,0,7,0,31,0,0,17,0
481662,0,1,1994,22,0,0,0,0,0,0,0,0,0
481662,1,1,1994,5,5,5,5,5,5,5,5,5,5
481663,1,1,1994,0,0,0,0,0,0,0,0,0,0
481663,2,1,1994,0,0,0,0,0,0,0,0,0,0
481664,1,1,1994,0,0,0,0,0,0,0,0,0,0
481664,2,1,1994,25,25,25,25,25,25,25,25,25,25
481665,0,1,1994,25,25,25,25,25,25,25,25,25,25
481665,1,1,1994,0,24,0,0,0,8,11,0,0,11
481666,1,1,1994,24,24,24,24,24,24,24,24,24,24
481667,1,1,1994,0,0,0,0,0,0,0,0,0,0
481667,2,1,1994,0,0,0,0,0,0,0,0,0,0
481668,1,1,1994,11,11,11,11,11,11,11,11,11,11
481668,2,1,1994,0,0,11,0,21,0,18,0,0,0
481669,1,1,1994,28,28,28,28,28,28,28,28,28,28
481670,0,1,1994,0,0,0,0,0,0,0,0,0,0
481670,1,1,1994,0,0,0,0,5,0,15,0,0,12
481671,1,1,1994,0,0,0,0,0,0,0,0,0,0
481672,0,1,1994,18,31,0,5,0,21,6,5,22,13
481672,1,1,1994,14,15,0,0,0,0,0,0,0,0
481673,1,1,1994,12,12,12,12,12,12,12,12,12,12
481673,2,1,1994,0,0,0,0,0,0,0,0,0,0
481674,1,1,1994,20,22,14,35,17,16,9,0,18,18
481675,0,1,1994,0,0,0,0,0,0,0,0,0,23
481675,1,1,1994,0,0,0,2,0,0,0,0,0,0
481676,1,1,1994,20,20,20,20,20,20,20,20,20,20
481677,1,1,1994,18,18,18,18,18,18,18,18,18,18
481677,2,1,1994,0,0,0,0,0,0,0,0,0,0
481678,1,1,1994,0,0,0,0,0,0,0,0,0,0
481678,2,1,1994,0,0,13,0,0,0,0,0,0,6
481679,1,1,1994,0,0,0,0,0,0,0,0,0,0
481680,1,1,1994,25,25,25,25,25,25,25,25,25,25
481681,1,1,1994,28,28,28,28,28,28,28,28,28,28
481682,0,1,1994,0,6,0,0,0,15,0,0,0,0
481682,1,1,1994,0,0,0,0,0,0,0,0,0,0
481683,1,1,1994,12,12,12,12,12,12,12,12,12,12
481683,2,1,1994,0,0,12,8,0,0,0,0,0,0
481684,1,1,1994,0,0,0,0,0,0,0,0,0,0
481684,2,1,1994,0,0,0,0,0,0,0,0,0,0
481685,0,1,1994,0,0,0,0,0,0,0,0,0,0
481685,1,1,1994,14,9,0,0,0,0,0,18,0,0
481685,2,1,1994,0,0,0,7,13,0,9,0,0,9
481686,1,2,1994,20,18,25,0,0,19,0,29,0,0
481687,1,1,1994,37,37,37,37,37,37,37,37,37,37
481688,1,1,1994,16,0,0,0,13,0,15,0,0,16
481689,1,1,1994,19,17,16,9,13,20,25,9,21,9
481690,0,1,1994,0,0,0,0,0,0,0,0,0,0
481690,1,1,1994,0,0,0,0,0,0,0,0,0,0
481691,1,1,1994,21,21,21,21,21,21,21,21,21,21
481691,2,1,1994,0,0,0,0,0,0,0,0,0,0
481692,1,1,1994,0,15,0,0,0,0,0,0,0,0
481692,2,1,1994,0,0,0,0,0,0,0,0,0,0
481693,0,1,1994,0,0,0,0,0,0,0,0,0,0
481693,1,1,1994,0,0,0,0,0,0,0,0,0,0
481693,3,1,1994,0,0,0,0,0,0,0,0,5,0
481694,1,1,1994,13,13,13,13,13,13,13,13,13,13
481695,1,1,1994,0,0,12,0,0,0,11,0,0,0
481696,0,1,1994,3,3,3,3,3,3,3,3,3,3
481696,1,1,1994,0,0,0,0,0,0,0,0,0,0
481697,1,1,1994,21,21,21,21,21,21,21,21,21,21
481697,2,1,1994,0,0,0,0,0,0,0,0,0,0
481698,1,1,1994,14,14,14,14,14,14,14,14,14,14
481698,2,1,1994,0,0,0,0,0,0,0,0,0,0
481699,1,1,1994,0,0,0,0,0,0,42,7,18,0
481699,2,1,1994,0,0,0,0,0,0,0,0,0,0
481700,1,1,1994,25,25,25,25,25,25,25,25,25,25
481701,0,1,1994,17,17,17,17,17,17,17,17,17,17
481701,1,1,1994,23,6,0,17,20,0,17,4,18,0
481702,0,1,1994,3,3,3,3,3,3,3,3,3,3
481702,1,1,1994,0,0,0,0,0,0,0,0,0,0
481703,1,1,1994,0,0,0,0,0,0,0,0,0,0
481703,2,1,1994,0,0,0,0,0,0,0,0,0,0
481704,1,1,1994,0,0,0,0,0,0,0,0,0,0
481704,2,1,1994,0,0,0,0,0,0,0,0,0,0
481704,3,1,1994,0,0,0,0,0,27,0,0,0,0
481705,1,1,1994,21,21,21,21,21,21,21,21,21,21
481705,2,1,1994,18,33,0,20,23,0,13,0,0,0
481706,1,1,1994,0,0,0,0,0,0,0,0,0,0
481706,2,1,1994,0,0,0,0,0,0,0,0,0,17
481706,3,1,1994,0,0,0,0,0,0,0,0,0,0
481707,1,1,1994,26,26,26,26,26,26,26,26,26,26
481707,2,1,1994,14,0,0,7,0,0,0,8,0,12
481707,3,1,1994,13,0,0,11,0,0,18,0,0,13
481708,1,1,1994,0,0,0,0,0,0,0,0,0,0
481708,2,1,1994,0,0,0,0,0,0,0,0,0,0
481708,3,1,1994,0,0,0,0,0,0,15,0,0,0