ST_CASE,VEH_NO,PER_NO,YEAR,P1,P2,P3,P4,P5,P6,P7,P8,P9,P10
481708,4,1,1994,0,0,0,0,0,0,0,0,0,0
481709,1,1,1994,0,0,0,0,0,0,0,0,0,0
481709,2,1,1994,0,0,0,0,0,0,0,0,0,0
481709,3,1,1994,0,0,0,0,18,0,0,0,0,0
481709,4,1,1994,0,0,0,0,0,0,0,0,0,0
481710,1,1,1994,0,0,0,0,0,0,0,0,0,0
481710,2,1,1994,0,36,0,0,0,0,0,0,0,17
481710,3,1,1994,0,0,0,11,0,0,4,0,0,0
481711,0,1,1994,0,0,25,16,0,0,0,0,6,0
481711,1,1,1994,0,0,0,0,0,0,0,0,0,0
481712,1,1,1994,0,0,0,0,0,0,0,0,0,0
481712,2,1,1994,0,0,0,0,0,0,0,0,0,0
481713,1,1,1994,0,0,27,40,16,0,13,17,0,0
481714,1,1,1994,10,10,10,10,10,10,10,10,10,10
481715,0,1,1994,22,0,0,0,0,0,0,0,0,0
481715,1,1,1994,0,0,0,16,2,0,0,0,0,0
481716,1,1,1994,17,17,17,17,17,17,17,17,17,17
481717,1,1,1994,11,11,11,11,11,11,11,11,11,11
481717,2,1,1994,0,0,0,10,0,0,0,0,0,0
481717,3,1,1994,0,0,0,0,0,0,0,0,0,0
481718,1,1,1994,0,0,0,0,0,0,0,0,0,0
481718,2,1,1994,0,0,0,10,0,0,0,0,0,0
481719,1,1,1994,0,27,0,0,6,0,0,0,0,0
481720,1,1,1994,3,3,3,3,3,3,3,3,3,3
481721,1,1,1994,0,0,0,16,0,0,0,0,0,0
481721,2,1,1994,0,0,6,0,0,0,0,0,0,0
481722,1,1,1994,0,0,0,0,0,0,0,0,0,0
481722,2,1,1994,0,0,0,13,0,0,0,0,0,0
481723,0,1,1994,0,0,0,0,0,0,0,0,0,0
481723,0,2,1994,0,0,0,0,0,0,0,0,0,0
481723,1,1,1994,0,13,0,0,5,0,0,0,0,0
481724,1,1,1994,0,0,0,0,0,0,0,0,0,0
481725,1,1,1994,24,24,24,24,24,24,24,24,24,24
481725,2,1,1994,6,0,0,15,0,0,0,0,0,0
481726,1,1,1994,3,18,24,0,0,14,0,21,25,31
481727,1,1,1994,19,19,19,19,19,19,19,19,19,19
481728,1,1,1994,0,0,0,0,0,0,0,0,0,0
481728,2,1,1994,0,0,0,0,0,0,0,0,22,0
481729,1,1,1994,0,0,19,28,0,0,0,14,0,0
481730,1,1,1994,24,24,24,24,24,24,24,24,24,24
481730,2,1,1994,0,0,0,20,15,12,0,21,0,0
481731,0,1,1994,14,14,14,14,14,14,14,14,14,14
481731,1,1,1994,24,24,24,24,24,24,24,24,24,24
481731,2,1,1994,3,0,0,24,4,11,0,6,19,16
481732,1,1,1994,36,27,21,20,11,29,17,31,14,19
481733,1,1,1994,2,2,2,2,2,2,2,2,2,2
481734,1,1,1994,30,30,30,30,30,30,30,30,30,30
481735,1,1,1994,8,8,8,8,8,8,8,8,8,8
481736,1,1,1994,15,15,15,15,15,15,15,15,15,15
481737,1,1,1994,0,0,0,0,0,0,0,0,0,0
481738,1,1,1994,0,0,0,0,0,0,0,0,0,0
481739,1,1,1994,13,13,13,13,13,13,13,13,13,13
481739,2,1,1994,0,0,0,0,0,0,0,5,11,0
481740,0,1,1994,11,11,11,11,11,11,11,11,11,11
481740,1,1,1994,24,12,0,6,0,21,0,10,0,25
481740,2,1,1994,0,11,9,0,0,14,0,0,15,0
481740,3,1,1994,0,0,9,0,0,0,0,0,11,0
481740,4,1,1994,0,0,2,1,0,0,44,3,23,0
481741,1,1,1994,22,22,22,22,22,22,22,22,22,22
481742,1,1,1994,4,4,4,4,4,4,4,4,4,4
481742,2,1,1994,0,0,0,0,0,0,0,0,0,0
481743,1,1,1994,0,0,0,29,6,0,18,0,0,0
481743,2,1,1994,0,0,6,0,0,12,9,17,0,0
481744,1,1,1994,26,26,26,26,26,26,26,26,26,26
481744,2,1,1994,0,0,0,0,22,8,0,9,0,0
481745,0,1,1994,0,0,0,0,0,0,0,0,0,0
481745,1,1,1994,12,12,12,12,12,12,12,12,12,12
481746,1,1,1994,0,0,0,0,0,0,0,0,0,0
481747,1,1,1994,31,31,31,31,31,31,31,31,31,31
481748,1,1,1994,19,19,19,19,19,19,19,19,19,19
481749,1,1,1994,0,0,0,0,0,0,0,0,0,0
481749,2,1,1994,0,0,0,0,0,0,0,0,0,0
481750,1,1,1994,0,0,0,0,0,0,0,0,0,0
481750,2,1,1994,0,0,0,0,0,0,0,0,0,0
481751,0,1,1994,21,21,0,30,14,0,21,0,0,27
481751,0,2,1994,0,0,0,0,5,0,0,0,0,0
481751,1,1,1994,17,17,17,17,17,17,17,17,17,17
481752,1,1,1994,0,0,0,0,0,0,0,0,0,0
481753,1,1,1994,0,0,0,9,0,0,0,0,0,0
481753,2,1,1994,0,0,0,0,0,0,0,0,0,0
481754,1,1,1994,1,1,1,1,1,1,1,1,1,1
481754,2,1,1994,0,0,0,0,0,0,0,0,0,0
481755,1,1,1994,0,0,0,0,0,0,0,0,0,0
481755,2,1,1994,0,0,0,0,0,0,0,0,0,0
481756,1,1,1994,0,0,0,0,0,0,0,0,0,0
481756,2,1,1994,0,0,0,0,0,0,0,0,0,0
481757,0,1,1994,0,0,0,0,0,0,0,0,0,0
481757,1,1,1994,0,0,0,0,0,0,0,0,0,0
481758,1,1,1994,0,0,0,0,0,0,0,0,0,0
481758,2,1,1994,0,0,0,0,0,0,0,0,0,0
481759,1,1,1994,0,0,0,0,0,0,0,0,0,0
481760,1,1,1994,4,0,0,0,0,0,0,0,0,0
481761,1,1,1994,24,24,24,24,24,24,24,24,24,24
481762,1,1,1994,0,0,0,0,0,0,0,0,0,0
481762,2,1,1994,0,0,0,0,0,0,0,0,0,0
481763,1,1,1994,0,0,0,0,0,0,0,0,0,0
481764,1,1,1994,0,0,0,0,0,0,0,0,13,0
481764,2,1,1994,0,0,0,0,18,0,0,0,0,0
481765,1,1,1994,12,12,12,12,12,12,12,12,12,12
481765,2,1,1994,0,0,0,0,14,0,0,0,0,0
481766,1,1,1994,27,27,27,27,27,27,27,27,27,27
481767,1,1,1994,0,0,0,0,0,0,0,0,0,0
481767,2,1,1994,0,0,0,0,0,0,0,0,0,0
481768,1,1,1994,22,22,22,22,22,22,22,22,22,22
481769,1,1,1994,31,26,10,14,8,20,28,0,14,27
481770,0,1,1994,14,16,18,0,23,13,26,0,43,0
481770,0,5,1994,0,11,0,6,0,0,27,23,29,18
481770,1,1,1994,10,18,0,0,0,12,0,0,15,0
481771,1,1,1994,25,0,9,21,25,13,0,9,0,9
481772,1,1,1994,4,4,4,4,4,4,4,4,4,4
481773,1,1,1994,0,0,0,0,0,0,0,0,0,0
481773,2,1,1994,0,0,0,13,0,0,0,0,0,0
481774,1,1,1994,0,0,0,0,0,0,0,0,0,0
481774,2,1,1994,0,13,0,0,0,0,0,0,0,0
481774,3,1,1994,0,0,0,0,0,0,0,0,0,0
481775,1,1,1994,19,25,39,12,14,33,0,11,18,18
481776,1,1,1994,12,20,24,0,0,0,0,9,15,0
481777,1,1,1994,35,35,35,35,35,35,35,35,35,35
481777,2,1,1994,0,0,0,8,21,24,0,0,0,0
481778,1,1,1994,23,23,23,23,23,23,23,23,23,23
481779,1,1,1994,0,20,27,0,12,21,0,11,6,20
481780,1,1,1994,11,11,11,11,11,11,11,11,11,11
481780,2,1,1994,1,1,1,1,1,1,1,1,1,1
481780,3,1,1994,0,0,0,0,0,0,0,0,0,0
481781,1,1,1994,0,0,0,0,15,0,0,0,0,0
481782,1,1,1994,0,0,0,0,0,0,0,0,0,0
481782,2,1,1994,0,0,0,0,0,0,0,0,0,0
481783,0,1,1994,0,0,0,0,0,0,0,0,0,0
481783,1,1,1994,0,0,0,0,0,0,0,0,0,0
481784,1,1,1994,23,0,13,0,0,0,0,0,14,10
481785,1,1,1994,0,0,0,0,0,0,0,0,0,0
481785,2,1,1994,0,0,0,29,0,0,0,0,0,0
481786,1,1,1994,7,0,22,0,0,0,0,0,0,0
481786,2,1,1994,0,0,0,0,0,0,0,0,0,0
481787,1,1,1994,16,16,16,16,16,16,16,16,16,16
481787,2,1,1994,4,0,0,0,0,0,0,0,20,0
481788,0,1,1994,0,0,0,0,0,0,0,0,0,0
481788,0,2,1994,0,0,0,0,0,0,0,0,0,0
481788,1,1,1994,0,0,0,0,0,0,0,17,0,0
481789,1,1,1994,13,17,15,24,18,15,7,17,22,0
481789,2,1,1994,4,0,0,19,24,23,0,0,0,9
481790,1,1,1994,0,0,0,0,0,0,0,0,0,0
481791,1,1,1994,24,24,24,24,24,24,24,24,24,24
481792,1,1,1994,0,0,0,0,0,0,0,0,0,0
481792,2,1,1994,26,0,0,0,18,6,0,0,0,0
481792,3,1,1994,0,0,0,0,0,0,0,0,0,0
481793,1,1,1994,22,22,22,22,22,22,22,22,22,22
481793,2,1,1994,0,0,0,0,18,0,0,0,0,15
481793,3,1,1994,0,0,0,0,16,8,0,19,10,0
481794,1,1,1994,0,0,14,9,15,11,17,27,11,30
481795,1,1,1994,0,0,0,0,0,0,0,0,0,0
481796,1,1,1994,0,0,0,0,0,0,0,0,0,0
481797,1,1,1994,3,0,0,0,0,0,0,0,14,0
481797,2,1,1994,17,0,0,13,0,0,0,0,0,0
481798,1,1,1994,9,9,9,9,9,9,9,9,9,9
481799,1,1,1994,9,0,0,0,0,0,0,0,0,0
481799,2,1,1994,0,0,0,0,0,0,0,0,0,0
481800,1,1,1994,0,0,0,0,0,12,0,0,0,0
481800,2,1,1994,0,0,0,3,0,0,0,8,0,0
481801,1,1,1994,0,12,26,0,24,0,15,13,18,0
481802,1,1,1994,17,17,17,17,17,17,17,17,17,17
481803,1,1,1994,15,15,15,15,15,15,15,15,15,15
481803,2,1,1994,0,0,0,0,0,0,0,0,0,0
481804,0,1,1994,0,0,0,0,0,0,0,0,0,0
481804,1,1,1994,0,0,0,0,0,0,6,0,0,0
481804,2,1,1994,0,0,0,0,25,0,0,16,0,0
481804,3,1,1994,0,0,0,0,0,14,7,0,0,0
481805,1,1,1994,17,17,17,17,17,17,17,17,17,17
481805,2,1,1994,20,0,0,0,0,14,1,21,9,0
481806,1,1,1994,20,20,20,20,20,20,20,20,20,20
481807,1,1,1994,3,0,7,14,0,0,0,0,25,0
481808,1,1,1994,0,0,0,0,0,0,0,0,0,0
481809,1,1,1994,0,0,0,0,0,0,0,0,0,0
481810,1,1,1994,0,0,0,0,0,0,18,0,9,0
481810,2,1,1994,17,8,0,14,0,9,0,0,6,0
481811,1,1,1994,29,29,29,29,29,29,29,29,29,29
481812,1,1,1994,11,4,17,19,8,14,27,16,19,20
481813,0,1,1994,0,12,0,40,21,0,0,28,26,9
481813,1,1,1994,12,7,11,0,20,8,28,15,13,13
481814,1,1,1994,14,22,0,19,20,24,19,16,27,0
481815,1,1,1994,8,8,8,8,8,8,8,8,8,8
481816,1,1,1994,18,18,18,18,18,18,18,18,18,18
481817,1,1,1994,0,20,0,20,0,0,23,0,0,0
481817,2,1,1994,11,15,0,10,0,0,0,0,0,0
481818,1,1,1994,0,11,0,0,0,0,0,0,0,0
481818,2,1,1994,0,0,0,0,0,0,0,0,0,0
481819,1,1,1994,32,32,32,32,32,32,32,32,32,32
481820,0,1,1994,28,28,28,28,28,28,28,28,28,28
481820,1,1,1994,20,7,0,0,0,13,8,0,14,14
481821,1,1,1994,0,0,0,0,0,0,0,0,0,0
481822,1,1,1994,0,0,0,0,0,0,0,0,0,0
481822,2,1,1994,0,0,0,0,0,0,0,0,0,0
481823,1,1,1994,25,25,25,25,25,25,25,25,25,25
481824,1,1,1994,0,0,0,0,0,0,0,0,0,0
481824,2,1,1994,28,0,0,0,0,0,0,0,0,10
481824,3,1,1994,0,0,0,0,0,0,0,0,0,0
481825,1,1,1994,0,10,0,0,0,27,20,12,0,8
481826,1,1,1994,0,0,0,0,0,0,0,0,0,0
481826,2,1,1994,0,0,0,0,0,0,0,0,0,0
481827,1,1,1994,0,0,0,0,0,0,0,0,0,0
481827,2,1,1994,0,0,0,0,0,0,0,0,0,0
481827,3,1,1994,0,0,0,0,0,0,0,0,0,0
481828,1,1,1994,4,4,4,4,4,4,4,4,4,4
481828,2,1,1994,0,0,0,0,0,0,0,0,0,0
481829,1,1,1994,28,28,28,28,28,28,28,28,28,28
481830,1,1,1994,0,0,0,0,0,0,0,0,0,0
481831,1,1,1994,0,0,0,0,0,0,0,0,0,0
481831,2,1,1994,0,0,0,0,0,0,0,0,0,0
481832,1,1,1994,3,3,3,3,3,3,3,3,3,3
481833,0,1,1994,0,0,0,0,0,0,0,0,0,0
481833,1,1,1994,0,0,0,0,0,0,0,0,0,0
481834,1,1,1994,0,0,0,0,0,0,0,0,0,0
481834,2,1,1994,0,0,0,0,0,0,0,0,0,0
481835,0,1,1994,22,0,29,0,16,14,0,13,25,0
481835,1,1,1994,0,0,0,0,0,0,0,0,0,0
481836,1,1,1994,0,0,0,0,0,0,0,0,0,0
481836,2,1,1994,0,0,0,0,0,0,0,0,0,0
481836,3,1,1994,0,0,12,0,0,0,0,0,0,0
481837,0,1,1994,0,0,0,0,0,0,0,0,0,0
481837,1,1,1994,0,0,17,0,0,0,0,0,7,0
481838,1,1,1994,0,0,0,0,0,0,0,0,0,0
481839,1,1,1994,11,11,11,11,11,11,11,11,11,11
481839,2,1,1994,0,0,0,0,0,0,0,0,0,0
481840,1,1,1994,20,19,16,28,16,15,15,15,16,0
481841,1,1,1994,0,7,0,16,0,17,15,0,0,0
481842,1,1,1994,20,20,20,20,20,20,20,20,20,20
481842,2,1,1994,5,5,5,5,5,5,5,5,5,5
481843,1,1,1994,0,0,0,0,0,0,0,0,0,0
481843,2,1,1994,0,0,0,0,0,0,0,0,0,0
481844,0,1,1994,10,0,17,24,0,18,23,15,0,11
481844,1,1,1994,7,0,0,0,0,11,7,0,0,0
481845,0,1,1994,0,0,0,0,0,0,0,0,0,0
481845,1,1,1994,0,0,0,0,20,0,18,0,0,0
481846,1,1,1994,9,9,9,9,9,9,9,9,9,9
481847,1,1,1994,29,29,29,29,29,29,29,29,29,29
481847,2,1,1994,0,10,9,23,17,0,0,0,12,13
481848,0,1,1994,13,0,0,19,11,0,8,0,35,6
481848,1,1,1994,2,2,2,2,2,2,2,2,2,2
481849,1,1,1994,15,15,15,15,15,15,15,15,15,15
481850,0,1,1994,6,19,19,4,0,4,19,0,20,0
481850,1,1,1994,18,29,20,15,6,20,20,15,11,17
481851,1,1,1994,0,0,0,0,0,0,0,0,0,21
481852,1,1,1994,0,23,10,0,18,16,0,22,9,0
481852,2,1,1994,0,0,0,0,12,0,0,0,0,0
481853,1,1,1994,16,16,16,16,16,16,16,16,16,16
481854,1,1,1994,26,26,26,26,26,26,26,26,26,26
481854,2,1,1994,1,1,1,1,1,1,1,1,1,1
481855,1,1,1994,0,0,0,0,0,0,0,0,0,0
481855,2,1,1994,0,0,0,0,0,0,0,0,0,0
481855,3,1,1994,0,0,0,0,0,0,0,0,0,0
481856,1,1,1994,19,19,19,19,19,19,19,19,19,19
481857,1,1,1994,4,4,4,4,4,4,4,4,4,4
481857,2,1,1994,0,0,11,0,0,0,0,0,5,0
481857,3,1,1994,0,0,0,0,0,10,10,0,0,0
481858,0,1,1994,0,0,0,0,26,0,0,0,0,18
481858,1,1,1994,13,36,11,16,12,27,20,17,27,23
481859,1,1,1994,0,0,0,0,0,0,3,0,0,0
481859,2,1,1994,6,0,0,8,8,20,0,0,15,12
481860,1,1,1994,7,2,15,10,21,0,9,24,11,35
481860,2,1,1994,0,5,0,10,0,0,0,0,10,0
481861,1,1,1994,0,0,0,20,0,11,0,0,0,0
481861,2,1,1994,20,20,20,20,20,20,20,20,20,20
481862,1,1,1994,0,0,0,0,0,0,0,15,0,0
481862,2,1,1994,0,0,0,0,0,0,0,28,0,0
481862,3,1,1994,0,0,5,0,0,0,0,0,0,0
481863,1,1,1994,18,18,18,18,18,18,18,18,18,18
481864,1,1,1994,24,24,24,24,24,24,24,24,24,24
481865,1,1,1994,8,8,8,8,8,8,8,8,8,8
481866,1,1,1994,13,13,13,13,13,13,13,13,13,13
481867,0,1,1994,0,0,0,0,0,0,0,0,0,0
481867,0,2,1994,0,0,0,0,0,0,0,0,0,0
481867,1,1,1994,0,0,0,0,0,0,0,0,10,0
481868,1,1,1994,0,0,0,0,0,0,0,0,0,0
481868,2,1,1994,0,0,0,0,0,0,0,0,0,0
481869,0,1,1994,0,0,0,0,0,0,0,0,0,0
481869,1,1,1994,0,0,0,0,0,0,0,0,0,0
481870,1,1,1994,4,4,4,4,4,4,4,4,4,4
481870,2,1,1994,10,2,0,8,7,0,0,20,0,12
481871,1,1,1994,13,13,13,13,13,13,13,13,13,13
481872,1,1,1994,10,8,11,0,14,16,0,11,9,14
481873,0,1,1994,29,29,29,29,29,29,29,29,29,29
481873,1,1,1994,10,10,10,10,10,10,10,10,10,10
481874,1,1,1994,8,8,8,8,8,8,8,8,8,8
481875,1,1,1994,5,0,0,0,0,0,0,0,0,0
481875,2,1,1994,0,0,0,0,0,0,0,0,0,0
481875,3,1,1994,0,0,0,0,0,0,12,0,0,0
481876,1,1,1994,0,0,0,0,0,0,0,0,0,0
481876,2,1,1994,6,6,6,6,6,6,6,6,6,6
481877,1,1,1994,10,0,11,7,11,28,11,15,6,4
481877,2,1,1994,0,0,0,0,11,0,0,0,6,0
481878,1,1,1994,4,4,4,4,4,4,4,4,4,4
481878,2,1,1994,0,0,0,0,0,0,0,0,0,0
481879,1,1,1994,20,20,20,20,20,20,20,20,20,20
481880,1,1,1994,12,0,0,0,0,0,0,0,0,0
481881,1,1,1994,0,0,13,0,0,0,10,0,0,0
481881,2,1,1994,0,0,0,8,10,0,8,0,0,0
481882,1,1,1994,0,0,0,0,0,0,0,0,0,0
481883,0,1,1994,0,28,0,11,30,25,19,42,0,28
481883,1,1,1994,20,14,31,0,0,37,27,16,0,0
481884,1,1,1994,4,4,4,4,4,4,4,4,4,4
481885,1,1,1994,0,0,0,11,0,0,0,0,0,0
481886,1,1,1994,0,5,8,10,7,0,0,16,11,10
481887,1,1,1994,0,0,0,0,0,0,0,0,0,0
481887,2,1,1994,0,0,0,0,0,0,0,0,0,0
481888,1,1,1994,0,0,0,0,0,0,0,0,0,5
481889,1,1,1994,16,16,16,16,16,16,16,16,16,16
481890,1,1,1994,0,0,0,0,0,0,0,0,0,0
481890,2,1,1994,0,0,0,0,0,0,0,0,0,0
481891,1,1,1994,0,0,0,0,0,0,0,14,0,0
481891,2,1,1994,0,0,0,4,0,0,22,0,0,0
481892,1,1,1994,0,0,0,23,0,18,0,17,0,0
481892,2,1,1994,0,0,0,12,0,0,0,0,0,0
481892,3,1,1994,0,0,0,0,8,0,0,0,0,0
481893,1,1,1994,24,0,0,13,9,23,14,0,0,25
481894,0,1,1994,29,29,29,29,29,29,29,29,29,29
481894,1,1,1994,0,0,0,0,0,0,0,0,0,0
481895,0,1,1994,0,0,0,0,0,0,0,0,0,0
481895,1,1,1994,0,0,0,0,0,0,0,8,0,0
481896,1,1,1994,0,0,0,0,0,0,0,0,0,0
481897,1,1,1994,13,0,0,0,10,0,0,0,0,12
481898,1,1,1994,0,0,0,0,0,0,0,0,0,0
481898,2,1,1994,0,29,0,33,0,0,24,0,0,0
481899,0,1,1994,0,19,0,19,0,0,0,0,0,0
481899,1,1,1994,0,0,0,0,0,0,20,0,0,0
481900,1,1,1994,0,0,0,6,0,0,0,0,0,12
481900,2,1,1994,0,0,0,0,0,0,0,0,0,0
481901,1,1,1994,0,0,0,0,6,0,0,10,0,0
481902,1,1,1994,28,28,28,28,28,28,28,28,28,28
481903,1,1,1994,17,17,17,17,17,17,17,17,17,17
481904,1,1,1994,18,18,18,18,18,18,18,18,18,18
481905,1,1,1994,0,0,0,0,0,0,0,0,0,0
481906,1,1,1994,0,0,0,0,0,0,0,0,0,0
481906,2,1,1994,0,0,0,18,0,0,0,0,0,0
481907,1,1,1994,10,10,10,10,10,10,10,10,10,10
481907,2,1,1994,11,0,0,7,26,0,0,11,6,0
481908,1,1,1994,0,0,16,0,0,6,0,0,10,0
481908,2,1,1994,0,0,38,0,0,0,0,0,0,0
481909,0,1,1994,11,21,7,0,22,0,0,9,0,14
481909,1,1,1994,0,0,0,0,0,0,0,0,0,0
481910,2,1,1994,17,17,17,17,17,17,17,17,17,17
481911,1,1,1994,0,0,0,0,0,0,0,0,0,0
481911,2,1,1994,0,0,0,0,0,0,0,0,0,0
481911,3,1,1994,0,0,0,15,0,0,0,0,3,0
481912,1,1,1994,4,30,0,0,28,3,17,0,13,15
481913,1,1,1994,29,29,29,29,29,29,29,29,29,29
481913,2,1,1994,0,0,0,0,0,0,0,0,13,13
481914,1,1,1994,0,0,0,0,0,0,0,0,0,0
481915,1,1,1994,0,0,0,0,0,0,0,0,0,0
481916,1,1,1994,24,24,24,24,24,24,24,24,24,24
481917,1,1,1994,6,6,6,6,6,6,6,6,6,6
481918,0,1,1994,0,0,0,0,0,0,0,0,0,0
481918,1,1,1994,22,22,22,22,22,22,22,22,22,22
481918,2,1,1994,20,0,27,0,0,29,0,0,0,0
481919,1,1,1994,13,13,13,13,13,13,13,13,13,13
481920,1,1,1994,24,24,24,24,24,24,24,24,24,24
481920,2,1,1994,29,29,29,29,29,29,29,29,29,29
481921,1,1,1994,0,0,0,0,0,0,0,0,0,0
481921,2,1,1994,0,0,0,0,0,0,0,0,0,0
481922,0,1,1994,0,0,16,0,0,0,19,0,0,0
481922,0,2,1994,17,0,0,0,0,0,0,14,0,0
481922,1,1,1994,0,0,0,0,0,0,0,0,0,0
481922,2,1,1994,15,0,0,0,0,0,0,3,0,0
481923,1,1,1994,27,27,27,27,27,27,27,27,27,27
481924,1,1,1994,0,0,3,23,0,8,0,0,0,0
481924,2,1,1994,0,9,4,0,0,20,0,18,0,0
481925,1,1,1994,0,0,0,0,0,0,0,0,0,0
481925,2,1,1994,0,0,10,0,0,0,0,0,0,0
481926,0,1,1994,18,18,18,18,18,18,18,18,18,18
481926,1,1,1994,0,23,49,25,36,17,0,0,37,26
481927,1,1,1994,0,10,0,12,0,0,28,0,5,0
481928,0,1,1994,26,26,26,26,26,26,26,26,26,26
481928,1,1,1994,14,0,0,0,0,0,0,0,9,0
481929,1,1,1994,11,11,11,11,11,11,11,11,11,11
481929,2,1,1994,0,0,5,0,0,0,0,0,6,0
481929,3,1,1994,10,12,10,2,7,20,19,0,16,13
481930,1,1,1994,0,0,0,0,0,0,0,0,0,0
481931,1,1,1994,0,0,0,0,15,0,0,0,0,0
481931,2,1,1994,0,0,0,0,0,0,0,0,0,0
481932,1,1,1994,0,0,0,0,0,0,0,0,0,0
481932,2,1,1994,0,0,0,0,0,22,0,0,0,0
481933,1,1,1994,22,22,22,22,22,22,22,22,22,22
481934,1,1,1994,17,17,17,17,17,17,17,17,17,17
481935,1,1,1994,19,19,19,19,19,19,19,19,19,19
481936,1,1,1994,0,0,0,0,0,0,0,0,0,0
481936,2,1,1994,0,0,0,0,0,9,0,0,0,0
481937,1,1,1994,12,13,0,25,0,6,29,11,0,14
481938,1,1,1994,17,17,17,17,17,17,17,17,17,17
481938,2,1,1994,0,0,0,0,0,0,0,0,0,0
481939,1,1,1994,25,25,25,25,25,25,25,25,25,25
481940,1,1,1994,16,0,0,6,0,0,0,0,0,0
481940,2,1,1994,0,0,0,0,0,0,0,0,0,7
481941,1,1,1994,0,0,0,0,0,0,0,0,0,0
481942,1,1,1994,0,0,0,0,0,31,17,0,0,0
481943,1,1,1994,22,22,22,22,22,22,22,22,22,22
481944,1,1,1994,11,17,11,6,10,13,11,0,9,15
481945,1,1,1994,21,21,21,21,21,21,21,21,21,21
481945,2,1,1994,0,0,0,0,0,0,0,0,0,0
481946,1,1,1994,0,0,0,0,0,0,0,0,0,0
481947,1,1,1994,0,0,0,0,0,0,0,0,0,0
481947,2,1,1994,0,0,0,0,0,0,0,0,0,0
481948,2,1,1994,16,16,16,16,16,16,16,16,16,16
481949,0,1,1994,0,0,28,0,0,19,0,0,0,0
481949,1,1,1994,0,0,0,0,0,0,0,0,0,0
481950,1,1,1994,17,17,17,17,17,17,17,17,17,17
481951,1,1,1994,0,0,0,0,0,0,0,0,0,21
481951,2,1,1994,7,0,0,0,0,0,0,0,0,0
481952,1,1,1994,25,0,29,11,0,0,0,0,18,19
481953,0,1,1994,15,21,35,17,32,20,0,24,0,23
481953,1,1,1994,9,19,0,19,0,0,0,16,0,0
481954,1,1,1994,0,0,0,0,0,0,0,0,0,0
481954,2,1,1994,0,0,0,0,0,0,0,0,0,0
481955,0,1,1994,32,0,11,0,0,16,21,7,14,44
481955,1,1,1994,18,18,18,18,18,18,18,18,18,18
481956,1,1,1994,0,0,0,0,0,0,0,0,0,0
481957,1,1,1994,14,14,14,14,14,14,14,14,14,14
481957,2,1,1994,0,0,0,4,20,0,18,0,13,0
481958,0,1,1994,0,0,14,17,0,12,0,0,0,0
481958,0,2,1994,0,0,0,0,0,0,0,0,0,7
481958,1,1,1994,12,0,11,0,7,8,0,0,14,16
481959,1,1,1994,0,10,0,0,0,0,0,0,0,0
481960,1,1,1994,0,0,0,0,0,0,0,0,0,0
481960,2,1,1994,0,0,0,20,0,0,12,0,0,0
481960,3,1,1994,0,0,0,0,0,0,0,9,0,0
481961,0,1,1994,7,12,0,0,0,16,0,0,0,0
481961,0,2,1994,13,25,0,0,0,26,0,0,0,13
481961,0,3,1994,0,19,24,0,18,0,21,0,0,0
481961,1,1,1994,0,0,0,0,0,0,0,0,0,0
481962,1,1,1994,0,0,0,0,0,0,0,0,0,0
481962,2,1,1994,0,0,0,0,0,0,0,0,0,0
481963,1,1,1994,0,0,0,0,0,0,0,0,0,0
481963,2,1,1994,0,0,0,0,0,0,0,0,0,0
481964,1,1,1994,20,20,20,20,20,20,20,20,20,20
481964,2,1,1994,0,0,0,0,20,0,0,24,0,15
481965,1,1,1994,27,27,27,27,27,27,27,27,27,27
481966,1,1,1994,0,0,0,0,0,0,0,0,0,0
481967,1,1,1994,0,0,11,0,0,0,0,0,28,0
481967,2,1,1994,9,9,9,9,9,9,9,9,9,9
481968,1,1,1994,28,28,28,28,28,28,28,28,28,28
481969,1,1,1994,0,0,0,0,0,0,0,0,0,0
481969,2,1,1994,0,0,0,0,0,0,0,0,0,0
481970,1,1,1994,16,16,16,16,16,16,16,16,16,16
481971,1,1,1994,1,1,1,1,1,1,1,1,1,1
481971,2,1,1994,0,0,0,0,0,0,0,0,0,0
481972,1,1,1994,22,22,22,22,22,22,22,22,22,22
481973,1,1,1994,17,17,18,20,37,29,24,19,18,14
481973,2,1,1994,26,26,26,26,26,26,26,26,26,26
481974,1,1,1994,9,9,9,9,9,9,9,9,9,9
481975,1,1,1994,0,12,26,0,23,0,18,16,0,0
481975,2,1,1994,0,0,29,14,0,0,0,28,6,0