ST_CASE,VEH_NO,PER_NO,YEAR,P1,P2,P3,P4,P5,P6,P7,P8,P9,P10
481976,1,1,1994,31,14,16,18,26,0,27,24,19,19
481977,1,1,1994,9,20,0,4,0,8,22,17,15,35
481978,1,1,1994,18,38,0,23,22,12,0,10,20,8
481979,1,1,1994,16,10,24,20,25,18,11,23,10,31
481979,2,1,1994,0,9,0,0,0,0,0,6,0,27
481980,1,1,1994,17,17,17,17,17,17,17,17,17,17
481981,1,1,1994,23,23,23,23,23,23,23,23,23,23
481981,2,1,1994,11,0,0,10,0,0,0,8,0,0
481982,1,1,1994,22,22,22,22,22,22,22,22,22,22
481983,1,1,1994,30,30,30,30,30,30,30,30,30,30
481984,1,1,1994,0,0,13,0,0,0,0,13,22,0
481985,0,1,1994,38,38,38,38,38,38,38,38,38,38
481985,1,1,1994,0,0,0,0,12,0,0,4,0,12
481986,1,1,1994,34,13,19,24,11,26,8,24,11,5
481987,1,1,1994,0,0,0,0,0,0,0,0,0,0
481988,1,1,1994,16,16,16,16,16,16,16,16,16,16
481988,2,1,1994,0,0,10,0,0,23,0,8,0,0
481989,1,1,1994,0,0,0,0,0,0,0,0,0,0
481989,2,1,1994,0,0,0,0,0,0,0,0,0,0
481989,3,1,1994,0,0,0,0,0,0,0,0,0,0
481990,1,1,1994,0,0,0,0,0,0,0,0,0,0
481990,2,1,1994,0,0,0,0,0,0,0,0,0,0
481991,0,1,1994,14,14,14,14,14,14,14,14,14,14
481991,1,1,1994,0,0,0,26,0,18,23,7,8,28
481992,1,1,1994,0,0,0,0,0,0,0,0,18,0
481992,2,1,1994,0,0,0,0,0,0,0,0,0,0
481993,1,1,1994,0,0,0,0,0,0,0,0,0,0
481993,2,1,1994,0,0,0,0,0,0,0,0,0,0
481994,1,1,1994,0,0,0,0,0,0,0,0,0,0
481995,1,1,1994,16,16,16,16,16,16,16,16,16,16
481996,1,1,1994,24,20,16,22,17,19,15,18,15,23
481997,1,1,1994,0,0,0,0,0,0,0,0,0,0
481997,2,1,1994,0,0,0,0,0,0,0,0,0,0
481998,1,1,1994,0,0,0,0,0,0,0,0,0,0
481998,2,1,1994,0,0,0,0,0,0,0,0,0,0
481999,0,1,1994,0,13,0,17,0,0,0,0,0,0
481999,1,1,1994,12,0,0,0,0,0,0,0,0,0
482000,0,1,1994,15,15,15,15,15,15,15,15,15,15
482000,1,1,1994,0,15,14,12,7,13,0,0,0,0
482001,0,1,1994,0,12,0,0,0,14,0,0,0,0
482001,1,1,1994,0,0,0,20,0,0,0,0,0,14
482002,1,1,1994,0,0,0,0,0,0,0,0,0,0
482003,1,1,1994,0,0,0,20,24,0,34,17,0,0
482004,0,1,1994,11,5,0,0,0,0,0,11,0,12
482004,1,1,1994,25,0,0,0,8,0,0,0,0,9
482005,1,1,1994,0,28,0,0,15,0,0,22,0,16
482006,1,1,1994,12,12,12,12,12,12,12,12,12,12
482006,2,1,1994,0,0,0,0,0,0,0,0,0,0
482007,1,1,1994,22,22,22,22,22,22,22,22,22,22
482008,1,1,1994,8,0,0,7,0,0,23,13,0,16
482009,0,1,1994,0,22,32,0,23,0,0,20,10,18
482009,0,2,1994,0,0,0,6,25,0,0,0,0,12
482009,1,1,1994,22,22,22,22,22,22,22,22,22,22
482009,2,1,1994,23,0,0,0,0,7,20,9,0,0
482010,1,1,1994,20,14,40,38,23,14,9,22,25,19
482011,1,1,1994,37,37,37,37,37,37,37,37,37,37
482012,0,1,1994,14,35,45,22,0,0,9,40,11,42
482012,1,1,1994,1,7,0,0,8,0,0,0,0,17
482013,1,1,1994,0,0,0,0,0,0,0,0,0,0
482013,2,1,1994,0,0,0,0,0,0,0,0,0,0
482014,0,1,1994,0,0,0,0,0,0,0,0,0,0
482014,0,2,1994,30,0,17,18,26,0,0,0,5,24
482014,1,1,1994,23,0,0,0,0,0,0,8,0,0
482015,1,1,1994,15,6,6,0,7,18,15,0,0,10
482016,1,1,1994,0,0,0,0,0,0,0,0,0,0
482017,1,1,1994,26,26,26,26,26,26,26,26,26,26
482017,2,1,1994,0,0,0,0,0,0,0,0,0,0
482017,3,1,1994,0,0,0,13,0,0,0,0,0,0
482017,4,1,1994,0,0,0,0,0,0,0,0,0,0
482018,1,1,1994,10,0,0,0,0,0,0,0,0,0
482018,2,1,1994,0,0,0,0,0,0,0,0,0,0
482019,1,1,1994,0,0,0,0,0,0,10,27,0,31
482019,2,1,1994,18,13,15,14,28,11,10,16,19,14
482020,0,1,1994,0,25,0,21,0,0,0,0,0,0
482020,1,1,1994,0,0,0,0,0,0,0,0,0,0
482021,1,1,1994,8,24,10,30,11,24,10,20,8,7
482021,2,1,1994,0,0,0,0,0,0,0,0,0,0
482022,1,1,1994,0,0,9,12,15,27,17,13,19,7
482023,1,1,1994,25,25,25,25,25,25,25,25,25,25
482024,1,1,1994,0,0,0,0,0,0,0,0,0,0
482024,2,1,1994,0,0,0,0,0,0,0,0,0,0
482025,0,1,1994,6,6,6,6,6,6,6,6,6,6
482025,1,1,1994,0,0,5,0,0,15,0,0,0,7
482026,1,1,1994,13,0,0,0,0,0,0,0,0,0
482027,1,1,1994,13,13,13,13,13,13,13,13,13,13
482028,1,1,1994,26,26,26,26,26,26,26,26,26,26
482029,0,1,1994,25,0,0,0,0,0,28,0,20,0
482029,1,1,1994,21,0,10,0,0,0,0,0,0,0
482029,2,1,1994,0,14,0,7,0,14,0,0,16,0
482030,1,1,1994,0,0,0,0,0,0,0,0,0,0
482031,1,1,1994,12,12,12,12,12,12,12,12,12,12
482032,1,1,1994,0,0,0,0,0,10,0,13,0,0
482033,1,1,1994,23,23,23,23,23,23,23,23,23,23
482034,1,1,1994,0,0,0,0,11,0,0,14,0,0
482035,1,1,1994,0,0,0,21,13,10,15,8,0,10
482035,2,1,1994,24,0,20,10,0,0,31,0,0,0
482035,3,1,1994,0,0,14,16,0,0,15,13,23,19
482036,1,1,1994,0,0,0,0,0,0,0,0,0,0
482036,2,1,1994,0,0,0,0,18,18,0,0,0,0
482037,1,1,1994,21,21,21,21,21,21,21,21,21,21
482037,2,1,1994,0,15,0,0,0,0,0,0,14,0
482038,1,1,1994,3,33,25,23,9,16,10,8,9,6
482038,2,1,1994,0,0,15,0,18,0,0,3,0,0
482039,1,1,1994,12,12,12,12,12,12,12,12,12,12
482040,1,1,1994,0,12,11,18,22,0,16,0,0,20
482041,1,1,1994,13,13,13,13,13,13,13,13,13,13
482041,2,1,1994,0,0,0,0,0,0,0,0,0,0
482042,0,1,1994,10,15,0,31,12,0,0,0,0,14
482042,1,1,1994,0,14,4,0,0,0,0,0,0,0
482043,1,1,1994,19,19,19,19,19,19,19,19,19,19
482044,1,1,1994,0,0,0,0,0,0,0,0,0,0
482044,2,1,1994,0,0,0,0,5,0,0,24,0,0
482045,1,1,1994,0,0,12,0,0,0,9,0,0,0
482045,2,1,1994,0,0,0,0,0,0,0,0,0,0
482046,1,1,1994,27,27,27,27,27,27,27,27,27,27
482047,0,1,1994,0,26,0,0,0,26,0,0,21,0
482047,1,1,1994,11,16,0,0,0,0,0,0,0,0
482048,0,1,1994,0,0,0,0,0,0,0,0,0,0
482048,1,1,1994,0,0,0,0,0,0,0,0,0,0
482049,1,1,1994,1,1,1,1,1,1,1,1,1,1
482050,1,1,1994,0,0,0,0,0,0,0,0,0,0
482050,2,1,1994,19,0,0,0,14,0,0,0,0,0
482051,1,1,1994,7,0,0,0,0,0,29,0,0,0
482051,2,1,1994,0,0,0,0,0,0,0,0,0,0
482052,1,1,1994,0,0,0,0,0,0,0,0,0,0
482053,0,1,1994,0,0,0,0,0,0,0,0,0,0
482053,1,1,1994,0,0,0,0,13,0,0,0,0,26
482054,1,1,1994,0,0,14,0,0,0,0,0,0,0
482054,2,1,1994,0,0,0,0,0,0,0,0,0,0
482055,0,1,1994,0,0,0,0,0,0,0,0,0,0
482055,1,1,1994,0,0,0,7,0,0,0,0,0,0
482056,1,1,1994,33,33,33,33,33,33,33,33,33,33
482056,2,1,1994,0,0,0,0,0,0,0,0,0,0
482057,1,1,1994,0,0,0,0,0,0,0,0,0,0
482057,2,1,1994,0,0,0,0,0,0,0,0,0,0
482058,1,1,1994,19,0,0,0,0,0,9,0,0,0
482059,1,1,1994,19,19,19,19,19,19,19,19,19,19
482060,1,1,1994,0,0,0,0,0,0,0,0,2,0
482060,2,1,1994,0,0,0,0,0,0,0,0,0,0
482060,3,1,1994,0,0,0,0,0,0,0,0,0,0
482061,1,1,1994,0,0,0,0,0,0,6,0,0,0
482062,1,1,1994,0,0,0,0,0,0,0,0,0,0
482063,1,1,1994,0,0,0,0,0,0,5,0,0,0
482063,2,1,1994,0,0,0,0,0,0,0,0,0,0
482064,0,1,1994,0,0,0,0,0,0,0,0,0,0
482064,1,1,1994,0,0,0,0,0,0,0,0,0,0
482065,0,1,1994,17,19,21,14,18,5,3,2,0,0
482065,1,1,1994,0,5,39,0,9,21,0,0,7,0
482066,0,1,1994,0,0,0,0,0,0,0,0,0,0
482066,1,1,1994,0,0,0,0,0,0,0,0,0,0
482067,0,1,1994,0,0,17,0,0,0,0,59,0,0
482067,1,1,1994,0,0,0,0,0,0,0,0,0,0
482068,1,1,1994,0,18,0,31,12,15,0,0,0,0
482069,1,1,1994,0,0,0,0,0,0,0,0,0,0
482069,2,1,1994,3,0,0,0,0,21,0,0,0,0
482070,1,1,1994,0,18,21,16,12,12,20,0,0,0
482071,1,1,1994,0,0,0,0,0,0,0,0,0,0
482071,2,1,1994,0,0,0,0,0,0,0,6,0,0
482072,1,1,1994,0,0,0,0,0,0,0,0,0,0
482072,2,1,1994,0,0,0,0,0,0,0,0,0,12
482073,1,1,1994,0,0,0,0,0,0,0,0,0,0
482073,2,1,1994,25,25,25,25,25,25,25,25,25,25
482074,1,1,1994,34,34,34,34,34,34,34,34,34,34
482075,0,1,1994,0,39,0,0,0,0,0,16,0,0
482075,1,1,1994,0,0,0,5,0,10,20,20,0,12
482076,1,1,1994,11,11,11,11,11,11,11,11,11,11
482077,1,1,1994,0,0,0,19,13,0,0,0,0,0
482078,1,1,1994,0,0,0,0,0,0,0,0,0,0
482078,2,1,1994,11,6,0,0,0,0,0,0,0,0
482079,1,1,1994,17,17,17,17,17,17,17,17,17,17
482080,1,1,1994,11,11,11,11,11,11,11,11,11,11
482081,1,1,1994,0,2,27,0,0,0,15,0,0,16
482082,0,1,1994,8,8,8,8,8,8,8,8,8,8
482082,1,1,1994,11,11,11,11,11,11,11,11,11,11
482083,1,1,1994,0,0,0,0,18,0,0,0,0,17
482084,1,1,1994,23,23,23,23,23,23,23,23,23,23
482084,2,1,1994,0,0,0,0,0,0,0,0,0,0
482085,1,1,1994,21,21,21,21,21,21,21,21,21,21
482086,1,1,1994,0,0,0,0,0,0,0,0,0,0
482087,1,1,1994,10,18,12,8,17,19,4,41,22,9
482088,1,1,1994,11,11,11,11,11,11,11,11,11,11
482089,1,1,1994,20,11,24,11,4,0,24,27,13,23
482089,2,1,1994,0,0,0,13,0,32,0,0,0,0
482090,1,1,1994,13,13,13,13,13,13,13,13,13,13
482090,2,1,1994,0,0,0,20,11,0,29,34,0,0
482091,1,1,1994,0,0,0,0,0,0,0,0,0,0
482091,2,1,1994,0,0,0,0,0,0,0,0,0,0
482092,1,1,1994,4,4,4,4,4,4,4,4,4,4
482092,2,1,1994,8,8,8,8,8,8,8,8,8,8
482093,1,1,1994,23,23,23,23,23,23,23,23,23,23
482093,2,1,1994,0,0,0,0,0,0,0,7,0,0
482094,1,1,1994,0,13,15,24,32,20,10,11,37,12
482095,1,1,1994,13,13,13,13,13,13,13,13,13,13
482096,1,1,1994,18,18,18,18,18,18,18,18,18,18
482096,2,1,1994,0,0,0,0,20,0,0,0,0,0
482096,3,1,1994,0,0,21,0,14,0,0,0,0,0
482097,1,1,1994,0,0,0,0,0,0,0,0,0,0
482098,0,1,1994,21,21,21,21,21,21,21,21,21,21
482098,1,1,1994,0,16,0,0,0,0,0,0,0,0
482099,1,1,1994,0,0,0,0,0,0,0,0,0,0
482099,2,1,1994,0,0,0,0,0,0,0,0,0,0
482100,1,1,1994,0,0,0,0,0,19,0,0,0,0
482100,2,1,1994,0,0,0,0,0,0,0,0,0,0
482100,3,1,1994,0,0,0,0,0,0,0,0,0,0
482101,1,1,1994,6,6,6,6,6,6,6,6,6,6
482102,1,1,1994,0,0,0,0,0,0,20,0,0,0
482103,1,1,1994,0,0,0,0,0,0,0,0,0,0
482104,0,1,1994,0,0,0,0,0,9,0,27,0,0
482104,1,1,1994,0,0,0,0,0,0,0,0,0,0
482105,1,1,1994,0,0,0,0,0,0,0,0,14,0
482105,2,1,1994,0,0,0,28,0,0,20,20,0,0
482106,1,1,1994,0,0,0,0,0,0,0,0,0,0
482106,2,1,1994,17,0,0,0,0,0,0,0,0,0
482107,1,1,1994,14,24,0,8,0,0,19,27,10,22
482108,1,1,1994,0,0,0,0,0,0,0,0,0,0
482108,2,1,1994,0,0,0,0,0,0,0,0,0,0
482108,3,1,1994,0,0,0,0,0,0,0,0,5,0
482109,1,1,1994,0,0,0,0,0,0,0,0,0,0
482109,2,1,1994,0,0,0,0,0,0,0,0,0,0
482110,1,1,1994,0,0,0,0,0,0,0,0,0,0
482110,2,1,1994,0,0,0,0,0,0,0,0,0,0
482110,3,1,1994,0,0,0,0,0,0,0,0,0,0
482111,1,1,1994,18,0,0,7,0,0,0,0,0,16
482111,2,1,1994,0,0,0,0,0,0,0,0,0,0
482112,1,1,1994,0,0,9,0,0,10,0,0,0,0
482113,1,1,1994,6,6,6,6,6,6,6,6,6,6
482114,1,1,1994,16,10,18,0,9,0,10,15,18,40
482115,0,1,1994,0,0,0,0,0,0,0,0,0,0
482115,1,1,1994,0,0,0,0,0,0,0,0,0,0
482116,1,1,1994,0,0,0,0,0,0,0,0,0,0
482116,2,1,1994,0,0,0,0,0,0,0,0,0,0
482116,3,1,1994,0,0,0,0,0,0,0,0,0,0
482117,1,1,1994,0,0,0,0,0,0,0,0,0,0
482118,1,1,1994,0,0,10,0,13,12,0,0,0,16
482118,2,1,1994,14,12,11,18,24,29,11,3,18,21
482119,1,1,1994,13,13,16,11,9,17,18,0,0,7
482120,1,1,1994,0,0,0,0,0,0,0,0,0,0
482120,2,1,1994,0,0,0,0,0,0,0,0,0,0
482121,1,1,1994,13,13,13,13,13,13,13,13,13,13
482122,1,1,1994,0,0,0,0,0,0,0,0,0,0
482122,2,1,1994,0,0,0,0,0,0,0,0,0,0
482123,1,1,1994,32,32,32,32,32,32,32,32,32,32
482124,1,1,1994,0,0,0,0,0,0,0,0,0,0
482124,2,1,1994,4,0,0,0,0,0,0,0,0,0
482124,3,1,1994,0,0,0,0,0,0,0,0,0,24
482125,0,1,1994,0,0,29,0,39,0,0,0,0,9
482125,1,1,1994,0,0,0,0,0,0,0,0,0,0
482126,1,1,1994,31,31,31,31,31,31,31,31,31,31
482127,1,1,1994,0,0,0,33,14,0,0,0,0,0
482127,2,1,1994,0,0,0,0,0,0,0,0,0,0
482128,1,1,1994,13,13,13,13,13,13,13,13,13,13
482129,1,1,1994,32,32,32,32,32,32,32,32,32,32
482130,1,1,1994,13,26,20,28,13,8,23,24,0,31
482131,1,1,1994,18,0,0,0,17,0,0,0,22,20
482131,2,1,1994,0,0,0,0,0,0,0,0,0,0
482132,1,1,1994,0,0,0,0,0,0,0,0,0,0
482132,2,1,1994,0,0,0,10,0,3,0,0,0,0
482133,1,1,1994,0,0,0,0,0,0,0,0,0,0
482133,2,1,1994,12,4,0,19,0,0,0,21,18,20
482134,0,1,1994,33,33,33,33,33,33,33,33,33,33
482134,1,1,1994,0,0,0,0,0,0,0,0,0,0
482135,1,1,1994,0,0,0,0,0,0,0,0,0,0
482135,2,1,1994,0,0,0,0,0,0,0,0,0,0
482136,1,1,1994,23,23,23,23,23,23,23,23,23,23
482137,1,1,1994,31,7,9,10,24,12,18,9,4,6
482138,1,1,1994,11,11,11,11,11,11,11,11,11,11
482138,2,1,1994,4,4,4,4,4,4,4,4,4,4
482139,1,1,1994,0,0,0,0,0,0,0,0,0,0
482140,0,1,1994,0,0,20,0,8,0,0,0,0,0
482140,1,1,1994,0,0,9,0,0,0,0,15,0,0
482141,1,1,1994,0,0,0,18,7,0,0,0,8,0
482141,2,1,1994,0,0,0,0,0,0,0,0,0,0
482142,0,1,1994,0,0,0,0,0,0,0,0,0,0
482142,1,1,1994,0,0,0,0,0,0,0,0,0,0
482143,1,1,1994,0,17,15,27,12,0,20,28,19,0
482143,2,1,1994,23,0,0,0,0,0,0,0,0,8
482144,1,1,1994,12,0,0,0,0,6,7,17,14,0
482144,2,1,1994,7,0,16,0,0,11,9,20,0,0
482145,1,1,1994,11,11,19,11,33,0,14,18,28,0
482145,2,1,1994,21,21,21,21,21,21,21,21,21,21
482146,0,1,1994,0,56,0,0,0,0,0,0,0,19
482146,0,2,1994,0,0,0,0,0,0,0,0,0,0
482146,0,3,1994,0,11,0,0,0,8,0,0,0,11
482146,1,1,1994,5,5,5,5,5,5,5,5,5,5
482147,1,1,1994,4,5,29,19,19,0,26,25,31,18
482147,2,1,1994,0,0,0,0,20,0,0,0,0,0
482148,1,1,1994,0,0,0,0,0,0,0,0,0,0
482148,2,1,1994,0,0,0,0,0,0,0,0,0,0
482149,1,1,1994,24,24,24,24,24,24,24,24,24,24
482150,1,1,1994,22,38,16,13,29,0,0,0,25,27
482151,0,1,1994,31,23,0,0,17,28,20,32,30,19
482151,1,1,1994,0,0,28,0,0,3,14,0,0,0
482152,1,1,1994,31,31,31,31,31,31,31,31,31,31
482153,1,1,1994,0,0,0,0,0,0,0,0,0,0
482153,2,1,1994,0,0,0,0,0,0,0,0,0,0
482154,1,1,1994,11,0,0,0,40,13,7,7,16,0
482155,1,1,1994,21,21,21,21,21,21,21,21,21,21
482155,2,1,1994,0,0,0,0,0,0,0,0,0,0
482156,1,1,1994,0,0,0,0,0,0,0,0,0,0
482156,2,1,1994,0,0,0,0,0,0,4,0,0,0
482157,1,1,1994,0,0,0,0,0,0,0,0,0,0
482158,1,1,1994,0,0,0,0,0,0,0,0,0,0
482159,0,1,1994,0,0,0,0,0,0,0,0,0,0
482159,1,1,1994,4,0,5,14,0,0,0,14,0,15
482160,1,1,1994,0,0,0,0,0,0,0,0,0,0
482161,1,1,1994,15,15,15,15,15,15,15,15,15,15
482161,2,1,1994,0,0,0,0,0,0,0,0,17,0
482162,1,1,1994,0,0,0,0,0,0,0,0,0,0
482162,2,1,1994,0,0,0,0,0,0,0,0,0,0
482162,3,1,1994,0,0,0,0,0,0,0,0,0,0
482163,1,1,1994,0,0,0,0,0,0,0,0,0,0
482163,2,1,1994,0,0,0,0,0,0,0,0,10,0
482164,0,1,1994,0,0,0,0,25,15,0,0,0,0
482164,1,1,1994,23,0,0,0,0,0,0,0,0,0
482165,1,1,1994,34,34,34,34,34,34,34,34,34,34
482165,2,1,1994,2,2,2,2,2,2,2,2,2,2
482166,1,1,1994,0,19,12,18,26,19,27,28,15,27
482167,1,1,1994,0,3,0,0,0,16,0,0,0,0
482168,1,1,1994,0,0,0,0,0,0,0,0,0,0
482168,2,1,1994,0,0,0,0,0,0,0,0,0,0
482169,1,1,1994,0,0,0,0,0,0,0,0,0,0
482169,2,1,1994,4,0,0,0,0,0,0,0,0,0
482170,1,1,1994,0,0,0,0,0,0,0,0,0,0
482171,1,1,1994,0,0,0,0,0,0,0,0,0,0
482171,2,1,1994,0,0,0,0,0,0,0,0,0,0
482171,3,1,1994,0,0,0,0,0,0,0,0,0,0
482172,1,1,1994,0,26,0,0,0,0,0,28,2,0
482173,0,1,1994,0,0,0,0,0,0,18,0,0,0
482173,1,1,1994,0,0,0,0,14,0,0,0,0,0
482174,1,1,1994,0,0,0,12,0,0,0,0,0,0
482175,0,1,1994,33,33,33,33,33,33,33,33,33,33
482175,1,1,1994,0,0,0,0,0,0,0,0,18,8
482176,1,1,1994,0,0,0,0,0,0,0,0,0,0
482176,2,1,1994,27,27,27,27,27,27,27,27,27,27
482177,1,1,1994,20,20,20,20,20,20,20,20,20,20
482178,1,1,1994,40,40,40,40,40,40,40,40,40,40
482179,1,1,1994,0,0,0,0,5,0,0,31,10,0
482180,0,1,1994,0,0,0,0,24,0,0,19,0,0
482180,1,1,1994,0,0,0,0,0,0,0,0,0,0
482181,0,1,1994,0,0,0,0,0,0,0,0,0,0
482181,1,1,1994,0,0,0,14,0,0,13,0,27,4
482182,0,1,1994,22,22,22,22,22,22,22,22,22,22
482182,1,1,1994,0,0,0,0,0,0,0,0,0,0
482183,0,1,1994,0,0,0,0,0,0,0,0,0,0
482183,1,1,1994,0,7,0,0,0,0,0,0,0,0
482184,1,1,1994,0,0,0,0,0,0,0,0,0,18
482184,2,1,1994,0,0,20,0,0,0,0,0,0,0
482185,0,1,1994,0,0,9,8,11,7,0,0,0,13
482185,1,1,1994,6,6,6,6,6,6,6,6,6,6
482186,1,1,1994,0,0,0,0,0,20,0,0,0,0
482186,2,1,1994,32,32,32,32,32,32,32,32,32,32
482187,1,1,1994,16,16,16,16,16,16,16,16,16,16
482187,2,1,1994,0,0,0,0,0,0,0,0,0,0
482188,1,1,1994,8,0,0,27,9,17,12,13,0,5
482188,2,1,1994,24,12,15,16,27,8,17,10,17,7
482189,1,1,1994,0,0,0,0,0,0,0,0,0,0
482190,1,1,1994,0,0,0,0,0,0,0,0,0,0
482191,1,1,1994,30,30,30,30,30,30,30,30,30,30
482191,2,1,1994,9,9,9,9,9,9,9,9,9,9
482192,0,1,1994,25,25,25,25,25,25,25,25,25,25
482192,1,1,1994,17,0,5,0,0,13,0,0,13,13
482193,1,1,1994,21,21,21,21,21,21,21,21,21,21
482194,0,1,1994,23,23,23,23,23,23,23,23,23,23
482194,0,2,1994,25,21,0,0,0,19,22,0,0,0
482194,1,1,1994,0,0,2,0,0,0,0,0,0,0
482195,0,1,1994,0,9,6,33,24,0,28,20,0,0
482195,1,1,1994,16,0,12,12,6,0,17,0,13,18
482196,1,1,1994,18,18,18,18,18,18,18,18,18,18
482197,1,1,1994,0,0,0,0,0,0,0,0,0,0
482197,2,1,1994,0,0,0,0,0,0,0,0,0,0
482198,1,1,1994,0,0,0,0,0,0,0,0,0,0
482198,2,1,1994,0,0,0,0,0,0,0,0,0,0
482199,0,1,1994,33,5,30,15,12,21,16,14,16,22
482199,1,1,1994,31,31,25,12,9,0,42,13,20,9
482200,0,1,1994,23,23,23,23,23,23,23,23,23,23
482200,1,1,1994,0,0,0,0,0,0,0,0,0,0
482201,1,1,1994,0,0,0,0,0,0,0,0,0,0
482202,1,1,1994,26,26,26,26,26,26,26,26,26,26
482203,1,1,1994,0,0,0,0,0,0,0,12,0,0
482204,1,1,1994,0,0,0,0,0,0,0,0,0,0
482205,0,1,1994,17,0,0,0,15,0,0,8,10,0
482205,1,1,1994,0,0,0,0,28,8,0,13,15,0
482206,1,1,1994,0,0,0,0,0,0,0,0,0,0
482206,2,1,1994,11,0,0,0,0,0,0,0,0,0
482206,3,1,1994,0,0,0,0,0,0,0,0,0,0
482207,1,1,1994,31,31,31,31,31,31,31,31,31,31
482207,2,1,1994,0,0,0,0,0,0,0,0,0,0
482208,1,1,1994,14,14,14,14,14,14,14,14,14,14
482209,1,1,1994,0,0,0,0,0,0,0,0,0,0
482209,2,1,1994,0,0,0,0,0,0,0,0,0,0
482210,0,1,1994,0,11,14,0,0,25,17,0,8,0
482210,1,1,1994,20,12,14,6,13,11,35,30,9,9
482211,1,1,1994,0,0,0,0,0,0,0,0,0,0
482212,1,1,1994,3,0,0,5,0,11,0,0,0,0
482213,1,1,1994,0,0,0,0,0,0,0,0,0,0
482213,2,1,1994,11,0,0,0,0,0,0,0,0,1
482214,1,1,1994,0,0,0,13,0,0,0,0,0,0
482214,2,1,1994,0,0,0,0,0,0,0,0,0,0
482215,1,1,1994,0,0,0,0,0,0,0,0,0,0
482215,2,1,1994,17,17,17,17,17,17,17,17,17,17
482216,1,1,1994,0,0,8,0,0,13,0,0,0,0
482216,2,1,1994,0,0,0,0,0,0,0,0,0,0
482217,1,1,1994,34,34,34,34,34,34,34,34,34,34
482217,2,1,1994,25,25,25,25,25,25,25,25,25,25
482218,1,1,1994,0,0,0,0,0,0,0,0,0,0
482219,1,1,1994,0,0,0,0,0,0,0,0,0,0
482220,1,1,1994,0,0,0,0,0,0,0,0,0,0
482220,2,1,1994,0,0,0,0,0,0,0,15,0,0
482221,1,1,1994,0,0,0,0,0,0,0,0,0,0
482221,2,1,1994,18,18,18,18,18,18,18,18,18,18
482221,3,1,1994,0,16,0,0,0,3,0,0,0,0
482222,1,1,1994,6,6,6,6,6,6,6,6,6,6
482223,0,1,1994,0,0,0,0,0,0,0,0,0,0
482223,1,1,1994,0,0,0,0,0,0,0,0,0,0
482224,1,1,1994,17,17,17,17,17,17,17,17,17,17
482224,2,1,1994,23,23,23,23,23,23,23,23,23,23
482225,1,1,1994,18,0,12,13,17,14,4,7,11,0
482225,2,1,1994,0,15,17,0,15,0,36,25,31,19
482226,1,1,1994,0,0,0,0,0,0,0,0,0,0
482226,2,1,1994,6,6,6,6,6,6,6,6,6,6
482227,1,1,1994,23,23,23,23,23,23,23,23,23,23
482228,1,1,1994,12,12,12,12,12,12,12,12,12,12
482229,1,1,1994,9,9,9,9,9,9,9,9,9,9
482230,0,1,1994,31,31,31,31,31,31,31,31,31,31
482230,1,1,1994,0,0,0,0,0,0,0,0,0,0
482231,1,1,1994,0,0,0,0,0,0,0,0,0,0
482231,2,1,1994,0,0,0,0,0,0,0,0,0,0
482232,1,1,1994,14,11,33,9,20,21,13,26,12,0
482232,2,1,1994,0,0,8,9,12,9,16,25,16,11
482233,1,1,1994,0,21,20,20,0,0,0,0,0,0
482234,1,1,1994,19,19,19,19,19,19,19,19,19,19
482234,2,1,1994,0,0,0,0,0,0,0,0,0,0
482235,1,1,1994,23,23,23,23,23,23,23,23,23,23
482235,2,1,1994,0,0,0,0,0,0,0,0,0,0
482236,1,1,1994,0,0,0,0,0,0,0,0,0,0
482237,1,1,1994,0,0,0,0,11,0,0,0,0,0
482238,1,1,1994,0,0,0,0,0,0,0,0,0,0
482239,1,1,1994,11,11,11,11,11,11,11,11,11,11
482240,0,1,1994,20,32,26,28,33,22,0,18,43,12
482240,1,1,1994,0,0,13,0,15,0,12,0,0,0
482241,0,1,1994,0,0,0,0,0,0,0,0,0,0
482241,1,1,1994,0,0,3,0,0,0,6,0,0,0
482242,0,1,1994,28,28,28,28,28,28,28,28,28,28
482242,1,1,1994,31,0,14,0,6,0,31,23,0,0
482243,1,1,1994,31,31,31,31,31,31,31,31,31,31
482243,2,1,1994,0,0,0,0,0,0,0,0,0,0
482244,0,1,1994,0,0,0,0,0,0,0,0,0,0
482244,1,1,1994,21,0,0,0,0,0,0,0,0,0