ST_CASE,VEH_NO,PER_NO,YEAR,P1,P2,P3,P4,P5,P6,P7,P8,P9,P10
482245,1,1,1994,0,0,0,0,11,0,22,9,20,21
482246,1,1,1994,0,0,0,0,0,0,0,0,0,0
482246,2,1,1994,8,5,16,15,14,20,10,0,7,10
482247,1,1,1994,0,0,0,0,0,0,0,0,0,0
482247,2,1,1994,0,0,0,0,0,0,0,0,0,0
482248,0,1,1994,15,0,12,16,0,0,12,0,22,16
482248,1,1,1994,0,0,0,0,0,0,0,0,0,0
482249,1,1,1994,25,0,0,0,17,0,0,22,0,15
482249,2,1,1994,10,10,10,10,10,10,10,10,10,10
482250,1,1,1994,0,0,0,0,0,0,0,0,0,0
482250,2,1,1994,0,0,0,0,0,0,0,0,0,0
482251,1,1,1994,0,0,0,0,0,0,0,0,0,0
482251,2,1,1994,0,0,0,0,0,0,0,0,0,0
482252,1,1,1994,0,0,0,0,0,0,0,0,0,0
482252,2,1,1994,0,0,0,0,0,0,0,0,0,0
482253,0,1,1994,0,23,57,0,0,12,0,0,15,0
482253,1,1,1994,0,0,0,0,0,0,0,0,0,0
482254,1,1,1994,0,18,0,24,17,0,32,0,0,15
482254,2,1,1994,0,0,0,0,0,0,0,0,0,0
482255,1,1,1994,0,0,0,12,0,28,0,0,14,0
482256,1,1,1994,22,22,22,22,22,22,22,22,22,22
482257,1,1,1994,7,0,19,4,25,22,13,3,5,14
482257,2,1,1994,0,0,0,0,0,0,0,0,0,0
482258,1,1,1994,5,5,5,5,5,5,5,5,5,5
482258,2,1,1994,0,0,0,22,0,0,0,0,0,0
482259,1,1,1994,0,0,0,0,0,0,0,0,0,0
482259,2,1,1994,0,0,0,0,17,12,0,0,0,0
482260,1,1,1994,14,14,14,14,14,14,14,14,14,14
482261,1,1,1994,0,0,0,0,0,0,0,0,0,0
482261,2,1,1994,0,0,0,0,0,0,0,0,0,0
482261,3,1,1994,0,0,0,0,0,0,0,0,0,0
482261,4,1,1994,0,0,0,0,0,0,0,0,0,0
482262,0,1,1994,22,22,22,22,22,22,22,22,22,22
482262,1,1,1994,0,0,0,8,4,0,0,0,11,0
482263,1,1,1994,0,0,0,0,0,0,0,0,0,0
482264,1,1,1994,0,0,0,0,13,20,0,0,0,0
482264,2,1,1994,0,0,16,0,0,0,0,0,0,0
482265,1,1,1994,14,14,14,14,14,14,14,14,14,14
482266,1,1,1994,16,16,16,16,16,16,16,16,16,16
482267,1,1,1994,19,19,19,19,19,19,19,19,19,19
482268,1,1,1994,21,0,0,0,0,0,5,11,0,0
482268,2,1,1994,0,0,0,13,3,9,9,27,0,0
482269,1,1,1994,32,32,32,32,32,32,32,32,32,32
482270,1,1,1994,10,10,10,10,10,10,10,10,10,10
482271,0,1,1994,0,0,0,0,0,0,0,0,0,0
482271,1,1,1994,0,0,21,10,12,0,0,20,14,0
482272,1,1,1994,14,17,14,20,15,10,29,19,8,21
482273,0,1,1994,0,0,14,0,0,28,0,0,0,0
482273,1,1,1994,0,0,0,0,0,0,0,0,0,0
482274,1,1,1994,13,10,0,4,14,0,20,6,10,14
482274,2,1,1994,5,5,5,5,5,5,5,5,5,5
482275,1,1,1994,13,0,0,0,0,0,0,0,27,0
482275,2,1,1994,0,0,0,0,0,0,0,0,22,0
482276,1,1,1994,0,2,0,0,0,0,0,0,0,0
482276,2,1,1994,0,0,0,10,0,0,0,0,0,0
482277,1,1,1994,19,19,19,19,19,19,19,19,19,19
482277,2,1,1994,0,6,0,16,0,0,0,0,0,0
482278,1,1,1994,4,4,4,4,4,4,4,4,4,4
482279,1,1,1994,0,0,12,0,0,0,0,0,28,0
482280,1,1,1994,0,0,0,0,0,0,0,0,0,0
482280,2,1,1994,0,0,0,0,0,0,0,0,0,0
482281,1,1,1994,14,23,19,37,0,0,0,15,0,0
482281,2,1,1994,0,0,0,0,0,19,0,0,0,0
482282,1,1,1994,1,1,1,1,1,1,1,1,1,1
482283,1,1,1994,20,0,0,22,0,0,0,0,0,0
482283,2,1,1994,11,0,0,0,0,0,0,0,0,0
482284,1,1,1994,13,0,35,30,19,0,12,9,20,23
482284,2,1,1994,9,9,9,9,9,9,9,9,9,9
482285,1,1,1994,8,0,0,0,0,0,0,0,0,0
482285,2,1,1994,0,0,0,0,0,0,0,0,2,0
482286,1,1,1994,0,0,0,0,0,0,0,0,0,0
482287,1,1,1994,18,18,18,18,18,18,18,18,18,18
482288,1,1,1994,23,23,23,23,23,23,23,23,23,23
482289,1,1,1994,0,0,0,0,0,24,0,0,0,0
482289,2,1,1994,0,0,0,0,0,0,0,5,0,0
482289,3,1,1994,0,0,16,0,0,0,9,0,14,0
482290,0,1,1994,0,16,0,0,0,0,0,0,0,0
482290,1,1,1994,0,0,0,0,0,0,0,0,0,0
482291,1,1,1994,23,23,23,23,23,23,23,23,23,23
482291,2,1,1994,0,0,0,0,0,0,0,0,0,0
482292,0,1,1994,26,26,26,26,26,26,26,26,26,26
482292,1,1,1994,0,0,23,0,0,24,0,28,0,23
482293,1,1,1994,18,14,27,32,17,1,9,4,6,35
482294,1,1,1994,0,0,0,0,5,0,27,20,17,4
482295,1,1,1994,11,11,11,11,11,11,11,11,11,11
482296,0,1,1994,10,0,0,13,25,17,8,12,15,0
482296,1,1,1994,22,7,24,15,25,0,12,9,22,11
482297,0,1,1994,0,0,0,0,0,0,0,0,0,0
482297,1,1,1994,0,0,0,10,0,0,0,13,0,0
482298,1,1,1994,0,0,0,0,0,0,0,0,0,0
482299,1,1,1994,0,0,0,0,0,0,0,0,0,0
482300,1,1,1994,0,7,20,11,0,0,0,0,0,0
482301,1,1,1994,0,0,0,0,0,0,0,0,0,0
482301,2,1,1994,0,0,0,0,0,0,0,0,0,0
482302,1,1,1994,0,18,13,0,0,0,0,16,12,0
482302,2,1,1994,21,21,21,21,21,21,21,21,21,21
482303,0,1,1994,20,9,13,32,6,30,21,14,23,11
482303,1,1,1994,0,0,0,0,0,0,0,0,0,0
482304,1,1,1994,0,0,0,0,0,0,0,0,0,0
482304,2,1,1994,0,0,0,0,0,0,0,0,0,0
482304,3,1,1994,0,0,0,0,0,0,0,0,0,0
482305,0,1,1994,0,0,0,0,0,0,0,0,0,0
482305,1,1,1994,0,0,6,0,0,0,7,0,0,0
482306,1,1,1994,0,0,0,0,0,0,0,0,0,0
482307,1,1,1994,13,0,0,0,0,0,0,0,6,0
482307,2,1,1994,0,0,0,0,0,0,0,0,0,0
482307,3,1,1994,0,0,0,0,0,0,0,0,0,12
482308,1,1,1994,0,0,0,0,0,0,0,0,0,0
482309,1,1,1994,14,14,14,14,14,14,14,14,14,14
482310,1,1,1994,12,12,12,12,12,12,12,12,12,12
482311,0,1,1994,0,0,0,0,0,0,0,0,0,0
482311,0,2,1994,0,0,0,0,0,0,0,0,0,0
482311,1,1,1994,17,0,0,0,0,19,0,0,0,0
482312,1,1,1994,17,17,17,17,17,17,17,17,17,17
482312,2,1,1994,0,0,0,0,0,0,17,0,0,0
482312,3,1,1994,0,10,4,7,7,0,0,0,0,0
482313,1,1,1994,0,0,0,0,0,0,0,0,0,0
482313,2,1,1994,7,0,0,0,0,0,0,0,0,0
482314,1,1,1994,0,0,0,0,0,0,0,0,0,0
482315,1,1,1994,7,7,7,7,7,7,7,7,7,7
482315,2,1,1994,1,1,1,1,1,1,1,1,1,1
482316,0,1,1994,22,22,22,22,22,22,22,22,22,22
482316,1,1,1994,0,0,0,0,0,0,0,0,0,0
482317,1,1,1994,17,17,17,17,17,17,17,17,17,17
482317,2,1,1994,0,27,19,0,17,0,19,16,0,0
482318,1,1,1994,0,0,13,0,0,0,0,0,14,21
482319,1,1,1994,0,0,0,0,0,0,0,0,0,0
482320,1,1,1994,22,17,13,12,3,13,7,6,19,7
482320,2,1,1994,10,0,28,11,16,14,2,23,11,8
482320,3,1,1994,9,24,0,15,31,0,0,23,0,0
482321,1,1,1994,0,11,0,0,0,0,0,0,0,0
482322,1,1,1994,0,0,18,24,25,0,0,6,34,9
482322,2,1,1994,0,0,0,26,0,0,19,0,14,7
482323,0,1,1994,0,0,0,0,0,0,0,0,0,0
482323,1,1,1994,0,3,0,16,0,0,0,14,0,0
482324,1,1,1994,0,0,0,0,0,0,0,0,0,0
482325,1,1,1994,8,8,8,8,8,8,8,8,8,8
482326,1,1,1994,0,0,0,0,0,0,0,0,0,0
482327,1,1,1994,12,12,12,12,12,12,12,12,12,12
482327,2,1,1994,0,0,0,0,2,0,0,0,0,0
482328,1,1,1994,0,0,0,0,0,0,0,0,13,0
482328,2,1,1994,0,0,0,0,0,0,0,0,0,0
482329,1,1,1994,28,28,28,28,28,28,28,28,28,28
482329,2,1,1994,0,0,0,0,0,0,0,0,0,0
482330,1,1,1994,0,0,0,0,0,0,0,0,0,0
482331,0,1,1994,18,0,16,0,12,17,6,7,10,0
482331,0,2,1994,5,4,18,0,6,0,0,0,3,0
482331,1,1,1994,9,9,9,9,9,9,9,9,9,9
482332,1,1,1994,15,30,25,20,12,35,8,22,20,15
482333,1,1,1994,0,9,0,21,0,18,34,0,0,22
482334,1,1,1994,0,18,26,28,18,24,0,20,0,22
482334,2,1,1994,20,22,4,0,0,0,15,16,0,10
482334,3,1,1994,0,0,0,0,0,0,10,0,0,0
482334,4,1,1994,0,0,8,11,0,0,0,0,0,27
482335,1,1,1994,25,25,25,25,25,25,25,25,25,25
482335,2,1,1994,0,0,0,0,0,13,0,6,0,34
482335,3,1,1994,0,0,0,0,0,0,10,6,0,0
482336,1,1,1994,15,22,11,21,6,31,12,6,21,5
482337,1,1,1994,0,0,0,0,0,0,0,0,0,0
482337,2,1,1994,0,0,0,0,0,0,0,0,0,0
482338,1,1,1994,12,0,0,11,0,0,0,0,15,12
482339,1,1,1994,0,0,0,0,0,0,0,0,0,0
482340,1,1,1994,7,7,7,7,7,7,7,7,7,7
482341,1,1,1994,0,13,0,0,0,0,0,0,0,0
482341,2,1,1994,0,0,0,0,0,0,0,0,0,0
482342,1,1,1994,0,0,0,0,0,0,0,0,0,0
482342,2,1,1994,15,15,15,15,15,15,15,15,15,15
482343,1,1,1994,0,0,0,0,0,0,0,0,0,33
482344,0,1,1994,0,0,0,0,0,0,0,0,0,0
482344,1,1,1994,0,0,0,12,8,30,0,0,14,13
482345,1,1,1994,15,15,15,15,15,15,15,15,15,15
482345,2,1,1994,17,17,17,17,17,17,17,17,17,17
482346,1,1,1994,0,0,0,15,0,0,0,4,12,0
482347,1,1,1994,13,20,12,15,21,22,9,16,16,17
482348,0,1,1994,0,0,0,0,0,0,0,0,0,0
482348,1,1,1994,0,0,18,14,18,0,0,0,0,0
482349,1,1,1994,0,0,0,0,0,0,0,0,0,0
482350,1,1,1994,25,25,25,25,25,25,25,25,25,25
482350,2,1,1994,0,0,0,0,0,0,0,0,0,0
482351,1,1,1994,0,0,0,0,0,0,0,0,0,4
482351,2,1,1994,0,0,0,46,0,13,0,0,0,0
482352,1,1,1994,11,16,7,13,7,0,0,0,0,0
482352,2,1,1994,0,0,0,0,0,0,7,0,0,0
482353,1,1,1994,0,0,0,0,0,0,0,0,0,0
482354,0,1,1994,0,0,0,0,0,0,0,0,0,0
482354,1,1,1994,0,17,0,0,0,0,0,0,27,0
482355,0,1,1994,0,0,0,0,0,0,0,0,0,0
482355,0,2,1994,0,0,0,0,0,0,0,0,0,0
482355,1,1,1994,0,0,0,0,11,0,4,0,0,0
482356,1,1,1994,0,0,0,0,0,0,0,23,0,0
482356,2,1,1994,0,0,0,0,14,0,0,0,0,0
482357,0,1,1994,23,23,23,23,23,23,23,23,23,23
482357,1,1,1994,0,32,0,0,0,0,0,0,0,0
482358,1,1,1994,0,0,0,0,0,0,0,0,0,0
482359,1,1,1994,0,0,0,0,27,0,0,0,0,0
482360,1,1,1994,0,0,0,7,15,16,0,0,0,0
482360,2,1,1994,0,0,0,0,0,0,0,0,0,0
482361,1,1,1994,19,14,17,5,0,21,0,0,0,7
482362,0,1,1994,0,0,26,0,19,46,26,0,17,0
482362,1,1,1994,10,0,0,11,0,0,0,0,0,0
482363,1,1,1994,0,0,0,0,0,0,0,0,0,7
482363,2,1,1994,20,20,19,13,17,16,12,21,0,12
482364,0,2,1994,0,12,6,0,0,20,0,0,13,0
482364,1,1,1994,0,0,0,0,0,0,0,0,0,0
482365,1,1,1994,0,0,0,0,0,0,0,0,0,0
482365,2,1,1994,0,0,0,0,0,0,0,0,0,0
482366,1,1,1994,24,24,24,24,24,24,24,24,24,24
482366,2,1,1994,0,0,0,0,0,0,0,0,0,0
482367,1,1,1994,21,0,0,0,0,22,0,0,0,0
482367,2,1,1994,0,0,0,0,13,0,0,0,0,0
482368,0,1,1994,0,0,0,4,0,0,0,0,0,0
482368,1,1,1994,4,0,0,0,0,0,0,0,0,0
482369,1,1,1994,18,18,18,18,18,18,18,18,18,18
482369,2,1,1994,0,0,0,23,27,0,0,0,0,0
482370,0,1,1994,24,6,0,0,20,0,0,7,0,0
482370,1,1,1994,0,0,0,0,0,0,0,0,0,0
482371,1,1,1994,0,0,0,0,0,0,0,0,0,0
482372,1,1,1994,19,0,0,0,0,0,7,0,0,0
482373,1,1,1994,0,0,0,0,19,0,0,25,0,9
482374,1,1,1994,11,0,0,21,0,0,0,0,0,0
482374,2,1,1994,0,0,13,7,6,6,0,6,23,16
482375,1,1,1994,18,15,13,11,22,21,20,22,29,17
482376,1,1,1994,21,21,21,21,21,21,21,21,21,21
482377,1,1,1994,0,0,0,0,0,0,0,0,0,0
482377,2,1,1994,0,0,0,17,0,15,0,19,0,0
482378,1,1,1994,0,0,0,0,0,0,0,0,0,0
482378,2,1,1994,16,16,16,16,16,16,16,16,16,16
482379,1,1,1994,0,0,0,0,0,0,0,0,0,0
482380,0,1,1994,0,0,0,0,6,0,0,0,0,0
482381,1,1,1994,0,0,0,0,0,0,0,0,0,0
482382,1,1,1994,0,0,0,0,0,0,0,0,0,0
482383,1,1,1994,0,0,15,0,0,0,0,0,0,0
482384,1,1,1994,0,0,0,0,0,0,0,0,0,0
482384,2,1,1994,0,0,0,0,0,0,0,12,0,0
482385,1,1,1994,20,27,13,9,14,0,14,25,19,8
482385,2,1,1994,7,7,7,7,7,7,7,7,7,7
482386,1,1,1994,9,9,9,9,9,9,9,9,9,9
482387,1,1,1994,3,3,3,3,3,3,3,3,3,3
482388,0,1,1994,28,28,28,28,28,28,28,28,28,28
482388,1,1,1994,0,0,0,0,0,0,0,0,0,0
482389,1,1,1994,0,0,0,0,0,0,0,0,0,0
482389,2,1,1994,0,0,9,0,0,0,0,0,0,0
482390,1,1,1994,0,5,0,0,17,0,0,0,0,0
482390,2,1,1994,0,0,0,0,0,0,0,0,0,0
482391,1,1,1994,0,37,2,16,0,22,0,12,21,20
482392,1,1,1994,0,0,0,0,0,0,0,0,0,0
482393,1,1,1994,0,0,17,0,0,0,0,0,0,0
482393,2,1,1994,0,0,0,0,0,0,0,0,0,0
482394,1,1,1994,0,0,0,0,0,0,0,0,0,0
482394,2,1,1994,0,0,0,0,0,0,0,0,0,0
482395,1,1,1994,0,0,0,0,0,0,0,0,0,0
482395,2,1,1994,0,0,0,0,0,0,0,0,8,0
482396,1,1,1994,0,0,0,0,0,0,0,0,0,0
482396,2,1,1994,0,0,0,0,0,0,0,0,0,0
482397,1,1,1994,0,0,0,0,0,0,0,0,0,0
482398,1,1,1994,30,30,30,30,30,30,30,30,30,30
482399,0,1,1994,0,0,0,0,0,0,39,0,0,0
482399,1,1,1994,0,0,0,0,0,0,0,3,0,10
482400,1,1,1994,0,12,0,0,0,0,0,0,0,0
482401,1,1,1994,0,0,0,0,0,0,0,0,0,0
482401,2,1,1994,0,0,0,0,0,0,0,0,0,0
482402,1,1,1994,0,20,0,0,0,0,0,9,12,5
482403,1,1,1994,27,27,27,27,27,27,27,27,27,27
482404,1,1,1994,14,0,0,5,9,0,0,8,11,23
482405,1,1,1994,0,0,0,0,0,0,0,0,0,0
482405,2,1,1994,27,0,0,0,0,0,0,0,0,0
482406,1,1,1994,0,0,0,0,0,0,0,0,0,0
482406,2,1,1994,0,0,0,0,0,18,18,0,0,0
482407,0,1,1994,36,0,3,0,0,0,0,23,0,0
482407,1,1,1994,0,0,0,0,0,0,0,0,0,0
482408,1,1,1994,0,0,0,0,0,0,0,0,0,0
482408,2,1,1994,0,0,0,0,0,0,0,0,0,0
482409,1,1,1994,23,23,23,23,23,23,23,23,23,23
482410,1,1,1994,0,0,31,29,0,0,0,0,0,0
482411,1,1,1994,0,0,0,0,0,0,0,0,0,0
482412,1,1,1994,0,0,10,0,17,0,0,0,0,0
482413,1,1,1994,25,25,25,25,25,25,25,25,25,25
482413,2,1,1994,0,0,0,13,19,0,0,0,8,4
482414,1,1,1994,0,0,0,0,0,0,0,0,0,7
482414,2,1,1994,0,0,9,20,0,0,0,0,0,0
482415,1,1,1994,16,16,16,16,16,16,16,16,16,16
482416,1,1,1994,0,0,0,0,0,0,0,0,0,0
482417,1,1,1994,0,0,0,0,0,0,0,0,0,0
482417,2,1,1994,26,0,0,0,0,0,0,15,0,0
482418,0,1,1994,0,0,25,0,0,0,0,0,0,0
482418,1,1,1994,0,0,0,0,21,0,0,0,0,0
482419,1,1,1994,0,0,0,0,0,0,0,0,0,0
482419,2,1,1994,0,0,0,0,0,0,0,0,0,0
482420,1,1,1994,17,5,15,11,49,12,18,16,4,7
482421,0,1,1994,0,0,0,0,0,0,0,0,0,0
482421,1,1,1994,0,0,19,0,0,0,0,0,0,0
482422,1,1,1994,0,14,12,9,0,3,17,12,7,4
482422,2,1,1994,4,10,8,30,6,18,16,20,27,15
482423,1,1,1994,16,16,16,16,16,16,16,16,16,16
482423,2,1,1994,0,0,0,10,0,0,0,0,0,12
482424,1,1,1994,0,38,13,11,16,55,0,14,24,7
482425,1,1,1994,0,0,0,0,0,23,0,0,20,0
482426,1,1,1994,0,0,0,0,0,0,0,0,0,0
482426,2,1,1994,0,0,0,0,0,0,0,0,0,0
482427,1,1,1994,0,0,0,26,0,0,0,0,0,0
482427,2,1,1994,0,0,0,0,0,0,0,0,0,0
482428,0,1,1994,0,0,0,0,0,0,0,0,0,0
482428,1,1,1994,0,0,0,0,0,0,0,0,0,0
482429,1,1,1994,0,13,14,0,0,23,0,0,32,13
482430,1,1,1994,0,0,0,0,0,0,0,0,0,0
482430,2,1,1994,0,0,0,0,0,0,18,0,0,0
482431,1,1,1994,24,24,24,24,24,24,24,24,24,24
482431,2,1,1994,10,10,10,10,10,10,10,10,10,10
482432,1,1,1994,32,32,32,32,32,32,32,32,32,32
482433,1,1,1994,18,18,18,18,18,18,18,18,18,18
482434,1,1,1994,18,25,31,25,20,20,17,22,20,22
482435,0,1,1994,0,0,0,0,0,0,0,0,39,0
482435,1,1,1994,4,7,6,28,10,17,17,16,0,15
482436,1,1,1994,43,2,11,24,21,0,0,12,7,8
482436,2,1,1994,23,22,15,0,13,0,19,0,27,0
482437,0,1,1994,19,19,19,19,19,19,19,19,19,19
482437,1,1,1994,0,0,18,0,0,0,0,0,0,0
482438,1,1,1994,0,0,10,0,0,0,0,0,0,0
482439,1,1,1994,24,24,24,24,24,24,24,24,24,24
482440,1,1,1994,0,0,0,0,0,0,0,0,0,0
482441,1,1,1994,11,24,16,16,22,29,12,20,31,26
482442,1,1,1994,0,12,28,0,0,17,29,15,0,15
482442,2,1,1994,0,0,0,0,0,7,0,0,0,0
482443,1,1,1994,0,0,0,0,0,0,0,0,0,0
482444,1,1,1994,0,0,0,0,0,0,0,0,0,0
482444,2,1,1994,0,0,0,0,0,0,0,0,0,0
482445,1,1,1994,0,0,0,0,0,0,0,0,0,0
482446,1,1,1994,0,0,0,0,0,0,0,0,0,0
482446,2,1,1994,0,0,0,0,0,0,0,0,0,1
482447,1,1,1994,0,19,0,0,0,0,0,0,0,0
482447,2,1,1994,0,39,3,8,0,0,0,15,10,0
482448,1,1,1994,0,0,0,0,9,0,0,0,0,0
482448,2,1,1994,0,0,0,0,0,0,0,0,0,0
482449,1,1,1994,0,0,0,0,0,0,0,0,0,0
482449,2,1,1994,0,0,0,0,0,0,0,0,0,0
482450,1,1,1994,0,0,0,0,0,0,0,0,0,0
482451,1,1,1994,27,27,27,27,27,27,27,27,27,27
482451,2,1,1994,0,0,0,0,0,0,0,0,0,0
482452,1,1,1994,0,0,0,0,0,0,0,0,0,0
482452,2,1,1994,0,0,0,0,5,0,11,0,0,0
482453,1,1,1994,0,0,0,0,0,0,0,0,0,0
482454,1,1,1994,0,0,0,6,0,0,0,0,0,0
482454,2,1,1994,0,0,0,0,0,0,0,0,0,0
482454,3,1,1994,0,0,0,0,0,0,0,0,0,0
482455,1,1,1994,0,21,0,8,18,0,0,29,0,20
482456,1,1,1994,0,18,0,5,0,0,6,0,0,0
482457,1,1,1994,0,0,0,0,11,0,0,16,8,0
482457,2,1,1994,0,28,0,0,0,0,0,0,0,0
482458,1,1,1994,0,0,0,0,0,0,0,0,0,0
482458,2,1,1994,0,0,0,0,0,0,0,0,0,3
482459,1,1,1994,8,8,8,8,8,8,8,8,8,8
482459,2,1,1994,0,0,0,0,0,0,0,0,0,0
482459,3,1,1994,0,0,0,0,0,0,0,0,0,0
482460,0,1,1994,0,0,0,0,0,0,0,0,0,0
482460,1,1,1994,6,6,6,6,6,6,6,6,6,6
482461,1,1,1994,0,0,0,0,0,0,0,0,0,0
482462,1,1,1994,15,15,15,15,15,15,15,15,15,15
482463,1,1,1994,0,0,0,0,0,0,0,0,0,0
482463,2,1,1994,0,0,0,0,0,0,0,0,0,0
482464,1,1,1994,0,13,0,0,0,0,0,6,0,0
482464,2,1,1994,19,19,19,19,19,19,19,19,19,19
482465,1,1,1994,28,28,28,28,28,28,28,28,28,28
482465,2,1,1994,21,27,12,0,14,0,30,0,0,23
482466,1,1,1994,22,22,22,22,22,22,22,22,22,22
482467,1,1,1994,28,28,28,28,28,28,28,28,28,28
482467,2,1,1994,13,13,13,13,13,13,13,13,13,13
482468,0,1,1994,0,0,0,0,0,0,0,0,0,0
482468,1,1,1994,28,28,28,28,28,28,28,28,28,28
482469,1,1,1994,0,0,0,0,0,0,0,9,0,0
482469,2,1,1994,15,15,15,15,15,15,15,15,15,15
482470,1,1,1994,9,9,9,9,9,9,9,9,9,9
482471,1,1,1994,9,9,9,9,9,9,9,9,9,9
482472,1,1,1994,0,0,14,6,13,0,0,0,27,0
482472,2,1,1994,0,20,0,0,0,0,4,3,0,13
482473,0,1,1994,12,8,0,0,0,0,16,4,12,0
482473,1,1,1994,15,15,15,15,15,15,15,15,15,15
482473,3,1,1994,15,15,15,15,15,15,15,15,15,15
482474,0,1,1994,0,0,0,0,0,0,0,0,0,0
482474,1,1,1994,0,0,26,22,0,0,0,0,0,0
482475,1,1,1994,19,19,19,19,19,19,19,19,19,19
482476,0,1,1994,13,9,30,10,15,13,8,29,0,0
482476,0,2,1994,0,0,0,0,0,0,0,0,0,0
482476,1,1,1994,15,0,0,0,0,7,0,0,0,0
482477,1,1,1994,0,0,0,0,0,0,0,0,0,0
482477,2,1,1994,0,0,16,0,23,0,0,0,16,21
482478,1,1,1994,9,9,9,9,9,9,9,9,9,9
482479,1,1,1994,0,0,0,25,28,0,0,17,0,5
482479,2,1,1994,10,0,17,23,0,22,0,25,0,27
482480,1,1,1994,12,27,13,4,19,9,17,24,11,22
482480,2,1,1994,0,0,0,0,0,0,0,0,0,12
482481,1,1,1994,0,0,0,0,0,0,0,0,0,0
482481,2,1,1994,0,0,0,0,0,22,0,0,0,0
482482,1,1,1994,0,0,0,0,0,0,0,0,0,0
482482,2,1,1994,0,0,0,0,0,0,0,0,0,0
482482,3,1,1994,0,0,0,0,0,0,0,0,0,0
482483,1,1,1994,0,0,19,0,0,0,0,0,0,0
482483,2,1,1994,0,0,0,0,0,0,0,0,0,0
482484,1,1,1994,25,25,25,25,25,25,25,25,25,25
482485,1,1,1994,9,9,9,9,9,9,9,9,9,9
482486,1,1,1994,0,0,0,0,0,0,0,0,0,0
482486,2,1,1994,5,5,5,5,5,5,5,5,5,5
482486,3,1,1994,2,16,0,0,0,0,0,0,0,0
482487,1,1,1994,0,30,8,14,17,0,6,13,9,13
482488,1,1,1994,0,0,0,0,0,0,0,0,0,0
482488,2,1,1994,0,0,12,0,0,0,0,20,0,0
482489,0,1,1994,0,0,25,0,0,0,0,0,25,9
482489,1,1,1994,0,0,0,0,0,0,0,0,0,0
482490,1,1,1994,17,17,17,17,17,17,17,17,17,17
482491,1,1,1994,15,28,33,26,12,0,6,41,15,12
482491,2,1,1994,11,0,16,0,7,0,14,6,0,6
482492,1,1,1994,0,0,0,0,0,15,0,0,0,0
482493,1,1,1994,23,23,23,23,23,23,23,23,23,23
482494,0,1,1994,0,0,0,0,0,0,0,0,0,0
482494,1,1,1994,0,0,0,0,0,0,0,0,0,0
482495,1,1,1994,0,0,0,0,27,0,0,0,0,0
482495,2,1,1994,5,5,5,5,5,5,5,5,5,5
482496,1,1,1994,21,18,17,6,2,19,17,5,14,16
482497,0,1,1994,0,3,6,22,18,0,0,5,22,0
482497,0,2,1994,0,0,7,0,34,31,0,0,11,15
482497,1,1,1994,20,0,19,0,0,0,19,0,15,10
482498,1,1,1994,26,19,34,16,16,14,46,27,19,15
482499,1,1,1994,7,0,21,4,25,20,13,0,0,10
482500,1,1,1994,28,21,16,20,8,15,5,9,22,12
482501,1,1,1994,0,0,0,0,0,0,0,0,0,0
482501,2,1,1994,0,0,0,0,0,0,0,0,0,0
482502,1,1,1994,0,0,0,0,0,0,0,0,0,0
482502,2,1,1994,0,0,0,0,0,0,0,0,0,0
482503,0,1,1994,0,0,0,0,0,0,0,0,0,0
482503,1,1,1994,0,0,0,0,0,0,0,5,0,27
482503,2,1,1994,0,0,0,0,0,0,0,0,0,0
482504,1,1,1994,0,0,11,0,0,0,0,0,0,0
482505,1,1,1994,0,0,14,0,0,0,0,0,5,0
482505,2,1,1994,0,0,0,0,0,0,0,0,0,0
482506,1,1,1994,11,11,11,11,11,11,11,11,11,11
482507,1,1,1994,0,0,0,0,0,0,0,0,0,0
482507,2,1,1994,0,0,0,0,0,0,0,0,0,0
482508,1,1,1994,16,16,16,16,16,16,16,16,16,16
482509,1,1,1994,0,0,0,0,0,0,0,0,0,0
482509,2,1,1994,0,0,0,0,0,0,0,0,0,0
482510,1,1,1994,18,18,18,18,18,18,18,18,18,18
482511,1,1,1994,0,0,0,0,0,0,0,0,0,0
482511,2,1,1994,1,1,1,1,1,1,1,1,1,1
482512,1,1,1994,0,0,0,0,0,0,0,0,0,0
482512,2,1,1994,0,0,0,0,0,0,0,0,0,0
482513,0,1,1994,2,0,0,0,0,0,0,0,0,11
482513,0,2,1994,0,0,0,0,0,0,0,0,0,0
482513,1,1,1994,20,20,20,20,20,20,20,20,20,20
482514,0,1,1994,0,0,0,0,0,0,0,0,0,0
482514,1,1,1994,0,0,0,0,0,0,0,0,0,0
482515,1,1,1994,0,0,0,0,0,0,0,0,0,0
482515,2,1,1994,0,0,0,0,0,8,0,0,0,0
482516,0,1,1994,0,0,27,0,0,0,0,0,0,23
482516,1,1,1994,0,0,0,0,0,0,0,0,0,0
482517,0,1,1994,0,0,12,0,0,0,0,0,0,0