ST_CASE,VEH_NO,PER_NO,YEAR,P1,P2,P3,P4,P5,P6,P7,P8,P9,P10
482517,1,1,1994,0,0,0,0,0,0,0,0,0,0
482518,1,1,1994,19,19,19,19,19,19,19,19,19,19
482519,1,1,1994,25,31,24,29,31,21,14,24,33,24
482520,1,1,1994,0,0,0,0,0,0,0,0,0,0
482520,2,1,1994,18,0,0,0,0,0,0,0,0,0
482521,1,1,1994,0,0,0,0,0,0,0,0,0,0
482521,2,1,1994,0,0,0,0,0,0,0,0,0,0
482522,1,1,1994,0,0,0,0,0,0,0,0,0,0
482522,2,1,1994,0,0,0,0,0,0,14,0,0,0
482523,1,1,1994,0,0,0,0,0,0,0,0,0,0
482523,2,1,1994,0,0,0,0,0,0,0,0,0,0
482524,0,1,1994,16,16,16,16,16,16,16,16,16,16
482524,1,1,1994,3,3,3,3,3,3,3,3,3,3
482525,0,1,1994,7,7,7,7,7,7,7,7,7,7
482525,1,1,1994,21,0,0,0,0,14,0,0,0,12
482526,1,1,1994,7,20,0,21,36,17,10,20,0,0
482527,1,1,1994,0,0,0,0,0,0,0,0,0,0
482528,0,1,1994,0,0,0,0,0,0,0,0,0,6
482528,1,1,1994,0,0,0,0,0,0,0,0,0,0
482529,0,1,1994,29,29,29,29,29,29,29,29,29,29
482529,1,1,1994,0,0,0,0,0,0,0,0,0,18
482530,1,1,1994,35,12,27,29,0,14,1,29,18,22
482530,2,1,1994,0,0,0,0,18,0,0,0,0,0
482531,1,1,1994,0,0,23,23,17,12,16,3,20,14
482532,1,1,1994,0,0,0,0,0,0,0,0,0,0
482532,2,1,1994,0,0,0,0,0,0,0,0,0,0
482533,1,1,1994,0,0,0,0,0,0,0,0,0,0
482534,1,1,1994,2,2,2,2,2,2,2,2,2,2
482534,2,1,1994,0,0,0,0,0,0,0,0,0,0
482535,0,1,1994,20,16,28,34,28,17,31,0,29,41
482535,1,1,1994,0,0,3,0,0,11,0,7,0,0
482536,1,1,1994,0,0,0,0,0,0,0,0,0,0
482536,2,1,1994,0,0,0,0,0,0,0,0,0,0
482537,1,1,1994,0,0,0,0,0,0,0,0,0,0
482537,2,1,1994,0,0,0,0,19,17,0,9,11,0
482537,3,1,1994,20,0,0,0,0,0,0,0,0,21
482538,1,1,1994,18,18,18,18,18,18,18,18,18,18
482539,1,1,1994,19,19,19,19,19,19,19,19,19,19
482540,1,1,1994,28,30,19,19,26,15,11,15,16,20
482541,1,1,1994,0,0,0,0,0,0,0,0,0,0
482541,2,1,1994,7,7,7,7,7,7,7,7,7,7
482541,3,1,1994,0,0,0,0,0,0,0,0,0,0
482542,1,1,1994,6,6,6,6,6,6,6,6,6,6
482542,2,1,1994,13,13,13,13,13,13,13,13,13,13
482543,1,1,1994,4,28,7,6,21,13,0,15,0,16
482544,1,1,1994,33,10,14,15,25,20,11,8,10,14
482544,2,1,1994,23,17,9,9,12,0,19,29,0,13
482545,0,1,1994,0,7,34,27,27,25,35,10,35,50
482545,1,1,1994,28,0,15,0,0,0,12,19,15,29
482546,1,1,1994,15,15,15,15,15,15,15,15,15,15
482547,0,1,1994,21,21,21,21,21,21,21,21,21,21
482547,1,1,1994,0,38,23,0,0,0,16,13,0,1
482548,1,1,1994,26,26,26,26,26,26,26,26,26,26
482549,1,1,1994,0,0,29,13,17,17,16,16,18,20
482550,1,1,1994,0,0,0,0,0,0,0,0,0,0
482550,2,1,1994,14,18,15,15,18,15,14,9,20,18
482551,1,1,1994,31,31,31,31,31,31,31,31,31,31
482552,0,1,1994,0,0,0,0,0,0,0,0,0,0
482552,1,1,1994,0,0,0,0,0,0,0,0,0,0
482553,1,1,1994,0,0,0,0,0,0,0,0,0,0
482554,1,1,1994,0,0,0,0,0,0,0,0,0,0
482554,2,1,1994,20,20,20,20,20,20,20,20,20,20
482555,0,1,1994,10,25,20,0,12,6,0,0,27,0
482555,1,1,1994,0,0,0,0,0,0,0,0,0,0
482555,2,1,1994,19,19,19,19,19,19,19,19,19,19
482556,1,1,1994,0,0,0,0,0,0,0,0,0,0
482556,2,1,1994,0,0,0,0,0,0,0,0,0,34
482557,1,1,1994,0,32,0,0,7,0,0,33,6,23
482557,2,1,1994,0,0,0,0,0,0,30,12,9,0
482558,1,1,1994,0,0,0,0,0,0,0,0,0,0
482558,2,1,1994,0,0,0,0,0,0,0,0,0,0
482559,0,1,1994,0,0,0,0,27,0,0,0,0,36
482559,1,1,1994,13,13,13,13,13,13,13,13,13,13
482559,2,1,1994,0,0,0,0,0,0,0,0,8,0
482559,3,1,1994,0,0,0,0,0,0,0,0,0,0
482560,1,1,1994,0,12,19,21,0,10,18,0,15,35
482561,0,1,1994,0,0,0,0,0,0,0,0,0,0
482561,1,1,1994,0,0,0,0,0,0,0,0,0,0
482562,0,1,1994,0,0,0,0,0,0,0,0,0,0
482562,1,1,1994,0,0,0,0,0,0,0,0,0,0
482563,1,1,1994,17,17,17,17,17,17,17,17,17,17
482564,0,1,1994,11,0,0,11,0,0,26,0,0,0
482564,1,1,1994,0,0,17,0,0,0,13,0,23,0
482565,1,1,1994,31,31,31,31,31,31,31,31,31,31
482566,1,1,1994,10,10,10,10,10,10,10,10,10,10
482567,1,1,1994,25,25,25,25,25,25,25,25,25,25
482567,2,1,1994,0,0,0,12,0,18,32,19,5,0
482567,3,1,1994,0,18,0,0,0,0,0,0,0,25
482568,0,1,1994,0,0,0,0,0,0,0,0,0,0
482568,1,1,1994,0,6,0,0,0,0,0,0,0,0
482569,0,1,1994,0,0,0,0,0,0,0,0,0,0
482569,1,1,1994,10,8,16,8,5,12,0,28,9,6
482570,1,1,1994,0,0,0,0,0,0,0,0,0,0
482570,2,1,1994,0,0,0,0,0,0,0,11,0,16
482570,3,1,1994,0,0,0,0,0,0,0,32,18,14
482571,1,1,1994,0,0,0,0,0,0,0,0,0,0
482571,2,1,1994,0,0,0,0,0,0,0,0,0,0
482572,1,1,1994,0,0,0,0,0,0,0,0,0,0
482572,2,1,1994,0,38,27,21,0,0,0,0,14,0
482573,0,1,1994,0,0,0,0,0,0,0,0,0,0
482573,0,2,1994,0,0,6,0,22,10,7,24,0,0
482573,1,1,1994,0,0,0,0,0,13,0,0,0,0
482574,1,1,1994,19,19,19,19,19,19,19,19,19,19
482574,2,1,1994,1,1,1,1,1,1,1,1,1,1
482575,1,1,1994,0,0,0,0,0,0,0,0,0,0
482575,2,1,1994,0,0,0,0,0,0,0,0,0,0
482576,0,1,1994,0,19,0,0,0,0,0,0,0,0
482576,1,1,1994,0,0,0,0,0,0,0,0,0,0
482577,2,1,1994,0,0,14,0,0,0,0,0,0,0
482578,1,1,1994,26,26,26,26,26,26,26,26,26,26
482579,1,1,1994,28,0,20,21,15,17,15,20,18,14
482580,1,1,1994,28,28,28,28,28,28,28,28,28,28
482581,0,1,1994,0,0,0,0,0,0,0,0,0,0
482581,1,1,1994,0,0,0,0,0,0,0,0,0,0
482582,1,1,1994,21,21,21,21,21,21,21,21,21,21
482582,2,1,1994,0,0,0,0,19,0,0,0,2,0
482583,1,1,1994,16,15,0,0,13,0,19,0,0,0
482584,0,1,1994,0,22,21,26,0,0,17,0,28,0
482584,1,1,1994,0,0,0,0,0,0,0,0,0,0
482585,1,1,1994,0,0,0,16,0,0,0,0,0,0
482586,1,1,1994,0,0,0,0,0,0,0,0,0,0
482587,0,1,1994,8,0,12,0,0,0,0,0,8,0
482587,1,1,1994,18,0,0,0,0,0,0,0,0,0
482588,1,1,1994,25,0,0,0,18,0,0,0,0,0
482589,1,1,1994,15,15,15,15,15,15,15,15,15,15
482590,1,1,1994,3,3,3,3,3,3,3,3,3,3
482590,2,1,1994,0,0,0,0,0,0,0,0,0,0
482591,1,1,1994,36,36,36,36,36,36,36,36,36,36
482591,2,1,1994,0,0,0,0,0,0,0,0,0,0
482592,1,1,1994,0,0,0,0,0,0,0,0,0,0
482593,1,1,1994,0,0,0,0,0,0,0,0,2,0
482594,1,1,1994,0,0,0,0,0,0,0,0,0,0
482594,2,1,1994,0,0,24,0,0,0,0,0,0,0
482595,1,1,1994,0,0,0,0,0,0,0,0,0,0
482595,2,1,1994,0,0,0,0,0,0,26,0,33,0
482596,1,1,1994,0,0,0,0,0,0,0,0,0,0
482596,2,1,1994,15,0,16,17,0,20,21,25,28,12
482597,1,1,1994,14,14,14,14,14,14,14,14,14,14
482597,2,1,1994,0,0,6,0,15,0,0,20,0,0
482598,1,1,1994,18,18,18,18,18,18,18,18,18,18
482599,1,1,1994,0,0,0,0,0,0,0,0,0,0
482599,2,1,1994,0,0,0,0,0,0,0,0,0,0
482600,0,1,1994,23,47,8,0,15,16,0,0,15,0
482600,1,1,1994,0,0,0,0,0,0,0,0,0,0
482601,1,1,1994,19,0,0,4,0,0,0,0,19,0
482601,2,1,1994,14,0,0,17,0,0,13,0,22,0
482601,3,1,1994,0,39,0,0,0,9,0,0,10,0
482602,0,1,1994,0,0,0,0,0,0,0,0,0,0
482602,1,1,1994,0,0,0,0,0,0,0,0,0,0
482603,0,1,1994,6,0,6,5,25,0,0,0,26,12
482603,1,1,1994,0,4,18,14,8,8,9,31,0,21
482604,1,1,1994,0,0,0,0,0,0,0,0,0,0
482604,2,1,1994,0,0,0,0,0,0,0,0,0,0
482605,1,1,1994,9,27,10,13,10,14,23,9,10,15
482605,2,1,1994,0,0,0,6,0,0,2,0,0,0
482606,1,1,1994,30,30,30,30,30,30,30,30,30,30
482607,1,1,1994,10,17,20,17,36,29,18,22,14,23
482607,2,1,1994,8,0,0,0,0,0,0,0,0,0
482608,1,1,1994,27,27,27,27,27,27,27,27,27,27
482609,1,1,1994,0,16,0,0,0,0,0,0,0,0
482609,2,1,1994,8,0,0,0,9,0,0,7,0,0
482610,1,1,1994,20,20,20,20,20,20,20,20,20,20
482610,2,1,1994,0,22,0,0,11,25,5,23,0,25
482611,0,1,1994,0,0,0,0,0,0,0,0,0,0
482611,1,1,1994,0,0,0,0,0,0,0,17,0,0
482612,1,1,1994,11,11,11,11,11,11,11,11,11,11
482612,2,1,1994,0,0,5,0,0,0,17,8,0,0
482613,1,1,1994,17,17,17,17,17,17,17,17,17,17
482614,1,1,1994,23,23,23,23,23,23,23,23,23,23
482614,2,1,1994,0,0,0,0,10,16,0,0,0,20
482615,1,1,1994,0,0,0,0,0,0,22,19,15,0
482615,2,1,1994,9,23,28,10,15,8,4,19,9,7
482616,1,1,1994,22,14,4,16,9,24,14,13,5,17
482617,0,1,1994,0,31,0,14,34,10,26,0,9,0
482617,1,1,1994,20,20,20,20,20,20,20,20,20,20
482618,1,1,1994,0,0,0,0,0,0,4,0,0,0
482618,2,1,1994,0,0,0,0,0,0,0,0,22,0
482619,0,1,1994,0,24,20,11,0,27,0,0,4,0
482619,1,1,1994,0,0,0,0,0,0,0,0,0,0
482620,1,1,1994,0,0,0,0,0,0,0,0,0,0
482621,0,1,1994,0,0,0,0,0,0,0,0,0,0
482621,1,1,1994,0,0,0,0,0,0,0,0,0,0
482622,1,1,1994,25,25,25,25,25,25,25,25,25,25
482623,0,1,1994,0,0,0,0,0,0,0,0,0,0
482623,1,1,1994,0,0,0,0,0,0,0,0,0,0
482624,0,1,1994,0,0,0,0,0,0,0,0,12,16
482624,1,1,1994,0,0,0,0,0,0,0,11,0,0
482625,1,1,1994,0,0,0,0,0,0,0,0,0,0
482626,1,1,1994,0,0,0,0,0,0,0,0,0,0
482627,1,1,1994,0,0,0,0,0,6,0,0,0,19
482628,1,1,1994,15,27,17,0,9,19,18,25,11,11
482628,2,1,1994,5,0,0,0,0,16,0,16,0,0
482629,1,1,1994,19,19,19,19,19,19,19,19,19,19
482629,2,1,1994,0,0,12,0,0,4,0,15,0,0
482630,1,1,1994,0,5,0,0,0,0,20,0,0,0
482631,1,1,1994,13,13,13,13,13,13,13,13,13,13
482631,2,1,1994,6,0,0,0,0,0,0,0,0,0
482632,1,1,1994,9,9,9,9,9,9,9,9,9,9
482633,1,1,1994,18,18,18,18,18,18,18,18,18,18
482634,1,1,1994,0,0,0,0,0,0,0,0,0,0
482634,2,1,1994,0,0,0,0,0,0,0,0,0,0
482635,1,1,1994,0,0,0,0,0,11,0,0,0,0
482635,2,1,1994,0,0,0,0,0,0,0,0,0,0
482636,1,1,1994,0,13,0,5,0,12,0,0,11,5
482637,1,1,1994,0,15,33,20,20,12,22,27,24,16
482638,1,1,1994,0,0,0,0,0,0,0,0,0,0
482638,2,1,1994,0,0,8,0,0,0,0,0,0,0
482639,1,1,1994,0,0,0,0,0,0,0,0,0,0
482639,2,1,1994,0,27,21,15,15,0,0,0,0,0
482640,1,1,1994,0,0,0,0,11,0,0,0,0,0
482640,2,1,1994,0,0,0,0,0,0,0,0,0,0
482640,3,1,1994,0,3,0,0,0,0,0,0,0,0
482641,1,1,1994,0,0,0,0,0,0,0,0,0,0
482641,2,1,1994,0,0,0,8,0,0,0,0,0,0
482641,3,1,1994,0,0,0,0,0,4,0,0,11,0
482641,4,1,1994,0,0,0,0,0,0,0,0,0,0
482642,1,1,1994,22,22,22,22,22,22,22,22,22,22
482643,1,1,1994,19,10,0,21,28,10,14,22,10,17
482644,1,1,1994,26,25,16,21,0,0,37,0,0,44
482645,1,1,1994,19,19,19,19,19,19,19,19,19,19
482646,1,1,1994,29,0,10,10,7,10,0,13,0,35
482646,2,1,1994,10,0,16,0,0,0,0,11,0,0
482647,1,1,1994,15,15,15,15,15,15,15,15,15,15
482647,2,1,1994,0,0,0,0,0,0,22,0,12,0
482648,1,1,1994,0,0,0,0,0,0,0,0,0,0
482648,2,1,1994,0,0,0,0,0,0,0,0,0,0
482649,1,1,1994,0,0,16,34,24,0,0,31,21,0
482650,0,1,1994,21,18,38,13,14,7,16,32,6,26
482650,1,1,1994,9,0,0,18,0,0,17,0,0,0
482651,1,1,1994,0,0,2,0,0,0,0,0,0,7
482651,2,1,1994,0,0,0,0,0,0,0,0,0,0
482651,3,1,1994,0,0,0,0,0,0,0,0,0,0
482651,4,1,1994,0,0,0,0,0,0,0,0,0,0
482652,1,1,1994,0,0,0,0,0,0,0,0,0,15
482653,1,1,1994,0,19,0,13,0,0,0,15,0,0
482654,1,1,1994,0,0,0,0,0,0,0,0,0,23
482655,0,1,1994,0,0,0,10,25,0,18,0,0,0
482655,1,1,1994,0,0,0,0,17,0,0,11,0,0
482655,2,1,1994,0,0,0,0,0,0,0,0,0,0
482655,3,1,1994,0,0,0,0,0,0,0,0,0,0
482656,1,1,1994,0,11,0,13,0,0,0,13,0,0
482656,2,1,1994,8,0,24,20,6,2,23,0,0,5
482657,1,1,1994,23,23,23,23,23,23,23,23,23,23
482657,2,1,1994,0,0,0,0,0,0,0,0,0,0
482658,1,1,1994,0,0,0,0,0,0,0,0,0,0
482659,0,1,1994,0,0,10,0,0,0,0,0,4,0
482659,1,1,1994,0,0,0,0,0,0,0,0,0,0
482660,1,1,1994,0,7,0,0,21,11,0,10,6,0
482661,1,1,1994,0,0,0,0,0,0,0,0,0,0
482661,2,1,1994,0,0,0,0,0,0,0,0,0,0
482662,1,1,1994,0,0,4,0,0,0,0,17,0,0
482662,2,1,1994,0,0,0,0,0,5,0,0,0,0
482663,1,1,1994,0,0,0,0,0,19,0,4,0,0
482664,1,1,1994,0,0,0,0,0,0,0,0,0,0
482664,2,1,1994,7,7,7,7,7,7,7,7,7,7
482665,0,1,1994,15,15,15,15,15,15,15,15,15,15
482665,1,1,1994,0,0,0,0,0,0,0,0,0,0
482666,1,1,1994,27,28,11,18,28,11,6,16,12,0
482666,2,1,1994,0,0,0,0,0,16,0,10,29,0
482667,0,1,1994,0,0,0,0,24,0,14,25,0,6
482667,1,1,1994,21,0,24,0,0,23,16,16,0,16
482668,0,1,1994,0,0,0,0,0,0,0,0,9,0
482668,1,1,1994,0,0,0,0,0,0,0,0,0,0
482669,0,1,1994,31,31,31,31,31,31,31,31,31,31
482669,1,1,1994,17,0,0,0,0,0,0,0,0,0
482670,1,1,1994,0,0,18,0,0,0,0,0,0,17
482670,2,1,1994,0,0,0,0,0,0,0,0,0,0
482671,0,1,1994,20,6,0,6,28,14,8,27,0,17
482671,0,2,1994,10,0,0,32,20,0,24,24,40,29
482671,0,3,1994,19,18,14,26,0,11,10,20,0,0
482671,1,1,1994,23,16,20,40,24,0,33,15,21,0
482672,1,1,1994,0,0,26,12,17,0,0,0,0,0
482672,2,1,1994,16,0,0,0,0,0,0,9,0,0
482673,0,1,1994,0,0,0,0,0,0,0,0,0,0
482673,1,1,1994,0,0,0,0,0,0,0,0,0,0
482674,1,1,1994,0,0,9,0,16,0,8,19,7,0
482675,0,1,1994,0,0,0,0,0,0,0,0,0,0
482675,1,1,1994,0,0,0,0,0,0,0,0,0,0
482676,1,1,1994,1,1,1,1,1,1,1,1,1,1
482676,2,1,1994,0,0,0,0,0,0,5,0,0,0
482677,1,1,1994,14,14,14,14,14,14,14,14,14,14
482678,1,1,1994,0,0,0,0,0,0,0,0,0,0
482678,2,1,1994,0,0,0,0,0,0,0,0,0,0
482679,0,1,1994,0,0,0,0,0,0,0,0,15,0
482679,1,1,1994,0,0,0,0,0,0,20,0,20,0
482680,1,1,1994,15,24,10,15,0,16,0,16,23,14
482681,1,1,1994,13,13,13,13,13,13,13,13,13,13
482682,1,1,1994,0,9,0,0,11,0,0,20,0,0
482683,1,1,1994,0,0,0,0,0,0,0,0,0,0
482683,2,1,1994,0,0,0,11,0,0,0,0,24,0
482684,1,1,1994,0,0,0,0,0,0,0,0,0,0
482685,1,1,1994,0,0,0,0,0,0,0,0,0,0
482685,2,1,1994,13,13,13,13,13,13,13,13,13,13
482686,0,1,1994,0,0,0,0,0,0,0,0,0,0
482686,1,1,1994,0,0,0,0,0,0,0,0,0,0
482687,1,1,1994,0,0,0,0,0,0,0,0,0,0
482687,2,1,1994,0,0,0,0,0,0,0,0,0,0
482688,1,1,1994,29,19,24,34,14,16,24,18,9,14
482689,0,1,1994,0,0,0,0,0,0,0,0,0,0
482689,1,1,1994,0,0,0,0,0,0,0,0,0,0
482690,1,1,1994,0,0,0,0,0,0,0,0,0,0
482690,2,1,1994,0,0,0,0,0,0,0,0,0,0
482691,1,1,1994,19,19,19,19,19,19,19,19,19,19
482691,2,1,1994,0,10,0,0,0,0,0,0,0,19
482692,1,1,1994,0,39,0,0,23,22,15,23,0,0
482692,2,1,1994,0,0,0,0,0,0,0,0,32,0
482693,1,1,1994,18,18,18,18,18,18,18,18,18,18
482693,2,1,1994,12,0,0,0,0,0,14,0,0,0
482693,3,1,1994,0,0,0,0,11,0,25,11,24,15
482694,1,1,1994,0,0,0,0,0,0,0,0,0,0
482694,2,1,1994,0,0,0,0,0,0,0,21,0,0
482695,0,1,1994,13,34,35,0,0,0,0,0,0,0
482695,1,1,1994,0,0,0,0,0,0,0,0,0,5
482696,1,1,1994,0,0,0,0,0,0,0,0,0,0
482696,2,1,1994,0,0,0,0,6,0,9,0,0,0
482696,3,1,1994,0,0,0,0,0,0,0,0,0,0
482697,1,1,1994,0,0,0,7,0,0,0,0,0,0
482698,1,1,1994,0,0,0,0,0,0,0,0,0,0
482699,1,1,1994,0,0,0,0,0,0,0,0,0,0
482700,1,1,1994,17,17,17,17,17,17,17,17,17,17
482701,1,1,1994,0,0,0,0,0,0,0,0,0,0
482701,2,1,1994,0,7,0,0,38,0,7,0,10,13
482702,1,1,1994,0,0,0,0,0,0,0,0,0,0
482702,2,1,1994,0,0,0,0,0,0,0,0,0,0
482703,1,1,1994,5,5,5,5,5,5,5,5,5,5
482703,2,1,1994,0,0,0,0,0,0,0,0,0,0
482704,1,1,1994,0,0,0,0,0,0,0,0,0,0
482705,1,1,1994,36,36,36,36,36,36,36,36,36,36
482705,2,1,1994,0,0,0,0,0,0,0,0,0,0
482706,0,1,1994,15,37,0,29,27,26,0,24,0,0
482706,1,1,1994,0,0,14,0,0,0,0,0,0,0
482706,2,1,1994,0,0,25,0,0,12,31,0,16,0
482707,1,1,1994,0,0,0,0,0,0,0,0,0,0
482707,2,1,1994,0,0,0,7,0,0,0,0,0,0
482708,1,1,1994,0,0,0,0,0,0,0,0,0,0
482708,2,1,1994,0,11,28,0,0,24,13,0,0,0
482709,1,1,1994,8,8,8,8,8,8,8,8,8,8
482710,1,1,1994,0,0,0,0,0,0,0,0,0,0
482710,2,1,1994,0,0,0,0,0,0,0,0,0,0
482711,1,1,1994,0,0,0,0,0,0,0,0,0,0
482712,1,1,1994,0,0,0,0,0,0,0,0,0,0
482713,1,1,1994,0,0,0,0,0,24,0,0,0,0
482713,2,1,1994,0,0,0,13,0,0,0,0,0,0
482714,1,1,1994,0,11,0,8,0,0,0,0,0,0
482714,2,1,1994,0,0,0,0,0,0,0,0,0,0
482714,3,1,1994,0,0,0,0,0,0,0,0,0,0
482715,1,1,1994,7,20,11,12,18,0,26,11,21,0
482715,2,1,1994,12,0,22,10,22,13,24,21,26,26
482716,1,1,1994,27,41,29,15,23,11,22,20,15,36
482717,1,1,1994,17,0,0,0,0,0,0,0,0,0
482718,1,1,1994,0,0,0,0,0,0,0,0,0,0
482718,2,1,1994,0,0,0,0,0,0,0,0,0,0
482719,0,1,1994,25,25,25,25,25,25,25,25,25,25
482719,1,1,1994,11,0,0,0,0,14,0,0,0,0
482720,1,1,1994,0,0,0,0,0,0,0,0,0,0
482720,2,1,1994,22,0,0,0,0,0,0,0,0,7
482721,1,1,1994,17,11,14,18,25,37,17,27,13,24
482722,0,1,1994,28,0,0,33,0,15,0,0,9,0
482722,1,1,1994,17,22,21,37,0,0,19,24,21,0
482723,1,1,1994,0,0,0,0,0,0,0,0,0,0
482723,2,1,1994,0,0,0,0,0,0,0,0,0,0
482724,1,1,1994,12,0,0,0,0,0,0,0,0,0
482724,2,1,1994,0,0,0,0,0,0,0,0,0,0
482725,1,1,1994,0,13,0,0,0,0,10,0,0,0
482725,2,1,1994,0,0,16,0,0,0,0,0,0,0
482726,0,1,1994,37,7,13,0,15,0,20,25,0,48
482726,1,1,1994,0,0,0,0,0,0,0,0,0,15
482727,0,1,1994,0,27,0,0,0,0,0,22,0,0
482727,1,1,1994,0,0,0,0,0,0,0,0,0,0
482728,0,1,1994,16,26,9,19,0,0,0,9,13,40
482728,1,1,1994,22,6,15,13,0,0,20,8,10,20
482729,1,1,1994,0,17,0,0,0,15,0,29,0,22
482729,2,1,1994,0,0,7,5,0,0,0,0,9,9
482730,1,1,1994,23,0,0,0,0,0,0,0,0,18
482731,1,1,1994,0,0,0,0,0,0,0,0,0,0
482731,2,1,1994,0,0,0,0,0,0,0,0,0,0
482731,3,1,1994,0,0,0,0,0,0,0,0,0,0
482732,1,1,1994,0,0,0,0,0,0,0,0,0,0
482732,2,1,1994,0,0,0,0,0,0,0,0,0,0
482733,0,1,1994,0,12,30,18,0,33,20,19,12,41
482733,1,1,1994,9,9,9,9,9,9,9,9,9,9
482734,1,1,1994,0,0,0,0,0,0,0,0,0,0
482734,2,1,1994,0,0,0,0,0,0,0,0,0,0
482735,1,1,1994,0,0,0,0,0,0,0,0,0,0
482735,2,1,1994,0,0,0,0,0,0,0,0,0,0
482736,1,1,1994,0,11,12,20,0,12,32,20,16,20
482736,2,1,1994,0,0,0,0,0,0,0,0,0,0
482737,1,1,1994,30,23,0,0,16,0,0,0,24,0
482738,0,1,1994,0,0,0,17,0,0,0,24,0,30
482738,1,1,1994,0,0,0,0,0,0,0,0,0,0
482739,1,1,1994,0,0,0,0,20,13,0,0,0,0
482740,1,1,1994,0,0,0,0,0,0,0,0,0,0
482740,2,1,1994,6,0,0,0,18,0,0,0,0,0
482741,1,1,1994,0,0,0,0,0,0,0,0,0,0
482741,2,1,1994,0,0,0,0,0,0,0,0,0,0
482742,1,1,1994,19,0,0,0,0,0,0,11,0,0
482742,2,1,1994,0,0,0,0,0,0,0,0,0,0
482742,3,1,1994,2,0,10,0,0,0,0,0,0,0
482743,1,1,1994,0,15,26,0,0,0,0,0,0,0
482744,0,1,1994,0,0,0,0,0,0,19,21,0,7
482744,1,1,1994,0,0,0,0,0,0,0,0,0,0
482745,0,1,1994,16,0,17,32,0,20,15,0,24,0
482745,1,1,1994,0,0,0,0,0,0,0,0,0,0
482746,1,1,1994,0,0,0,11,15,26,0,16,0,7
482746,2,1,1994,11,19,0,0,0,11,0,7,3,0
482747,1,1,1994,27,0,27,5,0,0,0,23,14,0
482748,1,1,1994,6,22,24,6,10,20,21,24,21,4
482749,0,1,1994,10,0,7,0,0,0,27,0,0,9
482749,1,1,1994,0,21,0,0,0,0,19,27,0,0
482750,1,1,1994,0,0,0,0,0,0,0,0,0,0
482750,2,1,1994,0,0,0,0,9,0,0,0,0,22
482751,0,1,1994,29,29,29,29,29,29,29,29,29,29
482751,1,1,1994,0,0,0,2,0,0,0,0,0,0
482752,1,1,1994,0,0,0,0,0,0,0,0,0,0
482752,2,1,1994,0,0,14,29,0,0,0,0,0,0
482753,1,1,1994,39,25,21,30,18,31,20,23,0,17
482754,0,1,1994,6,0,0,0,23,0,0,0,0,0
482754,1,1,1994,0,0,0,0,0,0,18,0,0,0
490001,1,1,1994,0,0,0,0,0,0,0,0,0,0
490001,2,1,1994,0,0,0,0,0,0,0,0,0,0
490002,0,1,1994,0,0,20,0,0,0,0,0,0,0
490002,1,1,1994,0,0,0,0,0,0,0,0,0,0
490003,1,1,1994,0,0,0,0,0,0,0,0,0,0
490003,2,1,1994,0,0,0,0,0,0,0,0,0,0
490004,1,1,1994,0,0,0,0,0,0,0,0,0,0
490004,2,1,1994,0,0,0,0,0,0,0,0,0,0
490004,3,1,1994,0,0,13,0,0,0,0,0,0,0
490005,0,1,1994,0,0,0,0,0,0,0,0,0,0
490005,1,1,1994,0,0,0,0,0,0,0,0,0,0
490006,1,1,1994,0,0,0,0,0,0,0,0,0,0
490007,0,1,1994,0,0,0,0,0,0,0,0,0,0
490007,0,2,1994,0,0,0,0,0,0,0,0,0,0
490007,1,1,1994,12,12,12,12,12,12,12,12,12,12
490008,1,1,1994,16,16,16,16,16,16,16,16,16,16
490009,1,1,1994,0,0,0,0,0,0,0,0,0,0
490010,1,1,1994,23,23,23,23,23,23,23,23,23,23
490011,1,1,1994,0,0,0,0,0,0,0,0,0,0
490012,1,1,1994,0,0,0,0,0,0,0,0,0,0
490013,1,1,1994,0,0,0,0,0,0,0,0,0,0
490013,2,1,1994,0,0,0,0,0,0,0,0,0,0
490014,1,1,1994,23,23,23,23,23,23,23,23,23,23
490014,2,1,1994,0,0,0,0,0,0,0,0,0,0
490015,1,1,1994,0,0,0,0,0,0,0,0,0,0
490015,2,1,1994,0,0,0,0,0,0,0,0,0,0
490016,1,1,1994,0,0,0,0,0,0,0,0,0,0
490017,1,1,1994,0,0,0,0,0,0,0,0,0,0
490018,1,1,1994,1,1,1,1,1,1,1,1,1,1
490018,2,1,1994,0,0,0,0,0,0,0,0,0,0
490019,1,1,1994,0,0,0,0,0,0,0,0,0,0
490019,2,1,1994,0,0,0,0,0,0,0,0,0,0
490020,1,1,1994,0,0,0,0,0,0,0,0,0,0
490021,0,1,1994,0,0,0,0,0,0,0,0,0,0
490021,1,1,1994,0,0,0,0,0,0,0,0,0,0
490022,0,1,1994,0,0,0,0,0,0,0,0,0,0