ST_CASE,VEH_NO,PER_NO,YEAR,P1,P2,P3,P4,P5,P6,P7,P8,P9,P10
490022,1,1,1994,0,0,0,0,0,0,0,0,0,0
490023,1,1,1994,0,0,0,0,0,0,0,0,0,0
490023,2,1,1994,0,0,0,0,0,0,0,0,0,0
490024,1,1,1994,26,26,26,26,26,26,26,26,26,26
490025,0,1,1994,0,0,0,0,0,0,0,0,0,0
490025,0,2,1994,0,0,0,0,0,0,0,0,0,0
490025,1,1,1994,0,0,0,0,0,1,0,0,8,0
490026,1,1,1994,29,29,29,29,29,29,29,29,29,29
490026,2,1,1994,0,0,0,0,0,0,0,0,0,0
490027,1,1,1994,22,22,22,22,22,22,22,22,22,22
490028,1,1,1994,0,0,0,0,0,0,0,0,0,0
490028,2,1,1994,0,0,0,0,0,0,0,0,0,0
490028,3,1,1994,0,0,0,0,0,0,0,0,0,2
490029,1,1,1994,0,0,0,0,0,0,0,0,0,0
490030,0,1,1994,0,0,0,0,0,0,0,0,0,0
490030,1,1,1994,0,0,0,0,0,0,0,0,0,0
490031,1,1,1994,16,16,16,16,16,16,16,16,16,16
490032,1,1,1994,0,0,0,0,0,0,0,0,0,0
490033,0,1,1994,0,0,0,0,0,0,0,0,0,0
490033,1,1,1994,27,27,27,27,27,27,27,27,27,27
490034,1,1,1994,0,0,0,0,0,0,0,0,0,0
490034,2,1,1994,0,0,0,0,0,0,0,0,0,0
490035,1,1,1994,19,19,19,19,19,19,19,19,19,19
490036,1,1,1994,0,0,0,0,0,0,0,0,0,0
490037,1,1,1994,0,0,0,0,0,0,0,0,0,0
490038,1,1,1994,10,13,11,12,10,5,20,9,0,11
490038,2,1,1994,0,0,0,0,0,0,0,0,0,0
490039,1,1,1994,0,0,0,0,0,0,0,0,0,0
490039,2,1,1994,0,0,0,0,0,0,0,0,0,0
490039,3,1,1994,0,0,0,25,0,0,0,0,0,0
490040,1,1,1994,0,0,0,0,0,0,0,0,0,0
490040,2,1,1994,0,0,0,0,0,0,0,0,0,0
490041,1,1,1994,0,0,18,0,11,0,0,0,0,0
490041,2,1,1994,8,0,27,0,0,0,5,0,0,6
490042,1,1,1994,3,3,3,3,3,3,3,3,3,3
490043,1,1,1994,16,16,16,16,16,16,16,16,16,16
490044,1,1,1994,0,0,0,0,0,0,0,0,0,0
490044,2,1,1994,0,0,0,0,0,0,0,0,0,0
490045,1,1,1994,0,0,0,11,0,0,0,0,21,0
490046,1,1,1994,0,0,0,0,0,0,0,0,0,0
490046,2,1,1994,0,0,0,0,0,0,0,0,0,0
490047,1,1,1994,2,2,2,2,2,2,2,2,2,2
490048,0,1,1994,0,0,0,0,0,0,0,0,0,0
490048,1,1,1994,0,0,0,0,0,0,0,0,0,0
490049,1,1,1994,0,0,0,0,0,0,0,0,0,0
490049,2,1,1994,0,0,0,0,0,0,0,0,0,0
490050,1,1,1994,0,0,0,0,0,0,0,0,0,0
490050,2,1,1994,0,0,0,0,0,0,0,0,0,0
490050,3,1,1994,0,0,0,0,0,0,0,0,0,0
490051,1,1,1994,0,0,0,0,0,0,0,0,0,0
490051,2,1,1994,0,0,0,0,0,0,0,0,0,0
490052,1,3,1994,0,0,0,0,0,0,0,0,0,0
490053,1,1,1994,0,0,0,0,0,0,0,0,0,0
490054,1,1,1994,0,12,0,0,0,11,0,0,0,0
490055,0,1,1994,0,0,0,0,0,0,0,0,0,0
490055,1,1,1994,11,11,11,11,11,11,11,11,11,11
490056,1,1,1994,0,0,0,0,0,0,0,0,0,0
490056,2,1,1994,0,0,0,0,0,0,0,0,0,0
490056,3,1,1994,0,0,0,0,0,0,0,0,0,0
490056,4,1,1994,0,0,0,0,0,0,0,0,0,0
490057,1,1,1994,0,0,0,0,0,0,0,0,0,0
490058,1,1,1994,0,0,0,0,0,0,0,0,0,0
490059,1,1,1994,0,0,0,0,0,0,0,0,0,0
490060,1,1,1994,0,0,0,0,0,0,0,0,0,0
490061,1,1,1994,28,28,28,28,28,28,28,28,28,28
490062,1,1,1994,0,0,0,0,0,0,0,0,0,0
490063,1,1,1994,0,0,0,0,0,0,0,0,0,0
490063,2,1,1994,0,0,0,0,0,0,0,0,0,0
490064,1,1,1994,0,0,0,0,0,0,0,0,0,0
490065,1,1,1994,0,0,0,0,0,0,0,0,0,0
490066,1,1,1994,8,8,8,8,8,8,8,8,8,8
490067,1,1,1994,0,0,0,0,0,0,0,0,0,0
490068,1,1,1994,0,0,0,0,0,0,0,0,0,0
490069,0,1,1994,0,0,0,0,0,0,0,0,0,0
490069,1,1,1994,0,0,0,0,0,0,0,0,0,0
490069,2,1,1994,0,0,0,0,0,0,0,0,0,0
490070,1,1,1994,10,10,10,10,10,10,10,10,10,10
490071,1,1,1994,27,27,27,27,27,27,27,27,27,27
490072,1,1,1994,0,0,0,0,0,0,0,0,0,0
490073,0,1,1994,0,0,0,0,0,0,0,0,0,0
490073,1,1,1994,0,0,0,0,0,0,0,0,0,0
490074,1,1,1994,0,0,0,0,0,0,0,0,0,0
490075,1,1,1994,0,0,0,0,0,0,0,0,0,0
490075,2,1,1994,0,0,0,0,0,0,0,0,0,0
490076,1,1,1994,0,0,0,0,0,0,0,0,0,0
490077,1,1,1994,23,12,9,16,7,21,33,0,8,0
490077,2,1,1994,0,0,0,0,0,0,0,0,0,0
490078,1,1,1994,0,0,0,0,0,0,0,0,0,0
490079,1,1,1994,0,0,0,0,0,0,0,0,0,0
490080,1,1,1994,0,0,0,0,0,0,0,0,0,0
490080,2,1,1994,0,0,0,0,0,0,0,0,0,0
490081,1,1,1994,5,5,5,5,5,5,5,5,5,5
490082,1,1,1994,0,0,0,0,0,0,0,0,0,0
490083,1,1,1994,0,0,0,0,0,0,0,0,0,0
490083,2,1,1994,0,0,0,0,0,0,0,0,0,0
490084,1,1,1994,0,0,0,0,0,0,0,0,0,0
490084,2,1,1994,0,0,0,0,0,0,0,0,0,0
490085,1,1,1994,0,0,0,0,0,0,0,0,0,0
490086,1,1,1994,2,2,2,2,2,2,2,2,2,2
490087,1,1,1994,0,0,0,0,0,0,0,0,0,0
490088,1,1,1994,0,0,0,0,0,0,0,0,0,0
490089,1,1,1994,0,0,0,0,0,0,0,0,0,0
490090,0,1,1994,19,0,10,0,0,15,0,0,8,0
490090,1,1,1994,0,0,0,0,0,0,0,0,0,0
490091,1,1,1994,0,0,0,0,0,0,0,0,0,0
490091,2,1,1994,0,0,0,0,0,0,0,0,0,0
490092,1,1,1994,0,0,0,0,0,0,0,0,0,0
490092,2,1,1994,25,25,25,25,25,25,25,25,25,25
490093,1,1,1994,0,0,0,0,0,0,0,0,0,0
490093,2,1,1994,0,0,0,0,0,0,0,0,0,0
490094,1,1,1994,0,0,0,0,0,0,0,0,0,0
490095,1,1,1994,0,0,0,0,0,0,0,0,0,0
490095,2,1,1994,0,0,0,0,11,0,0,0,0,0
490096,1,1,1994,3,3,3,3,3,3,3,3,3,3
490097,1,1,1994,0,0,0,0,0,0,0,0,0,0
490098,1,1,1994,0,0,0,0,0,0,0,0,0,0
490098,2,1,1994,0,0,0,0,0,0,0,0,0,0
490099,0,1,1994,0,0,0,0,0,0,0,0,0,0
490099,0,2,1994,0,0,0,0,0,21,0,0,21,0
490099,1,1,1994,0,0,0,0,0,0,0,0,0,0
490100,1,1,1994,0,0,0,0,0,0,0,0,0,0
490101,1,1,1994,0,0,0,0,0,0,0,0,0,0
490101,2,1,1994,0,0,0,0,0,0,0,0,0,0
490101,3,1,1994,0,0,0,0,0,0,0,0,0,0
490102,1,1,1994,0,0,0,0,0,0,0,0,0,0
490103,1,1,1994,0,0,0,0,0,0,0,0,0,0
490104,1,1,1994,0,0,0,0,0,0,0,0,0,0
490104,2,1,1994,0,0,0,0,0,0,0,0,0,0
490105,1,1,1994,0,0,0,0,0,0,0,0,0,0
490105,2,1,1994,0,0,0,0,0,0,0,0,0,0
490106,1,1,1994,0,0,0,0,0,0,0,0,0,0
490106,2,1,1994,0,0,0,0,0,0,0,0,0,0
490107,1,1,1994,0,0,0,0,0,0,0,0,0,0
490108,1,1,1994,0,0,0,0,0,0,0,0,0,0
490109,1,1,1994,0,0,0,0,0,0,0,0,0,0
490109,2,1,1994,0,0,0,0,0,0,0,0,0,0
490109,3,1,1994,0,0,0,0,0,0,0,0,0,0
490110,1,1,1994,0,0,0,0,0,0,0,0,0,0
490111,1,1,1994,0,0,0,0,0,0,0,0,0,0
490111,2,1,1994,0,0,0,0,0,0,0,0,0,0
490112,1,1,1994,0,0,0,0,0,0,0,0,0,0
490113,1,1,1994,0,0,0,0,0,0,0,0,0,0
490114,1,1,1994,0,0,0,0,0,0,0,0,0,0
490114,2,1,1994,11,0,0,3,0,0,0,0,17,0
490115,0,1,1994,0,0,0,0,32,0,0,0,0,0
490115,1,1,1994,0,0,0,0,0,0,0,0,0,0
490116,1,1,1994,0,0,0,0,0,0,0,0,0,0
490116,2,1,1994,0,0,0,0,0,0,0,0,0,0
490117,0,1,1994,25,0,0,0,0,0,0,0,0,0
490117,1,1,1994,0,0,0,0,0,0,0,0,0,0
490118,1,1,1994,0,0,0,0,0,0,0,0,0,11
490119,1,1,1994,0,0,0,0,0,0,0,0,0,0
490120,0,1,1994,0,0,0,0,0,0,0,0,0,0
490120,1,1,1994,0,0,0,0,0,0,0,0,0,0
490121,1,1,1994,28,28,28,28,28,28,28,28,28,28
490122,1,1,1994,0,0,0,0,0,0,0,0,0,0
490123,1,1,1994,0,0,0,0,0,0,0,0,0,0
490124,1,1,1994,0,0,0,22,0,0,0,0,0,0
490125,1,1,1994,0,0,0,0,0,0,0,0,0,0
490126,0,1,1994,0,0,0,0,0,0,0,0,0,0
490126,1,1,1994,0,0,0,0,0,0,0,0,0,0
490127,1,1,1994,0,0,0,0,0,0,0,0,0,0
490127,2,1,1994,0,0,0,0,0,0,0,0,0,0
490128,0,1,1994,0,0,0,0,0,0,0,0,0,0
490128,1,1,1994,0,0,0,0,0,0,0,0,0,0
490129,1,1,1994,0,0,0,0,0,0,0,0,0,0
490130,1,1,1994,0,0,0,0,0,0,0,0,0,0
490130,2,1,1994,0,0,0,0,0,0,0,0,0,0
490131,1,1,1994,0,0,0,0,0,0,0,0,0,0
490132,1,1,1994,8,8,8,8,8,8,8,8,8,8
490133,1,1,1994,0,0,0,0,0,0,0,0,0,0
490134,1,1,1994,20,20,20,20,20,20,20,20,20,20
490135,0,1,1994,0,0,0,0,0,0,0,0,0,0
490135,0,2,1994,33,5,12,0,0,0,0,7,12,0
490135,1,1,1994,0,0,0,0,0,0,0,0,0,0
490136,0,1,1994,0,0,0,0,0,0,0,0,0,0
490136,1,1,1994,0,0,0,0,0,0,0,0,0,0
490137,1,1,1994,15,15,15,15,15,15,15,15,15,15
490137,2,1,1994,0,0,0,0,0,0,0,0,0,0
490138,1,1,1994,0,0,0,0,0,0,0,0,0,0
490139,1,1,1994,0,0,0,0,0,0,0,0,0,0
490140,1,1,1994,0,0,0,0,0,0,0,0,0,0
490141,1,1,1994,0,0,0,0,0,0,0,0,0,0
490142,1,1,1994,0,0,0,0,0,0,0,0,0,0
490143,1,1,1994,0,0,0,0,0,0,0,0,0,0
490143,2,1,1994,0,0,0,0,0,0,0,0,0,0
490144,1,1,1994,0,0,0,0,0,0,0,0,0,0
490144,2,1,1994,0,0,0,0,0,0,0,0,0,0
490145,0,1,1994,20,0,0,0,0,0,0,0,0,0
490145,1,1,1994,0,0,0,0,0,0,0,0,0,0
490146,0,1,1994,0,0,0,32,17,0,18,0,0,0
490146,1,1,1994,0,0,0,0,0,0,0,0,0,0
490147,1,1,1994,17,17,17,17,17,17,17,17,17,17
490148,0,1,1994,0,0,0,0,0,0,0,0,0,0
490148,1,1,1994,0,0,0,0,0,0,0,0,0,0
490149,1,1,1994,0,0,0,0,0,0,0,0,0,0
490149,2,1,1994,0,0,0,0,0,0,0,0,0,0
490149,3,1,1994,0,0,0,0,0,0,0,0,0,0
490150,1,1,1994,0,0,0,0,0,0,0,0,0,0
490150,2,1,1994,0,0,0,0,0,0,0,0,0,0
490151,1,1,1994,0,0,0,0,0,0,0,0,0,0
490152,1,1,1994,0,0,0,0,0,0,0,0,0,0
490153,0,1,1994,21,0,24,0,0,0,0,20,0,0
490153,1,1,1994,10,10,10,10,10,10,10,10,10,10
490154,1,1,1994,7,7,7,7,7,7,7,7,7,7
490155,1,1,1994,0,0,0,0,0,0,0,0,0,0
490156,1,1,1994,10,10,10,10,10,10,10,10,10,10
490156,2,1,1994,0,0,0,0,0,0,0,0,0,0
490157,1,1,1994,14,14,14,14,14,14,14,14,14,14
490158,1,1,1994,0,0,0,0,0,0,0,0,0,0
490159,0,1,1994,22,22,22,22,22,22,22,22,22,22
490159,1,1,1994,0,0,0,0,0,0,0,3,0,0
490159,2,1,1994,0,0,0,0,0,0,0,0,0,0
490160,1,1,1994,0,0,0,0,0,0,0,0,0,0
490161,1,1,1994,0,0,0,0,0,0,0,0,0,0
490161,2,1,1994,0,0,0,0,0,0,0,0,0,0
490162,1,1,1994,0,0,0,0,0,0,0,0,0,0
490163,1,1,1994,0,0,0,26,0,0,0,0,0,0
490164,0,1,1994,15,15,15,15,15,15,15,15,15,15
490164,1,1,1994,0,0,0,0,0,0,0,0,0,0
490165,0,1,1994,34,34,34,34,34,34,34,34,34,34
490165,1,1,1994,0,0,0,0,0,0,0,0,0,0
490166,1,1,1994,0,0,0,0,0,0,0,0,0,0
490166,2,1,1994,0,0,0,0,0,0,0,0,0,0
490166,3,1,1994,0,0,0,0,0,0,0,0,0,0
490167,1,1,1994,17,17,17,17,17,17,17,17,17,17
490168,1,1,1994,0,0,0,0,0,0,0,0,0,0
490168,2,1,1994,0,0,0,0,0,0,0,0,0,0
490169,0,1,1994,0,0,0,0,0,0,0,0,0,0
490169,1,1,1994,0,0,0,0,0,0,0,0,0,0
490170,1,1,1994,0,0,0,0,0,0,0,0,0,0
490171,1,1,1994,0,0,0,0,0,0,0,0,0,0
490171,2,1,1994,0,0,0,0,0,0,0,0,0,0
490171,3,1,1994,0,0,0,0,0,0,0,0,0,0
490172,1,1,1994,0,0,0,0,0,0,0,0,0,0
490172,2,1,1994,0,0,0,0,0,0,0,0,0,0
490173,1,1,1994,0,0,0,0,0,0,0,0,0,0
490173,2,1,1994,0,20,0,0,0,0,0,0,0,0
490174,1,1,1994,0,0,0,0,0,0,0,0,0,0
490175,1,1,1994,10,10,10,10,10,10,10,10,10,10
490176,1,1,1994,0,0,0,0,0,0,0,0,0,0
490177,1,1,1994,0,0,0,0,0,0,0,0,0,0
490178,1,1,1994,0,0,0,0,0,0,0,0,0,0
490179,1,1,1994,0,0,0,0,0,0,0,0,0,0
490179,2,1,1994,0,0,0,0,0,0,0,0,0,0
490179,3,1,1994,0,0,0,0,0,0,0,0,0,0
490180,1,1,1994,0,0,0,0,0,0,0,0,0,0
490180,2,1,1994,0,0,0,18,0,0,0,0,0,0
490181,1,1,1994,0,0,0,0,0,0,0,0,0,0
490182,0,1,1994,0,0,0,0,0,0,0,0,0,0
490182,1,1,1994,0,0,0,0,0,0,0,0,0,0
490183,1,1,1994,11,11,11,11,11,11,11,11,11,11
490184,1,1,1994,0,0,0,0,0,10,0,0,0,0
490184,2,1,1994,0,0,0,0,0,0,0,0,0,0
490185,1,1,1994,17,27,18,16,23,19,7,32,21,12
490186,0,1,1994,0,0,0,0,0,0,0,0,0,0
490186,1,1,1994,0,31,0,0,0,0,0,0,0,0
490187,1,1,1994,0,0,0,0,0,0,0,0,0,0
490187,2,1,1994,0,0,0,0,0,0,0,0,0,0
490188,1,1,1994,0,0,0,0,0,0,0,0,0,0
490189,1,1,1994,0,0,0,0,0,0,27,0,0,15
490190,1,1,1994,17,17,17,17,17,17,17,17,17,17
490191,1,1,1994,0,0,0,0,0,0,0,0,0,0
490191,2,1,1994,0,0,0,0,0,0,0,0,0,0
490192,1,1,1994,0,0,0,0,0,0,0,0,0,0
490192,2,1,1994,0,0,0,0,0,0,0,0,0,0
490192,3,1,1994,0,0,0,0,0,0,0,0,0,0
490193,0,1,1994,0,0,0,0,0,0,0,0,0,0
490193,1,1,1994,18,18,18,18,18,18,18,18,18,18
490194,1,1,1994,0,0,0,0,0,0,0,0,0,0
490194,2,1,1994,0,0,0,0,0,0,0,0,0,0
490195,0,1,1994,0,0,0,9,0,0,0,0,0,0
490195,1,1,1994,0,0,0,0,0,0,0,0,0,0
490195,2,1,1994,0,21,0,0,0,0,0,0,0,0
490196,1,1,1994,0,0,0,0,0,0,0,0,0,0
490197,1,1,1994,0,0,0,0,0,0,0,0,0,0
490198,1,1,1994,0,0,0,0,0,0,0,0,0,0
490198,2,1,1994,0,0,0,0,0,0,0,0,0,0
490199,1,1,1994,0,0,0,0,0,0,0,0,0,0
490200,1,1,1994,0,0,0,0,0,0,0,0,0,0
490200,2,1,1994,0,0,0,0,0,0,0,0,0,0
490201,0,1,1994,0,0,0,0,0,0,0,0,0,0
490201,1,1,1994,0,0,0,0,0,0,0,0,0,0
490202,1,1,1994,0,0,0,0,0,0,0,0,0,0
490202,2,1,1994,0,0,0,0,0,0,0,0,0,0
490202,3,1,1994,0,0,0,0,0,0,0,0,0,0
490203,1,1,1994,23,23,23,23,23,23,23,23,23,23
490203,2,1,1994,0,0,0,0,0,0,0,0,0,0
490204,1,1,1994,13,7,12,7,19,19,26,25,11,26
490205,1,1,1994,0,0,0,0,0,0,0,0,0,0
490206,1,1,1994,39,39,39,39,39,39,39,39,39,39
490207,1,1,1994,10,10,10,10,10,10,10,10,10,10
490207,2,1,1994,0,0,0,0,0,0,0,0,0,0
490208,1,1,1994,0,0,0,0,0,0,0,0,0,0
490209,1,1,1994,20,20,20,20,20,20,20,20,20,20
490210,1,1,1994,19,19,19,19,19,19,19,19,19,19
490211,1,1,1994,0,0,0,0,0,0,0,0,0,0
490212,1,1,1994,0,0,0,0,0,0,0,0,0,0
490212,2,1,1994,0,0,0,0,0,0,0,0,0,0
490213,1,1,1994,12,0,0,0,0,0,0,0,0,0
490213,2,1,1994,0,0,0,0,0,0,0,0,0,0
490213,3,1,1994,0,0,0,0,0,0,0,0,0,0
490214,1,1,1994,0,0,0,0,0,0,0,0,0,0
490215,1,1,1994,0,0,0,0,0,0,0,0,0,0
490215,2,1,1994,0,0,0,0,0,0,0,0,0,0
490216,1,1,1994,23,23,23,23,23,23,23,23,23,23
490217,1,1,1994,0,0,0,0,0,0,0,0,0,0
490217,2,1,1994,0,0,0,0,0,0,0,0,0,0
490218,1,1,1994,17,17,17,17,17,17,17,17,17,17
490219,1,1,1994,1,1,1,1,1,1,1,1,1,1
490220,1,1,1994,0,0,0,0,0,0,0,0,0,0
490220,2,1,1994,0,0,0,0,0,0,0,0,0,0
490221,1,1,1994,28,28,28,28,28,28,28,28,28,28
490222,1,1,1994,0,0,0,0,0,0,0,0,0,0
490223,1,1,1994,0,0,0,0,0,0,0,0,0,0
490224,1,1,1994,10,10,10,10,10,10,10,10,10,10
490225,1,1,1994,10,10,10,10,10,10,10,10,10,10
490226,1,1,1994,0,0,0,0,0,0,0,0,0,0
490227,1,1,1994,6,6,6,6,6,6,6,6,6,6
490228,1,1,1994,0,0,0,0,0,0,0,0,0,0
490229,1,1,1994,5,5,5,5,5,5,5,5,5,5
490229,2,1,1994,0,0,0,0,0,0,0,0,0,0
490229,3,1,1994,0,0,0,0,0,0,0,0,0,0
490230,1,1,1994,0,0,0,0,0,0,0,0,0,0
490230,2,1,1994,0,0,0,0,0,0,0,0,0,0
490230,3,1,1994,0,0,0,0,0,0,0,0,0,0
490230,4,1,1994,0,0,0,0,0,0,0,0,0,0
490230,5,1,1994,0,0,0,0,0,0,0,0,0,0
490230,6,1,1994,0,0,0,0,0,0,0,0,0,0
490231,0,1,1994,0,18,0,25,18,0,0,0,21,0
490231,1,1,1994,0,0,0,0,0,0,0,0,0,0
490232,1,1,1994,0,0,0,0,0,0,0,0,0,0
490232,2,1,1994,0,0,0,0,0,0,0,0,0,0
490232,3,1,1994,0,0,0,0,0,0,0,0,0,0
490233,1,1,1994,0,0,0,0,0,0,0,0,0,0
490233,2,1,1994,0,0,0,0,0,0,0,0,0,0
490233,3,1,1994,0,0,0,0,0,0,0,0,0,0
490234,1,1,1994,0,0,0,0,0,0,0,0,0,0
490234,2,1,1994,2,2,2,2,2,2,2,2,2,2
490235,1,1,1994,0,0,0,0,0,0,0,0,0,0
490236,1,1,1994,22,0,0,0,14,24,11,23,11,0
490237,1,1,1994,0,0,0,0,0,0,0,0,0,0
490238,1,1,1994,0,0,0,0,0,0,0,0,0,0
490239,1,1,1994,0,23,15,0,0,5,0,0,5,4
490240,0,1,1994,0,0,0,0,0,0,0,0,0,0
490240,1,1,1994,0,0,0,0,0,0,0,16,0,0
490241,1,1,1994,0,0,0,0,0,0,0,0,0,0
490241,2,1,1994,0,0,0,0,0,0,0,0,0,0
490242,1,1,1994,11,11,11,11,11,11,11,11,11,11
490243,1,1,1994,0,0,0,0,0,0,0,0,0,0
490244,1,1,1994,0,0,0,0,0,0,0,0,0,0
490244,2,1,1994,0,0,0,0,0,0,0,0,0,0
490245,1,1,1994,0,0,0,0,0,0,0,0,0,0
490245,2,1,1994,0,0,0,0,0,0,0,0,0,0
490245,3,1,1994,0,0,0,0,0,0,0,0,0,0
490246,0,1,1994,53,53,53,53,53,53,53,53,53,53
490246,1,1,1994,0,0,0,0,0,0,0,0,0,0
490247,1,1,1994,15,15,15,15,15,15,15,15,15,15
490248,1,1,1994,23,23,23,23,23,23,23,23,23,23
490249,1,1,1994,0,0,0,0,0,0,0,0,0,0
490249,2,1,1994,0,0,0,0,0,0,0,0,0,0
490250,1,1,1994,0,0,0,0,0,0,0,0,0,0
490251,1,1,1994,0,0,0,0,9,0,0,0,0,0
490251,2,1,1994,0,0,0,0,0,0,0,0,0,0
490251,3,1,1994,0,0,0,0,0,0,0,0,0,0
490252,1,1,1994,0,0,0,0,0,0,0,0,0,0
490253,1,1,1994,0,0,0,0,0,0,0,0,0,0
490253,2,1,1994,0,0,0,0,0,0,0,0,0,0
490253,3,1,1994,0,0,0,0,0,0,0,0,0,0
490254,1,1,1994,6,6,6,6,6,6,6,6,6,6
490255,1,1,1994,0,0,0,0,0,0,0,0,0,0
490255,2,1,1994,0,0,0,0,0,0,0,0,0,0
490256,0,1,1994,0,0,0,0,0,0,0,0,0,0
490256,1,1,1994,0,0,0,0,0,0,0,0,0,0
490257,1,2,1994,0,0,0,0,0,0,0,0,0,0
490258,1,1,1994,0,0,0,0,0,0,0,0,0,0
490259,1,1,1994,0,0,0,0,0,0,0,0,0,0
490260,1,1,1994,0,0,0,0,0,0,0,0,0,0
490260,2,1,1994,0,0,0,0,0,0,0,0,0,0
490261,1,1,1994,18,18,18,18,18,18,18,18,18,18
490262,1,1,1994,0,0,0,0,0,0,0,0,0,0
490263,0,1,1994,0,0,0,0,0,0,0,0,0,0
490263,1,1,1994,0,0,0,0,0,0,0,0,0,0
490264,1,1,1994,23,23,23,23,23,23,23,23,23,23
490265,1,1,1994,8,0,0,8,0,0,0,0,0,0
490266,1,1,1994,0,0,0,0,0,0,0,0,0,0
490267,1,1,1994,0,0,0,0,0,0,0,0,0,0
490267,2,1,1994,0,0,0,0,0,0,0,0,0,0
490268,1,1,1994,8,8,8,8,8,8,8,8,8,8
490269,1,1,1994,0,0,0,0,0,0,0,0,0,0
490270,0,1,1994,2,2,2,2,2,2,2,2,2,2
490270,1,1,1994,0,0,0,0,0,0,0,0,0,0
490271,1,1,1994,2,2,2,2,2,2,2,2,2,2
490272,1,1,1994,0,0,0,0,0,0,0,0,0,0
490273,0,1,1994,0,0,10,18,0,13,0,20,12,16
490273,0,2,1994,0,0,0,0,8,7,0,0,22,0
490273,1,1,1994,0,0,0,0,0,0,0,0,0,0
490274,1,1,1994,0,0,11,0,16,0,0,0,0,0
490274,2,1,1994,0,0,0,0,0,0,0,0,0,0
490275,1,1,1994,0,0,0,0,0,0,0,0,0,0
490276,1,1,1994,27,27,27,27,27,27,27,27,27,27
490277,0,1,1994,0,0,0,0,0,0,0,0,0,0
490277,1,1,1994,0,0,0,0,0,0,0,0,0,0
490278,1,1,1994,0,0,0,0,0,0,0,0,0,0
490278,2,1,1994,0,0,0,0,0,0,0,0,0,0
490279,1,1,1994,0,0,0,0,0,0,0,0,0,0
490280,1,1,1994,0,0,0,0,0,0,0,0,0,0
490281,1,1,1994,0,0,0,0,0,0,0,0,0,0
490281,2,1,1994,0,0,0,0,0,0,0,0,0,0
490282,1,1,1994,0,0,0,0,0,0,0,0,0,0
490282,2,1,1994,0,0,0,0,0,0,0,0,0,0
490283,1,1,1994,0,0,0,0,0,0,0,0,0,0
490283,2,1,1994,0,0,0,0,0,0,0,0,0,0
490284,1,1,1994,0,0,0,0,0,0,0,0,0,0
490285,1,1,1994,0,0,0,0,0,0,0,0,0,0
490285,2,1,1994,0,0,0,0,0,0,0,0,0,0
490286,1,1,1994,10,10,10,10,10,10,10,10,10,10
490287,1,1,1994,10,10,10,10,10,10,10,10,10,10
490287,2,1,1994,0,0,0,0,0,0,0,0,0,0
490288,1,1,1994,0,0,0,0,0,0,0,0,0,0
490288,2,1,1994,0,0,0,0,0,0,0,0,0,0
490289,0,1,1994,0,0,0,0,0,0,0,0,0,0
490289,1,1,1994,0,0,0,0,0,0,0,0,0,0
490290,1,1,1994,0,0,0,0,0,0,0,0,0,0
490290,2,1,1994,0,0,0,0,0,0,0,0,0,0
490291,1,1,1994,0,0,0,0,0,0,0,0,0,0
490292,0,1,1994,17,23,20,22,24,11,16,28,23,13
490292,1,1,1994,0,0,0,0,0,0,0,0,0,0
490293,1,1,1994,10,10,10,10,10,10,10,10,10,10
490293,2,1,1994,0,0,0,0,0,0,0,0,0,0
490294,0,1,1994,0,0,0,0,0,0,0,0,0,0
490294,1,1,1994,0,0,0,0,0,0,0,0,0,0
490295,1,1,1994,0,0,0,0,0,0,0,0,0,0
490296,1,1,1994,0,0,0,0,0,0,0,0,0,0
490296,2,1,1994,0,0,0,0,0,0,0,0,0,0
490297,1,1,1994,9,0,0,0,0,0,0,0,0,0
490298,1,1,1994,19,19,19,19,19,19,19,19,19,19
490299,1,1,1994,22,10,7,5,11,0,15,0,21,0
490299,2,1,1994,0,0,0,0,0,9,0,13,0,0
490300,1,1,1994,0,0,0,0,0,0,0,0,0,0
490300,2,1,1994,0,0,0,0,0,0,0,0,0,0
490301,1,1,1994,0,0,0,0,0,0,16,0,0,0
490301,2,1,1994,0,0,0,0,0,0,0,0,0,0
490302,1,1,1994,10,10,10,10,10,10,10,10,10,10
490302,2,1,1994,0,0,0,0,0,0,0,0,0,0
500001,1,1,1994,0,0,0,0,0,0,0,0,0,0
500002,1,1,1994,0,0,0,0,0,13,0,0,0,0
500002,2,1,1994,6,6,6,6,6,6,6,6,6,6
500004,1,1,1994,0,0,0,0,0,0,0,0,0,0
500004,2,1,1994,0,0,0,0,0,0,0,0,0,0
500004,3,1,1994,0,0,0,0,0,0,0,0,0,0
500005,1,1,1994,0,0,0,0,0,0,0,0,0,0
500005,2,1,1994,0,0,0,0,0,0,0,0,0,0
500006,1,1,1994,0,0,0,8,0,0,0,0,0,0
500006,2,1,1994,0,0,0,0,0,0,0,0,11,0
500007,1,1,1994,0,0,0,0,0,0,0,0,0,0
500007,2,1,1994,0,0,0,0,0,0,0,0,0,0
500008,1,1,1994,21,7,7,29,21,17,28,7,12,0
500009,1,1,1994,22,22,22,22,22,22,22,22,22,22
500010,1,1,1994,0,0,0,0,0,0,0,0,0,0
500010,2,1,1994,0,10,0,20,6,0,0,0,0,7
500011,0,1,1994,0,0,0,0,0,0,0,0,0,0
500011,1,1,1994,0,0,0,0,0,0,0,0,0,0
500012,1,1,1994,23,23,23,23,23,23,23,23,23,23
500013,1,1,1994,0,0,0,0,11,0,0,8,0,0
500014,1,1,1994,0,0,0,0,0,0,0,0,0,0
500014,2,1,1994,0,0,0,0,0,0,0,0,0,0
500015,1,1,1994,0,0,0,0,0,0,0,0,0,0
500016,1,1,1994,2,2,2,2,2,2,2,2,2,2