ST_CASE,VEH_NO,PER_NO,YEAR,P1,P2,P3,P4,P5,P6,P7,P8,P9,P10
500017,1,1,1994,13,13,13,13,13,13,13,13,13,13
500018,1,1,1994,0,0,0,0,0,0,0,0,0,0
500018,2,1,1994,0,0,0,0,0,0,0,0,0,0
500019,1,1,1994,14,14,14,14,14,14,14,14,14,14
500019,2,1,1994,0,0,0,0,0,0,0,0,0,0
500019,3,1,1994,0,0,0,17,0,0,0,0,0,0
500020,1,1,1994,17,17,17,17,17,17,17,17,17,17
500021,0,1,1994,0,0,0,0,0,0,0,0,0,0
500021,1,1,1994,0,0,0,0,0,0,0,0,0,0
500022,1,1,1994,0,0,0,0,0,0,0,0,0,0
500022,2,1,1994,0,0,0,0,0,0,0,0,0,0
500023,1,1,1994,0,0,0,0,0,0,0,0,0,0
500023,2,1,1994,0,0,0,0,0,20,0,0,0,0
500024,1,1,1994,11,11,11,11,11,11,11,11,11,11
500025,1,1,1994,0,0,0,0,0,0,0,0,0,0
500026,1,1,1994,18,18,18,18,18,18,18,18,18,18
500027,0,1,1994,5,0,0,0,9,7,15,0,0,0
500027,1,1,1994,0,0,0,0,0,0,0,0,0,0
500028,1,1,1994,28,17,23,12,21,0,27,6,11,9
500028,2,1,1994,0,0,0,0,11,25,0,0,0,14
500029,1,1,1994,0,0,0,0,0,0,0,0,0,0
500029,2,1,1994,0,0,0,0,0,6,0,0,0,0
500030,1,1,1994,16,16,16,16,16,16,16,16,16,16
500030,2,1,1994,14,14,7,6,2,23,10,11,12,15
500031,1,1,1994,15,15,15,15,15,15,15,15,15,15
500032,1,1,1994,0,9,8,21,21,8,20,18,25,37
500033,1,1,1994,0,0,0,0,0,0,0,0,0,0
500033,2,1,1994,9,9,9,9,9,9,9,9,9,9
500034,1,1,1994,13,13,13,13,13,13,13,13,13,13
500035,1,1,1994,19,19,19,19,19,19,19,19,19,19
500035,2,1,1994,0,0,0,0,0,0,0,0,0,0
500036,1,1,1994,0,28,0,0,0,0,0,0,0,0
500037,1,1,1994,18,18,18,18,18,18,18,18,18,18
500038,1,1,1994,0,0,0,0,0,0,0,0,0,0
500039,1,1,1994,0,0,0,0,0,0,0,0,0,4
500039,2,1,1994,0,0,0,0,0,0,0,0,0,0
500040,0,1,1994,0,0,0,0,0,0,0,0,0,0
500040,1,1,1994,0,0,0,0,0,0,0,0,0,0
500041,1,1,1994,0,0,0,0,0,0,0,0,0,0
500041,2,1,1994,0,0,13,19,14,19,14,15,0,0
500041,3,1,1994,0,0,0,0,0,0,0,0,0,0
500041,4,1,1994,0,0,19,0,0,8,0,0,0,0
500042,1,1,1994,0,0,0,0,0,0,0,0,0,0
500042,2,1,1994,0,0,0,0,0,0,0,0,0,0
500042,3,1,1994,25,0,0,0,0,0,11,0,0,0
500042,4,1,1994,0,0,0,0,0,0,0,0,0,0
500042,5,1,1994,0,0,0,0,0,0,0,0,0,0
500042,6,1,1994,0,16,0,0,0,0,0,0,0,0
500043,1,1,1994,0,0,0,0,0,0,0,0,0,0
500043,2,1,1994,0,0,0,0,0,0,0,0,0,0
500044,1,1,1994,11,0,11,0,23,16,14,4,16,0
500045,1,1,1994,0,0,0,0,0,0,0,0,0,0
500045,2,1,1994,0,0,0,0,0,0,0,0,0,0
500046,1,1,1994,0,0,0,0,0,0,0,0,0,0
500046,2,1,1994,0,0,23,0,0,0,0,13,10,0
500047,1,1,1994,0,0,0,0,0,0,0,0,0,0
500048,1,1,1994,21,15,16,11,15,42,20,16,19,23
500049,1,1,1994,0,0,0,0,0,0,0,0,0,0
500050,1,1,1994,10,8,27,23,12,14,0,17,12,10
500051,1,1,1994,0,0,0,0,0,0,0,0,0,0
500052,0,1,1994,0,0,17,0,19,24,0,19,22,28
500052,1,1,1994,0,0,0,0,0,0,0,0,0,0
500053,1,1,1994,10,10,10,10,10,10,10,10,10,10
500054,1,1,1994,0,0,0,26,0,36,0,0,0,0
500055,1,1,1994,24,14,23,14,0,0,13,0,23,0
500055,2,1,1994,0,0,0,0,0,0,0,0,0,0
500056,1,1,1994,0,0,0,0,0,0,0,0,0,0
500056,2,1,1994,0,0,0,0,0,0,0,0,0,0
500057,1,1,1994,0,0,0,0,0,0,0,0,0,0
500058,1,1,1994,0,0,0,0,0,0,0,0,0,0
500059,1,1,1994,0,0,0,0,0,0,0,0,0,0
500060,1,1,1994,16,13,1,0,21,0,0,0,0,6
500061,1,1,1994,0,0,0,0,0,0,0,0,0,0
500061,2,1,1994,0,0,0,0,11,0,0,0,0,0
500062,1,1,1994,4,4,4,4,4,4,4,4,4,4
500062,2,1,1994,0,0,0,0,0,0,0,0,0,0
500063,1,1,1994,21,16,0,20,16,14,26,22,19,16
500064,1,1,1994,29,0,19,15,21,14,0,14,19,23
500065,1,1,1994,27,16,10,30,12,15,16,24,9,22
500066,1,1,1994,0,0,0,0,0,0,0,0,0,0
500066,2,1,1994,0,0,0,0,0,0,0,0,0,0
500067,1,1,1994,19,19,19,19,19,19,19,19,19,19
500068,1,1,1994,38,20,39,21,18,17,0,0,20,15
500069,1,1,1994,19,14,19,27,15,16,10,31,24,19
500070,1,1,1994,0,0,0,0,0,0,0,0,0,0
500070,2,1,1994,0,0,0,0,0,0,0,0,0,0
510001,1,1,1994,0,0,0,0,0,0,0,0,0,0
510002,1,1,1994,0,0,0,0,0,0,0,10,0,0
510003,1,1,1994,6,16,22,0,23,6,22,7,7,11
510003,2,1,1994,0,0,0,0,0,0,0,0,0,0
510004,1,1,1994,0,0,0,0,0,0,0,0,0,0
510004,2,1,1994,0,0,0,0,0,0,0,0,0,0
510005,1,1,1994,0,10,0,0,0,0,0,0,0,0
510005,2,1,1994,0,0,0,0,0,0,0,0,0,0
510006,1,1,1994,0,0,0,0,0,0,0,0,0,0
510007,0,1,1994,0,0,0,0,0,0,0,0,0,0
510007,1,1,1994,0,0,0,0,0,0,0,0,0,0
510008,1,1,1994,0,0,0,0,0,0,0,0,0,0
510008,2,1,1994,0,0,0,0,0,13,0,0,0,0
510009,0,1,1994,1,0,0,0,0,26,0,0,0,0
510009,1,1,1994,0,0,0,0,0,0,0,0,0,0
510010,0,1,1994,0,0,0,0,0,0,0,17,0,0
510010,1,1,1994,0,0,0,0,0,0,0,0,0,0
510010,3,1,1994,0,0,0,0,0,0,0,0,0,0
510011,1,1,1994,0,0,0,0,0,0,0,0,0,0
510011,2,1,1994,0,0,0,0,0,0,0,0,0,0
510012,1,1,1994,3,4,9,9,0,0,5,0,0,0
510013,1,1,1994,23,5,17,23,16,20,22,0,10,15
510013,2,1,1994,12,16,12,17,30,21,13,19,33,12
510014,1,1,1994,0,0,0,0,0,0,0,0,0,0
510015,1,1,1994,12,23,13,15,13,19,8,25,13,21
510016,1,1,1994,0,0,0,0,0,0,0,0,0,0
510016,2,1,1994,0,0,0,4,0,0,0,0,0,0
510016,3,1,1994,0,0,0,0,0,0,0,0,0,0
510017,1,1,1994,0,0,0,0,0,0,15,0,0,0
510018,1,1,1994,0,0,0,0,0,0,0,0,0,0
510018,2,1,1994,0,0,0,0,0,0,0,0,0,0
510018,3,1,1994,0,0,0,0,0,9,0,0,0,0
510019,0,1,1994,5,17,28,26,0,13,9,27,9,10
510019,1,1,1994,0,26,0,0,0,0,13,0,0,0
510019,2,1,1994,0,0,0,0,0,0,13,0,0,0
510019,3,1,1994,0,0,0,0,0,0,0,0,0,0
510020,1,1,1994,10,31,12,33,45,15,3,9,18,21
510021,0,1,1994,13,17,15,28,35,21,19,24,35,25
510021,1,1,1994,0,0,0,0,0,0,0,0,0,0
510022,1,1,1994,15,26,19,21,15,10,14,12,20,22
510023,1,1,1994,0,0,0,0,0,0,0,0,0,0
510024,1,1,1994,0,0,0,0,0,0,0,0,0,0
510024,2,1,1994,0,18,0,0,0,0,0,0,0,0
510025,1,1,1994,0,0,31,0,9,0,0,0,0,0
510026,1,1,1994,0,0,0,0,0,0,0,0,0,0
510027,1,1,1994,1,12,0,0,20,14,26,12,6,7
510028,1,1,1994,0,0,10,0,0,0,0,0,0,0
510028,2,1,1994,0,0,0,0,0,0,4,0,0,0
510029,1,1,1994,0,0,0,0,0,0,0,0,0,0
510029,2,1,1994,0,0,0,0,0,0,0,0,0,0
510030,0,1,1994,30,30,30,30,30,30,30,30,30,30
510030,1,1,1994,0,0,0,0,0,0,0,0,0,16
510031,1,1,1994,18,0,0,0,0,0,0,0,0,0
510031,2,1,1994,0,0,0,0,0,0,0,0,0,0
510032,1,1,1994,6,25,27,23,33,12,26,16,11,8
510033,1,1,1994,31,30,23,19,13,0,20,29,32,26
510034,1,1,1994,0,12,0,0,0,0,0,0,0,0
510034,2,1,1994,0,0,0,0,0,0,0,0,0,0
510035,1,1,1994,0,0,0,0,0,20,0,0,0,0
510036,1,1,1994,0,0,0,0,0,16,0,0,0,0
510036,2,1,1994,0,0,0,0,0,0,0,0,0,0
510037,0,1,1994,0,0,0,0,0,0,0,0,0,0
510037,1,1,1994,0,0,0,0,0,0,0,0,0,0
510038,1,1,1994,0,23,16,16,0,34,20,17,18,27
510038,2,1,1994,0,0,0,0,0,0,0,0,0,0
510039,1,1,1994,0,0,41,0,0,0,38,0,0,0
510040,1,1,1994,48,14,26,22,20,9,25,12,34,33
510041,0,1,1994,35,35,35,35,35,35,35,35,35,35
510041,1,1,1994,22,8,22,12,12,30,9,11,12,8
510042,0,1,1994,17,0,0,0,0,0,0,0,0,0
510042,1,1,1994,0,0,0,0,0,0,0,0,0,0
510043,1,1,1994,0,0,0,0,0,0,0,0,0,0
510043,2,1,1994,0,0,2,10,0,0,0,0,0,0
510044,0,1,1994,0,0,0,0,0,0,0,0,0,0
510044,1,1,1994,10,0,0,0,0,0,0,0,0,0
510045,1,1,1994,17,23,15,13,21,12,32,23,16,17
510046,1,1,1994,0,0,0,0,0,0,0,0,0,0
510047,1,1,1994,4,12,0,0,0,0,0,0,0,8
510050,1,1,1994,0,0,0,0,0,0,0,0,0,0
510050,2,1,1994,0,0,0,6,0,0,0,0,0,19
510051,1,1,1994,0,0,0,0,0,0,0,0,0,0
510052,1,1,1994,28,27,33,15,0,0,13,10,22,11
510053,1,1,1994,0,15,18,28,20,0,0,30,0,9
510054,1,1,1994,15,11,15,13,14,9,19,9,14,6
510054,2,1,1994,0,0,0,0,0,0,0,0,0,0
510055,1,1,1994,10,39,23,19,20,20,38,14,30,18
510056,1,1,1994,25,23,20,21,20,14,11,10,20,20
510056,2,1,1994,0,0,0,0,0,0,0,0,0,0
510056,3,1,1994,0,0,0,0,0,0,0,0,5,0
510057,1,1,1994,0,0,0,0,0,0,0,0,0,0
510058,1,1,1994,0,0,0,0,0,0,0,0,0,0
510058,2,1,1994,0,0,0,0,0,0,0,0,0,0
510059,0,1,1994,0,0,0,0,0,0,0,0,0,0
510059,1,1,1994,0,0,0,0,0,0,0,0,0,0
510060,1,1,1994,0,0,0,0,0,0,0,0,0,0
510060,2,1,1994,0,0,0,0,0,0,0,0,0,0
510061,1,1,1994,0,0,0,0,0,0,0,0,0,0
510061,2,1,1994,0,0,14,0,0,0,0,0,9,0
510062,1,1,1994,0,0,0,0,0,0,0,0,0,0
510063,0,1,1994,21,22,0,33,16,11,34,7,0,20
510063,1,1,1994,0,0,0,0,0,0,15,0,0,0
510065,1,1,1994,22,0,26,40,17,7,10,21,14,16
510066,1,1,1994,13,10,0,12,4,9,12,20,14,11
510066,2,1,1994,20,28,17,0,9,27,0,22,0,0
510067,1,1,1994,0,0,0,0,0,0,0,0,0,0
510067,2,1,1994,0,0,9,0,0,0,0,0,0,0
510067,3,1,1994,0,0,0,0,0,0,0,0,0,0
510068,0,1,1994,0,0,0,0,0,0,0,0,0,0
510068,1,1,1994,0,0,0,0,0,0,0,0,0,0
510069,1,1,1994,0,0,0,0,0,0,0,0,0,0
510070,1,1,1994,0,0,0,0,0,0,0,0,0,0
510071,1,1,1994,0,6,8,0,0,0,0,0,5,0
510073,1,1,1994,19,8,13,26,8,19,6,23,16,20
510073,2,1,1994,25,0,5,19,0,15,19,18,5,14
510074,1,1,1994,0,0,0,0,0,0,17,0,0,0
510075,1,1,1994,0,0,0,0,0,0,0,0,0,0
510076,1,1,1994,10,13,18,36,13,23,22,25,0,22
510077,1,1,1994,0,0,0,0,0,0,0,0,10,0
510078,0,1,1994,0,25,0,0,0,0,27,0,0,0
510078,1,1,1994,22,0,0,0,0,0,0,22,0,0
510079,1,1,1994,0,0,12,0,0,0,0,4,0,0
510080,1,1,1994,0,0,0,0,0,0,0,0,0,0
510080,2,1,1994,0,0,0,0,0,0,0,0,0,0
510082,1,1,1994,0,0,0,0,0,0,0,0,5,0
510082,2,1,1994,0,0,0,0,0,0,0,0,0,0
510083,0,1,1994,0,0,0,0,0,4,0,0,0,0
510083,1,1,1994,0,0,0,0,0,0,0,0,0,0
510084,1,1,1994,0,0,0,0,0,0,0,0,0,0
510084,2,1,1994,0,21,0,0,0,0,0,0,0,0
510085,1,1,1994,0,0,0,0,0,0,0,0,0,0
510085,2,1,1994,0,0,0,0,0,0,0,0,0,0
510085,3,1,1994,0,0,0,0,0,0,0,0,0,0
510086,1,1,1994,23,23,23,23,23,23,23,23,23,23
510087,1,1,1994,28,33,15,23,26,29,23,15,36,14
510088,1,1,1994,0,0,0,0,0,0,0,0,24,0
510088,2,1,1994,10,0,15,1,0,0,3,0,0,0
510089,1,1,1994,9,12,16,17,11,15,23,30,16,12
510089,2,1,1994,0,0,0,0,0,0,12,0,0,0
510090,1,1,1994,0,0,12,0,0,0,0,0,0,0
510090,2,1,1994,0,0,0,0,0,0,0,0,0,0
510091,1,1,1994,11,7,23,16,22,19,7,23,17,17
510092,1,1,1994,0,0,0,12,0,0,0,0,0,15
510092,2,1,1994,0,0,0,0,0,18,0,0,0,0
510093,1,1,1994,0,0,0,0,0,0,0,0,0,0
510093,2,1,1994,0,17,0,0,0,0,0,0,0,0
510094,1,1,1994,0,0,0,0,0,0,0,0,0,0
510095,1,1,1994,0,0,0,0,16,0,0,0,0,0
510095,2,1,1994,0,0,0,0,0,0,0,0,0,0
510096,0,1,1994,9,9,9,9,9,9,9,9,9,9
510096,1,1,1994,0,12,0,0,24,0,0,0,0,0
510097,1,1,1994,0,0,0,0,0,0,0,0,0,0
510097,2,1,1994,0,0,0,0,0,0,0,0,0,0
510098,1,1,1994,15,11,16,13,23,10,21,15,12,17
510099,0,1,1994,0,0,0,0,0,0,0,0,0,0
510099,0,2,1994,7,0,0,0,0,0,13,0,0,27
510099,1,1,1994,0,0,0,0,0,0,0,0,0,0
510100,1,1,1994,16,0,0,2,22,17,0,25,16,17
510101,1,1,1994,0,0,0,0,0,0,0,0,0,0
510102,1,1,1994,0,0,0,0,0,0,0,0,0,0
510102,2,1,1994,0,0,0,0,0,0,0,0,0,0
510103,0,1,1994,0,0,0,0,0,0,0,0,0,0
510103,1,1,1994,0,0,0,0,0,0,0,0,10,0
510104,1,1,1994,29,29,29,29,29,29,29,29,29,29
510105,1,1,1994,23,0,0,0,24,0,0,17,28,22
510106,1,1,1994,0,0,0,0,0,0,0,0,0,0
510106,2,1,1994,0,0,0,26,0,0,0,0,0,8
510107,0,1,1994,0,0,0,0,0,0,0,0,0,0
510107,1,1,1994,0,0,0,0,0,0,0,0,0,0
510108,1,1,1994,28,6,7,15,25,13,17,23,18,14
510108,2,1,1994,0,0,0,0,0,0,0,0,0,0
510109,1,1,1994,0,0,0,0,0,0,0,0,0,0
510110,1,1,1994,9,14,7,13,22,10,19,30,13,24
510110,2,1,1994,0,10,0,0,0,0,0,13,0,0
510111,0,1,1994,0,0,0,0,0,0,0,0,0,0
510111,1,1,1994,0,0,0,0,0,0,0,0,0,0
510112,1,1,1994,0,0,0,0,0,0,0,0,0,0
510113,1,1,1994,0,0,0,0,0,0,0,0,0,0
510113,2,1,1994,0,0,0,0,0,0,0,0,0,0
510114,1,1,1994,2,21,7,14,16,12,8,12,28,21
510115,0,1,1994,0,0,0,0,0,0,0,0,0,0
510115,1,1,1994,0,0,0,0,0,0,0,0,0,0
510116,1,1,1994,11,11,11,11,11,11,11,11,11,11
510117,1,1,1994,0,0,0,0,0,0,0,0,0,0
510118,1,1,1994,0,0,0,0,0,0,0,5,15,0
510119,1,1,1994,0,0,0,0,0,0,0,0,0,0
510120,1,1,1994,0,0,0,0,0,0,0,0,0,0
510120,2,1,1994,0,0,0,0,0,0,0,0,0,0
510120,3,1,1994,0,0,0,0,0,0,0,0,0,11
510121,1,1,1994,9,10,17,14,23,33,5,8,13,35
510122,1,1,1994,14,14,14,14,14,14,14,14,14,14
510124,0,1,1994,0,0,0,0,0,0,0,0,0,0
510124,1,1,1994,0,0,0,0,0,0,0,0,0,0
510125,1,1,1994,0,0,0,0,0,0,0,0,0,0
510125,2,1,1994,0,0,0,0,0,0,0,0,0,0
510126,1,1,1994,33,33,33,33,33,33,33,33,33,33
510127,1,1,1994,37,25,14,12,8,28,34,18,44,36
510128,1,1,1994,9,16,22,15,0,23,12,14,28,29
510129,1,1,1994,0,0,0,0,0,0,0,0,0,0
510130,1,1,1994,0,0,0,0,0,0,0,0,0,0
510130,2,1,1994,0,0,0,0,0,0,0,0,0,0
510131,1,1,1994,19,19,19,19,19,19,19,19,19,19
510132,1,1,1994,0,0,0,0,0,0,0,0,0,0
510133,1,1,1994,25,25,25,25,25,25,25,25,25,25
510134,1,1,1994,11,16,34,21,26,23,15,14,21,14
510134,2,1,1994,0,0,0,0,0,0,0,0,17,13
510135,1,1,1994,25,25,25,25,25,25,25,25,25,25
510136,1,1,1994,8,8,8,8,8,8,8,8,8,8
510137,1,1,1994,16,0,0,0,0,0,0,0,0,0
510138,1,1,1994,1,1,1,1,1,1,1,1,1,1
510139,1,1,1994,18,0,0,0,0,12,17,0,0,10
510140,1,1,1994,0,0,0,0,0,0,0,0,0,0
510140,2,1,1994,7,0,0,0,0,11,0,0,0,0
510141,1,1,1994,30,30,30,30,30,30,30,30,30,30
510141,2,1,1994,0,0,0,0,0,0,0,0,0,0
510141,3,1,1994,0,0,0,0,0,0,0,0,0,0
510142,1,1,1994,10,25,13,25,18,28,0,20,13,21
510143,1,1,1994,0,0,0,0,0,0,0,0,0,0
510144,1,1,1994,0,0,0,0,0,0,0,0,0,0
510145,1,1,1994,20,20,20,20,20,20,20,20,20,20
510146,1,1,1994,0,0,0,0,0,0,0,0,0,0
510147,1,1,1994,0,0,0,0,0,0,0,0,0,0
510148,1,1,1994,0,0,0,0,0,0,0,0,0,0
510148,2,1,1994,0,0,10,0,0,0,0,0,0,0
510149,1,1,1994,0,0,0,0,0,0,0,0,0,0
510149,2,1,1994,0,0,0,0,0,0,0,0,0,0
510150,1,1,1994,18,18,18,18,18,18,18,18,18,18
510151,1,1,1994,9,19,25,16,19,31,10,15,14,14
510152,1,1,1994,0,0,0,0,0,0,0,0,0,0
510152,2,1,1994,0,0,0,0,0,0,0,0,0,0
510153,1,1,1994,0,0,0,0,0,0,0,0,0,0
510153,2,1,1994,0,0,0,0,0,0,0,0,0,0
510154,1,1,1994,0,0,0,0,0,0,0,0,0,0
510155,1,1,1994,0,0,0,0,0,0,0,0,0,0
510156,0,1,1994,0,0,0,0,8,0,15,0,0,0
510156,1,1,1994,0,0,0,0,0,0,0,0,0,0
510158,1,1,1994,0,0,0,0,0,0,0,0,0,0
510159,1,1,1994,33,0,31,24,24,0,27,8,14,12
510160,1,1,1994,4,4,4,4,4,4,4,4,4,4
510160,2,1,1994,0,0,0,0,0,0,5,0,10,5
510161,1,1,1994,0,0,0,0,0,0,0,0,0,0
510162,1,1,1994,0,0,0,0,0,0,0,0,15,0
510163,1,1,1994,0,0,0,0,0,0,0,0,0,0
510164,1,1,1994,9,9,9,9,9,9,9,9,9,9
510165,1,1,1994,0,0,0,8,0,26,0,0,0,0
510166,0,1,1994,8,8,8,8,8,8,8,8,8,8
510166,1,1,1994,0,0,0,0,0,0,0,0,0,0
510167,1,1,1994,0,0,0,0,0,0,0,0,0,0
510169,1,1,1994,0,0,0,0,0,0,0,0,0,0
510170,1,1,1994,0,0,4,0,0,0,0,0,0,0
510170,2,1,1994,18,18,18,18,18,18,18,18,18,18
510171,1,1,1994,0,0,0,0,0,0,0,0,0,0
510172,1,1,1994,4,10,16,14,25,14,27,0,8,13
510172,2,1,1994,0,0,0,0,0,0,0,0,0,0
510173,1,1,1994,0,18,9,0,0,0,0,0,0,0
510174,1,1,1994,0,17,7,0,0,13,16,0,0,0
510175,0,1,1994,0,0,0,0,0,0,0,0,0,0
510175,1,1,1994,0,0,0,33,0,0,0,0,0,0
510176,1,1,1994,0,0,0,0,0,0,0,0,0,0
510176,2,1,1994,0,0,0,0,0,0,0,0,0,0
510177,1,1,1994,0,0,0,0,0,0,0,0,0,0
510178,1,1,1994,0,0,0,0,4,0,0,0,0,0
510178,2,1,1994,0,0,0,0,0,0,0,0,0,0
510178,3,1,1994,3,11,0,0,0,0,0,0,0,0
510178,4,1,1994,0,0,0,0,0,0,0,0,0,0
510178,5,1,1994,0,0,0,0,0,0,0,0,0,0
510178,6,1,1994,0,0,0,0,0,0,0,0,0,0
510179,1,1,1994,0,0,0,0,0,0,0,13,0,0
510180,1,1,1994,0,0,0,0,0,0,0,0,0,0
510180,2,1,1994,0,0,0,0,0,0,0,0,0,0
510181,1,1,1994,0,0,0,0,0,0,7,0,0,0
510182,0,1,1994,0,0,0,0,0,0,0,0,0,0
510182,1,1,1994,0,0,0,0,0,0,0,0,0,0
510183,0,1,1994,0,0,0,0,0,0,0,0,0,0
510183,1,1,1994,0,0,0,0,0,0,0,0,0,0
510184,0,1,1994,0,0,0,0,0,0,0,0,0,0
510184,1,1,1994,0,0,0,0,0,20,0,0,0,0
510185,1,1,1994,0,0,0,0,0,0,0,0,0,0
510186,1,1,1994,0,0,0,0,0,0,0,0,0,0
510186,2,1,1994,0,0,0,0,0,0,0,0,0,0
510187,0,1,1994,0,0,0,0,0,0,0,0,0,0
510187,1,1,1994,0,0,0,0,0,0,0,0,0,0
510188,1,1,1994,0,0,0,0,0,0,0,0,0,0
510188,2,1,1994,0,0,0,0,0,0,0,0,0,0
510189,1,1,1994,26,38,28,31,33,22,14,56,43,19
510190,1,1,1994,41,41,41,41,41,41,41,41,41,41
510191,1,1,1994,25,4,23,20,0,32,18,16,33,15
510192,0,1,1994,0,0,0,0,0,0,0,0,0,0
510192,1,1,1994,20,37,20,18,34,24,9,12,18,20
510193,1,1,1994,0,0,0,0,0,0,0,0,0,0
510193,2,1,1994,19,19,19,19,19,19,19,19,19,19
510194,0,1,1994,18,28,19,20,0,25,26,0,33,30
510194,1,1,1994,0,0,0,0,25,0,0,0,0,0
510195,1,1,1994,0,0,0,0,0,0,0,0,0,0
510196,1,1,1994,20,20,20,20,20,20,20,20,20,20
510197,1,1,1994,21,21,21,21,21,21,21,21,21,21
510197,2,1,1994,0,0,0,0,0,0,0,20,12,0
510198,0,1,1994,15,15,15,15,15,15,15,15,15,15
510198,1,1,1994,28,13,18,24,15,9,9,9,13,7
510199,0,1,1994,0,0,0,0,0,0,0,0,0,0
510199,1,1,1994,0,0,0,0,0,27,0,0,0,0
510200,1,1,1994,18,10,25,0,0,22,19,19,16,0
510201,1,1,1994,0,0,0,0,0,0,0,0,29,0
510202,1,1,1994,0,0,0,0,0,0,0,0,0,0
510203,1,1,1994,25,4,0,18,0,0,0,12,9,12
510204,1,1,1994,14,7,25,9,16,27,12,5,8,15
510205,1,1,1994,0,0,0,0,0,0,0,0,0,0
510206,1,1,1994,0,0,0,0,0,0,0,0,0,0
510206,2,1,1994,0,0,0,0,0,0,0,0,0,0
510207,0,1,1994,0,0,0,0,0,0,0,0,0,0
510207,1,1,1994,0,0,0,0,0,0,0,0,0,0
510208,1,1,1994,0,0,0,0,0,0,0,0,0,0
510208,2,1,1994,0,0,0,0,0,0,0,0,0,0
510209,1,1,1994,0,0,0,0,0,0,0,0,0,0
510210,1,1,1994,6,0,0,0,0,0,9,0,0,0
510210,2,1,1994,0,0,0,0,0,0,0,0,0,0
510211,1,1,1994,27,27,27,27,27,27,27,27,27,27
510212,1,1,1994,17,15,21,12,13,26,2,9,17,23
510213,0,1,1994,0,0,0,0,0,0,0,0,0,0
510213,1,1,1994,0,0,0,0,0,0,0,0,0,0
510214,1,1,1994,0,0,0,0,0,0,0,0,0,0
510214,2,1,1994,0,0,0,0,0,0,0,0,26,0
510215,1,1,1994,2,2,2,2,2,2,2,2,2,2
510215,2,1,1994,0,0,0,0,0,0,10,0,15,0
510215,3,1,1994,0,0,0,0,0,0,0,0,0,0
510216,0,1,1994,17,17,17,17,17,17,17,17,17,17
510216,1,1,1994,0,0,0,0,0,0,0,0,0,0
510218,0,1,1994,0,0,0,0,0,0,0,0,0,0
510218,1,1,1994,0,0,0,0,0,0,0,0,0,0
510220,1,1,1994,0,0,0,0,0,0,0,0,0,0
510220,2,1,1994,0,0,8,0,5,0,0,0,0,0
510221,1,1,1994,0,0,0,0,0,0,0,0,0,0
510222,1,1,1994,0,0,0,0,0,0,0,0,0,0
510223,1,1,1994,0,0,0,0,0,0,0,0,0,0
510223,2,1,1994,0,0,0,0,0,0,0,0,0,0
510224,1,1,1994,11,11,11,11,11,11,11,11,11,11
510225,1,1,1994,5,5,5,5,5,5,5,5,5,5
510225,2,1,1994,0,0,0,0,0,0,0,0,20,0
510226,1,1,1994,0,0,0,0,0,0,0,0,0,0
510227,1,1,1994,0,0,0,0,0,0,0,0,0,0
510227,2,1,1994,30,0,0,0,0,0,0,0,47,7
510228,1,1,1994,21,21,21,21,21,21,21,21,21,21
510229,1,1,1994,15,15,15,15,15,15,15,15,15,15
510230,1,1,1994,0,0,0,0,0,0,0,0,0,0
510230,2,2,1994,10,10,10,10,10,10,10,10,10,10
510231,1,1,1994,0,0,0,0,0,0,0,0,0,0
510231,2,1,1994,0,0,0,0,0,0,0,0,0,0
510232,0,1,1994,0,10,0,0,0,0,0,0,0,0
510232,1,1,1994,0,0,0,0,0,0,0,0,0,0
510233,1,1,1994,0,0,0,0,0,0,0,0,0,0
510234,1,1,1994,0,0,0,0,0,0,0,0,0,0
510235,1,1,1994,0,0,0,0,0,0,0,0,0,0
510236,1,1,1994,10,10,13,25,18,5,11,15,21,10
510236,2,1,1994,0,0,0,0,0,0,0,0,0,0
510237,1,1,1994,0,0,0,0,13,0,0,0,0,0
510238,1,1,1994,0,0,0,0,0,0,0,0,0,0
510239,1,1,1994,0,0,0,0,0,0,0,0,0,0
510240,1,1,1994,14,14,14,14,14,14,14,14,14,14
510241,1,1,1994,0,0,0,0,0,20,0,0,0,0
510242,1,1,1994,0,0,0,0,0,0,0,0,0,0
510244,0,1,1994,9,9,9,9,9,9,9,9,9,9
510244,1,1,1994,0,0,0,0,0,0,0,0,0,0
510245,1,1,1994,18,18,18,18,18,18,18,18,18,18
510246,1,1,1994,0,0,0,0,0,0,0,0,0,0
510247,1,1,1994,0,0,0,0,0,0,0,0,14,0
510247,2,1,1994,0,0,0,0,0,0,0,0,0,0
510247,3,1,1994,0,0,0,0,0,0,0,0,0,0
510248,1,1,1994,0,0,0,0,0,0,0,0,0,0
510249,1,1,1994,0,0,0,0,0,0,0,0,0,0
510249,2,1,1994,0,0,0,0,0,0,0,0,0,0
510250,1,1,1994,0,0,0,0,0,0,0,0,0,0
510250,2,1,1994,0,0,0,0,0,0,0,0,0,0
510251,1,1,1994,0,0,0,0,0,0,0,0,0,0
510251,2,1,1994,0,0,0,0,0,0,0,0,0,0