ST_CASE,VEH_NO,PER_NO,YEAR,P1,P2,P3,P4,P5,P6,P7,P8,P9,P10
510252,1,1,1994,27,27,27,27,27,27,27,27,27,27
510252,2,1,1994,0,0,0,0,0,0,0,0,0,0
510253,1,1,1994,24,24,24,24,24,24,24,24,24,24
510254,1,1,1994,0,0,0,0,0,0,0,0,0,0
510255,1,1,1994,0,0,0,0,0,0,0,0,0,0
510255,2,1,1994,0,0,0,17,0,0,0,0,0,0
510256,1,1,1994,20,20,20,20,20,20,20,20,20,20
510257,1,1,1994,7,7,7,7,7,7,7,7,7,7
510257,2,1,1994,4,17,9,20,10,9,22,11,12,20
510258,1,1,1994,0,0,17,0,9,19,0,15,14,17
510259,1,1,1994,0,0,0,0,0,0,0,0,0,0
510259,2,1,1994,18,12,0,13,19,12,15,12,22,22
510260,1,1,1994,15,15,15,15,15,15,15,15,15,15
510261,1,1,1994,0,0,0,0,0,9,0,0,0,0
510261,2,1,1994,4,4,4,4,4,4,4,4,4,4
510262,1,1,1994,0,0,0,0,0,0,0,0,0,0
510262,2,1,1994,0,0,0,0,0,24,0,0,0,0
510263,1,1,1994,0,5,0,0,0,0,0,0,0,0
510264,1,1,1994,0,0,0,0,0,0,0,0,0,0
510265,1,1,1994,10,13,14,18,21,3,8,12,10,10
510266,1,1,1994,0,0,0,0,0,0,0,0,0,0
510266,2,1,1994,0,0,0,0,0,0,0,0,0,0
510267,0,1,1994,10,10,10,10,10,10,10,10,10,10
510267,1,1,1994,27,4,37,11,13,0,19,6,15,0
510268,1,1,1994,0,18,0,0,0,0,0,0,0,0
510269,1,1,1994,0,0,0,0,0,10,0,0,0,16
510270,1,1,1994,0,23,0,17,22,5,0,15,0,4
510271,1,1,1994,0,0,0,0,0,0,0,0,0,0
510271,2,1,1994,0,0,0,0,0,0,0,0,0,0
510272,1,1,1994,24,6,12,16,7,16,15,12,12,7
510273,0,1,1994,0,0,0,0,0,0,0,0,0,0
510273,1,1,1994,17,12,23,13,9,19,25,19,12,14
510274,1,1,1994,0,0,0,0,0,0,0,0,0,0
510274,2,1,1994,0,0,0,0,16,16,0,14,0,0
510275,1,1,1994,0,0,0,0,0,0,0,0,0,0
510275,2,1,1994,21,8,13,15,14,11,9,18,8,13
510276,1,1,1994,0,0,0,0,0,0,0,0,0,0
510276,2,1,1994,0,0,0,0,0,0,0,0,0,0
510277,1,1,1994,0,0,0,0,0,0,0,0,0,0
510277,2,1,1994,0,0,0,0,0,0,0,0,0,0
510277,3,1,1994,0,21,0,0,0,0,0,0,0,0
510278,0,1,1994,0,0,0,0,0,0,0,0,0,0
510278,1,1,1994,0,0,20,0,0,0,0,0,0,0
510279,0,1,1994,0,0,0,0,0,0,0,0,0,0
510279,1,1,1994,0,0,0,0,0,0,0,0,0,0
510280,1,1,1994,0,0,6,0,0,0,0,0,0,0
510280,2,1,1994,0,0,0,0,0,0,0,0,0,0
510280,3,1,1994,19,0,7,0,0,0,0,0,0,0
510281,1,1,1994,26,26,26,26,26,26,26,26,26,26
510281,2,1,1994,0,19,0,0,0,0,0,0,0,0
510282,1,1,1994,0,0,0,0,0,0,0,0,0,0
510283,1,1,1994,0,0,0,0,0,0,0,0,0,0
510284,1,1,1994,0,0,0,0,0,0,0,0,0,0
510284,2,1,1994,0,0,0,0,0,0,0,0,0,0
510285,0,1,1994,0,0,0,0,0,0,0,0,0,0
510285,1,1,1994,0,0,0,0,0,0,0,0,0,0
510286,1,1,1994,0,0,0,0,0,0,0,0,0,0
510287,1,1,1994,22,22,22,22,22,22,22,22,22,22
510287,2,1,1994,13,21,16,0,9,3,0,33,16,3
510288,1,1,1994,3,4,0,0,0,0,0,0,0,0
510289,1,1,1994,0,0,0,0,0,0,0,0,0,0
510289,2,1,1994,0,0,0,0,0,0,0,0,0,0
510290,1,1,1994,9,9,9,9,9,9,9,9,9,9
510291,1,1,1994,0,0,0,0,0,0,0,0,0,0
510292,1,1,1994,0,0,0,0,0,0,0,0,0,0
510293,1,1,1994,20,17,18,16,16,4,32,33,18,22
510294,1,1,1994,24,24,24,24,24,24,24,24,24,24
510294,2,1,1994,0,0,0,11,0,0,0,0,0,0
510295,1,1,1994,15,21,28,15,20,13,7,29,15,21
510296,1,1,1994,11,11,11,11,11,11,11,11,11,11
510297,1,1,1994,0,15,0,0,0,19,18,0,0,0
510298,0,1,1994,0,0,0,0,0,0,0,0,0,0
510298,1,1,1994,0,0,0,0,0,0,0,0,0,0
510299,1,1,1994,0,0,0,0,0,0,0,0,0,0
510300,1,1,1994,2,2,2,2,2,2,2,2,2,2
510300,2,1,1994,0,0,0,0,0,0,0,0,0,0
510301,1,1,1994,0,0,0,0,0,0,0,0,0,0
510301,2,1,1994,0,0,0,0,0,0,0,0,0,0
510301,3,1,1994,0,0,0,0,0,0,0,0,0,0
510301,4,1,1994,0,0,0,0,0,0,0,0,0,0
510302,1,1,1994,15,43,28,13,12,10,27,21,18,24
510303,1,1,1994,16,16,16,16,16,16,16,16,16,16
510304,1,1,1994,0,0,0,0,0,0,0,0,0,0
510305,1,1,1994,0,21,8,13,11,8,16,10,24,10
510306,0,1,1994,29,29,29,29,29,29,29,29,29,29
510306,1,1,1994,27,19,12,20,18,20,12,26,22,13
510307,0,1,1994,0,0,0,0,0,0,0,0,0,0
510307,1,1,1994,0,0,0,0,0,0,0,0,0,0
510308,1,1,1994,0,0,0,0,0,0,0,0,0,0
510309,1,1,1994,0,0,0,0,0,0,0,0,0,0
510309,2,1,1994,0,0,0,0,0,0,0,0,0,0
510310,1,1,1994,0,0,0,0,0,0,0,0,0,0
510310,2,1,1994,0,0,0,0,0,0,0,0,0,0
510311,1,1,1994,0,0,0,0,0,0,0,0,0,0
510311,2,1,1994,0,0,0,0,0,0,0,0,0,0
510312,1,1,1994,0,0,0,0,0,0,0,0,0,0
510313,1,1,1994,0,0,0,0,0,0,0,0,0,0
510313,2,1,1994,0,0,0,0,0,0,0,0,0,0
510314,1,1,1994,0,0,0,0,0,0,0,0,0,0
510315,1,1,1994,0,0,0,0,0,0,0,0,0,0
510315,2,1,1994,0,0,0,0,0,0,10,0,0,0
510316,1,1,1994,0,0,0,0,0,0,0,0,0,0
510317,1,1,1994,16,11,8,16,18,8,23,6,0,0
510318,1,1,1994,0,0,0,0,0,0,0,0,0,0
510319,1,1,1994,0,0,0,0,0,0,0,0,0,0
510320,1,1,1994,0,0,19,14,27,20,2,17,0,17
510321,1,1,1994,0,0,0,0,0,0,0,0,0,0
510323,1,1,1994,7,3,14,21,0,0,0,7,25,17
510324,1,1,1994,0,0,0,15,0,0,0,0,0,0
510325,1,1,1994,0,0,0,0,0,0,0,0,0,0
510325,2,1,1994,0,0,0,0,0,0,0,0,0,0
510326,1,1,1994,0,0,0,0,0,0,0,0,0,0
510327,1,1,1994,0,0,0,0,0,0,0,0,0,0
510327,2,1,1994,0,0,0,0,0,0,0,0,0,0
510328,1,1,1994,0,0,0,0,0,0,0,0,0,0
510329,1,1,1994,0,0,0,0,0,0,0,0,0,0
510329,2,1,1994,0,0,0,0,0,0,0,0,0,0
510329,3,1,1994,0,0,0,0,0,0,0,0,0,0
510330,1,1,1994,23,3,22,4,7,18,17,15,20,11
510330,2,1,1994,0,0,0,0,0,0,0,0,0,0
510331,1,1,1994,0,0,0,0,11,0,12,20,0,0
510333,1,1,1994,0,0,0,0,0,0,0,0,0,0
510334,1,1,1994,0,0,0,0,0,0,0,0,0,0
510335,1,1,1994,25,10,10,0,0,0,0,0,0,0
510335,2,1,1994,0,10,0,0,0,5,9,0,0,22
510336,1,1,1994,0,0,0,0,23,0,0,0,14,0
510337,1,1,1994,11,12,16,20,12,16,10,10,19,15
510338,0,1,1994,19,19,19,19,19,19,19,19,19,19
510338,1,1,1994,15,0,14,17,15,14,13,8,0,10
510339,1,1,1994,0,0,0,0,0,0,0,0,0,0
510339,2,1,1994,0,0,0,0,0,0,0,0,0,0
510340,1,1,1994,0,0,0,18,0,0,0,0,0,0
510341,1,1,1994,20,20,20,20,20,20,20,20,20,20
510341,2,1,1994,0,0,0,0,13,21,0,0,0,0
510342,1,1,1994,13,17,11,0,23,11,15,11,14,19
510342,2,1,1994,0,0,0,0,0,0,0,0,0,0
510343,1,1,1994,0,0,0,0,0,0,0,0,0,0
510343,2,1,1994,0,0,0,0,0,0,0,0,0,0
510344,1,1,1994,0,0,0,0,4,0,0,0,0,0
510344,2,1,1994,0,0,0,0,0,0,0,0,0,0
510345,1,1,1994,26,0,22,0,16,0,0,17,19,16
510346,1,1,1994,17,17,17,17,17,17,17,17,17,17
510347,1,1,1994,0,0,0,0,0,0,0,0,0,0
510347,2,1,1994,0,0,0,0,0,0,0,0,0,0
510348,1,1,1994,23,27,0,25,31,9,11,17,18,18
510349,1,1,1994,0,0,0,0,0,0,0,0,0,0
510349,2,1,1994,0,0,0,0,0,0,0,0,0,0
510350,1,1,1994,0,0,0,0,0,0,0,0,0,0
510350,2,1,1994,0,0,0,0,0,0,0,0,0,0
510351,0,1,1994,0,0,15,14,32,19,27,9,15,22
510351,1,1,1994,0,0,0,0,0,0,0,0,0,0
510352,1,1,1994,14,14,14,14,14,14,14,14,14,14
510353,1,1,1994,0,0,0,0,0,0,0,0,0,0
510354,1,1,1994,0,0,0,0,0,0,0,0,0,0
510354,2,1,1994,0,0,0,0,0,0,0,0,0,0
510354,3,1,1994,0,0,0,0,0,0,0,0,0,0
510355,1,1,1994,0,0,0,0,0,0,0,0,0,0
510355,2,1,1994,0,0,0,0,0,0,0,0,0,0
510357,1,1,1994,0,0,0,0,0,0,0,0,0,0
510357,2,1,1994,0,0,0,0,0,0,0,0,0,34
510358,1,1,1994,19,0,0,33,0,0,0,0,0,0
510360,1,1,1994,0,0,0,0,0,0,0,0,0,0
510360,2,1,1994,0,0,0,0,0,0,0,0,0,0
510361,1,1,1994,20,20,10,22,16,25,22,25,20,18
510362,1,1,1994,0,0,0,0,0,8,0,0,0,0
510363,1,1,1994,0,0,0,0,0,0,0,0,0,0
510363,2,1,1994,0,0,0,0,0,0,0,0,0,0
510364,1,1,1994,0,0,0,0,0,0,0,0,0,0
510365,1,1,1994,12,12,12,12,12,12,12,12,12,12
510366,1,1,1994,17,17,17,17,17,17,17,17,17,17
510367,1,1,1994,0,0,0,0,0,0,0,0,0,0
510368,1,1,1994,17,0,13,13,9,26,11,6,18,19
510369,1,1,1994,0,0,0,0,0,0,0,0,0,0
510369,2,1,1994,0,0,0,0,0,0,0,0,0,13
510370,1,1,1994,1,1,1,1,1,1,1,1,1,1
510371,1,1,1994,17,17,17,17,17,17,17,17,17,17
510372,1,1,1994,0,0,0,0,0,0,0,0,0,0
510373,1,1,1994,0,0,0,0,0,0,12,0,0,0
510374,1,1,1994,0,13,0,18,4,8,4,25,13,6
510374,2,1,1994,0,0,0,0,0,0,0,0,0,0
510375,1,1,1994,0,0,0,0,0,0,0,0,0,0
510376,1,1,1994,0,14,8,12,0,0,0,0,0,0
510377,1,1,1994,0,0,0,0,0,0,0,0,0,0
510378,1,1,1994,17,27,11,19,18,12,0,11,9,25
510378,2,1,1994,0,0,15,0,0,14,0,0,0,0
510379,1,1,1994,0,0,0,0,0,0,0,0,10,0
510380,1,1,1994,0,0,0,0,0,0,0,0,0,0
510381,1,1,1994,18,18,18,18,18,18,18,18,18,18
510382,1,1,1994,0,0,0,0,0,0,0,0,0,0
510383,0,1,1994,2,2,2,2,2,2,2,2,2,2
510383,1,1,1994,0,0,0,0,0,0,0,0,0,0
510384,1,1,1994,0,0,0,0,0,0,0,0,0,0
510385,1,1,1994,17,17,17,17,17,17,17,17,17,17
510386,1,1,1994,0,0,0,0,0,0,0,0,0,0
510386,2,1,1994,0,0,0,0,0,0,0,0,0,0
510386,3,1,1994,0,0,0,0,0,9,0,0,0,0
510387,0,1,1994,0,0,0,0,0,0,0,0,0,0
510387,1,1,1994,0,0,0,0,0,0,0,0,0,0
510388,1,1,1994,0,0,0,0,0,0,0,0,0,0
510389,1,1,1994,0,0,0,0,0,0,0,13,0,0
510389,2,1,1994,0,0,0,0,0,0,0,0,0,0
510390,1,1,1994,15,15,15,15,15,15,15,15,15,15
510391,1,1,1994,17,14,14,18,10,6,25,16,0,8
510391,2,1,1994,0,0,0,0,0,0,0,0,0,0
510392,0,1,1994,0,0,0,0,0,0,0,0,0,0
510392,1,1,1994,0,0,0,0,0,0,0,0,0,0
510393,1,1,1994,4,4,4,4,4,4,4,4,4,4
510393,2,1,1994,0,0,0,0,0,0,0,0,0,0
510394,0,1,1994,0,0,22,0,0,0,0,0,0,0
510394,0,2,1994,0,0,0,0,0,0,0,0,0,0
510394,1,1,1994,0,0,0,0,0,0,0,18,0,0
510395,1,1,1994,10,22,17,20,12,13,28,14,16,18
510396,1,1,1994,0,0,0,0,0,0,0,0,0,0
510397,0,1,1994,25,25,25,25,25,25,25,25,25,25
510397,1,1,1994,0,0,0,0,0,0,18,0,0,0
510398,1,1,1994,17,3,4,12,14,7,0,8,0,8
510398,2,1,1994,0,0,0,0,0,0,0,0,18,0
510399,1,1,1994,5,15,27,21,24,2,5,8,2,13
510400,0,1,1994,0,0,0,0,0,0,0,0,0,0
510400,1,1,1994,0,0,0,0,0,0,0,0,0,0
510401,1,1,1994,11,0,0,0,0,10,0,0,0,0
510401,2,1,1994,4,14,7,0,0,2,18,26,10,15
510401,3,1,1994,0,0,0,19,19,0,21,0,0,0
510402,0,1,1994,31,31,31,31,31,31,31,31,31,31
510402,1,1,1994,4,0,0,0,0,7,0,0,0,0
510403,1,1,1994,0,0,0,0,0,0,0,0,0,0
510403,2,1,1994,0,0,0,0,0,0,0,0,0,0
510404,1,1,1994,0,0,0,0,0,0,0,0,0,0
510404,2,1,1994,0,0,0,0,0,0,0,0,0,0
510405,1,1,1994,0,0,0,0,0,0,0,0,0,0
510405,2,1,1994,0,0,0,0,0,0,0,0,0,0
510406,1,1,1994,0,0,0,0,0,0,0,0,0,0
510406,2,1,1994,0,0,0,0,0,0,0,0,0,0
510407,1,1,1994,0,0,0,0,5,11,0,0,0,0
510408,1,1,1994,0,0,0,0,0,0,0,0,0,0
510409,1,1,1994,0,0,0,0,0,0,0,0,0,0
510409,2,1,1994,0,0,0,0,0,17,0,0,0,0
510409,3,1,1994,0,0,0,0,0,0,0,0,0,0
510410,0,1,1994,0,0,0,0,0,0,0,0,0,0
510410,1,1,1994,31,21,10,9,19,7,19,10,14,34
510411,1,1,1994,0,0,0,0,0,0,0,0,0,0
510412,1,1,1994,0,0,0,0,1,0,0,0,0,13
510413,1,1,1994,0,0,0,0,0,0,0,0,0,0
510414,1,1,1994,24,0,0,0,0,0,2,0,8,0
510415,1,1,1994,0,0,0,0,0,0,0,0,0,0
510416,1,1,1994,20,10,11,8,0,5,16,19,33,17
510417,1,1,1994,0,0,0,0,0,11,0,0,0,0
510417,2,1,1994,0,0,0,0,0,0,0,0,0,0
510418,1,1,1994,0,0,0,0,0,0,0,0,0,0
510418,2,1,1994,0,0,0,0,0,0,0,0,12,0
510418,3,1,1994,0,0,0,0,0,0,0,0,0,0
510418,4,1,1994,0,0,0,0,0,0,0,0,0,0
510418,5,1,1994,0,0,0,0,0,0,0,0,0,0
510419,1,1,1994,23,23,23,23,23,23,23,23,23,23
510420,1,1,1994,29,29,29,29,29,29,29,29,29,29
510421,1,1,1994,0,0,0,0,0,0,0,0,0,0
510421,2,1,1994,0,0,0,0,0,0,0,0,0,0
510422,1,1,1994,19,19,19,19,19,19,19,19,19,19
510423,1,1,1994,0,0,0,0,0,0,0,0,0,0
510423,2,1,1994,0,2,0,0,0,0,0,0,0,0
510424,1,1,1994,13,13,13,13,13,13,13,13,13,13
510425,1,1,1994,0,0,0,0,0,0,0,0,0,0
510425,2,1,1994,0,0,0,0,0,0,0,0,0,0
510425,3,1,1994,0,0,0,0,0,0,0,0,0,0
510426,1,1,1994,0,0,0,0,0,0,0,0,0,0
510427,1,1,1994,0,0,0,0,0,0,0,0,0,0
510427,2,1,1994,0,0,0,0,0,0,0,0,0,0
510428,1,1,1994,0,0,0,16,6,12,0,12,0,14
510428,2,1,1994,0,24,0,0,0,0,0,14,0,0
510428,3,1,1994,0,0,0,0,0,0,0,11,0,16
510429,1,1,1994,0,7,17,9,9,12,14,28,22,0
510430,1,1,1994,0,0,0,0,0,0,0,0,0,0
510430,2,1,1994,0,0,0,0,0,0,0,0,0,0
510431,1,1,1994,0,0,0,0,0,0,0,0,0,0
510431,2,1,1994,0,0,0,0,0,0,0,0,0,0
510432,1,1,1994,0,0,0,0,0,0,0,0,0,0
510433,1,1,1994,0,0,0,0,0,0,0,0,3,0
510433,2,1,1994,0,0,0,0,0,0,0,0,0,0
510434,1,1,1994,0,0,0,0,0,0,0,0,0,0
510434,2,1,1994,0,0,0,0,0,0,0,0,16,0
510435,1,1,1994,0,0,0,0,0,0,0,0,0,0
510435,2,1,1994,0,0,0,0,0,0,0,0,0,0
510436,1,1,1994,9,9,9,9,9,9,9,9,9,9
510437,1,1,1994,0,20,0,0,20,0,31,0,0,0
510438,1,1,1994,6,6,6,6,6,6,6,6,6,6
510438,2,1,1994,0,0,0,0,0,0,0,0,0,0
510439,1,1,1994,23,23,23,23,23,23,23,23,23,23
510440,1,1,1994,23,16,17,15,12,27,23,16,30,16
510441,1,1,1994,13,13,13,13,13,13,13,13,13,13
510442,1,1,1994,14,14,14,14,14,14,14,14,14,14
510443,1,1,1994,2,2,2,2,2,2,2,2,2,2
510444,1,1,1994,0,0,0,0,0,0,0,0,0,0
510444,2,1,1994,20,20,20,20,20,20,20,20,20,20
510445,1,1,1994,0,0,0,0,0,0,0,0,0,0
510446,1,1,1994,26,26,26,26,26,26,26,26,26,26
510447,0,1,1994,0,0,0,0,0,0,0,0,0,0
510447,1,1,1994,0,0,0,0,0,0,0,0,0,0
510448,1,1,1994,0,0,0,0,0,0,0,0,0,0
510449,1,1,1994,0,0,10,0,0,0,0,0,0,0
510450,1,1,1994,0,0,0,0,0,0,0,0,0,0
510450,2,1,1994,0,0,0,0,0,0,0,0,0,0
510451,1,1,1994,26,26,26,26,26,26,26,26,26,26
510452,1,1,1994,0,0,0,0,0,0,0,0,0,0
510452,2,1,1994,0,0,0,0,14,0,0,0,21,0
510453,1,1,1994,16,15,17,12,12,15,17,22,9,29
510454,1,1,1994,0,0,0,0,0,0,0,0,0,0
510454,2,1,1994,0,0,0,0,0,0,0,0,0,0
510455,1,1,1994,0,0,0,0,0,0,0,0,0,0
510455,2,1,1994,0,0,0,0,0,0,0,0,0,0
510456,1,1,1994,0,20,20,18,22,25,7,29,19,16
510457,0,1,1994,0,0,0,0,0,0,0,0,0,0
510457,1,1,1994,0,0,0,0,0,0,0,0,0,0
510458,1,1,1994,0,0,0,0,0,0,0,0,0,0
510459,1,1,1994,0,0,0,0,0,0,0,0,0,0
510460,1,1,1994,0,0,0,0,0,0,0,0,0,0
510460,2,1,1994,0,0,0,0,0,0,0,0,0,0
510461,1,1,1994,24,6,20,17,8,24,32,19,7,12
510462,1,1,1994,0,0,0,0,0,0,0,0,0,0
510462,2,1,1994,0,0,0,0,0,0,0,0,0,0
510462,3,1,1994,0,0,0,0,0,0,0,0,0,0
510463,1,1,1994,0,0,0,0,0,0,0,0,0,0
510463,2,1,1994,0,0,0,0,0,0,0,0,0,0
510464,1,1,1994,0,0,0,0,0,0,0,0,0,0
510466,1,1,1994,0,0,0,0,0,0,0,0,0,0
510466,2,1,1994,0,0,0,0,0,0,0,0,0,0
510467,1,1,1994,0,0,0,0,0,0,0,0,0,0
510468,1,1,1994,0,0,0,0,0,0,0,0,0,0
510468,2,1,1994,0,0,0,0,0,0,0,0,0,0
510469,1,1,1994,24,24,24,24,24,24,24,24,24,24
510470,1,1,1994,16,16,16,16,16,16,16,16,16,16
510471,1,1,1994,18,18,18,18,18,18,18,18,18,18
510471,2,1,1994,0,0,0,0,0,0,0,0,0,0
510472,1,1,1994,20,20,20,20,20,20,20,20,20,20
510473,1,1,1994,17,17,17,17,17,17,17,17,17,17
510474,1,1,1994,24,20,19,18,23,13,33,43,22,22
510475,0,1,1994,0,0,0,0,0,0,0,0,0,0
510475,1,1,1994,0,0,0,0,0,0,0,0,0,0
510475,2,1,1994,0,0,0,0,0,0,0,11,0,0
510475,3,1,1994,0,0,0,0,0,0,0,0,0,0
510475,4,1,1994,0,0,0,0,0,0,0,0,0,0
510475,5,1,1994,0,0,0,0,0,0,0,9,0,0
510476,1,1,1994,0,16,8,3,11,11,0,16,9,0
510476,2,1,1994,0,0,0,0,0,0,0,0,0,0
510477,1,1,1994,0,0,0,0,0,0,0,0,0,0
510478,1,1,1994,0,0,0,0,0,0,0,0,0,0
510479,0,1,1994,0,0,0,0,0,0,0,0,0,0
510479,1,1,1994,13,15,20,12,20,16,14,7,11,27
510479,3,1,1994,0,9,18,13,15,9,19,25,33,22
510480,1,1,1994,0,0,0,0,0,0,0,0,0,0
510480,2,1,1994,0,0,0,0,20,0,0,0,0,0
510481,1,1,1994,0,0,0,0,0,0,0,0,0,0
510481,2,1,1994,0,0,0,0,0,0,14,0,0,0
510482,1,1,1994,9,0,0,0,0,0,0,0,0,0
510482,2,1,1994,0,0,0,0,0,0,0,0,0,0
510483,1,1,1994,0,0,0,0,0,0,0,0,0,0
510483,2,1,1994,0,0,0,0,0,0,0,0,0,0
510483,3,1,1994,0,0,0,0,0,0,0,0,0,0
510484,1,1,1994,0,0,0,0,0,0,0,0,0,0
510485,1,1,1994,19,11,0,13,21,29,26,15,15,10
510485,2,1,1994,0,0,0,0,0,0,0,0,0,0
510486,1,1,1994,0,0,0,0,0,0,0,0,0,0
510486,2,1,1994,0,0,0,0,0,0,0,0,7,0
510487,1,1,1994,19,20,23,18,21,13,26,15,12,27
510489,1,1,1994,16,16,16,16,16,16,16,16,16,16
510490,1,1,1994,34,34,34,34,34,34,34,34,34,34
510491,1,1,1994,0,0,0,0,0,0,0,0,0,0
510491,2,1,1994,0,0,0,0,0,0,0,0,0,0
510492,1,1,1994,0,0,0,0,0,0,0,0,0,0
510492,2,1,1994,29,9,7,13,4,20,6,24,24,19
510493,0,1,1994,25,25,25,25,25,25,25,25,25,25
510493,1,1,1994,0,0,0,0,0,0,0,0,0,0
510494,0,1,1994,0,0,0,0,0,0,0,0,0,0
510494,1,1,1994,0,7,0,0,0,9,0,7,0,0
510495,1,1,1994,0,0,0,0,0,0,0,0,0,0
510496,1,1,1994,27,27,27,27,27,27,27,27,27,27
510497,1,1,1994,23,23,23,23,23,23,23,23,23,23
510498,1,1,1994,0,0,0,0,0,0,0,0,0,0
510498,2,1,1994,0,0,0,0,0,0,0,0,0,0
510499,1,1,1994,0,0,0,0,0,0,0,0,0,0
510499,2,1,1994,0,0,0,0,0,0,0,0,0,0
510500,1,1,1994,0,0,0,0,0,0,0,0,0,0
510500,2,1,1994,0,0,0,0,14,0,0,0,0,0
510501,1,1,1994,0,0,0,0,0,0,0,0,0,0
510502,0,1,1994,0,0,0,0,0,0,0,0,0,0
510502,1,1,1994,0,0,0,0,0,0,0,0,0,0
510503,1,1,1994,1,1,1,1,1,1,1,1,1,1
510504,1,1,1994,0,0,0,0,0,0,0,0,0,19
510504,2,1,1994,0,0,0,0,20,0,4,0,0,0
510504,3,1,1994,14,18,14,0,12,16,0,5,14,10
510505,1,1,1994,14,14,14,14,14,14,14,14,14,14
510506,1,1,1994,0,0,0,0,0,0,0,0,0,0
510506,2,1,1994,0,0,0,0,0,0,0,0,0,0
510507,1,1,1994,0,0,0,0,0,0,0,0,0,0
510507,2,1,1994,0,0,0,0,0,0,0,0,0,0
510508,1,1,1994,11,11,11,11,11,11,11,11,11,11
510509,1,1,1994,0,0,0,0,0,0,0,0,0,0
510510,1,1,1994,0,0,0,0,0,0,0,0,0,0
510511,1,1,1994,34,5,30,14,22,16,9,18,15,59
510512,1,1,1994,0,0,0,0,0,0,0,0,13,0
510512,2,1,1994,0,0,0,0,0,0,0,0,0,0
510513,1,1,1994,17,16,6,0,0,31,34,16,15,24
510514,1,1,1994,29,29,29,29,29,29,29,29,29,29
510514,2,1,1994,0,0,0,0,0,20,0,0,0,0
510515,1,1,1994,0,0,0,0,0,0,0,0,0,0
510515,2,1,1994,0,0,0,0,0,0,0,0,0,0
510516,1,1,1994,0,0,12,0,4,0,0,0,0,0
510517,1,1,1994,0,0,0,0,0,0,0,0,0,0
510517,2,1,1994,0,0,0,0,0,0,0,0,0,0
510518,1,1,1994,0,0,0,0,0,0,0,0,0,0
510519,1,1,1994,0,0,0,0,0,0,0,0,0,0
510520,1,1,1994,0,0,0,0,0,0,0,0,0,0
510520,2,1,1994,0,0,0,0,0,0,0,0,0,0
510522,0,1,1994,0,0,0,0,0,0,0,0,0,0
510522,1,1,1994,0,0,0,0,0,0,0,0,0,0
510523,1,1,1994,22,14,0,0,0,28,0,0,0,0
510524,1,1,1994,0,0,0,0,0,0,0,0,0,0
510524,2,1,1994,21,20,13,2,17,0,19,3,20,15
510525,1,1,1994,0,0,9,4,0,0,0,0,0,0
510525,2,1,1994,0,0,0,0,0,0,0,0,0,0
510526,1,1,1994,17,17,17,17,17,17,17,17,17,17
510527,1,1,1994,28,20,18,21,13,0,16,33,23,13
510528,1,1,1994,0,0,0,0,0,0,0,0,0,0
510529,1,1,1994,6,6,6,6,6,6,6,6,6,6
510530,1,1,1994,9,9,9,9,9,9,9,9,9,9
510531,1,1,1994,0,0,17,0,15,0,13,11,0,11
510532,1,1,1994,0,0,0,0,0,0,0,13,0,0
510532,2,1,1994,0,0,0,0,0,0,0,0,0,0
510533,1,1,1994,14,14,14,14,14,14,14,14,14,14
510534,1,1,1994,0,8,0,0,0,0,0,0,0,0
510535,0,1,1994,0,0,0,0,0,0,0,0,0,0
510535,1,1,1994,0,0,0,0,0,0,0,0,0,0
510536,1,1,1994,0,0,0,0,0,0,0,0,0,0
510537,1,1,1994,0,0,0,0,0,0,0,0,0,0
510538,1,1,1994,18,18,18,18,18,18,18,18,18,18
510538,2,1,1994,0,0,0,0,0,0,0,0,0,0
510539,1,1,1994,7,7,7,7,7,7,7,7,7,7
510540,1,1,1994,1,1,1,1,1,1,1,1,1,1
510541,1,1,1994,0,0,0,0,0,0,0,16,12,0
510542,1,1,1994,7,10,24,29,20,9,29,23,26,17
510543,1,1,1994,23,23,23,23,23,23,23,23,23,23
510544,1,1,1994,15,15,15,15,15,15,15,15,15,15
510545,1,1,1994,3,0,0,0,0,0,0,0,0,0
510546,1,1,1994,22,22,22,22,22,22,22,22,22,22
510547,0,1,1994,23,23,23,23,23,23,23,23,23,23
510547,1,1,1994,0,0,0,0,0,0,0,0,0,0
510548,1,1,1994,0,0,0,0,0,0,0,0,0,0
510548,2,1,1994,0,0,0,0,0,0,0,0,0,0
510548,3,1,1994,0,0,0,0,0,0,0,21,0,0
510548,4,1,1994,0,0,0,0,0,0,0,0,5,0
510549,1,1,1994,22,22,22,22,22,22,22,22,22,22
510549,2,1,1994,0,0,0,0,0,0,0,0,0,0
510550,1,1,1994,21,21,21,21,21,21,21,21,21,21
510551,0,1,1994,0,0,0,0,0,0,0,0,0,0
510551,1,1,1994,0,0,0,0,0,0,0,0,0,0
510552,1,1,1994,33,0,12,21,0,21,0,34,10,20
510553,1,1,1994,0,0,0,0,0,0,0,0,0,0
510553,2,1,1994,0,0,0,0,0,0,0,0,0,0
510554,1,1,1994,0,0,0,0,0,0,0,0,0,0
510554,2,1,1994,0,0,0,0,0,0,0,0,0,0