ST_CASE,VEH_NO,PER_NO,YEAR,P1,P2,P3,P4,P5,P6,P7,P8,P9,P10
510555,0,1,1994,7,0,18,24,17,37,9,30,27,49
510555,1,1,1994,0,12,0,15,0,15,0,0,0,0
510556,0,1,1994,0,0,0,0,0,0,0,0,0,0
510556,1,1,1994,0,0,0,0,0,0,0,0,0,0
510557,1,1,1994,0,0,0,0,0,0,0,0,0,0
510557,2,1,1994,0,0,0,0,0,0,0,0,0,0
510558,1,1,1994,0,0,0,0,0,0,0,0,0,0
510559,1,1,1994,0,0,0,0,0,0,0,0,0,0
510560,1,1,1994,0,0,0,0,0,0,0,0,0,0
510561,1,1,1994,0,0,0,13,0,0,0,0,0,0
510561,2,1,1994,0,0,0,0,0,0,0,0,0,0
510562,1,1,1994,0,0,0,0,0,0,0,0,0,0
510563,1,1,1994,13,0,0,0,0,0,0,0,0,0
510563,2,1,1994,34,34,34,34,34,34,34,34,34,34
510564,0,1,1994,17,17,17,17,17,17,17,17,17,17
510564,1,1,1994,0,0,0,0,0,0,25,0,0,0
510565,1,1,1994,0,0,0,0,0,0,0,0,0,0
510565,2,1,1994,0,0,0,0,0,0,0,0,0,0
510565,3,1,1994,21,0,0,0,0,0,0,0,0,0
510566,1,1,1994,13,13,13,13,13,13,13,13,13,13
510568,1,1,1994,0,0,0,10,0,18,0,0,0,0
510568,2,1,1994,0,0,0,0,0,0,0,0,0,0
510569,1,1,1994,0,0,0,0,17,0,0,0,0,0
510570,1,1,1994,21,21,21,21,21,21,21,21,21,21
510570,2,1,1994,0,0,0,0,0,0,0,0,0,0
510571,1,1,1994,33,33,33,33,33,33,33,33,33,33
510572,1,1,1994,18,6,12,24,20,38,24,27,17,17
510573,1,1,1994,0,0,0,0,0,0,0,0,0,0
510574,1,1,1994,0,0,0,0,0,0,0,0,0,0
510574,2,1,1994,0,0,0,0,0,0,0,0,0,0
510575,0,1,1994,0,0,0,0,0,0,0,0,0,0
510575,1,1,1994,18,15,12,0,17,26,28,18,14,21
510576,1,1,1994,0,14,17,29,0,0,0,17,10,16
510576,2,1,1994,0,0,0,0,0,0,0,0,0,0
510577,1,1,1994,0,0,0,0,0,0,0,0,0,0
510577,2,1,1994,0,0,0,0,0,0,0,0,0,0
510578,1,1,1994,0,0,0,0,0,0,0,0,0,0
510579,1,1,1994,0,0,0,0,0,0,0,0,0,0
510579,2,1,1994,0,0,0,0,0,0,19,0,0,0
510580,1,1,1994,20,20,20,20,20,20,20,20,20,20
510581,1,1,1994,0,0,0,0,0,0,0,0,0,0
510582,1,1,1994,0,0,0,0,0,0,0,0,0,0
510582,2,1,1994,0,0,0,0,0,0,0,0,0,0
510582,3,1,1994,0,0,0,0,0,0,0,0,0,0
510584,1,1,1994,0,0,0,0,0,0,0,0,0,0
510586,1,1,1994,0,0,0,0,0,0,0,0,0,0
510587,1,1,1994,0,0,0,0,0,0,0,0,22,13
510589,1,1,1994,0,0,0,0,0,0,0,6,0,0
510590,1,1,1994,13,0,0,10,0,8,0,0,0,0
510591,1,1,1994,0,0,0,0,0,0,0,0,0,0
510591,2,1,1994,0,0,0,0,0,0,0,0,0,0
510592,1,1,1994,0,0,0,0,0,0,0,0,0,0
510592,2,1,1994,0,0,0,0,0,0,0,0,0,0
510593,1,1,1994,4,13,8,18,15,0,14,16,16,8
510594,1,1,1994,0,16,0,0,0,0,0,0,0,0
510595,1,1,1994,0,0,0,0,0,0,0,0,0,0
510595,2,1,1994,0,0,0,0,0,0,0,0,0,0
510596,1,1,1994,0,0,0,0,0,0,0,0,0,0
510596,2,1,1994,0,0,0,0,0,0,0,0,0,0
510597,0,1,1994,0,0,0,0,0,0,0,0,0,20
510597,1,1,1994,0,0,0,0,0,0,0,0,0,0
510598,1,1,1994,0,0,0,0,0,0,0,0,0,0
510598,2,1,1994,0,0,0,0,0,0,0,0,0,0
510599,1,1,1994,0,0,0,0,0,0,0,0,0,0
510600,1,1,1994,1,1,1,1,1,1,1,1,1,1
510601,1,1,1994,0,0,0,0,0,0,0,0,0,0
510601,2,1,1994,0,0,0,0,0,0,8,0,0,0
510602,0,1,1994,21,21,21,21,21,21,21,21,21,21
510602,1,1,1994,0,0,0,0,0,0,0,0,0,0
510603,0,1,1994,0,0,0,0,0,0,0,0,0,0
510603,1,1,1994,0,0,0,0,0,0,0,0,0,0
510604,0,1,1994,0,0,0,0,0,0,0,0,0,0
510604,1,1,1994,13,0,0,0,0,0,0,0,0,0
510605,1,1,1994,0,0,0,0,0,0,0,0,0,0
510605,2,1,1994,9,9,9,9,9,9,9,9,9,9
510606,0,1,1994,35,37,25,34,17,10,0,37,22,30
510606,1,1,1994,0,0,0,0,0,0,0,0,0,0
510607,1,1,1994,0,0,0,0,0,0,0,0,0,0
510608,1,1,1994,13,26,16,17,18,4,32,12,17,9
510609,1,1,1994,0,0,0,0,0,0,0,0,0,0
510609,2,1,1994,0,0,0,0,0,0,0,0,0,0
510610,1,1,1994,9,9,9,9,9,9,9,9,9,9
510611,1,1,1994,0,0,0,0,0,0,0,0,0,0
510612,1,1,1994,0,0,0,0,0,0,0,0,0,0
510612,2,1,1994,0,0,0,0,0,0,0,0,0,0
510613,1,1,1994,10,0,0,0,0,0,0,0,0,19
510614,1,1,1994,8,22,10,7,17,14,10,28,25,24
510614,2,1,1994,0,0,0,0,0,0,0,0,0,0
510615,1,1,1994,0,0,0,0,0,0,0,0,0,0
510615,2,1,1994,8,0,0,0,0,7,0,0,0,0
510616,1,1,1994,0,0,0,0,0,0,0,0,0,0
510616,2,1,1994,0,0,9,0,0,0,0,0,0,0
510617,1,1,1994,0,0,0,0,0,0,0,0,0,0
510618,1,1,1994,0,0,0,20,0,0,0,0,0,0
510619,0,1,1994,0,0,0,0,0,0,0,0,0,0
510619,1,1,1994,0,0,0,0,0,0,0,0,0,0
510620,1,1,1994,27,27,27,27,27,27,27,27,27,27
510621,0,1,1994,0,0,0,0,0,0,0,0,0,0
510621,0,2,1994,0,0,0,0,0,0,0,0,0,23
510621,1,1,1994,0,0,0,0,0,0,0,0,0,0
510622,1,1,1994,11,11,11,11,11,11,11,11,11,11
510622,2,1,1994,0,0,0,0,0,0,0,0,0,0
510623,1,1,1994,9,9,9,9,9,9,9,9,9,9
510624,1,1,1994,17,30,13,3,16,7,0,12,13,33
510625,1,1,1994,0,0,0,0,0,0,0,0,0,0
510625,2,1,1994,0,0,0,0,0,0,0,0,0,0
510626,1,1,1994,10,0,2,23,22,22,21,4,19,14
510626,2,1,1994,0,20,0,28,0,14,22,0,0,17
510627,0,1,1994,0,0,27,24,31,0,23,10,15,0
510627,1,1,1994,0,0,0,0,0,0,0,0,0,0
510628,0,1,1994,18,18,18,18,18,18,18,18,18,18
510628,1,1,1994,30,19,4,29,0,8,19,25,12,17
510629,1,1,1994,0,0,0,0,0,0,0,0,0,0
510630,1,1,1994,21,21,21,21,21,21,21,21,21,21
510631,1,1,1994,0,0,0,0,0,0,0,0,0,0
510632,1,1,1994,0,0,0,0,0,0,0,0,0,0
510632,2,1,1994,0,0,0,0,0,0,0,0,0,0
510633,1,1,1994,27,27,27,27,27,27,27,27,27,27
510634,1,1,1994,3,7,11,17,15,21,4,10,18,3
510634,2,1,1994,13,0,0,0,0,0,19,0,0,0
510635,1,1,1994,0,0,0,0,0,0,0,0,0,0
510635,2,1,1994,0,0,0,9,13,7,22,4,26,0
510636,1,1,1994,0,0,0,0,0,0,0,0,0,0
510636,2,1,1994,0,7,20,0,0,19,0,0,33,26
510637,1,1,1994,0,0,0,0,0,0,0,0,0,0
510638,1,1,1994,27,0,24,28,5,0,20,16,25,18
510639,1,1,1994,6,6,6,6,6,6,6,6,6,6
510640,1,1,1994,0,0,0,0,0,0,0,0,0,0
510641,1,1,1994,0,0,0,0,0,0,0,0,0,0
510641,2,1,1994,0,0,0,0,0,0,0,0,0,0
510642,1,1,1994,24,28,17,5,0,24,9,33,25,0
510643,0,1,1994,1,1,1,1,1,1,1,1,1,1
510643,0,2,1994,1,1,1,1,1,1,1,1,1,1
510643,1,1,1994,0,0,7,0,0,17,0,0,0,0
510644,1,1,1994,0,0,0,0,0,0,0,0,0,0
510645,1,1,1994,0,0,0,0,0,0,0,0,0,0
510646,1,1,1994,22,22,22,22,22,22,22,22,22,22
510647,0,1,1994,18,18,18,18,18,18,18,18,18,18
510647,1,1,1994,0,0,1,0,0,0,0,0,0,13
510648,1,1,1994,0,0,0,0,0,0,0,0,0,0
510648,2,1,1994,0,0,0,0,0,0,22,0,0,0
510649,1,1,1994,24,19,0,5,0,0,7,6,14,11
510650,1,1,1994,0,0,0,0,0,0,0,0,0,0
510650,2,1,1994,0,0,0,0,0,0,0,0,0,0
510651,1,1,1994,0,0,0,0,0,0,0,0,0,0
510652,1,1,1994,19,19,19,19,19,19,19,19,19,19
510653,0,1,1994,0,0,0,0,0,0,0,0,0,0
510653,1,1,1994,0,0,0,0,0,0,0,10,0,0
510654,1,1,1994,17,13,16,23,0,18,20,11,14,11
510655,1,1,1994,19,19,19,19,19,19,19,19,19,19
510656,1,1,1994,0,0,0,0,0,0,0,0,0,0
510656,2,1,1994,0,0,0,0,0,11,0,0,0,0
510657,1,1,1994,0,0,0,0,0,0,0,0,0,0
510657,2,1,1994,0,0,0,0,0,0,0,0,0,0
510657,3,1,1994,0,0,0,0,0,0,0,0,0,0
510658,1,1,1994,15,11,27,32,38,20,16,23,20,5
510659,0,1,1994,0,0,0,0,0,0,0,0,0,0
510659,1,1,1994,0,0,0,0,9,0,0,0,0,0
510660,1,1,1994,29,29,29,29,29,29,29,29,29,29
510660,2,1,1994,0,0,0,0,0,0,0,0,0,0
510661,0,1,1994,0,0,0,0,0,0,0,0,0,0
510661,1,1,1994,7,0,0,0,4,0,0,0,12,0
510662,1,1,1994,0,0,0,0,0,0,0,0,0,0
510662,2,1,1994,0,0,6,0,0,11,0,0,24,0
510663,1,1,1994,0,0,0,0,0,0,0,0,0,0
510663,2,1,1994,0,0,0,0,0,0,0,0,0,0
510664,1,1,1994,23,23,23,23,23,23,23,23,23,23
510665,1,1,1994,37,37,37,37,37,37,37,37,37,37
510666,1,1,1994,12,0,8,11,0,0,9,0,20,0
510667,1,1,1994,0,0,0,0,0,0,0,0,0,0
510667,2,1,1994,0,0,0,0,0,0,0,0,0,0
510668,1,1,1994,0,0,14,0,0,0,0,0,0,0
510669,1,1,1994,8,6,9,15,21,0,29,14,21,16
510670,1,1,1994,17,17,17,17,17,17,17,17,17,17
510671,0,1,1994,0,0,0,0,0,0,0,0,0,0
510671,1,1,1994,0,0,0,0,0,0,0,0,0,0
510672,1,1,1994,0,0,0,0,0,0,0,0,0,0
510672,2,1,1994,23,23,23,23,23,23,23,23,23,23
510673,0,1,1994,9,42,20,21,13,32,23,18,0,27
510673,1,1,1994,0,6,0,0,0,0,0,0,0,0
510674,1,1,1994,0,0,0,0,0,0,0,0,0,0
510675,1,1,1994,31,31,31,31,31,31,31,31,31,31
510675,2,1,1994,0,0,0,0,0,0,0,0,0,0
510676,1,1,1994,0,0,0,0,0,0,0,0,0,0
510676,2,1,1994,0,0,0,0,0,0,0,0,0,0
510677,0,1,1994,0,0,0,0,0,0,0,0,0,0
510677,0,2,1994,0,0,0,0,20,4,0,0,14,0
510677,1,1,1994,0,10,0,0,0,0,0,0,0,0
510677,2,1,1994,0,0,0,0,0,0,0,0,0,0
510678,1,1,1994,0,0,0,0,0,0,0,0,0,0
510678,2,1,1994,0,0,0,0,0,0,0,11,0,0
510678,3,1,1994,0,0,0,17,0,11,18,0,13,0
510678,4,1,1994,0,0,0,0,0,0,0,16,0,0
510678,5,1,1994,0,0,0,0,0,19,0,0,0,0
510678,6,1,1994,0,0,0,0,0,0,0,0,0,0
510679,1,1,1994,0,0,0,0,0,0,0,0,0,0
510680,1,1,1994,22,22,22,22,22,22,22,22,22,22
510681,1,1,1994,0,0,0,0,0,0,0,0,0,0
510681,2,1,1994,0,0,0,0,0,0,0,0,0,0
510682,0,1,1994,13,13,13,13,13,13,13,13,13,13
510682,1,1,1994,0,0,0,0,0,0,0,0,0,0
510683,1,1,1994,0,0,0,0,0,0,0,0,0,0
510684,1,1,1994,18,18,18,18,18,18,18,18,18,18
510685,1,1,1994,0,0,0,0,0,0,0,0,0,0
510685,2,1,1994,0,0,0,0,0,0,0,0,0,0
510686,1,1,1994,0,0,0,0,0,0,0,0,0,0
510686,2,1,1994,0,0,0,8,0,0,0,0,0,0
510687,1,1,1994,0,0,0,0,0,0,0,0,0,0
510687,2,1,1994,0,0,0,0,0,0,0,0,0,0
510688,1,1,1994,43,18,7,18,21,21,22,14,18,12
510689,1,1,1994,0,0,0,0,0,0,0,0,0,0
510689,2,1,1994,0,0,0,0,0,0,0,0,0,0
510690,1,1,1994,0,0,0,0,0,0,0,0,0,0
510692,1,1,1994,6,19,14,19,26,0,17,20,10,23
510693,1,1,1994,0,13,0,0,0,0,0,0,0,0
510694,1,1,1994,0,0,0,0,0,0,0,0,0,0
510694,2,1,1994,0,0,0,0,0,0,0,0,0,0
510695,1,1,1994,0,0,0,0,0,4,0,0,0,0
510695,2,1,1994,0,0,0,0,0,0,0,0,0,0
510696,1,1,1994,27,25,10,3,34,15,17,15,20,11
510697,1,1,1994,0,0,0,0,0,0,0,0,0,0
510698,1,1,1994,0,0,0,0,0,0,0,0,0,0
510699,1,1,1994,0,0,0,0,0,0,0,0,0,0
510699,2,1,1994,0,0,0,0,0,0,0,0,0,0
510699,3,1,1994,0,0,0,0,0,0,0,0,0,0
510700,1,1,1994,31,31,31,31,31,31,31,31,31,31
510701,0,1,1994,20,20,20,20,20,20,20,20,20,20
510701,1,1,1994,8,0,13,0,0,0,0,0,22,16
510702,1,1,1994,22,22,22,22,22,22,22,22,22,22
510703,0,1,1994,0,0,0,0,0,0,0,0,0,0
510703,1,1,1994,16,0,0,35,0,0,0,0,29,0
510704,1,1,1994,0,0,0,0,0,0,0,0,0,0
510705,1,1,1994,20,20,20,20,20,20,20,20,20,20
510706,1,1,1994,0,0,0,0,0,0,0,0,0,0
510706,2,1,1994,0,0,0,0,0,0,0,0,0,0
510707,0,1,1994,0,29,12,16,22,0,0,16,3,22
510707,1,1,1994,0,0,0,0,11,0,0,0,0,0
510708,1,1,1994,0,7,0,5,0,9,0,15,22,0
510709,1,1,1994,22,0,0,0,0,0,10,0,0,0
510710,1,1,1994,0,0,0,0,0,0,0,0,0,0
510710,2,1,1994,0,0,0,0,0,0,0,0,0,0
510710,3,1,1994,0,0,0,0,0,0,0,0,0,0
510711,1,1,1994,25,25,25,25,25,25,25,25,25,25
510712,1,1,1994,11,19,0,0,19,0,21,0,6,14
510713,1,1,1994,21,21,21,21,21,21,21,21,21,21
510714,1,1,1994,0,0,0,0,0,0,0,0,0,0
510714,2,1,1994,0,0,0,0,0,0,0,0,0,0
510715,1,1,1994,0,0,19,0,0,19,26,11,0,0
510716,0,1,1994,0,0,0,0,0,13,14,43,4,33
510716,1,1,1994,5,0,0,0,0,0,0,0,0,0
510717,1,1,1994,0,0,0,0,0,0,0,0,0,0
510718,1,1,1994,0,4,0,0,20,0,0,0,19,0
510719,1,1,1994,12,12,12,12,12,12,12,12,12,12
510720,1,1,1994,0,0,0,0,0,0,0,0,0,0
510720,2,1,1994,0,0,0,0,0,0,0,0,0,0
510721,0,1,1994,0,0,4,0,0,0,0,0,0,0
510721,1,1,1994,0,0,0,5,0,0,0,0,0,0
510722,1,1,1994,0,0,0,0,0,0,0,0,0,0
510722,2,1,1994,0,0,0,0,0,0,0,0,0,0
510723,0,1,1994,0,0,0,0,0,0,0,0,0,0
510723,1,1,1994,0,0,0,0,0,0,0,0,0,0
510724,1,1,1994,21,11,13,5,3,17,16,26,9,17
510724,2,1,1994,16,16,16,16,16,16,16,16,16,16
510724,3,1,1994,5,0,14,0,0,0,0,0,0,0
510725,1,1,1994,18,27,0,44,7,8,19,29,12,24
510725,2,1,1994,0,0,0,0,0,0,0,0,0,0
510726,1,1,1994,0,0,0,14,0,0,0,8,0,0
510727,1,1,1994,0,0,0,0,0,0,0,0,0,0
510728,1,1,1994,0,0,0,3,0,0,0,0,0,0
510728,2,1,1994,0,0,0,0,0,0,0,0,0,0
510729,1,1,1994,0,0,0,0,0,0,0,0,0,0
510730,1,1,1994,0,0,0,31,0,22,0,0,0,14
510731,1,1,1994,0,0,0,0,0,0,0,0,0,0
510732,1,1,1994,16,16,16,16,16,16,16,16,16,16
510733,1,1,1994,25,19,6,26,7,8,15,2,18,12
510734,1,1,1994,0,0,0,0,0,0,0,0,0,0
510735,1,1,1994,0,0,0,0,0,0,0,0,0,0
510735,2,1,1994,0,0,0,0,10,0,0,0,0,0
510736,1,1,1994,0,0,0,0,17,0,0,0,3,0
510736,2,1,1994,0,0,0,15,0,17,0,13,0,0
510736,3,1,1994,0,0,0,0,0,0,0,0,0,0
510737,1,1,1994,11,10,24,14,17,16,0,9,12,11
510738,1,1,1994,21,16,6,0,0,7,0,0,9,0
510739,1,1,1994,16,22,10,16,15,16,15,15,7,13
510740,1,1,1994,0,0,0,0,0,0,0,0,0,0
510740,2,1,1994,9,9,9,9,9,9,9,9,9,9
510741,1,1,1994,16,0,12,6,16,15,16,0,22,22
510741,2,1,1994,0,0,0,0,0,0,0,0,0,0
510742,1,1,1994,0,0,0,0,0,0,0,0,0,0
510743,1,1,1994,0,0,0,0,0,0,0,0,0,0
510744,1,1,1994,0,0,0,0,0,0,0,0,0,0
510744,2,1,1994,0,0,0,0,0,0,0,0,0,0
510745,1,1,1994,0,0,0,0,0,0,0,0,0,0
510746,0,1,1994,0,0,0,0,0,0,0,0,0,0
510746,1,1,1994,0,0,0,0,0,0,0,0,0,0
510747,1,1,1994,6,11,11,16,15,14,8,20,4,12
510748,1,1,1994,0,0,0,0,0,0,0,0,0,0
510748,2,1,1994,0,0,0,0,0,0,0,0,0,0
510748,3,1,1994,0,0,0,0,0,0,0,0,0,0
510749,0,1,1994,0,0,0,0,0,0,0,0,0,0
510749,1,1,1994,0,0,0,0,0,0,0,0,0,0
510749,2,1,1994,0,0,5,0,29,0,0,0,0,0
510750,1,1,1994,0,0,0,0,0,0,0,0,0,0
510750,2,1,1994,0,0,0,0,0,0,0,0,0,0
510751,1,1,1994,17,4,11,31,19,28,30,21,27,23
510752,1,1,1994,0,0,0,0,0,0,0,0,0,0
510752,2,1,1994,0,0,0,0,0,0,0,0,0,0
510753,1,1,1994,0,0,0,0,0,0,0,0,0,0
510753,2,1,1994,0,0,0,0,0,0,0,0,0,0
510754,1,1,1994,25,25,25,25,25,25,25,25,25,25
510755,0,1,1994,0,0,0,0,0,0,0,0,0,0
510755,1,1,1994,0,0,0,0,0,0,0,0,0,0
510756,1,1,1994,12,11,12,18,5,27,12,12,8,5
510757,1,1,1994,0,0,21,8,0,0,0,0,0,0
510757,2,1,1994,0,0,0,0,0,0,0,0,0,0
510758,1,1,1994,0,0,0,0,0,0,0,0,0,7
510758,2,1,1994,0,0,0,0,0,0,0,0,4,0
510759,1,1,1994,16,16,16,16,16,16,16,16,16,16
510760,1,1,1994,0,0,0,0,0,0,0,0,0,0
510760,2,1,1994,0,0,0,0,0,0,0,0,0,17
510761,1,1,1994,0,0,0,0,0,0,0,0,0,0
510761,2,1,1994,0,0,0,0,0,0,30,0,0,0
510762,1,1,1994,0,0,0,0,0,0,0,0,0,0
510762,2,1,1994,0,0,0,0,0,0,0,0,0,0
510762,3,1,1994,0,0,0,0,0,0,0,0,0,0
510763,1,1,1994,0,0,0,0,0,0,0,0,0,0
510763,2,1,1994,0,0,0,0,0,0,0,0,0,0
510764,0,1,1994,0,0,0,0,0,0,0,0,0,0
510764,1,1,1994,0,0,0,0,0,0,0,0,0,0
510766,1,1,1994,21,21,21,21,21,21,21,21,21,21
510767,1,1,1994,0,0,0,0,0,0,0,0,0,0
510767,2,1,1994,0,0,0,0,0,0,0,0,0,0
510767,3,1,1994,0,0,0,0,0,0,0,0,0,14
510768,1,1,1994,20,20,20,20,20,20,20,20,20,20
510768,2,1,1994,0,0,0,0,0,0,0,0,0,0
510769,1,1,1994,0,0,0,0,0,0,0,0,0,0
510769,2,1,1994,0,0,0,0,0,0,0,0,0,0
510770,1,1,1994,17,17,17,17,17,17,17,17,17,17
510771,1,1,1994,12,6,15,0,10,19,15,13,14,13
510772,1,1,1994,0,0,0,8,7,0,0,10,18,0
510773,1,1,1994,0,0,0,0,0,0,0,0,0,0
510773,2,1,1994,0,0,0,0,0,0,0,0,0,0
510774,1,1,1994,0,0,0,0,0,0,0,0,0,0
510774,2,1,1994,0,0,0,0,0,0,0,2,0,0
510774,3,1,1994,0,0,0,0,0,0,0,0,0,0
510775,1,1,1994,0,0,0,0,0,0,0,0,0,0
510776,1,1,1994,0,0,0,0,0,0,0,0,0,0
510777,1,1,1994,0,0,0,0,0,0,0,0,0,0
510778,1,1,1994,14,31,35,0,0,18,0,0,0,15
510779,1,1,1994,28,18,34,39,22,29,21,18,19,6
510780,1,1,1994,21,13,0,15,13,23,22,30,15,22
510781,1,1,1994,0,0,0,0,0,0,0,0,0,0
510781,2,1,1994,0,0,0,0,0,0,0,0,0,0
510782,1,1,1994,0,0,0,0,0,0,0,0,0,0
510782,2,1,1994,0,0,0,0,0,0,0,0,0,0
510782,3,1,1994,17,5,23,17,0,19,8,36,0,10
510783,1,1,1994,23,23,23,23,23,23,23,23,23,23
510783,2,1,1994,0,0,17,0,0,0,0,0,0,0
510785,1,1,1994,0,0,0,0,0,0,0,0,0,0
510785,2,1,1994,0,0,0,0,0,0,0,0,0,0
510786,1,1,1994,0,0,0,0,0,0,0,0,0,0
510787,1,1,1994,0,0,0,0,0,0,0,7,6,25
510787,2,1,1994,28,28,28,28,28,28,28,28,28,28
510788,1,1,1994,0,0,0,0,0,0,0,22,0,0
510789,0,1,1994,27,27,22,23,42,19,32,27,38,31
510789,1,1,1994,0,0,0,0,0,0,0,0,0,0
510790,1,1,1994,22,20,12,25,14,38,14,29,24,8
510791,0,1,1994,0,11,14,0,13,18,20,20,0,22
510791,1,1,1994,10,15,11,9,16,14,22,11,25,6
510792,1,1,1994,0,0,0,0,0,0,0,0,0,0
510793,0,1,1994,0,0,0,0,0,0,0,0,0,0
510793,1,1,1994,0,0,0,0,0,0,0,0,0,0
510794,2,1,1994,0,0,0,0,0,0,0,0,0,0
510795,1,1,1994,0,0,0,0,0,0,0,0,0,0
510796,1,1,1994,5,5,5,5,5,5,5,5,5,5
510797,0,1,1994,0,0,0,0,0,0,0,0,0,0
510797,1,1,1994,0,21,0,0,31,0,0,0,0,0
510798,0,1,1994,0,0,0,0,0,0,0,0,0,0
510798,1,1,1994,0,0,0,0,0,28,0,0,0,0
510799,1,1,1994,0,0,0,0,0,0,0,0,0,0
510799,2,1,1994,0,0,0,0,0,0,0,0,0,0
510800,1,1,1994,11,17,0,11,10,10,11,0,13,7
510800,2,1,1994,0,0,0,0,0,0,0,0,0,0
510801,1,1,1994,19,19,19,19,19,19,19,19,19,19
510802,1,1,1994,0,0,17,0,0,0,0,0,0,0
510802,2,1,1994,0,0,0,0,0,0,0,0,0,0
510803,1,1,1994,0,0,0,0,0,0,0,0,0,0
510803,2,1,1994,0,0,0,0,0,0,0,0,0,0
510804,0,1,1994,0,0,0,0,0,0,0,0,0,0
510804,0,2,1994,0,0,0,0,0,0,0,0,0,0
510804,1,1,1994,6,0,0,0,0,0,0,0,0,0
510805,1,1,1994,11,0,14,34,26,14,26,12,18,12
510805,2,1,1994,14,19,17,17,10,21,17,15,12,36
510806,0,1,1994,12,30,0,0,0,0,0,0,11,27
510806,1,1,1994,0,0,0,0,0,0,0,0,0,0
510806,2,1,1994,0,0,0,25,0,0,0,0,0,0
510807,0,1,1994,0,0,0,0,0,0,0,0,0,0
510807,1,1,1994,13,18,2,3,0,0,47,0,9,13
510808,1,1,1994,0,0,10,21,19,25,30,0,21,0
510808,2,1,1994,0,0,0,0,0,0,0,0,0,0
510809,1,1,1994,22,22,22,22,22,22,22,22,22,22
510810,1,1,1994,0,19,23,12,17,15,10,18,5,14
510810,2,1,1994,0,0,0,0,0,0,0,0,0,0
510810,3,1,1994,0,0,0,0,0,0,0,0,0,0
510811,1,1,1994,7,14,7,27,9,8,12,15,13,16
510811,2,1,1994,0,0,0,0,0,0,0,0,0,0
510812,1,1,1994,0,0,0,0,0,0,0,0,0,0
510812,2,1,1994,9,0,0,0,0,0,0,0,0,0
510813,1,1,1994,0,0,0,0,0,0,0,0,0,20
510814,1,1,1994,0,0,0,0,0,0,0,0,0,0
510814,2,1,1994,0,0,0,0,0,0,0,0,0,0
510815,1,1,1994,0,0,0,0,0,0,0,0,0,0
510816,1,1,1994,0,0,0,0,0,0,0,0,0,0
510817,1,1,1994,0,0,0,0,0,0,0,0,0,0
510818,1,1,1994,34,24,23,18,22,23,9,32,20,29
510819,1,1,1994,0,0,0,0,0,0,0,0,0,0
510819,2,1,1994,0,0,0,0,0,0,0,0,0,0
510819,3,1,1994,0,0,0,0,0,0,0,0,0,0
510820,0,1,1994,21,36,13,0,27,17,0,10,0,24
510820,1,1,1994,0,10,0,0,0,0,0,12,0,5
510821,0,1,1994,21,21,25,29,12,4,21,28,17,32
510821,1,1,1994,0,0,0,0,0,12,0,0,3,0
510822,1,1,1994,0,0,0,0,0,0,0,0,8,0
510822,2,1,1994,0,0,0,0,0,0,0,0,0,0
510823,1,1,1994,0,0,0,0,0,23,0,0,0,0
510824,1,1,1994,0,0,0,0,0,0,0,0,0,0
510824,2,1,1994,0,2,0,20,0,0,0,0,0,0
510825,1,1,1994,0,0,0,0,0,0,0,0,0,0
510825,2,1,1994,0,0,0,0,0,0,0,0,0,0
510826,1,1,1994,0,0,0,0,0,0,0,0,0,0
510826,2,1,1994,0,0,0,14,0,0,0,16,0,2
510827,0,1,1994,0,0,0,0,0,0,0,0,0,0
510827,1,1,1994,0,0,0,0,0,0,0,0,0,0
510828,0,1,1994,29,0,23,31,13,15,9,15,11,30
510828,1,1,1994,0,0,0,0,0,0,0,0,0,0
510829,0,1,1994,0,0,21,24,45,15,26,0,8,0
510829,1,1,1994,0,0,0,0,0,0,0,0,0,0
510830,1,1,1994,0,0,0,0,0,0,0,0,0,0
510831,1,1,1994,0,0,0,0,0,12,0,0,0,0
510831,2,1,1994,0,0,0,0,0,0,0,0,0,0
510832,1,1,1994,0,0,0,0,0,0,7,0,0,0
510833,0,1,1994,28,0,29,10,10,18,24,34,0,21
510833,1,1,1994,0,7,0,0,0,0,0,0,0,0
510834,0,1,1994,0,0,0,0,0,0,0,0,0,0
510834,1,1,1994,0,0,0,0,0,0,0,0,0,0
510835,1,1,1994,0,0,0,0,0,0,0,0,0,0
510835,2,1,1994,0,0,0,0,0,0,0,0,0,0
510836,0,1,1994,12,12,12,12,12,12,12,12,12,12
510836,1,1,1994,0,0,0,0,16,0,0,0,0,0
510837,1,1,1994,26,25,26,6,15,23,5,13,0,13
510838,1,1,1994,0,10,10,20,15,6,20,23,22,15
510839,1,1,1994,0,0,0,0,0,0,0,0,0,0
510840,1,1,1994,25,25,25,25,25,25,25,25,25,25
510840,2,1,1994,0,0,0,0,0,0,0,0,0,0
510841,0,1,1994,6,6,6,6,6,6,6,6,6,6
510841,1,1,1994,0,0,0,0,0,0,0,0,0,0
510842,0,1,1994,13,13,13,13,13,13,13,13,13,13
510842,1,1,1994,0,19,4,17,10,22,41,0,0,20
510843,1,1,1994,12,8,9,14,17,12,16,16,0,6