ST_CASE,VEH_NO,PER_NO,YEAR,P1,P2,P3,P4,P5,P6,P7,P8,P9,P10
510843,2,1,1994,0,0,0,15,13,0,0,21,0,9
510844,1,1,1994,18,9,23,22,21,18,15,18,12,22
510844,2,1,1994,0,0,0,0,19,0,0,0,0,0
510845,1,1,1994,21,19,21,16,11,31,9,15,12,6
510846,1,1,1994,0,0,0,0,8,0,0,0,0,0
510846,2,1,1994,0,0,0,0,0,0,0,0,0,0
510846,3,1,1994,0,0,0,0,0,0,0,0,0,0
510847,1,1,1994,16,15,11,3,14,42,26,15,15,25
510848,1,1,1994,0,0,0,0,0,0,0,0,0,0
510848,2,1,1994,0,0,0,0,0,0,0,0,8,0
510849,1,1,1994,34,34,34,34,34,34,34,34,34,34
510850,1,1,1994,0,0,0,0,0,0,0,0,0,0
510850,2,1,1994,11,9,35,31,12,32,11,22,21,33
510851,1,1,1994,10,21,21,26,19,17,5,14,19,14
510852,1,1,1994,25,23,25,51,12,23,18,12,0,7
510852,2,1,1994,0,0,0,0,0,0,0,0,0,0
510852,3,1,1994,0,0,0,0,0,0,0,0,0,0
510853,1,1,1994,19,13,13,24,4,0,9,19,9,9
530001,1,1,1994,10,10,10,10,10,10,10,10,10,10
530002,1,1,1994,21,21,21,21,21,21,21,21,21,21
530003,1,1,1994,0,0,0,0,0,0,0,0,0,0
530003,2,1,1994,0,0,0,0,0,0,0,0,0,0
530003,3,1,1994,0,0,0,0,0,0,0,0,0,0
530004,0,1,1994,0,0,0,0,0,0,0,0,0,0
530004,1,1,1994,0,0,0,0,0,0,0,0,0,0
530005,1,1,1994,0,0,0,0,0,0,0,0,0,0
530005,2,1,1994,0,0,0,0,0,0,0,0,0,0
530006,1,1,1994,0,0,0,0,0,0,0,0,0,19
530006,2,1,1994,0,0,0,0,10,0,0,0,0,0
530007,1,1,1994,28,28,28,28,28,28,28,28,28,28
530008,0,1,1994,0,0,0,0,0,0,0,0,0,0
530008,1,1,1994,0,0,0,0,0,0,0,0,0,0
530009,0,1,1994,17,17,17,17,17,17,17,17,17,17
530009,1,1,1994,0,0,0,0,0,0,0,0,0,12
530009,2,1,1994,0,0,0,0,0,0,0,0,0,0
530009,3,1,1994,0,0,0,0,0,0,0,0,0,0
530009,4,1,1994,0,0,0,0,0,0,0,0,15,0
530010,1,1,1994,15,15,15,15,15,15,15,15,15,15
530011,1,1,1994,20,20,20,20,20,20,20,20,20,20
530012,1,1,1994,0,18,9,6,17,9,0,30,0,15
530012,2,1,1994,16,23,32,0,0,27,0,0,10,0
530013,0,1,1994,0,0,0,0,0,0,0,0,0,0
530013,1,1,1994,0,0,0,0,0,23,0,0,0,0
530014,1,1,1994,0,0,0,0,0,0,0,0,0,0
530014,2,1,1994,0,0,0,0,0,0,0,0,0,0
530014,3,1,1994,0,0,0,0,0,0,0,0,0,0
530015,1,1,1994,0,0,0,0,0,0,0,0,0,0
530016,1,1,1994,28,28,28,28,28,28,28,28,28,28
530016,2,1,1994,12,0,0,0,0,0,0,0,0,0
530017,1,1,1994,24,24,24,24,24,24,24,24,24,24
530018,1,1,1994,27,27,27,27,27,27,27,27,27,27
530019,1,1,1994,0,0,0,0,0,0,0,0,0,0
530020,1,1,1994,0,0,0,0,0,0,0,0,0,0
530020,2,1,1994,0,0,0,5,0,17,0,0,0,0
530021,1,1,1994,0,0,0,0,0,0,0,0,0,0
530021,2,1,1994,0,0,0,0,0,0,0,0,0,0
530022,1,1,1994,8,8,8,8,8,8,8,8,8,8
530023,1,1,1994,0,0,0,0,0,0,0,0,0,0
530024,1,1,1994,0,0,0,0,0,0,0,0,0,0
530025,0,1,1994,31,31,31,31,31,31,31,31,31,31
530025,1,1,1994,0,0,0,0,0,0,0,0,0,0
530026,1,1,1994,0,0,0,0,0,0,0,0,0,0
530026,2,1,1994,0,0,0,0,0,0,0,0,0,0
530027,1,1,1994,13,13,13,13,13,13,13,13,13,13
530028,1,1,1994,0,0,0,0,0,0,0,0,0,0
530028,2,1,1994,0,0,0,0,0,0,0,0,0,0
530029,0,1,1994,0,0,0,0,0,0,0,0,0,0
530029,1,1,1994,0,0,0,0,0,0,0,0,0,0
530030,1,1,1994,0,0,0,0,0,0,0,0,0,0
530030,2,1,1994,0,0,0,0,0,0,0,0,0,0
530031,0,1,1994,0,0,0,0,0,0,0,0,0,0
530031,1,1,1994,0,0,0,0,0,0,0,0,0,0
530032,1,1,1994,0,0,0,0,0,15,0,0,0,0
530033,1,1,1994,0,0,0,0,0,0,0,0,0,0
530033,2,1,1994,0,0,0,0,0,0,0,6,0,6
530033,3,1,1994,0,0,0,0,0,0,0,0,0,0
530033,4,1,1994,0,0,0,0,0,0,0,0,0,0
530033,5,1,1994,0,0,0,0,0,0,0,0,0,0
530034,1,1,1994,0,0,0,0,0,0,8,6,0,25
530034,2,1,1994,14,28,8,16,0,13,7,12,19,17
530035,1,1,1994,18,18,18,18,18,18,18,18,18,18
530036,0,1,1994,0,0,0,0,0,0,0,0,0,0
530036,1,1,1994,0,0,0,0,0,0,0,0,0,0
530037,1,1,1994,8,8,8,8,8,8,8,8,8,8
530038,1,1,1994,35,35,35,35,35,35,35,35,35,35
530039,1,1,1994,0,0,0,0,0,0,0,0,0,0
530039,2,1,1994,0,0,0,0,0,0,0,0,0,0
530040,0,1,1994,0,0,0,0,0,0,0,0,0,0
530040,1,1,1994,0,0,0,0,0,0,0,0,0,0
530041,0,1,1994,16,16,16,16,16,16,16,16,16,16
530041,1,1,1994,0,0,0,0,0,0,0,0,0,0
530042,0,1,1994,40,40,40,40,40,40,40,40,40,40
530042,1,1,1994,0,0,0,0,0,0,0,0,0,0
530043,0,1,1994,0,0,0,0,0,0,0,0,0,0
530043,1,1,1994,0,0,0,0,0,0,0,0,0,0
530043,2,1,1994,0,0,0,0,0,0,0,0,0,0
530044,0,1,1994,0,0,0,0,0,0,0,0,0,0
530044,1,1,1994,13,13,13,13,13,13,13,13,13,13
530045,1,1,1994,27,27,27,27,27,27,27,27,27,27
530045,2,1,1994,11,14,6,18,11,19,20,10,15,3
530046,1,1,1994,14,14,14,14,14,14,14,14,14,14
530047,1,1,1994,0,0,0,0,18,0,0,0,0,0
530047,2,1,1994,0,0,0,0,0,0,0,0,0,0
530048,1,1,1994,0,0,0,0,0,0,0,0,0,0
530048,2,1,1994,0,0,28,0,0,0,8,0,0,0
530049,1,1,1994,28,28,28,28,28,28,28,28,28,28
530050,1,1,1994,5,5,5,5,5,5,5,5,5,5
530051,0,1,1994,0,0,0,0,0,0,0,0,0,0
530051,1,1,1994,0,0,0,0,0,0,0,0,0,0
530052,1,1,1994,0,0,0,0,0,0,0,0,0,0
530052,2,1,1994,0,0,0,0,0,0,0,0,0,0
530053,1,1,1994,0,0,0,0,0,0,0,0,26,0
530053,2,1,1994,0,0,0,0,0,0,0,0,0,0
530054,1,1,1994,0,0,0,0,0,0,0,0,0,0
530055,1,1,1994,0,0,0,0,0,0,0,0,0,0
530056,1,1,1994,0,0,0,0,0,0,0,0,0,0
530056,2,1,1994,0,0,0,0,0,0,0,0,0,0
530056,3,1,1994,0,0,0,0,0,0,0,0,0,0
530057,1,1,1994,0,0,0,0,0,0,0,0,0,0
530057,2,1,1994,0,0,0,0,0,0,0,0,14,0
530058,1,1,1994,5,5,5,5,5,5,5,5,5,5
530059,1,1,1994,0,0,0,0,0,0,0,0,0,0
530059,2,1,1994,0,0,0,0,0,0,0,0,0,0
530060,1,1,1994,0,0,0,0,0,0,0,0,0,0
530061,1,1,1994,25,25,25,25,25,25,25,25,25,25
530062,1,1,1994,0,0,0,0,0,0,0,0,0,0
530062,2,1,1994,0,0,0,0,0,0,0,0,0,0
530063,0,1,1994,0,0,0,0,0,0,0,0,0,0
530063,1,1,1994,0,0,0,0,0,0,0,0,0,0
530064,1,1,1994,0,0,0,0,0,0,0,0,0,0
530064,2,1,1994,0,0,0,0,0,0,0,0,0,0
530065,1,1,1994,0,0,74,0,0,0,0,0,0,0
530065,2,1,1994,0,0,0,0,0,0,0,0,0,0
530066,1,1,1994,0,0,0,0,0,0,0,0,0,0
530067,1,1,1994,0,0,0,0,0,0,0,0,0,0
530068,1,1,1994,0,0,0,0,0,0,0,0,0,0
530068,2,1,1994,0,0,0,0,0,0,0,0,0,0
530068,3,1,1994,0,0,0,0,0,0,0,0,0,0
530069,1,1,1994,14,14,14,14,14,14,14,14,14,14
530069,2,1,1994,0,0,0,0,0,0,0,0,0,0
530069,3,1,1994,0,0,0,0,0,0,0,0,0,0
530070,1,1,1994,25,25,25,25,25,25,25,25,25,25
530071,1,1,1994,21,21,21,21,21,21,21,21,21,21
530072,1,1,1994,0,0,0,0,0,0,0,0,0,0
530072,2,1,1994,0,0,0,0,0,0,0,0,0,0
530073,1,1,1994,23,23,23,23,23,23,23,23,23,23
530073,2,1,1994,0,4,0,0,0,0,0,0,0,0
530074,1,1,1994,0,0,0,0,0,0,0,0,0,0
530074,2,1,1994,0,0,0,0,14,0,0,0,0,0
530076,1,1,1994,0,0,0,0,0,0,0,0,0,0
530076,2,1,1994,0,0,0,0,0,0,0,0,0,0
530077,1,1,1994,5,5,5,5,5,5,5,5,5,5
530078,1,1,1994,0,0,0,0,0,0,0,0,0,0
530078,2,1,1994,0,0,0,0,0,0,0,0,0,0
530080,1,1,1994,0,0,0,0,0,0,0,0,0,0
530080,2,1,1994,0,0,0,0,0,0,0,0,0,0
530081,1,1,1994,16,16,16,16,16,16,16,16,16,16
530081,2,1,1994,0,14,0,0,0,0,0,0,0,0
530082,0,1,1994,0,0,0,0,0,15,0,0,0,0
530082,1,1,1994,0,0,0,0,0,0,0,0,0,0
530083,1,1,1994,13,13,13,13,13,13,13,13,13,13
530084,1,1,1994,0,0,0,0,0,0,0,0,0,0
530085,0,1,1994,0,0,0,0,0,0,0,0,0,0
530085,1,1,1994,10,0,0,4,0,0,0,0,0,0
530086,1,1,1994,24,24,24,24,24,24,24,24,24,24
530087,1,1,1994,0,0,0,0,0,0,28,0,26,0
530088,1,1,1994,0,0,0,0,0,0,0,0,0,0
530088,2,1,1994,0,0,0,0,0,0,0,0,0,0
530089,1,1,1994,16,16,16,16,16,16,16,16,16,16
530090,1,1,1994,12,12,12,12,12,12,12,12,12,12
530090,2,1,1994,0,0,0,0,0,0,0,0,0,0
530091,1,1,1994,18,18,18,18,18,18,18,18,18,18
530092,1,1,1994,28,28,28,28,28,28,28,28,28,28
530093,0,1,1994,0,0,0,0,0,0,0,0,0,0
530093,1,1,1994,0,0,0,0,0,0,0,0,0,0
530094,1,1,1994,0,0,0,0,0,0,0,0,0,0
530095,1,1,1994,17,17,17,17,17,17,17,17,17,17
530096,1,1,1994,0,0,0,0,0,0,0,0,10,9
530096,2,1,1994,0,0,0,17,0,0,0,0,0,0
530097,1,1,1994,0,0,0,0,0,0,0,0,0,0
530097,2,1,1994,0,0,0,0,0,8,0,0,0,0
530098,1,1,1994,3,3,3,3,3,3,3,3,3,3
530098,2,1,1994,0,0,0,0,0,0,0,0,17,0
530099,0,1,1994,26,26,26,26,26,26,26,26,26,26
530099,1,1,1994,0,12,0,8,0,0,24,0,0,0
530100,1,1,1994,0,0,0,0,0,0,0,0,0,0
530100,2,1,1994,0,0,0,0,0,0,0,0,0,0
530100,3,1,1994,0,0,0,0,0,0,0,0,0,0
530100,4,1,1994,0,0,0,0,0,0,0,0,0,0
530101,1,1,1994,11,11,17,14,9,13,5,9,17,19
530102,1,1,1994,0,0,0,0,0,0,0,26,0,0
530103,1,1,1994,30,30,30,30,30,30,30,30,30,30
530103,2,1,1994,0,0,0,0,0,0,0,0,0,0
530104,1,1,1994,20,20,20,20,20,20,20,20,20,20
530104,2,1,1994,0,0,0,0,0,0,0,0,0,0
530105,1,1,1994,0,16,35,0,0,0,0,5,0,15
530106,1,1,1994,19,19,19,19,19,19,19,19,19,19
530106,2,1,1994,0,0,0,0,0,0,0,0,0,0
530107,1,1,1994,0,0,0,0,15,0,0,0,0,0
530107,2,1,1994,0,0,0,0,0,0,4,0,0,0
530108,1,1,1994,0,0,0,0,0,0,0,0,0,0
530108,2,1,1994,0,0,0,0,0,0,0,0,0,0
530109,1,1,1994,11,11,11,11,11,11,11,11,11,11
530110,1,1,1994,21,21,21,21,21,21,21,21,21,21
530111,1,1,1994,0,0,0,0,0,0,0,0,0,0
530112,0,1,1994,0,0,0,0,0,0,0,0,0,0
530112,1,1,1994,0,0,0,0,0,0,0,0,0,0
530113,1,1,1994,25,25,25,25,25,25,25,25,25,25
530113,2,1,1994,0,0,0,0,0,0,0,0,0,0
530114,1,1,1994,21,21,21,21,21,21,21,21,21,21
530116,1,1,1994,0,0,0,0,0,0,0,0,0,0
530116,2,1,1994,0,0,0,0,0,0,0,0,0,0
530117,1,1,1994,0,0,0,0,0,0,0,0,0,0
530117,2,1,1994,8,8,8,8,8,8,8,8,8,8
530118,1,1,1994,15,15,15,15,15,15,15,15,15,15
530119,1,1,1994,0,0,0,0,0,15,0,0,0,4
530120,1,1,1994,6,6,6,6,6,6,6,6,6,6
530121,0,1,1994,13,13,13,13,13,13,13,13,13,13
530121,1,1,1994,4,28,14,15,15,13,19,17,18,16
530122,1,1,1994,15,15,15,15,15,15,15,15,15,15
530123,1,1,1994,0,0,0,0,0,0,0,0,0,0
530124,0,1,1994,0,0,0,0,0,0,0,0,0,0
530124,1,1,1994,0,0,0,0,0,0,0,0,0,0
530125,1,1,1994,29,29,29,29,29,29,29,29,29,29
530126,1,1,1994,15,15,15,15,15,15,15,15,15,15
530127,0,1,1994,0,0,0,0,0,0,0,0,0,0
530127,0,2,1994,0,0,0,0,0,0,0,0,0,0
530127,1,1,1994,0,0,0,0,0,0,0,0,0,0
530128,1,1,1994,0,0,0,0,0,0,0,0,0,0
530129,1,1,1994,16,16,16,16,16,16,16,16,16,16
530130,1,1,1994,0,0,0,0,0,0,0,0,0,0
530130,2,1,1994,0,0,0,9,0,0,9,0,0,0
530131,1,1,1994,0,0,0,0,0,0,0,0,0,0
530132,0,1,1994,0,0,0,0,0,0,0,0,0,0
530132,1,1,1994,0,0,0,0,0,0,0,0,0,0
530133,1,1,1994,17,17,17,17,17,17,17,17,17,17
530134,1,1,1994,0,0,0,0,0,0,0,0,0,0
530134,2,1,1994,0,0,0,0,0,0,0,0,0,0
530135,1,1,1994,4,4,4,4,4,4,4,4,4,4
530136,1,1,1994,26,26,26,26,26,26,26,26,26,26
530136,2,1,1994,0,0,0,0,0,0,0,0,0,0
530137,1,1,1994,0,0,0,0,0,0,0,0,0,0
530137,2,1,1994,0,0,0,0,0,0,0,0,0,0
530138,1,1,1994,21,21,21,21,21,21,21,21,21,21
530139,1,1,1994,21,21,21,21,21,21,21,21,21,21
530140,1,1,1994,0,0,0,0,0,0,20,0,13,0
530140,2,1,1994,0,0,0,0,0,0,0,0,0,0
530141,1,1,1994,0,0,0,0,0,0,0,0,0,0
530141,2,1,1994,0,0,0,0,0,0,0,0,0,0
530142,1,1,1994,17,17,17,17,17,17,17,17,17,17
530143,1,1,1994,0,8,0,0,0,0,12,0,0,28
530144,1,1,1994,15,15,15,15,15,15,15,15,15,15
530144,2,1,1994,0,0,0,0,0,0,0,0,0,0
530145,1,1,1994,0,0,0,0,0,0,0,0,0,0
530146,1,1,1994,0,0,0,0,0,0,0,0,0,0
530147,1,1,1994,16,16,16,16,16,16,16,16,16,16
530147,2,1,1994,0,10,0,0,0,0,0,0,0,0
530148,1,1,1994,20,20,20,20,20,20,20,20,20,20
530149,1,1,1994,18,18,18,18,18,18,18,18,18,18
530149,2,1,1994,0,0,0,0,14,0,0,18,0,15
530150,1,1,1994,30,30,30,30,30,30,30,30,30,30
530151,0,1,1994,0,0,0,0,0,0,0,0,0,0
530151,1,1,1994,0,0,0,0,0,0,0,0,0,0
530152,1,1,1994,0,0,0,0,0,0,0,0,0,0
530153,1,1,1994,21,21,21,21,21,21,21,21,21,21
530154,1,1,1994,23,23,23,23,23,23,23,23,23,23
530154,2,1,1994,0,0,0,0,0,0,0,0,0,0
530154,3,1,1994,0,0,0,0,0,0,0,0,0,0
530155,1,1,1994,24,24,24,24,24,24,24,24,24,24
530156,1,1,1994,0,0,0,0,0,0,0,0,0,0
530156,2,1,1994,0,0,0,0,0,0,0,0,0,0
530157,0,1,1994,0,0,0,0,0,0,0,0,0,0
530157,1,1,1994,0,0,0,0,0,0,0,0,0,0
530158,1,1,1994,22,22,22,22,22,22,22,22,22,22
530158,2,1,1994,0,0,0,0,0,0,0,0,0,0
530159,1,1,1994,0,0,13,0,0,0,0,0,0,0
530159,2,1,1994,0,0,0,0,0,0,0,0,0,0
530159,3,1,1994,0,0,0,0,0,0,0,0,0,20
530160,1,1,1994,0,10,19,2,10,16,13,5,18,23
530160,2,1,1994,0,0,0,0,0,0,0,0,8,0
530161,1,1,1994,0,0,0,0,0,0,0,0,0,0
530161,2,1,1994,0,0,0,0,0,0,0,12,3,0
530162,0,1,1994,0,0,0,0,0,0,0,0,0,0
530162,0,2,1994,0,0,0,11,0,0,0,0,14,13
530162,1,1,1994,6,6,6,6,6,6,6,6,6,6
530163,0,1,1994,0,0,0,0,0,0,0,0,0,0
530163,1,1,1994,0,0,0,0,0,0,0,18,0,0
530164,1,1,1994,27,27,27,27,27,27,27,27,27,27
530165,1,1,1994,29,29,29,29,29,29,29,29,29,29
530166,1,1,1994,26,26,26,26,26,26,26,26,26,26
530166,2,1,1994,0,0,0,0,0,0,0,0,0,0
530167,1,1,1994,0,0,0,0,0,0,0,0,0,0
530167,2,1,1994,2,2,2,2,2,2,2,2,2,2
530167,3,1,1994,0,15,0,0,7,0,0,0,0,0
530168,1,1,1994,14,18,6,13,12,10,24,13,9,21
530169,1,1,1994,26,26,26,26,26,26,26,26,26,26
530170,1,1,1994,0,0,0,0,0,0,0,0,0,0
530170,2,1,1994,0,0,0,0,0,0,0,0,0,0
530171,1,1,1994,18,18,18,18,18,18,18,18,18,18
530171,2,1,1994,0,0,0,0,0,0,0,0,0,0
530172,1,1,1994,0,0,0,0,0,0,0,0,0,0
530172,2,1,1994,0,0,0,0,0,0,0,0,0,0
530173,1,1,1994,33,33,33,33,33,33,33,33,33,33
530173,2,1,1994,0,0,0,0,0,0,0,0,0,0
530174,1,1,1994,9,9,9,9,9,9,9,9,9,9
530175,1,1,1994,0,0,0,0,0,0,0,0,0,0
530175,2,1,1994,4,4,4,4,4,4,4,4,4,4
530176,0,1,1994,25,25,25,25,25,25,25,25,25,25
530176,1,1,1994,5,0,16,0,0,0,0,0,0,0
530177,1,1,1994,29,29,29,29,29,29,29,29,29,29
530178,1,1,1994,18,18,18,18,18,18,18,18,18,18
530179,1,1,1994,37,37,37,37,37,37,37,37,37,37
530180,1,1,1994,25,25,25,25,25,25,25,25,25,25
530181,1,1,1994,0,0,0,0,0,14,0,0,0,0
530181,2,1,1994,0,0,0,0,0,0,0,0,0,0
530182,1,1,1994,0,9,0,0,8,0,0,0,0,0
530183,1,1,1994,23,23,23,23,23,23,23,23,23,23
530183,2,1,1994,0,0,0,0,0,0,0,0,0,0
530184,1,1,1994,1,1,1,1,1,1,1,1,1,1
530184,2,1,1994,0,0,0,0,0,0,10,0,0,0
530185,1,1,1994,0,0,0,0,0,0,0,0,0,0
530185,2,1,1994,0,0,0,0,0,0,0,0,0,0
530186,1,1,1994,0,0,0,0,0,0,0,0,0,0
530187,1,1,1994,0,0,0,0,0,0,0,0,0,0
530187,2,1,1994,0,0,0,0,0,0,0,0,0,0
530188,1,1,1994,0,0,0,0,17,16,0,0,0,0
530188,2,1,1994,14,14,14,14,14,14,14,14,14,14
530189,1,1,1994,26,26,26,26,26,26,26,26,26,26
530190,1,1,1994,19,19,19,19,19,19,19,19,19,19
530191,1,1,1994,0,9,0,0,0,0,13,0,0,0
530192,1,1,1994,0,0,0,0,0,0,0,0,0,0
530193,1,1,1994,18,18,18,18,18,18,18,18,18,18
530193,2,1,1994,0,0,27,3,0,7,0,0,0,14
530195,1,1,1994,0,0,0,0,0,0,0,0,0,0
530197,1,1,1994,28,28,28,28,28,28,28,28,28,28
530197,2,1,1994,0,0,0,0,0,0,0,0,0,0
530198,1,1,1994,0,0,0,0,0,0,0,0,0,0
530198,2,1,1994,0,0,0,19,0,22,36,9,0,0
530199,1,1,1994,12,0,0,0,0,0,0,0,0,0
530200,0,1,1994,0,0,0,0,0,0,0,0,0,0
530200,0,2,1994,0,0,0,0,0,0,0,0,0,31
530200,1,1,1994,0,0,0,0,0,0,0,0,0,0
530201,1,1,1994,0,0,0,0,0,0,0,0,0,0
530201,2,1,1994,20,20,20,20,20,20,20,20,20,20
530202,1,1,1994,0,0,0,0,0,0,0,0,0,0
530203,1,1,1994,19,19,19,19,19,19,19,19,19,19
530204,1,1,1994,5,5,5,5,5,5,5,5,5,5
530205,1,1,1994,17,17,17,17,17,17,17,17,17,17
530206,1,1,1994,0,0,0,0,0,0,0,0,0,0
530206,2,1,1994,0,0,0,0,0,0,0,0,0,0
530207,1,1,1994,32,32,32,32,32,32,32,32,32,32
530208,1,1,1994,34,34,34,34,34,34,34,34,34,34
530209,1,1,1994,0,0,0,0,0,0,0,0,0,0
530209,2,1,1994,2,2,2,2,2,2,2,2,2,2
530210,1,1,1994,0,0,0,0,0,0,0,0,0,0
530211,1,1,1994,0,0,0,0,0,0,0,0,0,25
530211,2,1,1994,0,0,0,0,0,0,0,0,0,0
530211,3,1,1994,0,0,0,0,0,0,0,0,0,0
530212,1,1,1994,18,18,18,18,18,18,18,18,18,18
530212,2,1,1994,0,0,0,0,0,0,0,0,0,0
530213,1,1,1994,0,0,0,0,0,0,0,0,0,0
530213,2,1,1994,9,9,9,9,9,9,9,9,9,9
530214,1,1,1994,0,0,0,0,0,0,0,0,0,0
530215,1,1,1994,19,0,0,0,0,0,0,11,0,0
530216,1,1,1994,0,0,0,0,0,0,0,0,0,0
530216,2,1,1994,0,0,0,0,0,0,20,0,0,0
530217,1,1,1994,0,0,0,0,0,0,0,0,0,0
530217,2,1,1994,0,0,0,0,0,0,0,0,0,0
530218,0,1,1994,16,16,16,16,16,16,16,16,16,16
530218,1,1,1994,18,18,18,18,18,18,18,18,18,18
530218,3,1,1994,0,0,0,0,0,0,0,0,0,0
530220,1,1,1994,0,0,0,0,0,0,0,0,0,0
530221,1,1,1994,0,0,0,0,0,0,0,0,0,0
530222,1,1,1994,6,6,6,6,6,6,6,6,6,6
530222,2,1,1994,0,0,0,0,0,0,0,0,0,0
530223,1,1,1994,24,24,24,24,24,24,24,24,24,24
530224,1,1,1994,0,0,0,0,17,4,14,0,0,17
530225,1,1,1994,0,0,0,0,0,0,0,0,0,0
530225,2,1,1994,0,0,0,0,0,0,0,0,0,0
530227,1,1,1994,0,0,0,0,0,0,0,0,0,0
530227,2,1,1994,0,0,0,0,0,0,0,0,0,0
530229,1,1,1994,0,0,0,0,0,0,0,0,0,0
530229,2,1,1994,0,0,0,0,0,0,0,0,0,0
530230,1,3,1994,0,0,0,27,0,0,22,40,0,18
530231,1,1,1994,0,0,0,0,0,0,0,0,0,0
530232,1,1,1994,0,0,0,0,0,0,0,0,0,0
530232,2,1,1994,0,0,0,0,0,0,0,0,0,0
530233,1,1,1994,0,0,0,0,0,0,0,0,0,0
530234,1,1,1994,0,0,0,0,0,0,0,0,0,0
530234,2,1,1994,0,0,0,0,0,0,0,0,0,0
530234,3,1,1994,0,0,0,0,13,0,0,0,0,0
530235,0,1,1994,24,24,24,24,24,24,24,24,24,24
530235,1,1,1994,0,0,0,0,0,0,0,0,0,0
530236,1,1,1994,0,0,0,0,0,0,0,0,0,0
530236,2,1,1994,0,0,0,0,0,0,0,0,0,0
530237,0,1,1994,9,9,9,9,9,9,9,9,9,9
530237,1,1,1994,14,11,9,11,0,0,16,34,15,21
530238,1,1,1994,8,8,8,8,8,8,8,8,8,8
530238,2,1,1994,0,0,0,0,0,0,0,0,0,0
530239,0,1,1994,0,0,0,0,0,0,0,0,0,0
530239,1,1,1994,0,0,0,0,0,0,0,0,0,0
530240,1,1,1994,7,7,7,7,7,7,7,7,7,7
530241,1,1,1994,0,0,0,0,0,0,0,0,0,0
530241,2,1,1994,0,0,0,0,0,0,0,0,0,0
530242,0,1,1994,0,0,0,0,0,0,0,0,0,0
530242,1,1,1994,0,0,0,0,0,0,0,0,0,0
530243,1,1,1994,0,0,0,0,0,0,0,0,0,0
530244,0,1,1994,0,0,0,0,0,0,0,0,0,0
530244,1,1,1994,0,0,0,0,0,0,0,0,0,0
530245,1,1,1994,0,0,0,0,0,0,0,0,0,0
530246,1,1,1994,0,0,0,0,0,0,0,0,0,0
530246,2,1,1994,0,0,0,0,0,0,0,0,0,0
530247,1,1,1994,0,0,0,0,0,0,0,0,0,12
530247,2,1,1994,2,2,2,2,2,2,2,2,2,2
530249,1,1,1994,0,0,0,0,0,0,0,0,0,0
530250,0,1,1994,16,16,16,16,16,16,16,16,16,16
530250,0,2,1994,9,9,9,9,9,9,9,9,9,9
530250,1,1,1994,14,14,14,14,14,14,14,14,14,14
530251,1,1,1994,0,0,0,0,0,0,0,0,0,0
530252,1,1,1994,11,42,21,9,0,0,16,18,23,0
530252,2,1,1994,0,19,0,0,0,0,0,0,0,0
530253,1,1,1994,0,0,0,0,0,0,0,0,6,0
530253,2,1,1994,0,0,0,0,0,0,0,0,0,0
530254,1,1,1994,0,0,0,0,0,0,0,0,0,0
530255,1,1,1994,0,0,0,0,0,0,0,0,0,0
530256,1,1,1994,0,0,0,0,0,0,0,7,0,0
530257,1,1,1994,0,0,0,0,0,0,0,0,0,0
530257,2,1,1994,0,0,0,0,0,0,0,16,0,0
530258,0,1,1994,0,0,0,0,0,0,0,0,0,0
530258,1,1,1994,0,0,0,0,0,0,0,0,0,0
530259,1,1,1994,0,0,0,0,0,0,0,0,0,0
530260,1,1,1994,0,0,0,0,0,0,0,0,0,0
530260,2,1,1994,0,0,0,0,0,0,0,0,0,0
530261,1,1,1994,7,7,7,7,7,7,7,7,7,7
530261,2,1,1994,0,0,0,0,0,0,0,0,0,0
530262,1,1,1994,28,28,28,28,28,28,28,28,28,28
530262,2,1,1994,0,0,0,0,0,0,0,38,0,0
530263,0,1,1994,0,0,0,0,0,0,0,0,0,0
530263,1,1,1994,0,0,0,0,0,0,0,0,0,0
530264,1,1,1994,0,0,0,0,0,0,0,0,0,0
530264,2,1,1994,0,0,0,0,0,0,0,0,0,0
530265,1,1,1994,0,0,0,0,0,0,0,0,0,0
530265,2,1,1994,0,0,0,0,0,0,0,0,0,0
530266,1,1,1994,0,0,0,0,0,0,0,0,0,0
530267,0,1,1994,21,21,21,21,21,21,21,21,21,21
530267,1,1,1994,0,0,0,0,0,0,0,0,0,0
530268,1,1,1994,15,15,15,15,15,15,15,15,15,15
530268,2,1,1994,0,0,0,0,0,0,0,0,0,0
530269,1,1,1994,16,0,0,31,9,24,0,12,8,10
530270,1,1,1994,9,9,9,9,9,9,9,9,9,9
530270,2,1,1994,12,12,12,12,12,12,12,12,12,12
530271,1,1,1994,14,14,14,14,14,14,14,14,14,14
530271,2,1,1994,0,0,0,0,0,0,0,0,0,0
530272,1,1,1994,0,0,0,0,0,0,0,0,0,0
530272,2,1,1994,0,0,0,0,0,0,0,0,0,0