ST_CASE,VEH_NO,PER_NO,YEAR,P1,P2,P3,P4,P5,P6,P7,P8,P9,P10
530272,3,1,1994,0,0,0,0,0,0,0,0,0,0
530273,1,1,1994,0,0,0,0,0,0,0,0,0,0
530274,1,1,1994,0,0,0,0,0,0,0,0,0,0
530274,2,1,1994,0,0,0,0,0,0,0,0,0,0
530275,1,1,1994,17,17,17,17,17,17,17,17,17,17
530276,1,1,1994,25,25,25,25,25,25,25,25,25,25
530276,2,1,1994,12,12,12,12,12,12,12,12,12,12
530277,1,1,1994,9,20,22,19,32,10,9,12,30,10
530278,1,1,1994,12,12,12,12,12,12,12,12,12,12
530279,1,1,1994,20,20,20,20,20,20,20,20,20,20
530281,1,1,1994,0,0,0,0,0,0,0,0,0,7
530282,1,1,1994,23,23,23,23,23,23,23,23,23,23
530283,1,1,1994,0,0,0,0,0,0,0,0,0,0
530284,0,1,1994,0,0,0,0,0,0,0,0,0,0
530284,1,1,1994,28,28,28,28,28,28,28,28,28,28
530285,0,1,1994,0,0,0,0,0,0,0,0,0,0
530285,1,1,1994,0,0,0,0,0,0,0,0,0,0
530286,1,1,1994,0,0,0,0,0,0,0,0,0,0
530286,2,1,1994,0,0,0,0,0,0,0,0,0,0
530287,1,1,1994,0,0,0,0,0,0,0,0,0,0
530287,2,1,1994,0,0,0,0,0,0,0,0,0,0
530288,1,1,1994,0,0,0,0,0,0,0,0,0,0
530289,1,1,1994,0,0,0,0,0,0,0,0,0,0
530290,1,1,1994,24,24,24,24,24,24,24,24,24,24
530291,1,1,1994,0,0,0,0,0,0,0,0,0,0
530292,1,1,1994,10,10,10,10,10,10,10,10,10,10
530292,2,1,1994,0,0,0,0,0,0,0,0,17,0
530293,1,1,1994,14,14,14,14,14,14,14,14,14,14
530295,1,1,1994,0,0,0,0,0,0,0,0,0,0
530296,1,1,1994,0,4,0,9,0,16,0,21,15,16
530297,1,1,1994,12,12,12,12,12,12,12,12,12,12
530298,1,1,1994,0,0,0,0,0,0,0,0,0,0
530298,2,1,1994,0,0,0,0,0,0,0,0,0,0
530299,0,1,1994,0,0,0,38,0,0,32,0,0,0
530299,1,1,1994,0,0,0,0,0,0,0,0,0,0
530300,1,1,1994,15,15,15,15,15,15,15,15,15,15
530300,2,1,1994,0,0,0,0,0,0,0,0,0,0
530301,1,1,1994,0,0,0,0,0,0,0,0,0,0
530302,0,1,1994,0,0,0,0,0,0,0,0,0,0
530302,1,1,1994,0,0,0,0,0,0,0,0,0,0
530303,0,1,1994,0,0,0,0,0,0,0,0,0,0
530303,1,1,1994,0,0,0,16,0,0,0,0,0,0
530304,1,1,1994,0,0,0,0,0,0,0,0,0,0
530304,2,1,1994,0,0,0,0,0,0,0,0,0,0
530305,1,1,1994,10,10,10,10,10,10,10,10,10,10
530306,1,1,1994,6,6,6,6,6,6,6,6,6,6
530307,1,1,1994,29,29,29,29,29,29,29,29,29,29
530308,1,1,1994,19,19,19,19,19,19,19,19,19,19
530308,2,1,1994,0,0,14,0,0,0,0,0,0,0
530309,1,1,1994,33,33,33,33,33,33,33,33,33,33
530309,2,1,1994,0,0,0,0,0,0,0,0,0,0
530310,0,1,1994,0,0,0,0,0,0,0,0,0,0
530310,1,1,1994,0,0,0,0,0,0,0,0,0,0
530311,0,1,1994,0,0,39,0,0,0,0,0,23,9
530311,1,1,1994,0,0,0,0,0,0,0,0,0,0
530312,1,1,1994,0,0,0,0,0,0,0,0,0,0
530312,2,1,1994,0,0,0,0,0,0,0,0,0,0
530313,1,1,1994,18,18,18,18,18,18,18,18,18,18
530313,2,1,1994,0,0,0,0,0,0,0,0,0,0
530313,3,1,1994,12,0,0,6,0,4,0,0,0,0
530314,1,1,1994,0,0,0,0,0,0,0,0,0,0
530314,2,1,1994,0,0,0,0,0,0,0,0,0,0
530315,1,1,1994,0,0,0,0,0,0,0,0,0,0
530316,1,1,1994,13,0,0,0,14,28,7,21,9,16
530317,1,1,1994,11,11,11,11,11,11,11,11,11,11
530318,1,1,1994,0,0,0,0,0,0,0,0,0,0
530318,2,1,1994,0,0,0,0,0,0,0,0,0,0
530319,1,1,1994,0,0,0,0,0,0,0,0,0,0
530319,2,1,1994,0,0,0,0,0,0,0,0,0,0
530320,1,1,1994,12,12,12,12,12,12,12,12,12,12
530321,1,1,1994,20,20,20,20,20,20,20,20,20,20
530322,1,1,1994,0,0,0,0,0,0,0,0,0,0
530322,2,1,1994,0,0,0,0,0,0,0,0,0,0
530323,1,1,1994,24,24,24,24,24,24,24,24,24,24
530324,1,1,1994,34,34,34,34,34,34,34,34,34,34
530325,1,1,1994,11,11,11,11,11,11,11,11,11,11
530325,2,1,1994,0,0,0,0,0,0,0,0,0,0
530326,1,1,1994,0,0,0,0,0,0,0,0,0,0
530327,1,1,1994,5,5,5,5,5,5,5,5,5,5
530327,2,1,1994,0,0,0,0,0,0,0,0,0,0
530328,1,1,1994,0,0,0,0,0,0,0,0,0,0
530329,0,1,1994,0,0,0,0,0,0,0,0,0,0
530329,1,1,1994,6,6,6,6,6,6,6,6,6,6
530330,1,1,1994,20,20,20,20,20,20,20,20,20,20
530331,1,1,1994,0,0,0,0,0,0,0,0,0,0
530332,1,1,1994,23,23,23,23,23,23,23,23,23,23
530332,2,1,1994,0,0,0,0,0,0,0,0,0,0
530332,3,1,1994,0,0,0,0,0,0,0,0,0,0
530333,1,1,1994,0,0,0,0,0,0,0,0,0,0
530333,2,1,1994,0,0,0,0,0,0,15,0,0,0
530334,1,1,1994,0,0,0,0,0,0,0,0,0,0
530334,2,1,1994,0,0,0,0,0,0,0,0,0,0
530335,1,1,1994,0,0,0,0,0,0,0,0,0,0
530337,1,1,1994,0,0,0,0,0,0,0,0,0,0
530338,1,1,1994,0,19,0,0,0,0,0,0,0,0
530338,2,1,1994,0,0,0,0,0,0,0,0,0,0
530338,3,1,1994,0,0,0,0,0,0,0,0,0,0
530338,4,1,1994,0,0,0,0,0,0,0,0,0,6
530338,5,1,1994,0,0,0,0,0,0,0,0,0,0
530339,1,1,1994,0,0,0,0,0,0,0,0,0,0
530339,2,1,1994,0,0,0,0,0,0,0,0,0,0
530340,1,1,1994,21,21,21,21,21,21,21,21,21,21
530340,2,1,1994,0,0,0,0,16,0,0,0,0,0
530341,1,1,1994,0,11,0,0,0,0,13,0,0,4
530342,1,1,1994,0,0,0,0,0,0,0,0,0,0
530343,1,1,1994,0,0,0,0,0,0,0,0,0,0
530344,1,1,1994,0,0,0,0,0,0,0,0,0,0
530344,2,1,1994,0,0,0,0,0,0,0,0,8,0
530345,1,1,1994,0,0,0,0,0,0,0,0,0,0
530345,2,1,1994,0,0,0,0,0,0,0,0,0,0
530346,1,1,1994,14,14,14,14,14,14,14,14,14,14
530347,0,1,1994,0,0,0,0,0,0,0,0,0,0
530347,1,1,1994,0,0,0,0,0,0,0,0,0,0
530348,1,1,1994,0,0,0,0,0,0,0,0,0,0
530348,2,1,1994,0,0,0,0,0,0,0,0,0,0
530349,1,1,1994,0,0,0,0,0,0,0,0,0,0
530349,2,1,1994,0,0,0,0,0,0,0,0,0,0
530350,0,1,1994,0,0,0,0,0,0,0,0,0,0
530350,1,1,1994,0,0,0,0,0,0,0,0,0,0
530351,1,1,1994,2,2,2,2,2,2,2,2,2,2
530351,2,1,1994,0,0,0,0,0,0,0,0,0,0
530352,1,1,1994,32,32,32,32,32,32,32,32,32,32
530352,2,1,1994,0,12,0,0,0,0,0,0,0,0
530353,1,1,1994,0,0,0,0,0,0,0,0,0,0
530355,1,1,1994,0,0,0,0,0,0,0,0,0,0
530356,1,1,1994,0,0,0,0,0,0,0,0,0,0
530356,2,1,1994,0,0,0,0,0,0,0,0,0,0
530356,3,1,1994,0,0,0,0,0,0,0,0,0,0
530357,1,1,1994,0,0,0,0,0,0,0,0,0,0
530357,2,1,1994,0,0,0,0,0,0,0,0,0,0
530358,1,2,1994,0,0,0,0,0,0,0,0,0,0
530359,0,1,1994,0,0,0,0,0,0,0,0,0,0
530359,1,1,1994,0,0,0,0,0,0,0,0,0,0
530360,1,1,1994,0,0,0,0,0,0,0,0,0,0
530360,2,1,1994,0,0,0,0,0,0,0,0,0,0
530361,1,1,1994,0,0,0,0,0,0,0,0,0,0
530361,2,1,1994,0,0,0,0,0,0,0,0,0,0
530362,1,1,1994,0,0,0,0,0,0,0,0,0,0
530362,2,1,1994,0,0,0,0,0,0,0,0,0,0
530363,1,1,1994,0,0,0,0,0,0,0,0,0,0
530363,2,1,1994,0,0,0,0,13,0,0,0,0,0
530364,1,1,1994,0,0,0,0,0,0,0,0,0,0
530364,2,1,1994,0,0,0,0,0,0,0,0,0,0
530365,1,1,1994,18,18,18,18,18,18,18,18,18,18
530366,1,1,1994,33,33,33,33,33,33,33,33,33,33
530366,2,1,1994,0,0,0,0,0,0,0,0,0,0
530367,1,1,1994,0,0,0,0,0,0,0,0,0,0
530368,1,1,1994,25,25,25,25,25,25,25,25,25,25
530368,2,1,1994,0,0,0,0,7,0,0,0,0,0
530368,3,1,1994,0,0,0,10,0,0,6,0,0,0
530369,1,1,1994,0,0,0,0,0,0,0,0,0,0
530370,1,1,1994,0,0,0,0,0,0,0,0,0,0
530371,1,1,1994,20,20,20,20,20,20,20,20,20,20
530371,2,1,1994,0,0,0,0,0,0,0,0,0,0
530372,0,1,1994,0,0,0,0,0,0,0,0,0,0
530372,1,1,1994,0,17,0,0,0,0,0,0,0,0
530373,1,1,1994,0,0,0,0,0,0,0,0,0,0
530373,2,1,1994,0,0,0,0,0,0,0,0,0,0
530374,0,1,1994,0,0,0,0,24,0,26,0,0,0
530374,1,1,1994,0,0,0,0,0,0,0,0,0,0
530375,1,1,1994,0,0,0,0,0,0,0,0,0,0
530375,2,1,1994,14,14,14,14,14,14,14,14,14,14
530376,1,1,1994,10,10,10,10,10,10,10,10,10,10
530377,1,1,1994,30,30,30,30,30,30,30,30,30,30
530377,2,1,1994,0,0,0,0,0,0,0,0,0,0
530378,1,1,1994,24,24,24,24,24,24,24,24,24,24
530379,1,1,1994,14,22,18,20,16,26,25,24,17,0
530380,1,1,1994,17,17,17,17,17,17,17,17,17,17
530381,0,1,1994,31,31,31,31,31,31,31,31,31,31
530381,1,1,1994,20,20,20,20,20,20,20,20,20,20
530381,2,1,1994,17,17,17,17,17,17,17,17,17,17
530382,1,1,1994,24,24,24,24,24,24,24,24,24,24
530382,2,1,1994,0,0,0,0,0,0,0,0,0,0
530383,0,1,1994,0,0,0,0,0,0,0,0,0,0
530383,0,2,1994,0,0,0,0,0,0,0,0,0,0
530383,1,1,1994,17,0,0,0,15,0,0,0,0,8
530384,0,1,1994,10,10,10,10,10,10,10,10,10,10
530384,1,1,1994,0,0,0,0,0,0,0,0,0,0
530385,1,1,1994,15,15,15,15,15,15,15,15,15,15
530386,1,1,1994,0,0,0,0,0,0,0,0,0,0
530387,1,1,1994,0,0,0,0,0,0,0,0,0,0
530388,1,1,1994,0,0,0,0,0,0,0,0,0,0
530388,2,1,1994,0,0,0,0,0,0,0,0,0,0
530389,1,1,1994,0,0,0,0,14,0,0,0,0,0
530389,2,1,1994,0,0,0,0,0,0,0,0,0,0
530389,3,1,1994,0,0,0,0,0,0,0,0,0,0
530390,1,1,1994,0,0,0,0,0,0,0,0,0,0
530390,2,1,1994,0,0,0,0,0,0,0,0,9,0
530390,3,1,1994,0,25,0,0,19,0,0,0,0,0
530391,0,1,1994,0,0,0,0,0,0,0,0,0,0
530391,1,1,1994,0,0,0,0,0,0,0,0,0,0
530392,1,1,1994,0,0,0,0,13,0,0,0,0,0
530393,1,1,1994,0,0,0,0,0,0,0,0,0,0
530393,2,1,1994,0,14,0,0,0,0,0,0,0,0
530394,0,1,1994,0,0,0,0,0,0,0,0,0,0
530394,1,1,1994,0,0,0,0,0,0,9,10,0,0
530395,1,1,1994,0,0,0,0,0,0,0,0,0,0
530395,2,1,1994,0,0,0,0,8,0,0,0,0,0
530396,0,1,1994,14,50,23,6,11,10,33,17,40,19
530396,1,1,1994,0,0,0,0,0,0,0,0,0,22
530397,1,1,1994,0,0,0,0,0,0,0,0,0,0
530397,2,1,1994,0,13,0,0,16,0,0,0,18,0
530398,1,1,1994,3,3,3,3,3,3,3,3,3,3
530398,2,1,1994,0,0,0,0,0,0,0,0,0,0
530398,3,1,1994,0,0,0,0,0,0,0,0,0,0
530399,1,1,1994,19,19,19,19,19,19,19,19,19,19
530400,1,1,1994,23,23,23,23,23,23,23,23,23,23
530401,0,1,1994,11,11,11,11,11,11,11,11,11,11
530401,1,1,1994,20,20,20,20,20,20,20,20,20,20
530402,1,1,1994,0,0,0,0,0,0,0,0,0,0
530402,2,1,1994,0,0,0,0,0,0,0,0,0,0
530402,3,1,1994,0,0,0,0,0,0,0,0,0,0
530403,1,1,1994,11,11,11,11,11,11,11,11,11,11
530404,1,1,1994,20,20,20,20,20,20,20,20,20,20
530405,1,1,1994,0,0,0,0,0,0,0,0,0,0
530405,2,1,1994,0,0,0,0,0,0,0,0,0,0
530406,0,1,1994,38,38,38,38,38,38,38,38,38,38
530406,1,1,1994,7,0,0,0,0,0,0,0,0,0
530407,1,1,1994,0,0,0,0,0,0,0,0,0,0
530407,2,1,1994,0,0,0,0,0,0,0,0,0,0
530407,3,1,1994,0,0,0,0,0,0,0,0,0,0
530407,4,1,1994,0,0,0,0,0,0,0,0,0,0
530408,1,1,1994,27,27,27,27,27,27,27,27,27,27
530409,1,1,1994,0,0,0,0,0,0,0,0,0,0
530409,2,1,1994,0,0,0,0,0,0,0,0,0,0
530409,3,1,1994,0,0,0,0,0,0,0,0,0,0
530410,0,1,1994,31,31,31,31,31,31,31,31,31,31
530410,1,1,1994,0,0,0,0,0,0,0,0,0,0
530411,1,1,1994,0,0,0,0,0,0,0,0,0,0
530411,2,1,1994,0,0,0,0,0,0,0,21,0,0
530412,0,1,1994,0,0,0,0,0,0,0,0,0,0
530412,1,1,1994,0,0,0,0,0,0,0,0,0,0
530413,0,1,1994,0,0,0,0,0,0,0,0,0,0
530413,0,2,1994,0,38,0,6,0,0,39,35,7,18
530413,0,3,1994,10,26,0,0,0,0,12,0,11,28
530413,0,4,1994,0,30,20,35,0,0,0,32,0,20
530413,1,1,1994,14,14,14,14,14,14,14,14,14,14
530414,0,1,1994,23,23,23,23,23,23,23,23,23,23
530414,1,1,1994,0,0,0,0,0,0,0,0,0,0
530415,1,1,1994,14,0,0,0,0,0,0,0,10,0
530416,1,1,1994,0,0,16,6,18,4,0,0,0,0
530417,1,1,1994,18,18,18,18,18,18,18,18,18,18
530418,1,1,1994,0,0,0,0,0,0,0,0,0,0
530419,0,1,1994,0,0,0,0,0,0,0,0,0,0
530419,1,1,1994,0,0,0,0,0,0,0,0,0,0
530420,1,1,1994,19,19,19,19,19,19,19,19,19,19
530421,1,1,1994,0,0,0,0,0,0,0,0,0,17
530421,2,1,1994,0,0,0,0,0,0,0,0,0,0
530422,0,1,1994,0,0,0,0,0,0,0,15,0,16
530422,1,1,1994,13,13,13,13,13,13,13,13,13,13
530423,1,1,1994,23,23,23,23,23,23,23,23,23,23
530423,2,1,1994,0,0,0,0,0,0,0,0,0,0
530424,1,1,1994,0,0,0,0,0,0,0,0,0,0
530424,2,1,1994,0,0,0,0,0,0,0,0,0,0
530425,0,1,1994,20,20,20,20,20,20,20,20,20,20
530425,0,2,1994,4,0,0,5,0,0,0,12,0,31
530425,1,1,1994,0,0,0,0,0,0,0,0,18,0
530426,1,1,1994,0,0,0,0,0,0,0,0,0,0
530427,1,1,1994,0,0,0,0,0,0,0,0,0,0
530427,2,1,1994,0,0,0,23,0,0,0,0,0,0
530428,1,1,1994,10,10,10,10,10,10,10,10,10,10
530429,1,1,1994,20,20,20,20,20,20,20,20,20,20
530430,1,1,1994,7,7,7,7,7,7,7,7,7,7
530431,1,1,1994,13,13,13,13,13,13,13,13,13,13
530432,1,1,1994,14,14,14,14,14,14,14,14,14,14
530432,2,1,1994,0,0,0,0,0,0,0,0,6,0
530433,1,1,1994,21,21,21,21,21,21,21,21,21,21
530433,2,1,1994,0,0,0,18,0,0,0,0,0,0
530434,1,1,1994,24,24,24,24,24,24,24,24,24,24
530435,1,1,1994,32,32,32,32,32,32,32,32,32,32
530436,1,1,1994,0,0,0,0,0,0,0,0,0,0
530437,0,1,1994,0,0,0,0,0,0,0,0,0,0
530437,1,1,1994,0,8,0,0,0,0,0,0,0,0
530438,1,1,1994,8,8,8,8,8,8,8,8,8,8
530439,1,1,1994,0,0,0,0,0,0,0,0,0,0
530439,2,1,1994,0,0,0,0,0,0,0,0,0,0
530440,1,1,1994,0,0,0,0,0,0,0,0,0,0
530441,1,1,1994,0,0,0,0,0,0,0,0,0,0
530441,2,1,1994,0,0,0,0,0,0,0,0,0,0
530442,0,1,1994,6,6,6,6,6,6,6,6,6,6
530442,1,1,1994,0,0,0,0,0,0,0,0,0,0
530442,2,1,1994,10,10,10,10,10,10,10,10,10,10
530442,3,1,1994,0,0,0,0,0,0,0,0,0,0
530442,4,1,1994,2,0,0,0,0,0,0,0,13,0
530442,5,1,1994,0,25,0,0,0,0,0,0,29,8
530442,6,1,1994,0,0,9,0,0,0,0,0,0,0
530442,7,1,1994,0,0,0,0,0,0,0,0,12,0
530442,8,1,1994,0,0,0,18,0,0,0,0,0,7
530442,9,1,1994,0,0,15,0,0,0,8,0,0,0
530443,1,1,1994,0,0,0,0,0,0,0,0,0,0
530443,2,1,1994,0,0,0,0,0,0,0,0,0,0
530444,1,1,1994,0,0,0,0,0,0,0,0,0,0
530444,2,1,1994,0,0,0,0,0,0,0,0,0,0
530445,1,1,1994,24,24,24,24,24,24,24,24,24,24
530446,1,1,1994,30,30,30,30,30,30,30,30,30,30
530446,2,1,1994,0,0,0,0,0,0,0,0,0,0
530447,1,1,1994,21,21,21,21,21,21,21,21,21,21
530448,1,1,1994,18,18,18,18,18,18,18,18,18,18
530448,2,1,1994,0,29,0,0,0,0,13,0,0,0
530448,3,1,1994,17,0,29,11,0,0,29,0,17,0
530449,0,1,1994,17,17,17,17,17,17,17,17,17,17
530449,1,1,1994,17,17,17,17,17,17,17,17,17,17
530450,0,1,1994,0,0,0,0,0,0,0,0,0,0
530450,1,1,1994,17,17,17,17,17,17,17,17,17,17
530451,1,1,1994,0,0,0,0,0,0,0,0,0,0
530452,1,1,1994,0,0,0,0,0,0,0,0,0,0
530453,1,1,1994,8,8,8,8,8,8,8,8,8,8
530454,1,1,1994,0,0,0,0,0,0,0,0,0,0
530455,1,1,1994,19,19,19,19,19,19,19,19,19,19
530455,2,1,1994,0,0,0,0,0,0,0,0,0,0
530457,1,1,1994,0,0,0,0,0,0,0,0,0,0
530457,2,1,1994,0,0,0,0,0,0,0,0,0,0
530458,1,1,1994,0,0,0,0,0,0,0,0,0,0
530458,2,1,1994,0,0,0,0,0,0,0,0,0,0
530459,1,1,1994,0,0,0,0,0,0,0,0,0,0
530459,2,1,1994,0,0,0,0,0,0,0,0,0,0
530460,1,1,1994,0,0,0,0,0,0,0,0,0,0
530461,1,1,1994,0,0,0,0,0,0,0,0,0,0
530461,2,1,1994,0,0,0,0,0,0,0,0,0,0
530462,1,1,1994,0,0,0,0,0,0,0,0,0,0
530462,2,1,1994,0,0,0,0,0,0,0,0,0,0
530463,1,1,1994,0,0,0,0,0,0,0,0,14,0
530463,2,1,1994,0,0,0,0,0,0,0,0,0,0
530464,1,1,1994,0,0,0,0,0,0,0,0,0,0
530464,2,1,1994,0,0,0,0,0,0,0,0,0,0
530465,1,1,1994,0,0,0,0,0,0,0,0,0,0
530465,2,1,1994,0,0,0,0,0,0,0,0,0,0
530466,1,1,1994,29,29,29,29,29,29,29,29,29,29
530467,0,1,1994,0,0,0,0,0,0,0,0,0,0
530467,1,1,1994,11,0,0,0,0,0,0,0,0,0
530468,1,1,1994,0,0,0,0,0,0,0,0,0,0
530468,2,1,1994,0,0,0,0,0,0,0,0,0,0
530469,1,1,1994,0,0,0,0,0,0,0,0,0,0
530470,1,1,1994,17,17,17,17,17,17,17,17,17,17
530471,1,1,1994,0,0,0,0,0,0,0,0,0,0
530471,2,1,1994,0,0,0,0,0,0,0,0,0,0
530472,1,1,1994,0,0,0,0,0,0,0,0,0,0
530472,2,1,1994,0,0,0,0,0,0,0,0,7,0
530473,1,1,1994,0,0,0,0,0,0,0,0,0,0
530473,2,1,1994,0,0,0,0,0,0,0,0,0,0
530474,1,1,1994,0,0,0,0,0,0,0,0,0,0
530475,1,1,1994,16,16,16,16,16,16,16,16,16,16
530476,1,1,1994,29,29,29,29,29,29,29,29,29,29
530476,2,1,1994,0,0,0,0,0,0,0,0,0,0
530477,1,1,1994,23,23,23,23,23,23,23,23,23,23
530478,1,1,1994,0,0,0,0,0,0,0,0,0,0
530478,2,1,1994,0,0,0,0,0,0,0,0,0,0
530479,1,1,1994,0,0,0,0,0,0,0,0,0,0
530479,2,1,1994,0,0,0,0,0,0,0,0,0,0
530480,1,1,1994,0,0,0,0,0,0,0,0,0,0
530481,1,1,1994,21,21,21,21,21,21,21,21,21,21
530482,1,1,1994,14,14,14,14,14,14,14,14,14,14
530483,0,1,1994,7,7,7,7,7,7,7,7,7,7
530483,1,1,1994,0,12,0,11,22,0,12,0,0,20
530484,1,1,1994,10,10,10,10,10,10,10,10,10,10
530484,2,1,1994,0,0,0,0,0,0,0,0,0,0
530485,1,1,1994,11,11,11,11,11,11,11,11,11,11
530485,2,1,1994,0,0,0,0,0,0,0,0,0,0
530486,1,1,1994,6,6,6,6,6,6,6,6,6,6
530487,1,1,1994,14,14,14,14,14,14,14,14,14,14
530488,1,1,1994,21,21,21,21,21,21,21,21,21,21
530489,1,1,1994,0,0,0,0,0,0,0,0,0,0
530490,1,1,1994,0,0,0,0,0,0,0,0,0,0
530490,2,1,1994,0,0,0,0,0,0,0,0,0,0
530491,1,1,1994,26,26,26,26,26,26,26,26,26,26
530492,1,1,1994,0,0,0,0,0,0,0,0,0,0
530493,1,1,1994,0,0,0,0,0,0,0,0,0,0
530493,2,1,1994,0,0,0,0,0,0,0,0,0,0
530494,1,1,1994,0,0,0,0,0,0,0,0,0,0
530494,2,1,1994,0,0,0,0,8,0,0,0,0,0
530494,3,1,1994,0,0,0,0,0,0,0,14,0,0
530494,4,1,1994,0,0,0,0,0,0,0,0,0,0
530495,1,1,1994,13,13,13,13,13,13,13,13,13,13
530496,1,1,1994,17,0,0,0,0,13,0,0,0,0
530497,1,1,1994,18,18,18,18,18,18,18,18,18,18
530498,1,1,1994,0,0,0,0,0,0,0,0,0,0
530498,2,1,1994,0,0,0,0,0,0,0,0,0,0
530499,1,1,1994,18,18,18,18,18,18,18,18,18,18
530500,0,1,1994,0,0,0,0,0,0,0,0,0,0
530500,1,1,1994,0,0,0,0,0,0,0,0,0,0
530502,1,1,1994,15,15,15,15,15,15,15,15,15,15
530503,1,1,1994,12,12,12,12,12,12,12,12,12,12
530504,0,1,1994,0,0,0,0,0,0,0,0,0,0
530506,1,1,1994,0,0,0,0,0,0,0,0,0,0
530507,1,1,1994,0,0,0,0,0,0,0,0,0,0
530507,2,1,1994,0,0,0,0,0,0,0,0,0,0
530508,1,1,1994,22,22,22,22,22,22,22,22,22,22
530509,1,1,1994,0,0,7,0,0,0,0,0,0,0
530510,1,1,1994,0,0,0,0,0,0,0,0,0,0
530511,1,1,1994,0,0,0,0,0,0,0,0,0,0
530511,2,1,1994,0,0,0,0,0,0,0,0,0,0
530512,0,1,1994,16,0,12,30,6,14,0,16,0,26
530512,1,1,1994,0,0,0,0,0,0,0,0,0,0
530512,2,1,1994,0,0,0,0,0,0,0,0,0,0
530513,1,1,1994,2,2,2,2,2,2,2,2,2,2
530513,2,1,1994,0,0,0,0,6,0,0,0,0,0
530514,1,1,1994,0,0,0,0,0,0,0,0,0,0
530514,2,1,1994,0,0,0,0,0,0,0,0,0,0
530514,3,1,1994,0,0,30,0,0,0,0,0,0,0
530515,1,1,1994,25,25,25,25,25,25,25,25,25,25
530516,1,1,1994,27,27,27,27,27,27,27,27,27,27
530516,2,1,1994,0,0,0,0,0,0,0,0,0,0
530518,1,1,1994,20,20,20,20,20,20,20,20,20,20
530519,1,1,1994,5,5,5,5,5,5,5,5,5,5
530519,2,1,1994,0,0,0,0,0,0,0,0,0,0
530520,1,1,1994,0,0,0,0,0,0,0,0,0,0
530521,1,1,1994,0,0,9,0,0,0,0,0,0,0
530522,0,1,1994,0,0,0,0,0,0,0,0,0,0
530522,1,1,1994,0,0,0,0,0,0,0,0,0,0
530523,1,1,1994,8,8,8,8,8,8,8,8,8,8
530524,0,1,1994,25,25,25,25,25,25,25,25,25,25
530524,1,1,1994,0,0,0,11,0,0,0,0,0,0
530525,0,1,1994,0,0,0,0,0,0,0,0,0,0
530525,1,1,1994,0,0,0,0,0,0,0,0,0,0
530526,1,1,1994,26,26,26,26,26,26,26,26,26,26
530527,0,1,1994,7,7,7,7,7,7,7,7,7,7
530527,1,1,1994,21,21,21,21,21,21,21,21,21,21
530528,1,1,1994,27,27,27,27,27,27,27,27,27,27
530529,1,1,1994,28,28,28,28,28,28,28,28,28,28
530531,1,1,1994,6,6,6,6,6,6,6,6,6,6
530532,1,1,1994,0,0,0,2,0,0,0,0,0,0
530532,2,1,1994,0,0,0,0,0,0,0,0,0,0
530533,1,1,1994,18,18,18,18,18,18,18,18,18,18
530535,1,1,1994,0,0,0,0,0,0,0,0,0,0
530535,2,1,1994,0,0,0,0,0,0,0,0,0,0
530536,1,1,1994,34,34,34,34,34,34,34,34,34,34
530537,1,1,1994,7,7,7,7,7,7,7,7,7,7
530538,1,1,1994,0,0,0,0,0,0,0,0,0,0
530538,2,1,1994,6,6,6,6,6,6,6,6,6,6
530539,1,1,1994,0,0,0,0,0,0,0,0,0,0
530540,1,1,1994,9,9,9,9,9,9,9,9,9,9
530540,2,1,1994,13,13,13,13,13,13,13,13,13,13
530541,1,1,1994,3,3,3,3,3,3,3,3,3,3
530541,2,1,1994,0,0,0,0,0,0,0,0,0,5
530541,3,1,1994,0,0,0,0,0,0,0,0,0,0
530541,4,1,1994,0,0,0,0,2,0,0,13,0,0
530542,0,1,1994,14,14,14,14,14,14,14,14,14,14
530542,1,1,1994,1,1,1,1,1,1,1,1,1,1
530542,2,1,1994,0,4,0,0,0,0,0,0,0,0
530543,1,1,1994,16,16,16,16,16,16,16,16,16,16
530544,1,1,1994,0,0,0,0,0,0,0,0,0,0
530545,0,1,1994,0,0,0,0,0,0,0,0,0,0
530545,1,1,1994,0,0,0,0,0,0,0,0,0,0
530546,1,1,1994,24,24,24,24,24,24,24,24,24,24
530547,1,1,1994,22,22,22,22,22,22,22,22,22,22
530548,1,1,1994,12,12,12,12,12,12,12,12,12,12
530549,0,1,1994,0,0,0,0,0,0,0,0,0,0
530549,1,1,1994,0,0,0,0,0,0,0,0,0,0
530550,1,1,1994,12,12,12,12,12,12,12,12,12,12
530551,0,1,1994,1,1,1,1,1,1,1,1,1,1
530551,1,1,1994,10,10,10,10,10,10,10,10,10,10
530552,1,1,1994,0,0,0,0,0,0,0,0,0,0
530552,2,1,1994,0,0,0,0,0,0,0,0,0,0