ST_CASE,VEH_NO,PER_NO,YEAR,P1,P2,P3,P4,P5,P6,P7,P8,P9,P10
530553,1,1,1994,0,0,0,0,0,0,0,0,0,0
530553,2,1,1994,0,0,0,0,0,0,0,0,0,0
530554,1,1,1994,28,28,28,28,28,28,28,28,28,28
530555,1,1,1994,0,0,0,0,0,0,0,0,0,0
530556,1,1,1994,0,0,0,0,0,0,0,0,0,0
530557,0,1,1994,0,0,0,0,0,0,0,0,0,0
530557,1,1,1994,0,0,0,0,0,0,0,0,0,0
530558,0,1,1994,0,0,0,0,0,0,0,0,0,0
530558,1,1,1994,0,0,0,0,0,0,0,0,0,0
530559,0,1,1994,0,0,0,0,0,0,0,0,0,0
530559,1,1,1994,0,0,0,0,0,0,0,0,0,0
530560,1,1,1994,8,8,8,8,8,8,8,8,8,8
530560,2,1,1994,0,0,0,0,0,0,0,0,0,0
530561,1,1,1994,0,0,0,0,0,0,0,0,0,0
530561,2,1,1994,0,0,0,0,0,0,0,0,0,0
530561,3,1,1994,0,0,0,0,0,0,0,0,0,0
530561,4,1,1994,0,0,0,0,0,0,0,0,0,0
530562,1,1,1994,0,0,0,0,0,0,0,0,0,0
530562,2,1,1994,0,0,0,0,0,0,0,0,0,0
530563,0,1,1994,0,0,0,0,0,0,0,0,0,0
530563,1,1,1994,0,0,0,0,0,0,0,0,0,0
530564,0,1,1994,0,0,0,0,0,0,0,0,0,0
530564,1,1,1994,22,22,22,22,22,22,22,22,22,22
530565,1,1,1994,2,2,2,2,2,2,2,2,2,2
530566,0,1,1994,0,0,0,0,0,0,0,0,0,0
530566,1,1,1994,0,0,0,0,0,0,0,0,0,0
530567,1,1,1994,0,0,0,0,0,0,0,0,0,0
530568,1,1,1994,0,0,0,0,0,0,0,0,0,0
530569,0,1,1994,0,0,0,0,0,0,0,0,0,0
530569,1,1,1994,0,0,0,0,0,0,0,0,0,0
530570,1,1,1994,0,0,0,0,0,0,0,0,0,0
530571,1,1,1994,17,20,8,14,39,24,13,12,18,17
530571,2,1,1994,0,0,0,0,0,0,0,0,0,0
530571,3,1,1994,0,0,0,0,0,0,0,0,0,0
530572,1,1,1994,0,0,0,0,0,0,0,0,0,0
530572,2,1,1994,0,0,0,0,0,0,0,0,0,0
530572,3,1,1994,0,0,0,0,0,0,0,0,0,0
530573,1,1,1994,0,0,0,0,0,0,0,0,0,0
530573,2,1,1994,0,0,0,0,0,0,0,0,0,0
530574,1,1,1994,0,0,0,0,0,0,0,0,0,0
530574,2,1,1994,0,0,0,0,0,0,0,0,0,0
530575,0,1,1994,0,0,0,0,0,0,0,0,0,0
530575,1,1,1994,0,0,0,0,0,0,0,0,0,0
530576,0,1,1994,0,0,0,0,0,0,0,0,0,0
530576,1,1,1994,0,0,0,4,0,0,0,0,0,0
530577,1,1,1994,0,0,0,0,0,0,0,0,0,0
530577,2,1,1994,0,0,0,0,0,0,0,0,0,0
530578,1,1,1994,28,19,49,26,26,34,17,19,20,16
530579,1,1,1994,0,0,0,0,0,0,0,0,0,0
530580,1,1,1994,0,0,0,0,0,0,0,0,0,0
530580,2,1,1994,0,0,0,0,0,0,0,0,0,0
530581,1,1,1994,26,26,26,26,26,26,26,26,26,26
530582,1,1,1994,29,29,29,29,29,29,29,29,29,29
530583,0,1,1994,0,0,0,0,0,0,0,0,0,0
530583,1,1,1994,0,0,0,0,0,0,0,19,0,0
530584,1,1,1994,0,0,0,0,0,0,0,0,0,0
530584,2,1,1994,0,0,0,33,0,0,7,0,0,0
530585,0,1,1994,0,0,0,0,0,0,0,0,11,0
530585,1,1,1994,0,0,0,0,0,0,0,0,0,0
530586,0,1,1994,3,3,3,3,3,3,3,3,3,3
530586,0,2,1994,0,0,0,0,0,0,0,0,0,0
530586,2,1,1994,2,2,2,2,2,2,2,2,2,2
530587,0,1,1994,8,17,28,23,23,17,5,28,0,22
530587,1,1,1994,0,0,0,0,0,0,0,0,0,0
530588,0,1,1994,33,33,33,33,33,33,33,33,33,33
530588,1,1,1994,0,0,0,0,0,0,0,0,0,0
530589,1,1,1994,0,0,0,0,0,0,0,0,0,13
530589,2,1,1994,2,2,2,2,2,2,2,2,2,2
530589,3,1,1994,0,0,0,0,0,0,0,0,0,0
530589,4,1,1994,0,0,0,0,0,0,0,0,0,0
530590,0,1,1994,0,0,0,0,0,0,0,0,0,0
530590,1,1,1994,0,29,0,0,21,0,0,20,12,0
530591,1,1,1994,0,0,0,0,0,0,0,0,0,0
530592,0,1,1994,22,0,0,0,0,0,0,18,0,0
530592,1,1,1994,0,0,0,0,0,0,0,0,0,0
530593,0,1,1994,0,8,0,29,20,15,12,14,48,30
530593,1,1,1994,0,0,0,0,0,0,0,0,0,0
530594,1,1,1994,19,19,19,19,19,19,19,19,19,19
530594,2,1,1994,0,0,0,0,0,0,0,0,0,0
530594,3,1,1994,0,0,0,0,0,0,0,0,0,0
540001,1,1,1994,0,0,0,0,0,0,0,0,0,0
540001,2,1,1994,0,0,0,0,0,0,0,0,0,0
540002,1,1,1994,0,0,0,0,0,0,0,0,0,0
540003,1,1,1994,0,0,0,0,0,0,0,0,0,0
540003,2,1,1994,0,0,0,0,0,0,0,0,0,0
540004,1,1,1994,0,0,0,0,0,0,0,0,0,0
540004,2,1,1994,0,0,0,0,0,0,0,0,0,0
540005,1,1,1994,0,0,0,0,0,0,0,0,0,0
540005,2,1,1994,0,0,0,0,0,0,0,0,0,0
540006,1,1,1994,0,0,0,0,0,0,0,0,0,0
540006,2,1,1994,2,2,2,2,2,2,2,2,2,2
540007,1,1,1994,0,0,0,0,0,0,0,0,0,0
540008,1,1,1994,0,0,0,0,0,0,0,0,0,0
540008,2,1,1994,0,0,0,0,21,12,0,0,0,0
540009,1,1,1994,15,15,15,15,15,15,15,15,15,15
540010,1,1,1994,0,0,0,0,0,0,0,0,0,0
540010,2,1,1994,0,3,0,0,0,0,0,0,0,0
540011,1,1,1994,0,0,0,0,0,0,0,3,0,0
540011,2,1,1994,11,0,0,0,0,0,0,0,0,0
540012,1,1,1994,21,21,21,21,21,21,21,21,21,21
540013,1,1,1994,0,0,0,0,0,18,0,0,0,0
540014,1,1,1994,1,1,1,1,1,1,1,1,1,1
540015,1,1,1994,16,13,16,8,0,20,18,9,19,32
540016,1,1,1994,22,22,22,22,22,22,22,22,22,22
540017,1,1,1994,0,0,0,0,0,0,0,0,0,0
540018,1,1,1994,25,33,20,12,26,4,17,0,23,11
540019,1,1,1994,0,0,0,0,0,0,0,0,0,0
540019,2,1,1994,0,0,0,0,0,0,0,0,0,0
540019,3,1,1994,0,0,0,0,0,0,0,0,0,0
540020,1,1,1994,27,27,27,27,27,27,27,27,27,27
540021,1,1,1994,24,24,24,24,24,24,24,24,24,24
540022,0,1,1994,0,0,0,0,0,0,0,0,0,0
540022,0,2,1994,9,0,0,0,0,0,0,0,0,0
540022,0,3,1994,0,0,0,0,0,12,0,0,0,0
540022,1,1,1994,0,0,0,0,0,0,0,0,0,0
540023,1,1,1994,0,0,0,0,0,0,0,0,0,0
540023,2,1,1994,23,23,23,23,23,23,23,23,23,23
540024,0,1,1994,14,14,14,14,14,14,14,14,14,14
540024,1,1,1994,0,0,0,0,0,0,0,0,0,0
540025,1,1,1994,0,0,0,0,0,0,0,0,0,0
540026,1,1,1994,0,0,0,0,0,0,0,0,0,0
540026,2,1,1994,0,0,0,0,0,0,0,0,0,0
540027,1,1,1994,0,0,0,0,0,0,0,0,0,0
540028,1,1,1994,0,0,0,0,0,0,0,0,0,0
540029,1,1,1994,30,30,30,30,30,30,30,30,30,30
540029,2,1,1994,0,0,0,0,0,0,0,0,0,0
540030,1,1,1994,0,0,0,0,0,0,0,0,0,0
540030,2,1,1994,0,0,0,0,0,0,0,0,0,0
540031,1,1,1994,0,0,0,0,0,0,0,0,0,0
540032,1,1,1994,21,21,21,21,21,21,21,21,21,21
540033,1,1,1994,14,14,14,14,14,14,14,14,14,14
540034,0,1,1994,0,0,0,0,0,0,0,0,0,18
540034,1,1,1994,0,0,0,0,0,0,0,0,0,0
540035,1,1,1994,0,0,0,0,0,0,0,0,0,0
540035,2,1,1994,0,0,0,0,16,0,0,0,0,0
540036,0,1,1994,0,0,0,0,0,0,0,0,0,0
540036,1,1,1994,0,0,0,0,0,0,0,0,0,0
540037,1,1,1994,0,0,0,0,0,0,0,0,0,0
540037,2,1,1994,0,0,0,0,0,0,0,0,0,0
540038,0,1,1994,0,0,0,0,0,0,0,0,0,0
540038,1,1,1994,24,24,24,24,24,24,24,24,24,24
540039,1,1,1994,22,22,22,22,22,22,22,22,22,22
540040,1,1,1994,0,0,0,0,0,0,0,0,0,0
540041,1,1,1994,13,13,13,13,13,13,13,13,13,13
540042,1,1,1994,23,23,23,23,23,23,23,23,23,23
540043,1,1,1994,0,0,0,0,0,0,0,0,0,0
540043,2,1,1994,0,0,0,0,0,0,0,0,0,0
540044,1,1,1994,0,0,0,0,0,0,0,0,0,0
540044,2,1,1994,0,0,0,0,0,0,0,0,0,0
540045,1,1,1994,20,20,20,20,20,20,20,20,20,20
540046,1,1,1994,14,14,14,14,14,14,14,14,14,14
540047,1,1,1994,0,0,0,0,0,0,0,0,0,0
540047,2,1,1994,0,0,0,0,0,0,0,0,0,0
540048,1,1,1994,4,4,4,4,4,4,4,4,4,4
540049,1,1,1994,0,0,0,0,0,0,0,0,0,0
540049,2,1,1994,0,0,0,0,0,0,0,0,0,0
540050,1,1,1994,0,0,0,0,0,0,0,0,0,0
540051,1,1,1994,40,27,19,15,20,11,12,13,13,20
540052,1,1,1994,0,0,0,0,0,0,0,0,0,0
540052,2,1,1994,0,0,0,0,0,0,0,0,0,0
540053,1,1,1994,0,0,0,0,0,0,0,0,0,0
540054,1,1,1994,0,0,0,0,0,0,0,0,0,0
540054,2,1,1994,0,0,0,0,0,0,0,0,0,0
540055,0,1,1994,2,2,2,2,2,2,2,2,2,2
540055,1,1,1994,14,0,0,0,12,10,0,0,0,0
540056,1,1,1994,16,18,8,21,21,0,23,24,19,0
540057,1,1,1994,0,16,0,0,0,0,0,0,0,0
540057,2,1,1994,0,0,0,0,0,0,0,0,0,0
540058,0,1,1994,11,11,11,11,11,11,11,11,11,11
540058,1,1,1994,0,0,0,0,0,0,0,0,0,0
540059,0,1,1994,0,0,0,0,0,0,0,0,0,0
540059,1,1,1994,0,0,0,0,0,0,0,0,0,0
540060,1,1,1994,0,0,0,0,0,0,0,0,0,0
540060,2,1,1994,0,0,0,0,0,0,0,0,0,0
540061,1,1,1994,0,26,0,0,0,0,0,10,0,0
540062,1,1,1994,28,28,28,28,28,28,28,28,28,28
540063,1,1,1994,0,0,0,0,0,0,0,0,0,0
540064,1,1,1994,16,16,16,16,16,16,16,16,16,16
540064,2,1,1994,0,0,0,7,0,0,0,0,0,0
540065,1,1,1994,0,13,0,0,17,0,0,0,0,0
540065,2,1,1994,9,9,9,9,9,9,9,9,9,9
540066,1,1,1994,0,0,0,0,0,0,0,0,0,0
540067,1,1,1994,23,23,23,23,23,23,23,23,23,23
540068,1,1,1994,0,0,0,0,0,0,0,0,0,0
540068,2,1,1994,0,0,0,0,0,0,0,0,0,0
540069,1,1,1994,0,0,0,0,0,0,0,0,0,0
540070,1,1,1994,0,0,0,0,0,0,0,0,0,0
540071,1,1,1994,0,0,0,0,0,0,0,0,0,0
540071,2,1,1994,0,0,0,0,0,0,0,0,0,0
540072,1,1,1994,5,5,5,5,5,5,5,5,5,5
540073,0,1,1994,50,50,50,50,50,50,50,50,50,50
540073,1,1,1994,0,0,0,0,0,0,0,15,0,0
540074,1,1,1994,0,0,0,0,0,0,0,0,0,0
540075,1,1,1994,0,0,0,0,0,0,0,0,0,0
540076,1,1,1994,15,15,15,15,15,15,15,15,15,15
540077,1,1,1994,0,0,13,28,0,17,0,13,21,0
540078,1,1,1994,0,0,0,0,0,0,0,0,0,0
540078,2,1,1994,18,18,18,18,18,18,18,18,18,18
540078,3,1,1994,0,0,0,0,0,0,0,0,0,0
540079,1,1,1994,0,0,0,0,0,0,0,0,0,0
540079,2,1,1994,17,17,17,17,17,17,17,17,17,17
540079,3,1,1994,0,0,0,0,0,0,17,0,8,0
540080,1,1,1994,0,0,0,0,0,0,0,0,0,0
540081,0,1,1994,0,21,21,19,8,24,2,26,48,21
540081,1,1,1994,11,0,0,0,0,0,0,0,0,0
540082,1,1,1994,24,24,24,24,24,24,24,24,24,24
540083,1,1,1994,12,12,12,12,12,12,12,12,12,12
540084,1,1,1994,0,0,0,0,0,0,0,0,0,0
540085,1,1,1994,0,0,0,0,0,0,18,0,0,0
540085,2,1,1994,0,0,0,0,0,0,0,0,0,0
540086,1,1,1994,24,24,24,24,24,24,24,24,24,24
540086,2,1,1994,0,0,0,0,0,0,0,0,0,0
540087,1,1,1994,28,28,28,28,28,28,28,28,28,28
540087,2,1,1994,0,0,0,0,0,0,0,0,0,0
540087,3,1,1994,0,0,0,0,0,0,0,0,0,0
540088,1,1,1994,19,7,16,13,30,17,18,4,19,44
540088,2,1,1994,0,0,0,0,0,0,0,15,0,0
540089,1,1,1994,0,0,0,0,0,0,0,12,18,0
540090,1,1,1994,11,11,11,11,11,11,11,11,11,11
540091,1,1,1994,0,0,0,0,0,0,0,0,0,0
540091,2,1,1994,0,0,0,0,9,0,0,0,0,0
540092,1,1,1994,22,22,22,22,22,22,22,22,22,22
540093,1,1,1994,20,20,20,20,20,20,20,20,20,20
540095,0,1,1994,0,0,0,0,0,0,0,0,0,0
540095,1,1,1994,0,0,0,0,0,0,0,0,0,0
540096,1,1,1994,0,0,0,0,0,0,0,0,0,0
540096,2,1,1994,0,0,0,0,0,0,0,0,0,0
540097,1,1,1994,4,0,10,0,6,0,0,0,0,0
540098,1,1,1994,5,5,5,5,5,5,5,5,5,5
540099,1,1,1994,22,22,22,22,22,22,22,22,22,22
540100,1,1,1994,0,0,0,0,0,0,0,0,0,0
540100,2,1,1994,0,0,0,0,0,0,0,0,0,0
540100,3,1,1994,0,0,0,0,0,0,0,0,0,0
540101,1,1,1994,0,0,0,0,0,0,0,0,0,0
540101,2,1,1994,0,0,0,0,0,0,0,0,0,0
540102,1,1,1994,2,2,2,2,2,2,2,2,2,2
540102,2,1,1994,12,12,12,12,12,12,12,12,12,12
540103,1,1,1994,11,11,11,11,11,11,11,11,11,11
540103,2,1,1994,0,0,0,0,0,0,0,0,0,0
540104,1,1,1994,15,15,15,15,15,15,15,15,15,15
540105,1,1,1994,0,0,0,0,0,0,0,0,0,0
540105,2,1,1994,0,0,0,0,0,0,0,0,0,0
540106,1,1,1994,2,2,2,2,2,2,2,2,2,2
540107,1,1,1994,0,0,0,0,0,0,0,0,0,0
540107,2,1,1994,0,0,0,0,0,0,0,0,0,0
540107,3,1,1994,0,0,0,0,0,0,0,0,0,0
540108,1,1,1994,13,13,13,13,13,13,13,13,13,13
540109,1,1,1994,30,30,30,30,30,30,30,30,30,30
540110,1,1,1994,0,0,0,0,15,0,0,0,0,0
540110,2,1,1994,0,0,9,0,0,0,15,0,0,9
540111,1,1,1994,23,23,23,23,23,23,23,23,23,23
540112,1,1,1994,0,0,0,0,0,0,0,0,0,0
540112,2,1,1994,0,0,0,0,0,0,0,0,0,0
540113,1,1,1994,0,0,0,0,0,0,0,0,0,0
540114,1,1,1994,28,28,28,28,28,28,28,28,28,28
540114,2,1,1994,0,0,6,12,5,0,0,0,0,0
540115,1,1,1994,0,0,0,0,0,0,0,0,0,0
540115,2,1,1994,0,0,0,0,0,6,0,0,0,0
540115,3,1,1994,0,0,0,0,0,0,0,0,0,0
540116,0,1,1994,0,0,0,0,0,0,0,0,0,0
540116,1,1,1994,0,0,0,0,0,0,0,8,0,0
540117,1,1,1994,15,15,15,15,15,15,15,15,15,15
540118,1,1,1994,9,9,9,9,9,9,9,9,9,9
540119,1,1,1994,0,0,0,0,0,0,0,0,0,0
540120,1,1,1994,0,0,0,0,0,0,0,0,0,0
540120,2,1,1994,0,0,0,0,0,0,0,0,0,0
540121,1,1,1994,0,0,0,0,0,0,0,0,0,0
540122,1,1,1994,8,8,8,8,8,8,8,8,8,8
540122,2,1,1994,0,0,0,19,0,0,0,0,0,0
540123,1,1,1994,0,0,0,0,0,0,0,0,0,0
540123,2,1,1994,0,0,0,0,0,0,0,0,0,0
540124,1,1,1994,11,11,11,11,11,11,11,11,11,11
540125,1,1,1994,0,0,0,0,0,0,0,0,0,0
540125,2,1,1994,0,0,0,0,0,0,0,0,0,0
540125,3,1,1994,0,0,0,0,0,0,0,0,0,0
540126,1,1,1994,0,0,0,0,0,0,0,0,0,0
540126,2,1,1994,0,0,0,0,0,0,0,0,0,0
540127,1,1,1994,0,0,0,0,0,0,0,0,0,0
540127,2,1,1994,0,0,0,0,0,0,0,0,0,0
540128,1,1,1994,0,0,0,0,25,0,0,0,0,9
540129,1,1,1994,15,15,15,15,15,15,15,15,15,15
540129,2,1,1994,5,0,0,0,0,10,0,0,9,0
540130,1,1,1994,21,21,21,21,21,21,21,21,21,21
540130,2,1,1994,0,0,0,7,0,0,0,0,0,0
540131,1,1,1994,0,0,0,0,0,0,0,0,0,0
540131,2,1,1994,0,0,0,8,0,0,0,0,0,0
540132,1,1,1994,0,0,0,0,0,0,0,0,0,0
540132,2,1,1994,0,0,0,0,0,0,0,0,0,0
540133,1,1,1994,0,0,0,0,0,0,0,0,0,0
540133,2,1,1994,0,0,0,0,0,0,0,0,0,0
540134,1,1,1994,24,24,24,24,24,24,24,24,24,24
540135,1,1,1994,22,22,22,22,22,22,22,22,22,22
540136,1,1,1994,0,0,0,0,0,0,0,0,0,0
540136,2,1,1994,0,0,0,0,22,0,0,0,0,0
540137,1,1,1994,0,0,0,0,0,0,0,0,0,0
540138,1,1,1994,13,13,13,13,13,13,13,13,13,13
540139,1,1,1994,12,12,12,12,12,12,12,12,12,12
540140,0,1,1994,0,0,0,0,0,0,0,0,0,0
540140,1,1,1994,0,0,0,0,0,0,0,0,0,0
540141,1,1,1994,0,0,0,0,0,0,0,0,0,0
540142,1,1,1994,0,0,0,0,0,0,0,0,0,0
540143,1,1,1994,15,15,15,15,15,15,15,15,15,15
540143,2,1,1994,0,0,0,0,0,0,0,0,0,0
540144,1,1,1994,30,32,14,23,25,24,52,14,12,14
540144,2,1,1994,0,0,0,0,0,0,0,0,0,0
540145,1,1,1994,0,0,0,0,0,0,0,0,0,0
540145,2,1,1994,0,0,0,0,0,0,0,0,0,0
540146,1,1,1994,0,0,0,0,0,0,0,0,0,0
540146,2,1,1994,0,0,0,0,0,0,0,0,0,0
540147,1,1,1994,17,17,17,17,17,17,17,17,17,17
540148,1,1,1994,0,0,0,0,0,9,0,0,2,0
540149,1,1,1994,21,21,21,21,21,21,21,21,21,21
540150,1,1,1994,3,3,3,3,3,3,3,3,3,3
540151,1,1,1994,0,0,0,0,0,0,0,0,0,0
540151,2,1,1994,0,0,0,0,0,0,0,0,0,0
540151,3,1,1994,9,0,0,0,0,0,0,0,0,0
540151,4,1,1994,17,0,0,0,0,0,0,0,0,0
540152,1,1,1994,0,0,0,0,0,0,0,0,0,0
540152,2,1,1994,0,0,0,0,0,0,0,0,0,0
540152,3,1,1994,0,0,0,0,0,0,0,0,0,0
540152,4,1,1994,0,0,0,0,0,0,0,0,0,0
540153,1,1,1994,19,19,19,19,19,19,19,19,19,19
540154,1,1,1994,0,0,0,0,0,0,0,0,0,0
540154,2,1,1994,0,0,0,0,0,0,0,0,0,0
540155,1,1,1994,0,0,0,0,0,0,0,0,0,0
540155,2,1,1994,0,0,0,0,0,0,0,0,0,0
540156,1,1,1994,16,16,16,16,16,16,16,16,16,16
540157,1,1,1994,0,0,0,0,0,0,0,0,0,0
540157,2,1,1994,0,0,7,0,10,0,0,0,0,0
540158,1,1,1994,0,0,0,0,0,0,0,0,0,0
540159,1,1,1994,0,0,0,0,0,0,0,0,0,0
540159,2,1,1994,0,0,0,0,0,0,0,0,0,0
540159,3,1,1994,0,0,0,0,0,0,0,0,0,0
540159,4,1,1994,0,0,0,0,0,0,0,0,0,0
540160,1,1,1994,7,7,7,7,7,7,7,7,7,7
540161,1,1,1994,0,0,0,0,0,0,0,0,0,0
540161,2,1,1994,0,0,0,0,0,0,0,0,0,0
540162,1,1,1994,4,4,4,4,4,4,4,4,4,4
540163,1,1,1994,0,0,0,0,0,0,0,0,0,0
540163,2,1,1994,12,12,12,12,12,12,12,12,12,12
540164,0,1,1994,0,0,0,0,0,0,0,0,0,0
540164,1,1,1994,0,0,0,0,0,0,0,0,0,0
540165,1,1,1994,0,0,8,0,0,7,0,0,0,0
540165,2,1,1994,0,0,0,0,0,0,0,0,0,0
540166,1,1,1994,13,13,13,13,13,13,13,13,13,13
540167,1,1,1994,0,0,0,0,0,0,0,0,0,0
540168,0,1,1994,0,0,0,0,0,0,0,0,0,0
540168,1,1,1994,0,0,0,0,0,0,0,0,0,0
540169,1,1,1994,0,0,0,0,0,0,0,0,0,0
540169,2,1,1994,0,0,0,0,0,0,0,0,0,0
540170,0,1,1994,23,23,23,23,23,23,23,23,23,23
540170,1,1,1994,0,0,0,0,0,0,0,0,0,0
540171,1,1,1994,0,0,0,0,0,0,0,0,0,0
540171,2,1,1994,0,0,0,0,0,0,0,0,0,0
540172,1,1,1994,0,0,0,0,0,0,0,0,0,0
540172,2,1,1994,0,0,0,0,0,0,0,0,0,0
540173,1,1,1994,0,0,0,0,0,0,0,0,0,0
540173,2,1,1994,0,0,0,0,0,0,0,0,0,0
540174,1,1,1994,6,6,6,6,6,6,6,6,6,6
540175,1,1,1994,0,0,0,0,0,0,0,0,0,0
540175,2,1,1994,0,0,0,0,0,0,0,0,0,0
540176,1,1,1994,17,17,17,17,17,17,17,17,17,17
540177,1,1,1994,15,15,15,15,15,15,15,15,15,15
540178,0,1,1994,0,0,0,0,0,0,0,0,0,0
540178,1,1,1994,0,0,0,0,0,0,0,0,0,0
540179,1,1,1994,16,16,16,16,16,16,16,16,16,16
540180,1,1,1994,29,15,17,17,18,22,9,15,30,12
540181,1,1,1994,0,0,0,0,0,0,0,0,0,0
540182,1,1,1994,0,0,0,0,0,0,0,0,0,0
540182,2,1,1994,0,0,0,0,0,0,0,0,0,0
540183,1,1,1994,15,15,15,15,15,15,15,15,15,15
540184,1,1,1994,14,14,14,14,14,14,14,14,14,14
540185,1,1,1994,9,9,9,9,9,9,9,9,9,9
540186,1,1,1994,0,0,0,0,0,0,0,0,0,0
540186,2,1,1994,0,0,0,0,0,0,0,0,0,0
540187,1,1,1994,0,0,26,0,20,0,26,0,0,0
540188,0,1,1994,0,0,0,0,0,0,0,0,0,0
540188,1,1,1994,0,0,18,0,0,0,0,0,0,0
540189,1,1,1994,0,0,0,0,0,0,0,0,0,0
540190,0,1,1994,16,16,16,16,16,16,16,16,16,16
540190,1,1,1994,8,0,0,0,9,0,0,0,0,0
540191,1,1,1994,0,0,0,0,0,0,0,0,0,0
540192,1,1,1994,10,10,10,10,10,10,10,10,10,10
540192,2,1,1994,10,10,10,10,10,10,10,10,10,10
540193,1,1,1994,0,0,0,0,0,0,0,0,0,0
540193,2,1,1994,0,0,0,0,0,0,0,0,0,0
540194,1,1,1994,0,0,0,0,0,0,0,0,0,0
540194,2,1,1994,0,0,0,0,0,0,0,0,0,0
540195,1,1,1994,10,0,0,0,0,0,0,0,0,0
540195,2,1,1994,0,0,0,0,11,0,0,0,0,0
540196,1,1,1994,0,0,0,0,0,0,0,0,0,0
540196,2,1,1994,0,0,10,3,0,0,0,0,0,0
540197,1,1,1994,0,0,0,0,0,0,0,0,0,0
540197,2,1,1994,0,0,0,0,0,0,0,0,0,0
540198,1,1,1994,8,8,8,8,8,8,8,8,8,8
540198,2,1,1994,0,0,0,0,0,0,0,0,0,0
540199,1,1,1994,0,0,0,0,0,0,0,0,0,0
540200,0,1,1994,0,0,0,0,0,0,0,0,0,0
540200,1,1,1994,0,0,0,0,0,0,0,0,0,0
540201,1,1,1994,0,0,0,0,0,0,0,0,0,0
540201,2,1,1994,0,0,0,0,0,0,0,0,0,0
540202,1,1,1994,29,0,0,0,0,0,0,10,0,0
540202,2,1,1994,12,12,12,12,12,12,12,12,12,12
540203,1,1,1994,10,10,10,10,10,10,10,10,10,10
540204,1,1,1994,0,0,0,0,0,0,0,0,0,0
540204,2,1,1994,0,0,0,0,0,0,0,0,0,19
540205,1,1,1994,0,0,0,0,0,0,0,0,0,0
540205,2,1,1994,0,0,0,0,0,0,0,0,0,0
540205,3,1,1994,0,0,0,0,0,0,0,0,0,0
540206,1,1,1994,0,0,0,0,0,0,0,0,0,0
540206,2,1,1994,0,0,0,0,0,0,0,0,0,0
540207,1,1,1994,14,14,14,14,14,14,14,14,14,14
540208,1,1,1994,18,18,18,18,18,18,18,18,18,18
540208,2,1,1994,0,0,0,0,0,0,0,0,0,0
540209,1,1,1994,18,18,18,18,18,18,18,18,18,18
540210,1,1,1994,0,0,0,0,0,0,0,0,0,0
540210,2,1,1994,0,0,0,0,0,0,0,0,0,0
540211,0,1,1994,0,0,0,0,0,0,0,0,0,0
540211,1,1,1994,0,0,0,0,0,0,0,10,0,11
540212,0,1,1994,0,0,0,0,0,0,0,0,0,0
540212,1,1,1994,0,0,0,0,0,0,0,0,0,0
540213,1,1,1994,0,0,0,0,0,0,0,0,0,0
540213,2,1,1994,0,0,0,0,0,0,0,0,0,0
540214,1,1,1994,0,0,0,0,0,0,0,0,0,0
540214,2,1,1994,0,0,0,0,0,0,0,0,0,0
540215,1,1,1994,0,0,0,0,0,0,0,0,0,0
540215,2,1,1994,0,0,0,0,0,0,0,0,0,0
540216,1,1,1994,0,0,0,0,0,0,0,0,0,0
540216,2,1,1994,0,0,0,0,0,0,0,0,0,0
540217,1,1,1994,21,21,21,21,21,21,21,21,21,21
540218,1,1,1994,0,0,0,0,0,0,0,0,0,0
540218,2,1,1994,0,0,0,0,0,0,0,0,0,0
540219,1,1,1994,19,19,19,19,19,19,19,19,19,19
540220,1,1,1994,0,0,0,0,0,0,0,0,0,0
540220,2,1,1994,0,0,0,0,0,6,0,0,0,0
540221,0,1,1994,0,0,0,0,0,0,0,0,0,0
540221,1,1,1994,0,0,0,0,0,0,4,0,10,0
540222,1,1,1994,0,0,0,0,0,0,0,0,0,0
540222,2,1,1994,0,0,0,0,0,0,0,0,0,0
540223,1,1,1994,30,30,30,30,30,30,30,30,30,30
540223,2,1,1994,0,0,0,0,0,0,0,0,0,0
540223,3,1,1994,0,0,0,0,0,0,0,0,0,24
540224,1,1,1994,0,0,0,0,0,0,0,0,0,0
540224,2,1,1994,14,14,14,14,14,14,14,14,14,14
540225,1,1,1994,14,14,18,3,27,0,21,0,12,17
540226,0,1,1994,0,0,0,0,0,0,0,0,0,0
540226,0,2,1994,0,0,8,0,0,0,0,0,0,0
540226,1,1,1994,0,0,0,0,0,0,0,0,0,0
540227,1,1,1994,7,7,7,7,7,7,7,7,7,7
540228,1,1,1994,0,0,0,0,0,0,0,0,0,0
540228,2,1,1994,0,0,0,0,0,0,0,0,0,0
540229,1,1,1994,0,0,0,0,0,0,0,0,0,0
540229,2,1,1994,18,18,18,18,18,18,18,18,18,18
540230,1,1,1994,17,17,17,17,17,17,17,17,17,17
540231,1,1,1994,0,0,0,0,0,0,0,0,0,0
540231,2,1,1994,0,0,0,0,0,0,0,0,0,0
540232,1,1,1994,10,10,10,10,10,10,10,10,10,10
540233,1,1,1994,25,25,25,25,25,25,25,25,25,25
540234,1,1,1994,0,0,0,0,0,0,0,0,0,0
540234,2,1,1994,18,22,9,0,0,0,0,0,0,0