ST_CASE,VEH_NO,PER_NO,YEAR,P1,P2,P3,P4,P5,P6,P7,P8,P9,P10
550186,1,1,1994,0,0,0,0,0,0,0,0,0,0
550187,1,1,1994,0,0,0,0,0,0,0,0,0,0
550187,2,1,1994,0,0,0,0,0,0,0,0,0,0
550188,1,1,1994,25,29,0,0,0,0,0,13,5,0
550188,2,1,1994,0,0,0,0,0,0,0,0,0,0
550188,3,1,1994,0,0,0,0,0,0,0,0,0,0
550189,1,1,1994,0,0,0,0,0,0,0,0,0,0
550189,2,1,1994,0,0,0,0,0,0,0,0,0,0
550190,1,1,1994,9,9,9,9,9,9,9,9,9,9
550191,1,1,1994,0,0,0,0,0,0,0,0,0,0
550191,2,1,1994,0,0,0,0,0,0,0,0,0,0
550192,1,1,1994,0,0,0,0,0,0,0,0,0,0
550192,2,1,1994,0,0,0,0,0,0,0,0,0,0
550193,1,1,1994,18,18,18,18,18,18,18,18,18,18
550194,1,1,1994,0,0,0,0,0,0,0,0,0,0
550194,2,1,1994,0,0,0,0,0,0,0,0,0,0
550195,1,1,1994,0,0,0,0,0,0,0,0,0,0
550195,2,1,1994,0,0,0,0,0,0,0,0,0,0
550196,1,1,1994,18,18,18,18,18,18,18,18,18,18
550197,0,1,1994,0,0,0,0,0,0,0,0,0,0
550197,1,1,1994,0,0,0,0,0,0,0,0,0,0
550198,0,1,1994,10,10,10,10,10,10,10,10,10,10
550198,1,1,1994,0,0,0,0,0,0,0,0,0,0
550199,1,1,1994,23,23,23,23,23,23,23,23,23,23
550200,1,1,1994,0,0,0,0,0,0,0,0,0,0
550201,1,1,1994,21,21,21,21,21,21,21,21,21,21
550202,1,1,1994,23,23,23,23,23,23,23,23,23,23
550203,1,1,1994,0,0,0,0,0,0,0,0,0,0
550203,2,1,1994,0,18,8,9,13,18,8,11,7,15
550203,3,1,1994,0,0,0,0,0,0,0,0,0,0
550204,1,1,1994,0,0,0,0,0,0,0,0,0,0
550204,2,1,1994,0,0,0,0,0,0,0,0,0,0
550204,3,1,1994,0,0,0,0,0,0,0,0,0,0
550205,1,1,1994,21,21,21,21,21,21,21,21,21,21
550206,1,1,1994,0,0,0,0,4,0,0,0,0,0
550206,2,1,1994,28,28,28,28,28,28,28,28,28,28
550207,1,1,1994,20,20,20,20,20,20,20,20,20,20
550208,1,1,1994,0,0,0,0,0,0,0,0,0,0
550208,2,1,1994,0,0,0,0,0,0,0,0,0,0
550208,3,1,1994,0,0,0,0,0,0,0,0,0,0
550208,4,1,1994,0,0,0,0,0,0,0,0,0,0
550208,5,1,1994,0,0,0,0,0,0,0,0,0,0
550209,1,1,1994,9,9,9,9,9,9,9,9,9,9
550210,1,1,1994,20,20,20,20,20,20,20,20,20,20
550211,1,1,1994,16,16,16,16,16,16,16,16,16,16
550211,2,1,1994,14,19,19,48,24,22,25,24,24,16
550212,1,1,1994,22,22,22,22,22,22,22,22,22,22
550212,2,1,1994,0,0,0,0,0,0,0,0,0,0
550212,3,1,1994,0,0,0,0,0,0,0,0,0,0
550213,1,1,1994,15,15,15,15,15,15,15,15,15,15
550213,2,1,1994,0,0,0,34,0,0,0,0,0,0
550214,1,1,1994,18,18,18,18,18,18,18,18,18,18
550215,1,1,1994,0,0,0,0,0,0,0,0,0,0
550216,1,1,1994,0,0,0,0,0,0,0,0,0,0
550217,1,1,1994,0,0,0,0,0,0,0,0,0,0
550218,1,1,1994,18,18,18,18,18,18,18,18,18,18
550219,1,1,1994,0,0,0,0,0,0,0,0,0,0
550220,1,1,1994,23,23,23,23,23,23,23,23,23,23
550220,2,1,1994,16,0,4,0,0,0,0,0,0,0
550221,1,1,1994,0,0,0,0,0,0,0,0,0,0
550221,2,1,1994,0,0,0,0,0,0,0,0,0,0
550222,1,1,1994,0,0,0,0,0,0,0,0,0,0
550222,2,1,1994,0,0,0,0,0,0,0,0,0,0
550223,1,1,1994,17,17,17,17,17,17,17,17,17,17
550224,1,1,1994,0,0,0,0,0,0,0,0,0,0
550225,1,1,1994,0,0,0,0,0,0,0,0,0,0
550225,2,1,1994,0,0,0,0,0,0,0,0,0,0
550226,1,1,1994,32,16,15,44,27,30,8,23,21,15
550227,1,1,1994,0,0,0,0,0,0,0,0,0,0
550228,1,1,1994,0,0,0,0,0,0,0,0,0,0
550228,2,1,1994,0,0,0,0,0,0,0,0,0,0
550229,1,1,1994,0,0,0,0,0,0,0,0,0,0
550229,2,1,1994,20,20,20,20,20,20,20,20,20,20
550230,1,1,1994,0,10,0,0,0,0,0,0,0,0
550231,1,1,1994,0,0,0,0,0,0,0,0,0,0
550233,1,1,1994,28,28,28,28,28,28,28,28,28,28
550234,1,1,1994,0,0,0,0,0,0,0,0,0,0
550235,1,1,1994,0,0,0,0,0,0,0,0,0,0
550236,1,1,1994,0,0,0,0,0,0,0,0,0,0
550236,2,1,1994,0,0,0,0,0,0,0,0,0,0
550237,1,1,1994,0,0,0,0,0,0,0,0,0,0
550237,2,1,1994,0,0,0,0,0,0,0,0,0,0
550238,1,1,1994,0,17,30,8,0,0,7,13,0,21
550239,1,1,1994,17,17,17,17,17,17,17,17,17,17
550240,1,1,1994,0,0,0,0,0,0,0,0,0,0
550241,1,1,1994,0,0,0,0,0,0,0,0,0,0
550241,2,1,1994,0,0,0,0,0,0,0,0,0,0
550242,1,1,1994,0,0,0,0,0,0,0,0,0,0
550243,1,1,1994,0,6,0,0,0,0,0,0,0,0
550244,1,1,1994,17,17,17,17,17,17,17,17,17,17
550245,1,1,1994,25,25,25,25,25,25,25,25,25,25
550246,1,1,1994,12,12,12,12,12,12,12,12,12,12
550247,1,1,1994,0,0,0,0,0,0,0,0,0,0
550247,2,1,1994,0,0,0,0,21,0,0,0,0,0
550248,0,1,1994,20,20,20,20,20,20,20,20,20,20
550248,1,1,1994,10,0,33,0,16,0,0,11,9,0
550249,1,1,1994,33,33,33,33,33,33,33,33,33,33
550249,2,1,1994,0,0,0,0,0,0,0,0,0,0
550250,1,1,1994,0,0,0,0,0,0,0,0,0,0
550251,1,1,1994,0,0,0,0,0,0,0,0,0,0
550251,2,1,1994,0,0,0,0,0,0,0,0,0,0
550251,3,1,1994,0,0,0,0,0,0,3,0,0,0
550252,1,1,1994,0,0,0,0,0,0,0,0,0,0
550253,0,1,1994,12,12,12,12,12,12,12,12,12,12
550253,1,1,1994,0,0,20,3,0,0,0,0,0,0
550254,1,1,1994,0,0,0,0,0,0,0,0,0,12
550254,2,1,1994,0,0,0,0,0,0,0,0,0,0
550255,1,1,1994,0,0,0,0,0,0,0,0,0,0
550255,2,1,1994,0,0,0,0,0,0,0,0,0,0
550256,1,1,1994,16,16,16,16,16,16,16,16,16,16
550257,1,1,1994,16,16,16,16,16,16,16,16,16,16
550258,1,1,1994,0,0,0,0,0,0,0,0,0,0
550258,2,1,1994,0,0,0,0,0,0,0,0,0,0
550258,3,1,1994,0,0,0,0,0,0,0,0,0,0
550259,1,1,1994,18,18,18,18,18,18,18,18,18,18
550260,1,1,1994,18,18,18,18,18,18,18,18,18,18
550261,1,1,1994,18,18,18,18,18,18,18,18,18,18
550262,1,1,1994,16,16,16,16,16,16,16,16,16,16
550263,1,1,1994,16,16,16,16,16,16,16,16,16,16
550264,1,1,1994,0,0,0,0,0,0,0,0,0,0
550266,1,1,1994,0,0,0,0,0,0,0,0,17,6
550267,1,1,1994,0,0,0,0,0,0,0,0,0,0
550267,2,1,1994,0,0,0,0,0,0,0,0,0,0
550268,1,1,1994,0,0,0,0,0,0,0,0,0,0
550268,2,1,1994,0,0,0,0,0,0,0,0,0,0
550269,1,1,1994,44,44,44,44,44,44,44,44,44,44
550270,1,1,1994,21,21,21,21,21,21,21,21,21,21
550271,1,1,1994,9,9,9,9,9,9,9,9,9,9
550272,1,1,1994,0,0,0,0,0,0,0,0,0,0
550273,1,1,1994,5,5,5,5,5,5,5,5,5,5
550274,1,1,1994,22,22,22,22,22,22,22,22,22,22
550275,1,1,1994,0,0,0,0,0,0,0,0,0,0
550275,2,1,1994,7,7,7,7,7,7,7,7,7,7
550276,1,1,1994,0,0,0,0,0,0,0,0,0,0
550276,2,1,1994,0,0,0,0,0,0,0,0,0,0
550277,1,1,1994,11,13,0,12,4,0,8,0,0,6
550278,1,1,1994,19,19,19,19,19,19,19,19,19,19
550279,1,1,1994,0,0,0,0,0,0,0,0,0,0
550279,2,1,1994,0,0,0,0,0,0,0,0,18,0
550280,1,1,1994,0,0,0,0,0,0,0,4,0,0
550280,2,1,1994,0,0,0,0,0,0,0,0,0,0
550281,1,1,1994,0,0,0,0,0,0,0,0,0,0
550281,2,1,1994,0,0,0,0,0,0,0,0,0,0
550282,1,1,1994,0,0,0,0,0,0,0,0,0,0
550282,2,1,1994,0,0,0,0,0,0,0,0,0,0
550283,1,1,1994,0,0,7,0,0,0,0,0,0,0
550283,2,1,1994,0,0,0,0,0,0,0,0,0,0
550284,0,1,1994,24,24,24,24,24,24,24,24,24,24
550284,1,1,1994,19,19,19,19,19,19,19,19,19,19
550285,1,1,1994,3,3,3,3,3,3,3,3,3,3
550286,1,1,1994,17,17,17,17,17,17,17,17,17,17
550286,2,1,1994,0,0,0,0,0,0,0,0,0,0
550287,1,1,1994,23,23,23,23,23,23,23,23,23,23
550288,1,1,1994,0,0,0,0,0,0,0,0,0,0
550288,2,1,1994,0,0,0,0,0,0,0,0,0,0
550289,1,1,1994,0,0,0,0,0,0,0,0,0,0
550290,1,1,1994,14,20,23,14,16,20,26,16,14,8
550291,1,1,1994,0,0,0,0,0,0,0,0,0,0
550292,0,1,1994,0,0,0,0,0,0,0,0,0,0
550292,1,1,1994,5,5,5,5,5,5,5,5,5,5
550293,1,1,1994,0,0,0,0,0,0,0,0,0,0
550293,2,1,1994,0,0,0,0,0,0,0,0,16,0
550294,1,1,1994,17,17,17,17,17,17,17,17,17,17
550296,0,1,1994,0,0,0,0,0,0,0,0,0,0
550296,1,1,1994,0,0,0,0,0,0,0,0,0,0
550297,1,1,1994,0,0,0,0,0,0,0,0,0,0
550297,2,1,1994,0,0,0,0,0,0,0,0,0,0
550297,3,1,1994,0,0,0,0,0,0,0,0,0,0
550298,1,1,1994,28,28,28,28,28,28,28,28,28,28
550298,2,1,1994,0,0,0,0,0,0,0,0,0,0
550299,1,1,1994,17,17,17,17,17,17,17,17,17,17
550300,1,1,1994,0,0,0,0,0,0,0,0,0,18
550300,2,1,1994,0,7,0,0,0,0,0,0,0,0
550301,1,1,1994,7,7,7,7,7,7,7,7,7,7
550301,2,1,1994,0,0,0,0,0,0,0,0,0,0
550302,1,1,1994,5,12,29,10,35,28,28,13,15,14
550303,1,1,1994,0,0,0,0,5,0,0,0,0,0
550304,1,1,1994,21,21,21,21,21,21,21,21,21,21
550305,1,1,1994,4,4,4,4,4,4,4,4,4,4
550306,1,1,1994,5,5,5,5,5,5,5,5,5,5
550306,2,1,1994,0,0,0,0,24,16,0,19,0,0
550307,1,1,1994,0,0,0,0,0,0,0,0,0,0
550308,1,1,1994,0,18,16,5,2,16,0,18,16,0
550309,0,1,1994,0,0,0,0,0,0,0,0,0,0
550309,1,1,1994,15,15,15,15,15,15,15,15,15,15
550310,1,1,1994,0,0,0,0,0,0,0,0,0,0
550310,2,1,1994,0,0,0,0,3,0,0,0,0,0
550310,3,1,1994,0,0,0,0,0,0,0,0,0,0
550311,1,1,1994,0,0,0,0,0,0,0,0,0,0
550312,1,1,1994,16,16,16,16,16,16,16,16,16,16
550312,2,1,1994,0,0,0,0,0,0,0,0,0,0
550313,1,1,1994,24,24,24,24,24,24,24,24,24,24
550314,1,1,1994,0,0,0,0,0,0,0,0,0,0
550314,2,1,1994,0,0,0,0,0,0,0,0,0,0
550314,3,1,1994,0,0,0,0,0,0,0,0,0,0
550315,1,1,1994,24,24,24,24,24,24,24,24,24,24
550316,1,1,1994,18,18,18,18,18,18,18,18,18,18
550317,1,1,1994,0,0,0,0,0,0,0,0,0,0
550317,2,1,1994,17,17,17,17,17,17,17,17,17,17
550318,1,1,1994,0,0,0,0,0,0,0,0,0,0
550318,2,1,1994,0,0,0,0,0,0,0,0,0,0
550319,1,1,1994,0,0,0,0,0,0,0,0,0,0
550319,2,1,1994,0,0,0,0,0,0,0,0,0,0
550320,1,1,1994,0,0,0,0,0,0,0,0,0,0
550320,2,1,1994,0,0,0,0,0,0,0,0,0,0
550321,1,1,1994,0,0,0,0,0,0,0,0,0,0
550321,2,1,1994,0,0,0,0,0,0,0,0,0,0
550321,3,1,1994,0,0,0,0,0,0,0,0,0,0
550322,1,1,1994,0,0,0,0,0,0,0,0,0,0
550322,2,1,1994,0,0,0,0,7,0,0,0,0,0
550323,0,1,1994,11,11,11,11,11,11,11,11,11,11
550323,1,1,1994,6,9,0,9,0,0,24,7,27,31
550324,0,1,1994,0,0,0,0,0,0,0,0,0,0
550324,1,1,1994,0,0,0,20,0,0,0,0,0,0
550325,1,1,1994,0,0,0,0,0,0,0,0,0,0
550326,0,1,1994,18,18,18,18,18,18,18,18,18,18
550326,1,1,1994,5,5,5,5,5,5,5,5,5,5
550327,1,1,1994,0,0,0,0,0,0,0,0,0,0
550327,2,1,1994,0,0,0,0,0,0,0,0,0,0
550328,1,1,1994,3,3,3,3,3,3,3,3,3,3
550328,2,1,1994,0,0,0,0,0,0,0,0,0,0
550328,3,1,1994,0,0,0,0,0,0,0,0,0,0
550329,1,1,1994,0,0,0,0,0,0,0,0,0,0
550330,1,1,1994,0,0,0,0,0,0,0,0,0,0
550330,2,1,1994,0,0,0,0,0,0,0,0,0,0
550331,1,1,1994,20,20,20,20,20,20,20,20,20,20
550331,2,1,1994,0,0,0,0,0,0,0,0,0,0
550332,0,1,1994,16,16,16,16,16,16,16,16,16,16
550332,0,2,1994,1,1,1,1,1,1,1,1,1,1
550332,1,1,1994,0,0,0,0,0,0,0,0,0,0
550333,1,1,1994,0,0,0,0,0,0,0,0,0,0
550333,2,1,1994,0,0,0,0,0,0,0,0,0,0
550334,0,1,1994,0,0,0,0,0,0,0,0,0,0
550334,1,1,1994,0,0,0,0,0,0,0,0,0,0
550335,1,1,1994,0,0,0,0,0,0,0,0,0,0
550335,2,1,1994,0,0,0,0,4,0,0,11,9,0
550336,1,1,1994,0,0,0,0,0,0,0,0,0,0
550336,2,1,1994,0,0,0,0,0,0,0,0,0,0
550337,1,1,1994,16,16,16,16,16,16,16,16,16,16
550337,2,1,1994,0,0,0,0,0,0,0,0,0,0
550338,1,1,1994,27,27,27,27,27,27,27,27,27,27
550339,1,1,1994,11,11,11,11,11,11,11,11,11,11
550339,2,1,1994,13,13,13,13,13,13,13,13,13,13
550340,1,1,1994,16,16,16,16,16,16,16,16,16,16
550340,2,1,1994,18,18,18,18,18,18,18,18,18,18
550341,1,1,1994,19,19,19,19,19,19,19,19,19,19
550342,0,1,1994,0,0,0,0,0,0,0,0,0,0
550342,1,1,1994,1,1,1,1,1,1,1,1,1,1
550343,1,1,1994,0,0,0,0,0,0,0,0,0,0
550343,2,1,1994,0,0,0,0,0,0,0,0,0,0
550344,0,1,1994,28,28,28,28,28,28,28,28,28,28
550344,1,1,1994,12,12,12,12,12,12,12,12,12,12
550345,1,1,1994,0,0,0,0,0,0,0,0,0,0
550345,2,1,1994,0,0,0,0,0,0,0,12,0,0
550345,3,1,1994,0,0,0,0,0,0,0,0,0,0
550346,1,1,1994,6,6,6,6,6,6,6,6,6,6
550347,1,1,1994,13,13,13,13,13,13,13,13,13,13
550347,2,1,1994,0,0,0,0,0,0,0,0,0,0
550348,1,1,1994,0,0,0,0,21,0,0,0,0,0
550348,2,1,1994,0,0,0,0,0,23,0,0,0,0
550349,1,1,1994,0,0,24,0,0,0,2,0,0,0
550350,0,1,1994,20,0,17,0,0,16,33,0,0,0
550350,1,1,1994,15,0,0,0,0,0,12,0,0,0
550351,1,1,1994,0,0,0,0,0,0,0,24,0,0
550352,1,1,1994,0,0,0,0,0,0,0,0,0,0
550352,2,1,1994,0,0,0,0,0,0,0,3,0,0
550353,0,1,1994,0,0,0,0,0,0,33,0,0,0
550353,1,1,1994,0,0,0,0,0,0,0,0,0,0
550354,1,1,1994,0,0,0,0,0,0,0,0,0,0
550354,2,1,1994,0,0,0,0,0,0,0,0,0,0
550355,1,1,1994,10,10,10,10,10,10,10,10,10,10
550356,1,1,1994,0,0,0,0,0,0,0,0,0,0
550356,2,1,1994,0,0,0,0,0,0,0,0,0,0
550357,1,1,1994,25,25,25,25,25,25,25,25,25,25
550358,1,1,1994,0,0,0,0,0,0,0,0,0,0
550358,2,1,1994,0,0,0,0,0,0,0,0,0,0
550358,3,1,1994,0,0,0,0,0,0,0,0,0,0
550359,0,1,1994,0,0,0,0,0,0,0,0,0,0
550359,1,1,1994,21,0,0,13,0,16,0,0,0,0
550360,1,1,1994,0,0,0,0,0,0,0,0,0,0
550360,2,1,1994,0,0,0,0,0,0,0,0,0,0
550361,1,1,1994,0,0,0,0,0,0,0,0,0,0
550362,1,1,1994,0,0,0,0,0,0,0,0,0,0
550363,0,1,1994,16,16,16,16,16,16,16,16,16,16
550363,1,1,1994,0,0,0,0,0,0,0,0,0,0
550364,1,1,1994,0,0,0,0,0,0,0,0,0,0
550364,2,1,1994,0,0,0,0,0,0,0,0,0,0
550365,1,1,1994,16,16,16,16,16,16,16,16,16,16
550366,1,1,1994,0,0,0,0,0,0,0,5,0,5
550366,2,1,1994,0,0,0,0,0,0,0,7,0,0
550368,1,1,1994,13,13,13,13,13,13,13,13,13,13
550369,1,1,1994,13,13,13,13,13,13,13,13,13,13
550369,2,1,1994,0,0,0,0,8,0,10,21,0,0
550370,1,1,1994,0,0,0,0,0,0,0,0,0,0
550370,2,1,1994,0,0,0,0,0,0,0,0,0,0
550371,1,1,1994,11,11,11,11,11,11,11,11,11,11
550372,1,1,1994,0,0,0,0,0,0,0,0,0,0
550372,2,1,1994,0,0,0,0,0,0,0,0,0,0
550373,1,1,1994,0,0,0,0,7,0,16,0,0,0
550374,1,1,1994,0,0,0,0,0,0,0,0,0,0
550374,2,1,1994,0,0,0,0,0,0,0,0,0,0
550375,1,1,1994,16,16,16,16,16,16,16,16,16,16
550375,2,1,1994,0,0,0,0,0,0,0,0,0,0
550375,3,1,1994,0,0,0,0,0,0,0,0,0,0
550376,1,1,1994,0,0,0,0,0,0,0,0,0,0
550376,2,1,1994,0,0,0,0,0,0,0,0,0,0
550376,3,1,1994,0,0,0,0,0,0,0,0,0,0
550377,1,1,1994,0,0,0,0,0,0,0,0,0,0
550377,2,1,1994,0,0,0,0,0,0,0,0,0,0
550378,1,1,1994,23,23,23,23,23,23,23,23,23,23
550379,1,1,1994,0,0,6,0,34,23,0,0,0,12
550380,1,1,1994,27,27,27,27,27,27,27,27,27,27
550380,2,1,1994,0,0,0,0,0,0,0,0,0,0
550381,1,1,1994,0,0,0,0,0,0,0,0,0,0
550382,1,1,1994,0,0,0,0,0,0,0,0,0,0
550383,1,1,1994,4,0,0,0,21,0,10,0,0,0
550384,1,1,1994,15,15,15,15,15,15,15,15,15,15
550384,2,1,1994,0,0,0,0,0,0,0,0,0,0
550385,1,1,1994,0,0,0,0,0,0,0,0,0,0
550385,2,1,1994,0,0,0,0,0,0,0,0,0,0
550386,1,1,1994,0,0,0,0,0,0,0,0,0,0
550386,2,1,1994,0,0,0,0,0,0,0,0,0,0
550386,3,1,1994,0,0,0,0,0,0,0,0,0,0
550386,4,1,1994,0,0,0,0,0,0,0,0,0,0
550387,1,1,1994,0,0,0,0,0,0,0,0,0,0
550388,1,1,1994,0,0,0,0,0,0,0,0,0,0
550388,2,1,1994,0,0,0,0,0,0,0,0,0,0
550388,3,1,1994,0,0,0,0,0,0,0,0,0,0
550389,1,1,1994,0,0,0,0,0,0,0,0,0,0
550389,2,1,1994,0,0,0,0,0,0,0,0,0,0
550390,1,1,1994,14,14,14,14,14,14,14,14,14,14
550391,1,1,1994,0,0,0,0,0,0,0,0,0,0
550391,2,1,1994,19,19,19,19,19,19,19,19,19,19
550392,1,1,1994,4,4,4,4,4,4,4,4,4,4
550392,2,1,1994,0,0,0,0,0,0,0,0,0,0
550393,1,1,1994,0,0,0,0,0,0,0,0,0,0
550393,2,1,1994,0,0,0,0,0,0,0,0,0,0
550394,0,1,1994,0,0,0,0,0,0,0,0,0,0
550394,1,1,1994,0,0,0,0,0,0,0,0,0,0
550395,1,1,1994,0,0,0,0,0,0,0,0,0,0
550395,2,1,1994,0,0,0,0,0,0,0,0,0,0
550396,1,1,1994,0,0,0,0,0,0,0,0,0,0
550396,2,1,1994,0,0,0,0,0,0,0,0,0,0
550397,0,1,1994,0,0,0,0,0,0,0,0,0,0
550397,1,1,1994,0,0,0,31,17,0,0,0,0,0
550398,1,1,1994,0,0,0,0,0,0,0,0,0,0
550398,2,1,1994,0,0,0,0,0,0,0,0,0,0
550398,3,1,1994,0,0,0,0,0,0,0,0,0,0
550399,1,1,1994,21,21,21,21,21,21,21,21,21,21
550400,1,1,1994,0,0,0,9,11,3,12,0,13,15
550401,1,1,1994,10,10,10,10,10,10,10,10,10,10
550401,2,1,1994,0,0,0,0,0,0,0,0,0,0
550402,1,1,1994,0,0,0,0,0,0,0,0,0,0
550402,2,1,1994,0,0,0,0,0,0,0,0,0,0
550403,1,1,1994,0,0,23,0,13,0,0,0,0,10
550404,1,1,1994,12,12,12,12,12,12,12,12,12,12
550404,2,1,1994,2,2,2,2,2,2,2,2,2,2
550405,1,1,1994,0,0,0,0,0,0,0,0,0,0
550406,1,1,1994,12,12,12,12,12,12,12,12,12,12
550407,1,1,1994,1,1,1,1,1,1,1,1,1,1
550408,1,1,1994,16,16,16,16,16,16,16,16,16,16
550409,1,1,1994,0,0,0,0,0,0,0,0,0,0
550410,1,1,1994,0,0,0,0,0,0,0,0,0,0
550411,1,1,1994,22,22,22,22,22,22,22,22,22,22
550411,2,1,1994,0,0,0,0,0,0,0,19,0,0
550411,3,1,1994,0,0,0,0,0,0,0,0,0,9
550412,1,1,1994,0,0,0,0,0,0,0,0,0,0
550413,1,1,1994,0,0,0,0,0,0,0,0,0,0
550413,2,1,1994,0,0,0,0,0,0,0,0,0,0
550414,1,1,1994,15,15,15,15,15,15,15,15,15,15
550415,1,1,1994,14,14,14,14,14,14,14,14,14,14
550416,1,1,1994,25,25,25,25,25,25,25,25,25,25
550416,2,1,1994,0,0,0,0,0,0,0,0,0,0
550417,1,1,1994,16,16,16,16,16,16,16,16,16,16
550418,0,1,1994,0,0,0,0,0,0,0,0,0,0
550418,1,1,1994,0,0,0,0,0,0,0,0,0,0
550419,1,1,1994,0,0,0,0,0,0,0,0,0,0
550419,2,1,1994,0,0,0,0,0,0,0,0,0,0
550420,1,1,1994,0,0,0,0,0,0,0,0,0,0
550421,1,1,1994,26,26,26,26,26,26,26,26,26,26
550422,1,1,1994,8,8,8,8,8,8,8,8,8,8
550423,0,1,1994,0,0,0,0,0,0,33,18,19,0
550423,1,1,1994,0,0,0,0,0,0,0,0,0,0
550424,1,1,1994,23,23,23,23,23,23,23,23,23,23
550425,1,1,1994,9,9,9,9,9,9,9,9,9,9
550426,1,1,1994,32,32,32,32,32,32,32,32,32,32
550426,2,1,1994,0,0,0,0,0,0,0,0,0,0
550426,3,1,1994,0,0,13,0,0,22,0,0,0,0
550427,0,1,1994,29,29,29,29,29,29,29,29,29,29
550427,1,1,1994,0,0,0,0,0,0,0,0,0,0
550428,1,1,1994,0,0,0,0,0,0,0,0,0,0
550429,1,1,1994,14,14,14,14,14,14,14,14,14,14
550430,1,1,1994,38,38,38,38,38,38,38,38,38,38
550431,0,1,1994,14,14,14,14,14,14,14,14,14,14
550431,1,1,1994,0,0,0,0,0,0,0,0,0,0
550432,1,1,1994,0,0,0,0,0,0,0,0,0,0
550432,2,1,1994,0,0,0,0,0,0,0,0,0,0
550433,1,1,1994,0,0,0,0,0,0,0,0,0,0
550433,2,1,1994,0,0,0,0,0,0,0,0,0,0
550434,1,1,1994,12,12,12,12,12,12,12,12,12,12
550434,2,1,1994,0,0,0,0,0,0,0,0,0,0
550435,1,1,1994,0,0,0,0,0,0,0,0,0,0
550435,2,1,1994,0,0,0,0,0,0,0,0,0,0
550435,3,1,1994,0,0,0,0,0,0,0,0,0,0
550436,1,1,1994,0,0,0,0,0,0,0,0,0,3
550436,2,1,1994,0,0,0,0,0,0,0,0,0,0
550437,0,1,1994,0,0,0,0,0,0,0,0,0,0
550437,1,1,1994,0,0,16,0,20,0,0,0,0,0
550438,1,1,1994,12,12,12,12,12,12,12,12,12,12
550439,1,1,1994,18,18,18,18,18,18,18,18,18,18
550439,2,1,1994,0,0,0,0,0,0,0,0,0,0
550440,1,1,1994,21,21,21,21,21,21,21,21,21,21
550441,1,1,1994,0,0,0,0,0,0,0,0,0,0
550442,1,1,1994,17,17,17,17,17,17,17,17,17,17
550443,0,1,1994,0,0,0,0,0,0,0,0,0,0
550443,1,1,1994,0,0,0,0,0,0,0,0,0,0
550444,1,1,1994,27,27,27,27,27,27,27,27,27,27
550445,0,1,1994,0,0,0,0,0,0,0,0,0,0
550445,1,1,1994,0,0,0,0,0,0,0,0,0,0
550446,1,1,1994,26,26,26,26,26,26,26,26,26,26
550447,1,1,1994,13,13,13,13,13,13,13,13,13,13
550448,0,1,1994,0,0,0,0,0,0,0,0,0,0
550448,1,1,1994,0,0,0,0,0,0,0,0,0,0
550449,1,1,1994,15,0,5,18,22,22,11,0,19,11
550450,0,1,1994,0,0,0,0,0,0,0,0,0,0
550450,1,1,1994,0,0,0,0,0,0,0,0,0,0
550451,1,1,1994,15,15,15,15,15,15,15,15,15,15
550452,1,1,1994,17,17,17,17,17,17,17,17,17,17
550453,1,1,1994,0,0,0,0,17,0,0,0,0,0
550454,0,1,1994,0,0,0,0,0,0,0,0,0,0
550454,1,1,1994,0,0,0,0,0,0,0,0,0,0
550455,1,1,1994,26,26,26,26,26,26,26,26,26,26
550456,1,1,1994,12,12,12,12,12,12,12,12,12,12
550457,1,1,1994,2,2,2,2,2,2,2,2,2,2
550458,1,1,1994,22,22,22,22,22,22,22,22,22,22
550459,1,1,1994,0,0,0,0,0,0,0,0,0,0
550460,1,1,1994,20,20,20,20,20,20,20,20,20,20
550461,1,1,1994,0,0,19,0,0,0,0,0,0,0
550462,1,1,1994,23,23,23,23,23,23,23,23,23,23
550463,1,1,1994,7,7,7,7,7,7,7,7,7,7
550463,2,1,1994,8,8,8,8,8,8,8,8,8,8
550464,1,1,1994,0,0,0,0,0,0,0,0,0,0
550464,2,1,1994,0,0,0,0,0,0,0,0,0,0
550465,1,1,1994,0,0,0,0,0,0,0,0,0,0
550465,2,1,1994,0,0,0,0,0,0,0,0,0,0
550466,1,1,1994,0,0,0,0,0,0,0,0,0,0
550466,2,1,1994,0,0,0,0,0,0,0,0,0,0
550467,1,1,1994,0,12,0,0,0,0,0,0,0,0
550467,2,1,1994,0,0,0,0,0,0,0,0,0,0
550469,1,1,1994,1,1,1,1,1,1,1,1,1,1
550469,2,1,1994,0,0,0,0,0,0,0,0,0,0
550470,1,1,1994,0,0,0,0,0,0,0,0,0,0
550470,2,1,1994,12,12,12,12,12,12,12,12,12,12