ST_CASE,VEH_NO,PER_NO,YEAR,P1,P2,P3,P4,P5,P6,P7,P8,P9,P10
550471,1,1,1994,0,0,0,0,0,0,0,0,0,0
550471,2,1,1994,0,0,0,0,10,0,0,0,0,0
550472,1,1,1994,0,0,0,0,0,0,0,0,0,0
550472,2,1,1994,0,10,0,0,0,0,0,0,0,0
550473,1,1,1994,22,22,22,22,22,22,22,22,22,22
550473,2,1,1994,12,0,0,0,0,0,0,0,0,0
550474,0,1,1994,0,0,0,0,0,0,0,0,0,0
550474,1,1,1994,0,0,0,0,0,0,0,0,0,0
550475,1,1,1994,0,0,28,25,31,0,11,0,0,18
550476,1,1,1994,0,19,31,16,21,0,0,6,0,14
550477,1,1,1994,0,0,0,0,0,0,0,0,0,0
550477,2,1,1994,0,0,0,0,0,0,0,0,0,0
550478,1,1,1994,0,0,0,0,0,0,0,0,0,0
550478,2,1,1994,0,0,0,0,0,0,0,0,0,0
550479,1,1,1994,0,0,0,10,0,23,0,9,0,0
550479,2,1,1994,0,0,0,0,0,0,0,0,0,0
550480,1,1,1994,0,0,0,0,0,0,0,0,0,13
550480,2,1,1994,0,0,0,0,0,0,0,0,0,0
550481,1,1,1994,0,0,0,0,0,0,0,0,0,0
550481,2,1,1994,0,0,0,0,0,0,0,0,0,0
550482,1,1,1994,0,0,0,0,0,0,0,0,0,0
550482,2,1,1994,24,24,24,24,24,24,24,24,24,24
550483,1,1,1994,0,0,0,0,0,0,0,0,0,0
550483,2,1,1994,0,0,0,0,0,0,0,0,0,0
550484,1,1,1994,0,0,0,0,0,0,0,0,0,0
550484,2,1,1994,0,0,0,0,0,0,0,0,0,0
550485,1,1,1994,21,21,21,21,21,21,21,21,21,21
550485,2,1,1994,0,0,0,0,0,0,0,0,0,0
550486,1,1,1994,22,22,22,22,22,22,22,22,22,22
550486,2,1,1994,0,0,0,0,0,0,0,0,0,0
550487,1,1,1994,6,6,6,6,6,6,6,6,6,6
550488,1,1,1994,0,0,0,0,0,0,0,0,0,0
550489,0,1,1994,0,0,0,9,0,0,0,0,0,0
550489,1,1,1994,0,0,0,0,0,0,0,0,0,0
550490,1,1,1994,0,14,0,0,16,0,0,0,0,18
550491,1,1,1994,0,0,0,0,0,0,0,0,0,0
550492,1,1,1994,12,12,12,12,12,12,12,12,12,12
550493,1,1,1994,20,20,20,20,20,20,20,20,20,20
550494,1,1,1994,30,12,10,23,17,11,13,29,24,11
550495,1,1,1994,0,0,0,0,0,0,0,0,0,0
550496,1,1,1994,0,0,0,0,0,0,0,0,0,0
550497,1,1,1994,0,0,0,0,0,0,0,0,0,0
550498,1,1,1994,0,0,0,0,0,0,0,0,0,0
550499,1,1,1994,0,0,0,0,0,0,0,0,0,0
550500,1,1,1994,20,20,20,20,20,20,20,20,20,20
550501,1,1,1994,0,0,12,0,0,0,0,0,0,0
550502,1,1,1994,19,19,19,19,19,19,19,19,19,19
550503,1,1,1994,0,0,5,0,0,0,2,12,0,0
550505,1,1,1994,19,19,19,19,19,19,19,19,19,19
550506,1,1,1994,19,19,19,19,19,19,19,19,19,19
550507,1,1,1994,13,13,13,13,13,13,13,13,13,13
550508,0,1,1994,0,0,0,0,0,0,0,0,0,0
550508,1,1,1994,0,16,0,0,0,0,0,0,0,0
550509,0,1,1994,0,0,0,0,0,0,0,0,0,0
550509,1,1,1994,0,0,0,0,0,0,0,0,0,0
550510,1,1,1994,18,18,18,18,18,18,18,18,18,18
550511,1,1,1994,14,14,14,14,14,14,14,14,14,14
550512,1,1,1994,20,37,12,0,11,19,17,18,0,31
550513,1,1,1994,0,0,0,0,0,0,0,0,0,0
550514,1,1,1994,0,0,0,0,0,0,0,0,0,0
550515,1,1,1994,19,19,19,19,19,19,19,19,19,19
550516,1,1,1994,30,30,30,30,30,30,30,30,30,30
550517,0,1,1994,14,14,14,14,14,14,14,14,14,14
550517,1,1,1994,22,22,22,22,22,22,22,22,22,22
550518,1,1,1994,0,0,0,0,0,0,0,0,0,0
550519,1,1,1994,19,19,19,19,19,19,19,19,19,19
550520,1,1,1994,3,3,3,3,3,3,3,3,3,3
550521,1,1,1994,13,13,13,13,13,13,13,13,13,13
550522,0,1,1994,0,0,0,0,0,0,0,0,0,0
550522,1,1,1994,0,0,0,0,0,0,0,0,0,0
550523,1,1,1994,13,13,13,13,13,13,13,13,13,13
550524,1,1,1994,0,0,0,0,0,0,0,0,0,0
550524,2,1,1994,0,0,0,0,0,0,0,0,0,0
550525,1,1,1994,0,0,0,0,0,0,0,0,0,0
550525,2,1,1994,0,0,0,0,0,0,0,0,0,0
550526,1,1,1994,0,0,0,0,0,0,0,0,0,0
550526,2,1,1994,0,0,0,0,0,0,0,0,0,0
550527,1,1,1994,0,0,0,0,0,0,0,0,0,0
550527,2,1,1994,0,0,0,0,0,0,0,0,31,0
550528,1,1,1994,0,0,0,0,0,0,0,0,0,0
550528,2,1,1994,0,0,0,0,0,0,0,0,0,0
550529,1,1,1994,0,0,0,0,0,0,0,0,0,0
550529,2,1,1994,0,0,0,0,0,0,0,0,0,0
550530,1,1,1994,0,0,0,0,0,0,0,0,0,0
550530,2,1,1994,0,0,0,0,0,0,0,0,0,0
550531,1,1,1994,0,0,0,0,0,0,0,0,0,0
550531,2,1,1994,0,0,0,0,0,0,0,0,0,0
550532,1,1,1994,0,0,0,0,0,0,0,0,0,0
550532,2,1,1994,0,0,0,0,0,0,0,0,0,0
550534,1,1,1994,0,0,0,0,0,0,0,0,0,0
550534,2,1,1994,0,0,0,0,0,0,0,0,0,0
550535,0,1,1994,0,0,0,0,0,0,0,0,0,0
550535,1,1,1994,0,0,0,0,0,0,0,0,0,11
550536,1,1,1994,0,0,0,0,0,0,0,0,0,0
550536,2,1,1994,21,21,21,21,21,21,21,21,21,21
550537,1,1,1994,0,0,0,0,0,0,0,0,0,0
550537,2,1,1994,0,0,0,0,0,0,0,0,0,0
550538,1,1,1994,0,0,0,0,0,0,0,0,0,0
550538,2,1,1994,0,0,0,0,0,0,0,0,0,0
550539,1,1,1994,3,3,3,3,3,3,3,3,3,3
550540,0,1,1994,0,0,0,0,0,0,0,0,0,0
550540,0,2,1994,0,0,0,0,0,0,0,0,0,0
550540,1,1,1994,0,12,0,0,0,0,0,0,0,0
550541,1,1,1994,0,0,0,0,0,0,0,0,0,0
550541,2,1,1994,0,0,0,0,0,0,0,0,0,0
550542,1,1,1994,0,0,0,0,0,0,0,0,0,0
550542,2,1,1994,0,0,0,0,0,0,0,0,0,0
550543,0,1,1994,0,0,0,0,0,0,0,0,0,0
550543,1,1,1994,0,0,0,0,0,0,0,0,0,0
550544,1,1,1994,20,20,20,20,20,20,20,20,20,20
550545,1,1,1994,0,0,0,0,0,0,0,0,0,0
550546,0,1,1994,0,0,0,0,0,0,0,0,0,0
550546,1,1,1994,25,0,0,0,0,0,0,0,28,0
550547,1,1,1994,0,0,23,0,0,0,0,0,0,0
550548,1,1,1994,22,22,22,22,22,22,22,22,22,22
550549,1,1,1994,0,0,0,0,0,0,0,0,0,0
550549,2,1,1994,0,0,0,0,0,0,0,0,0,0
550550,1,1,1994,0,0,0,0,0,0,0,0,0,0
550550,2,1,1994,0,0,0,0,0,0,0,0,0,0
550551,1,1,1994,0,0,0,0,0,0,0,0,0,0
550551,2,1,1994,0,0,0,0,0,0,0,0,0,0
550552,1,1,1994,20,20,20,20,20,20,20,20,20,20
550553,1,1,1994,20,20,20,20,20,20,20,20,20,20
550553,2,1,1994,6,6,6,6,6,6,6,6,6,6
550554,1,1,1994,0,0,0,0,0,0,0,0,0,0
550554,2,1,1994,0,0,0,0,0,0,0,0,0,0
550555,1,1,1994,28,28,28,28,28,28,28,28,28,28
550555,2,1,1994,0,3,0,0,0,0,9,0,0,0
550556,1,1,1994,0,0,0,0,0,0,0,0,0,0
550556,2,1,1994,20,20,20,20,20,20,20,20,20,20
550557,1,1,1994,0,0,0,0,0,0,0,0,0,0
550557,2,1,1994,19,19,19,19,19,19,19,19,19,19
550558,1,1,1994,0,0,0,0,0,0,0,0,0,0
550558,2,1,1994,0,0,0,0,0,0,0,0,0,0
550559,1,1,1994,0,0,0,0,0,0,0,0,0,0
550559,2,1,1994,13,0,0,0,0,0,0,0,0,0
550560,1,1,1994,14,14,14,14,14,14,14,14,14,14
550561,1,1,1994,0,0,0,0,0,0,0,0,0,0
550561,2,1,1994,0,0,0,0,0,0,0,0,0,0
550562,1,1,1994,11,11,11,11,11,11,11,11,11,11
550562,2,1,1994,0,0,0,0,0,0,0,0,0,0
550563,1,1,1994,0,0,0,0,0,0,0,0,0,0
550563,2,1,1994,0,0,0,0,0,0,0,0,0,0
550564,1,1,1994,23,23,12,11,6,18,23,8,36,17
550564,2,1,1994,0,0,0,0,0,0,0,0,0,0
550565,1,1,1994,0,0,0,0,0,0,0,0,0,0
550565,2,1,1994,0,0,0,0,0,0,0,0,0,0
550566,1,1,1994,0,0,0,0,0,0,0,0,0,0
550566,2,1,1994,29,29,29,29,29,29,29,29,29,29
550567,1,1,1994,5,0,22,0,0,16,0,0,0,0
550567,2,1,1994,0,0,0,0,0,0,0,0,0,0
550568,1,1,1994,25,25,25,25,25,25,25,25,25,25
550568,2,1,1994,0,0,0,0,0,0,0,0,0,0
550569,1,1,1994,0,0,0,0,0,0,0,0,0,0
550569,2,1,1994,0,0,0,0,0,0,0,0,0,0
550570,1,1,1994,0,0,0,0,0,0,0,0,0,0
550570,2,1,1994,0,0,0,6,0,0,7,0,0,0
550571,1,1,1994,0,0,0,0,0,0,0,0,0,0
550572,1,1,1994,0,0,0,0,0,0,0,0,0,0
550572,2,1,1994,0,0,0,0,0,0,0,0,0,0
550573,1,1,1994,0,0,18,0,0,0,0,9,0,0
550573,2,1,1994,0,0,0,0,0,0,0,0,0,0
550573,3,1,1994,0,0,0,0,20,0,0,0,0,0
550574,1,1,1994,5,5,5,5,5,5,5,5,5,5
550574,2,1,1994,0,0,0,0,0,0,0,0,0,0
550574,3,1,1994,9,9,9,9,9,9,9,9,9,9
550575,1,1,1994,0,0,0,0,0,0,0,0,0,0
550575,2,1,1994,0,0,0,0,0,0,0,0,0,0
550575,3,1,1994,0,0,0,0,0,0,0,0,0,0
550576,1,1,1994,0,0,0,0,0,0,0,0,0,0
550576,2,1,1994,0,0,0,0,0,0,0,0,0,0
550576,3,1,1994,0,0,0,0,0,0,0,0,35,0
550577,1,1,1994,0,0,0,0,0,0,0,0,0,0
550578,1,1,1994,16,16,16,16,16,16,16,16,16,16
550579,1,1,1994,27,0,0,0,23,0,0,0,0,40
550580,1,1,1994,15,15,15,15,15,15,15,15,15,15
550581,1,1,1994,0,0,0,0,0,0,0,0,0,0
550582,1,1,1994,25,25,25,25,25,25,25,25,25,25
550583,1,1,1994,0,0,0,0,0,0,0,0,0,0
550584,1,1,1994,0,0,0,0,0,0,0,0,0,0
550585,1,1,1994,30,30,30,30,30,30,30,30,30,30
550586,1,1,1994,0,0,0,0,0,0,0,0,0,0
550586,2,1,1994,0,0,0,0,0,0,0,0,0,0
550586,3,1,1994,0,0,0,0,0,0,0,0,0,0
550587,1,1,1994,0,0,0,0,0,0,0,0,0,0
550588,1,1,1994,0,0,0,0,0,0,0,0,0,0
550588,2,1,1994,0,0,0,0,0,0,0,0,0,0
550588,3,1,1994,0,0,0,0,0,0,0,0,0,0
550589,1,1,1994,17,17,17,17,17,17,17,17,17,17
550589,2,1,1994,0,0,0,0,0,0,0,0,0,0
550589,3,1,1994,16,16,16,16,16,16,16,16,16,16
550590,1,1,1994,0,0,0,0,0,0,0,0,0,0
550590,2,1,1994,0,0,0,0,0,0,0,0,0,0
550591,1,1,1994,2,2,2,2,2,2,2,2,2,2
550591,2,1,1994,0,0,0,0,0,0,0,0,0,0
550591,3,1,1994,0,0,0,0,0,0,0,0,0,0
550591,4,1,1994,0,0,0,0,0,0,0,0,0,0
550591,5,1,1994,0,0,0,0,0,0,0,0,0,0
550591,6,1,1994,0,0,0,0,0,0,0,0,0,0
550592,1,1,1994,0,0,0,0,0,0,0,0,0,0
550592,2,1,1994,0,0,0,0,0,0,0,0,0,0
550592,3,1,1994,0,0,0,0,0,0,0,0,0,0
550593,0,1,1994,0,0,0,0,0,0,0,0,0,0
550593,1,1,1994,0,0,0,0,0,0,0,0,0,0
550594,1,1,1994,0,0,0,0,0,0,0,0,0,0
550594,2,1,1994,0,0,0,0,0,0,0,0,0,0
550594,3,1,1994,0,0,0,0,0,0,0,0,0,0
550594,4,1,1994,0,0,0,0,0,0,0,0,0,0
550595,1,1,1994,14,14,14,14,14,14,14,14,14,14
550595,2,1,1994,0,0,0,0,0,0,0,0,0,0
550596,0,1,1994,0,0,0,0,0,0,0,0,0,0
550596,1,1,1994,0,0,0,0,0,0,0,0,0,0
550597,1,1,1994,9,0,0,0,0,0,0,0,0,0
550598,1,1,1994,0,0,0,0,16,0,0,0,0,0
550598,2,1,1994,0,0,0,0,0,0,0,0,0,0
550598,3,1,1994,0,0,0,0,0,10,0,0,0,0
550599,1,1,1994,0,0,0,8,0,0,0,0,0,0
550599,2,1,1994,0,0,0,0,0,0,0,0,0,0
550600,1,1,1994,0,0,0,0,0,0,0,0,0,0
550600,2,1,1994,0,0,0,0,0,0,0,0,0,0
550600,3,1,1994,0,0,0,0,0,0,0,0,0,0
550600,4,1,1994,0,0,0,0,0,0,0,0,0,0
550601,1,1,1994,0,0,0,0,0,0,0,0,0,0
550601,2,1,1994,0,0,0,0,0,0,0,0,0,0
550601,3,1,1994,0,0,0,0,0,0,0,0,0,0
550602,1,1,1994,0,0,0,0,0,0,0,0,0,0
550603,1,1,1994,1,1,1,1,1,1,1,1,1,1
550603,2,1,1994,6,6,6,6,6,6,6,6,6,6
550604,1,1,1994,0,0,0,0,0,0,0,0,0,0
550604,2,1,1994,0,0,0,0,0,0,0,0,8,0
550604,3,1,1994,0,0,0,0,0,0,0,0,0,0
550605,1,1,1994,0,0,0,0,0,0,0,0,0,0
550605,2,1,1994,0,0,0,0,0,0,0,0,0,0
550605,3,1,1994,0,0,0,0,0,0,0,0,0,0
550606,1,1,1994,0,0,0,0,0,0,28,0,0,20
550607,1,1,1994,9,9,9,9,9,9,9,9,9,9
550608,1,1,1994,0,0,0,0,0,0,0,0,0,0
550608,2,1,1994,0,0,0,0,0,0,0,0,0,0
550609,1,1,1994,0,0,0,0,0,0,0,0,0,0
550609,2,1,1994,0,0,0,0,0,0,0,0,0,0
550611,1,1,1994,0,0,0,7,0,5,6,0,0,0
550612,1,1,1994,7,7,7,7,7,7,7,7,7,7
550612,2,1,1994,16,16,16,16,16,16,16,16,16,16
550613,1,1,1994,0,0,0,0,0,0,0,0,0,0
550613,2,1,1994,0,0,0,0,0,0,0,0,0,0
550614,1,1,1994,0,0,0,0,0,0,0,0,0,0
550614,2,1,1994,0,0,0,0,0,0,0,0,0,0
550615,1,1,1994,0,0,0,0,0,0,0,0,0,0
550615,2,1,1994,0,18,0,0,21,0,0,0,0,0
550616,1,1,1994,15,15,15,15,15,15,15,15,15,15
550616,2,1,1994,0,0,0,0,0,0,0,0,0,0
550617,1,1,1994,0,0,0,0,0,0,0,0,0,0
550617,2,1,1994,0,9,15,0,0,0,0,0,17,0
550618,1,1,1994,0,0,0,0,0,0,0,0,0,0
550618,2,1,1994,0,0,0,0,0,0,0,0,0,0
550618,3,1,1994,0,0,0,0,0,0,0,0,0,0
550618,4,1,1994,0,0,0,0,0,0,0,0,0,0
550618,5,1,1994,0,0,0,0,0,0,0,0,0,0
550619,1,1,1994,0,0,0,0,0,0,0,0,0,0
550619,2,1,1994,0,0,0,0,0,0,0,0,0,0
550619,3,1,1994,0,0,0,0,0,0,0,0,0,0
550620,1,1,1994,0,0,0,0,19,0,0,0,0,0
550620,2,1,1994,0,0,0,0,0,0,0,0,0,0
550621,1,1,1994,27,27,27,27,27,27,27,27,27,27
550621,2,1,1994,0,0,0,0,0,0,0,0,0,18
550622,1,1,1994,0,0,0,0,0,0,0,0,0,0
550622,2,1,1994,0,0,0,0,0,0,0,0,0,0
550622,3,1,1994,0,0,0,0,0,0,0,0,0,0
550622,4,1,1994,0,0,0,0,0,0,0,0,0,0
550623,1,2,1994,0,12,13,25,9,26,9,27,27,5
550624,1,1,1994,0,0,0,0,0,0,0,0,0,0
550624,2,1,1994,0,0,0,0,0,0,0,0,0,0
550624,3,1,1994,0,0,0,0,0,0,12,11,0,0
550624,4,1,1994,0,0,0,0,0,0,0,0,13,0
550625,1,1,1994,0,0,0,0,0,0,0,0,0,0
550625,2,1,1994,0,0,0,0,0,0,0,6,0,0
550626,1,1,1994,24,5,0,12,19,7,29,13,20,0
550627,0,1,1994,0,0,0,0,0,0,0,0,0,0
550627,1,1,1994,0,0,0,0,0,0,0,0,0,0
550628,1,1,1994,0,0,3,0,0,0,0,0,0,0
550628,2,1,1994,14,14,14,14,14,14,14,14,14,14
550629,0,1,1994,0,0,0,0,0,0,0,0,0,0
550629,1,1,1994,19,0,0,0,0,0,0,0,0,0
550630,1,1,1994,0,0,0,0,0,0,0,0,0,0
550630,2,1,1994,0,0,0,0,0,0,0,0,13,0
550631,1,1,1994,23,23,23,23,23,23,23,23,23,23
550632,1,1,1994,0,0,0,0,0,0,0,0,0,0
560001,1,1,1994,29,29,29,29,29,29,29,29,29,29
560002,1,1,1994,0,0,0,0,0,0,0,0,0,0
560002,2,1,1994,0,0,0,0,0,0,0,0,0,0
560003,1,1,1994,0,0,0,0,0,0,0,0,0,0
560003,2,1,1994,0,0,0,0,0,0,0,0,0,0
560005,1,3,1994,0,0,12,13,28,21,15,34,0,21
560006,1,1,1994,13,13,13,13,13,13,13,13,13,13
560007,0,1,1994,13,13,13,13,13,13,13,13,13,13
560007,1,1,1994,0,15,0,0,0,0,0,17,0,0
560008,1,1,1994,0,0,0,0,0,0,0,0,0,0
560009,1,1,1994,0,0,0,0,0,0,0,0,0,0
560009,2,1,1994,0,0,0,0,0,0,0,13,0,13
560010,1,1,1994,0,4,0,0,0,0,0,0,0,0
560011,1,1,1994,19,19,19,19,19,19,19,19,19,19
560012,1,1,1994,15,15,15,15,15,15,15,15,15,15
560013,1,1,1994,0,0,0,0,12,0,0,0,0,9
560015,1,1,1994,14,14,14,14,14,14,14,14,14,14
560016,1,1,1994,0,0,0,0,0,0,0,0,0,0
560016,2,1,1994,0,0,0,0,0,0,0,0,0,0
560017,1,1,1994,12,12,12,12,12,12,12,12,12,12
560017,2,1,1994,0,0,0,0,0,0,0,0,0,0
560018,0,1,1994,19,19,19,19,19,19,19,19,19,19
560018,1,1,1994,0,0,0,0,0,0,0,0,0,20
560019,1,1,1994,7,7,7,7,7,7,7,7,7,7
560020,1,1,1994,26,26,26,26,26,26,26,26,26,26
560020,2,1,1994,0,0,0,0,0,0,0,0,0,0
560021,1,1,1994,0,0,0,0,0,0,0,0,0,0
560022,1,1,1994,0,0,0,0,0,0,0,0,0,0
560023,0,1,1994,1,1,1,1,1,1,1,1,1,1
560023,1,1,1994,0,0,0,13,0,0,0,0,0,0
560024,1,1,1994,12,12,12,12,12,12,12,12,12,12
560025,1,1,1994,17,14,0,19,31,6,0,0,0,0
560026,1,1,1994,0,0,0,0,0,0,0,0,0,0
560026,2,1,1994,0,0,0,16,0,0,0,0,0,0
560027,1,1,1994,30,30,30,30,30,30,30,30,30,30
560028,1,1,1994,0,0,0,0,0,0,0,0,0,0
560029,1,1,1994,0,0,0,0,0,0,0,0,0,0
560030,1,1,1994,13,13,13,13,13,13,13,13,13,13
560031,1,1,1994,0,0,0,0,0,0,0,0,0,0
560032,1,1,1994,0,0,0,0,0,0,0,0,0,0
560033,1,1,1994,0,0,8,0,0,0,0,0,0,17
560034,1,1,1994,22,22,22,22,22,22,22,22,22,22
560035,1,1,1994,0,0,0,0,0,0,0,0,0,0
560036,1,1,1994,23,23,23,23,23,23,23,23,23,23
560037,1,1,1994,11,17,32,15,11,23,7,15,3,11
560038,1,1,1994,0,0,0,0,0,0,0,0,0,0
560039,1,1,1994,12,12,12,12,12,12,12,12,12,12
560040,1,1,1994,16,16,16,16,16,16,16,16,16,16
560041,1,1,1994,19,19,19,19,19,19,19,19,19,19
560042,1,1,1994,12,0,26,18,0,9,0,0,0,0
560043,1,1,1994,10,6,0,7,11,10,12,21,13,6
560044,1,1,1994,0,0,0,0,0,0,0,0,0,0
560044,2,1,1994,0,0,0,0,0,0,0,0,0,0
560045,1,1,1994,0,0,0,0,0,0,0,0,0,0
560046,1,1,1994,0,0,0,0,0,0,0,0,0,0
560047,1,1,1994,0,0,0,0,0,0,0,0,0,0
560048,1,1,1994,0,0,0,0,0,0,0,0,0,0
560048,2,1,1994,0,0,0,0,0,0,0,0,0,0
560049,1,1,1994,19,19,19,19,19,19,19,19,19,19
560049,2,1,1994,0,0,0,0,0,0,0,0,0,0
560050,1,1,1994,0,0,0,0,0,0,0,0,0,0
560051,1,1,1994,13,13,13,13,13,13,13,13,13,13
560052,1,1,1994,0,0,0,0,0,0,0,0,0,0
560053,1,1,1994,0,0,0,0,0,0,0,0,0,0
560053,2,1,1994,0,0,0,0,0,0,0,0,0,0
560054,1,1,1994,0,0,15,33,11,14,0,0,11,0
560055,1,1,1994,0,9,15,9,14,14,0,0,14,0
560055,2,1,1994,2,0,14,0,0,0,0,0,9,0
560056,1,1,1994,14,0,0,0,0,0,8,0,0,0
560057,1,1,1994,0,15,0,0,0,0,0,16,29,0
560058,1,1,1994,35,10,19,7,12,5,20,16,32,16
560059,1,1,1994,0,0,0,0,0,0,0,0,0,0
560060,1,1,1994,16,16,16,16,16,16,16,16,16,16
560061,1,1,1994,0,0,0,0,0,0,0,0,0,0
560062,1,1,1994,36,36,36,36,36,36,36,36,36,36
560064,1,1,1994,0,0,0,0,0,0,0,0,0,0
560065,1,1,1994,0,0,0,0,0,0,0,0,0,0
560066,1,1,1994,0,0,0,0,0,0,0,0,0,0
560066,2,1,1994,0,0,0,0,0,0,6,0,0,0
560067,0,1,1994,21,21,21,21,21,21,21,21,21,21
560067,1,1,1994,23,9,0,0,0,0,0,0,0,0
560068,1,1,1994,0,0,0,0,0,0,0,0,0,0
560069,1,1,1994,16,0,0,0,8,0,0,0,18,0
560069,2,1,1994,26,26,26,26,26,26,26,26,26,26
560070,1,1,1994,0,0,0,0,0,0,0,0,0,0
560071,1,1,1994,0,0,0,0,0,0,0,0,0,0
560071,2,1,1994,0,0,0,0,0,4,0,0,0,0
560072,1,1,1994,24,24,24,24,24,24,24,24,24,24
560073,1,1,1994,31,31,31,31,31,31,31,31,31,31
560074,1,1,1994,0,0,0,0,0,0,0,0,0,0
560075,1,1,1994,7,7,7,7,7,7,7,7,7,7
560076,1,1,1994,0,0,0,0,0,0,0,0,0,0
560076,2,1,1994,0,0,0,0,0,0,0,0,0,0
560077,1,1,1994,0,0,0,0,0,0,0,0,0,0
560077,2,1,1994,0,0,0,0,0,0,11,0,0,0
560078,1,1,1994,11,11,11,11,11,11,11,11,11,11
560079,1,1,1994,0,0,0,0,0,0,0,0,0,0
560080,1,1,1994,0,0,0,5,0,0,0,0,0,0
560081,1,1,1994,0,0,0,0,0,0,0,0,15,0
560082,1,1,1994,0,0,0,0,0,0,0,0,0,0
560083,1,1,1994,25,25,25,25,25,25,25,25,25,25
560084,1,1,1994,16,16,16,16,16,16,16,16,16,16
560084,2,1,1994,0,0,0,0,0,0,0,12,0,0
560085,1,1,1994,0,0,0,0,0,0,0,0,0,0
560086,1,1,1994,0,0,0,0,0,0,0,0,0,0
560087,1,1,1994,0,0,20,0,0,0,18,0,8,0
560088,1,1,1994,0,0,0,0,0,0,0,0,0,0
560088,2,1,1994,7,0,0,0,0,15,16,0,0,0
560089,1,3,1994,29,18,10,17,34,0,14,15,11,20
560090,1,1,1994,0,0,0,0,0,0,0,0,0,0
560090,2,1,1994,12,12,13,0,11,0,0,0,22,23
560091,1,1,1994,15,15,15,15,15,15,15,15,15,15
560092,1,1,1994,19,19,19,19,19,19,19,19,19,19
560093,1,1,1994,15,15,15,15,15,15,15,15,15,15
560094,1,1,1994,35,35,35,35,35,35,35,35,35,35
560095,1,1,1994,8,8,8,8,8,8,8,8,8,8
560096,1,1,1994,0,0,0,0,0,0,0,19,0,0
560096,2,1,1994,10,10,10,10,10,10,10,10,10,10
560097,1,1,1994,17,17,17,17,17,17,17,17,17,17
560098,1,1,1994,23,23,23,23,23,23,23,23,23,23
560099,0,1,1994,0,0,0,0,0,0,24,0,0,13
560099,1,1,1994,3,3,3,3,3,3,3,3,3,3
560100,1,1,1994,16,16,16,16,16,16,16,16,16,16
560101,1,1,1994,22,22,22,22,22,22,22,22,22,22
560102,1,1,1994,0,0,0,0,0,0,0,0,0,0
560103,1,1,1994,19,19,19,19,19,19,19,19,19,19
560103,2,1,1994,0,0,0,0,0,0,0,0,0,0
560104,1,1,1994,16,16,16,16,16,16,16,16,16,16
560104,2,1,1994,0,0,20,0,0,0,0,0,0,7
560105,1,1,1994,32,32,32,32,32,32,32,32,32,32
560106,1,1,1994,0,0,0,0,0,0,0,0,0,0
560106,2,1,1994,0,0,0,0,0,0,0,0,22,0
560107,1,1,1994,0,0,0,0,0,27,0,0,0,28
560108,1,1,1994,0,0,0,0,0,0,0,0,0,0
560109,1,1,1994,0,0,0,0,0,0,0,0,0,0
560110,1,1,1994,0,0,0,0,0,0,0,0,0,0
560111,1,1,1994,25,25,25,25,25,25,25,25,25,25
560112,1,1,1994,0,0,0,0,0,0,0,0,0,0
560112,2,1,1994,0,0,0,0,0,0,0,0,0,0
560113,1,1,1994,25,25,25,25,25,25,25,25,25,25
560115,1,1,1994,0,0,0,0,0,0,0,22,13,0
560116,1,1,1994,0,0,0,0,0,0,0,0,0,0
560117,1,1,1994,0,0,0,0,0,0,0,0,0,0
560117,2,1,1994,0,0,0,0,0,0,0,0,0,0
560118,1,1,1994,0,0,0,0,0,0,0,0,0,0
560119,1,1,1994,0,0,0,0,7,0,0,0,0,0
560119,2,1,1994,0,0,0,0,0,0,0,0,0,0
560120,1,1,1994,25,25,25,25,25,25,25,25,25,25
560121,1,1,1994,0,0,0,0,0,0,0,0,0,0
560121,2,1,1994,0,0,0,0,0,0,0,0,0,0
560122,1,1,1994,19,19,19,19,19,19,19,19,19,19
560123,1,1,1994,30,30,30,30,30,30,30,30,30,30
560123,2,1,1994,0,0,0,0,0,0,0,0,0,0
560124,1,1,1994,0,0,0,0,0,0,0,0,0,0
560124,2,1,1994,0,0,0,0,0,0,0,0,0,0
560125,1,1,1994,12,12,12,12,12,12,12,12,12,12
560126,1,1,1994,0,0,0,0,0,0,0,0,0,0
560127,1,1,1994,39,39,39,39,39,39,39,39,39,39
560128,1,1,1994,44,44,44,44,44,44,44,44,44,44
560129,1,1,1994,11,11,11,11,11,11,11,11,11,11
560129,2,1,1994,0,0,19,0,0,0,15,0,20,0
560129,3,1,1994,4,4,4,4,4,4,4,4,4,4
560130,1,1,1994,0,0,0,0,0,0,0,0,0,0
560131,1,1,1994,27,27,27,27,27,27,27,27,27,27
560132,1,1,1994,30,30,30,30,30,30,30,30,30,30
560134,1,1,1994,0,0,0,0,0,0,0,0,0,0
560134,2,1,1994,0,0,0,0,0,0,0,0,0,0
560135,1,1,1994,0,0,0,0,0,0,0,0,0,0
560135,2,1,1994,0,11,0,0,0,0,0,0,0,0