ST_CASE,VEH_NO,PER_NO,YEAR,P1,P2,P3,P4,P5,P6,P7,P8,P9,P10
60001,1,1,1994,0,0,0,0,0,0,0,0,0,0
60001,2,1,1994,0,0,0,0,0,0,0,0,0,0
60002,1,1,1994,24,24,24,24,24,24,24,24,24,24
60003,1,1,1994,18,18,18,18,18,18,18,18,18,18
60004,1,1,1994,0,0,0,0,0,0,0,0,0,0
60004,2,1,1994,0,0,0,0,0,0,0,0,0,0
60005,1,1,1994,0,0,0,0,0,0,0,0,0,0
60005,2,1,1994,0,0,0,0,0,0,0,0,0,0
60006,1,1,1994,15,0,0,0,9,0,0,0,0,0
60007,1,1,1994,0,0,0,0,0,0,0,0,0,0
60007,2,1,1994,0,0,0,0,0,0,0,0,0,0
60008,0,1,1994,33,33,33,33,33,33,33,33,33,33
60008,1,1,1994,0,21,9,0,0,0,0,0,24,0
60009,1,1,1994,0,0,0,0,0,8,0,0,0,0
60009,2,1,1994,0,0,0,0,0,0,0,0,0,0
60010,1,1,1994,0,0,0,0,0,0,0,0,0,0
60010,2,1,1994,0,0,0,0,0,0,0,0,0,0
60011,0,1,1994,0,0,0,0,0,0,0,0,0,0
60011,0,2,1994,0,6,0,0,12,0,0,0,12,0
60011,1,1,1994,0,0,0,0,0,0,0,0,0,0
60012,0,1,1994,21,25,23,14,17,8,22,29,13,6
60012,1,1,1994,0,0,0,0,0,0,0,0,0,0
60013,1,1,1994,0,0,0,0,0,0,0,0,0,0
60015,1,1,1994,10,10,10,10,10,10,10,10,10,10
60016,1,1,1994,13,13,13,13,13,13,13,13,13,13
60017,1,1,1994,10,10,10,10,10,10,10,10,10,10
60017,2,1,1994,0,0,0,0,22,0,0,0,0,0
60018,1,1,1994,19,19,19,19,19,19,19,19,19,19
60019,0,1,1994,0,0,0,0,0,0,0,0,0,0
60019,1,1,1994,0,0,0,0,0,0,0,0,0,0
60020,1,1,1994,12,12,12,12,12,12,12,12,12,12
60021,1,1,1994,11,11,11,11,11,11,11,11,11,11
60022,1,1,1994,0,0,0,0,0,0,0,0,0,0
60023,1,1,1994,0,0,0,0,0,0,0,0,0,0
60024,1,1,1994,0,0,0,0,0,0,0,0,9,0
60024,2,1,1994,0,0,0,0,0,0,0,0,0,0
60024,3,1,1994,0,0,0,0,0,0,0,0,0,0
60025,0,1,1994,0,0,0,0,0,0,0,0,0,0
60025,1,1,1994,0,0,0,0,0,12,0,0,0,0
60026,0,1,1994,19,19,19,19,19,19,19,19,19,19
60026,1,1,1994,0,0,0,0,0,0,0,0,0,0
60027,0,1,1994,0,0,0,0,0,0,0,0,0,0
60027,1,1,1994,18,0,0,0,0,0,0,0,0,0
60028,1,1,1994,20,20,20,20,20,20,20,20,20,20
60028,2,1,1994,15,15,15,15,15,15,15,15,15,15
60029,0,1,1994,0,0,0,0,0,0,0,0,0,0
60029,1,1,1994,0,0,0,0,0,0,0,0,0,0
60030,1,1,1994,0,0,0,0,0,0,0,0,0,0
60031,1,1,1994,0,0,0,0,0,0,0,0,0,0
60031,2,1,1994,0,0,0,0,0,0,0,0,0,0
60032,1,1,1994,0,0,0,0,0,0,0,0,0,0
60032,2,1,1994,0,0,0,0,0,0,0,0,0,0
60033,0,1,1994,0,0,15,0,0,0,0,0,0,0
60033,1,1,1994,0,0,0,0,0,0,0,0,0,0
60034,1,1,1994,0,0,0,0,0,0,0,0,0,0
60035,1,1,1994,0,0,0,0,0,0,0,0,0,0
60035,2,1,1994,8,0,0,0,0,0,0,0,0,0
60036,0,1,1994,0,0,0,0,15,0,22,0,18,0
60036,1,1,1994,0,0,0,0,0,0,0,0,0,0
60037,1,1,1994,0,0,0,0,0,0,0,0,0,0
60037,2,1,1994,8,0,0,0,0,0,0,0,0,0
60038,0,1,1994,21,21,21,21,21,21,21,21,21,21
60038,1,1,1994,0,0,0,3,0,0,0,0,0,0
60038,2,1,1994,0,0,0,0,0,0,0,0,0,0
60039,0,1,1994,34,34,34,34,34,34,34,34,34,34
60039,1,1,1994,27,0,0,0,0,0,0,9,0,0
60040,1,1,1994,0,0,0,0,0,0,0,0,0,0
60040,2,1,1994,0,0,0,0,0,0,0,0,0,0
60041,0,1,1994,0,0,0,0,0,0,0,0,0,0
60041,1,1,1994,0,0,0,0,0,0,0,0,0,0
60042,1,1,1994,0,0,0,0,0,0,0,0,0,0
60043,1,1,1994,3,3,3,3,3,3,3,3,3,3
60044,1,1,1994,0,0,0,0,0,0,0,0,0,0
60044,2,1,1994,3,3,3,3,3,3,3,3,3,3
60045,0,1,1994,0,0,42,0,21,0,0,0,0,0
60045,1,1,1994,0,0,0,0,0,0,0,0,0,0
60046,1,1,1994,0,0,0,0,0,0,0,0,0,0
60047,1,1,1994,11,11,11,11,11,11,11,11,11,11
60048,1,1,1994,0,0,0,0,0,0,0,0,0,0
60048,2,1,1994,0,0,0,0,0,0,0,10,0,0
60049,1,1,1994,0,0,0,0,0,0,0,0,0,0
60049,2,1,1994,0,0,0,0,0,0,0,0,0,0
60050,1,1,1994,11,0,19,0,0,0,12,0,0,0
60050,2,1,1994,0,0,0,9,0,0,0,0,0,0
60051,0,1,1994,0,34,0,0,10,0,42,0,0,0
60051,1,1,1994,9,5,0,0,10,0,0,0,0,0
60052,1,1,1994,0,0,0,0,0,0,0,0,0,0
60053,0,1,1994,30,0,23,0,0,25,0,0,0,0
60053,1,1,1994,0,0,0,0,0,0,0,0,0,0
60054,1,1,1994,0,0,0,0,0,0,0,0,0,0
60054,2,1,1994,0,0,0,0,0,0,0,0,0,0
60055,0,1,1994,0,0,0,0,0,0,0,0,0,0
60055,1,1,1994,0,0,0,0,0,0,0,0,0,0
60056,1,1,1994,0,0,0,0,0,0,0,0,0,0
60056,2,1,1994,0,0,0,0,0,27,12,0,9,0
60057,1,1,1994,20,20,20,20,20,20,20,20,20,20
60058,0,1,1994,0,0,0,0,0,0,0,0,0,0
60058,1,1,1994,0,16,0,0,0,15,0,0,17,18
60058,2,1,1994,0,0,0,0,12,0,0,0,0,0
60059,1,1,1994,9,9,9,9,9,9,9,9,9,9
60060,1,1,1994,0,0,0,0,0,0,0,0,0,0
60061,1,1,1994,0,5,0,0,0,0,0,0,0,0
60061,2,1,1994,0,0,0,0,0,0,0,0,0,0
60061,3,1,1994,0,0,0,0,0,0,0,0,0,0
60062,0,1,1994,0,0,0,0,0,0,0,0,0,0
60062,1,1,1994,0,0,0,6,0,0,0,0,0,0
60063,1,1,1994,17,17,17,17,17,17,17,17,17,17
60063,2,1,1994,0,0,0,0,0,0,0,0,0,0
60064,0,1,1994,34,0,0,14,16,0,0,23,0,15
60064,1,1,1994,4,4,4,4,4,4,4,4,4,4
60065,0,1,1994,0,0,0,21,0,0,0,23,0,0
60065,0,2,1994,0,27,0,0,14,0,6,0,37,19
60065,1,1,1994,3,3,3,3,3,3,3,3,3,3
60066,1,1,1994,10,10,10,10,10,10,10,10,10,10
60067,1,1,1994,21,21,21,21,21,21,21,21,21,21
60068,0,1,1994,0,0,0,0,0,0,0,0,0,0
60068,1,1,1994,0,0,0,0,0,0,0,0,0,0
60069,1,1,1994,0,0,0,0,0,0,0,0,0,0
60070,1,1,1994,23,29,17,7,24,17,7,22,18,13
60071,1,1,1994,0,0,0,0,0,0,0,0,0,0
60071,2,1,1994,2,0,0,17,0,0,0,0,0,21
60072,1,1,1994,5,5,5,5,5,5,5,5,5,5
60072,2,1,1994,0,0,0,0,0,0,0,0,0,0
60073,1,1,1994,30,27,25,18,26,23,25,14,23,29
60074,1,1,1994,11,11,11,11,11,11,11,11,11,11
60074,2,1,1994,0,0,0,0,0,0,0,0,0,0
60075,1,1,1994,0,0,0,0,0,0,0,0,0,0
60075,2,1,1994,0,5,0,0,0,0,0,0,0,0
60076,0,1,1994,0,0,0,0,0,0,0,0,0,0
60076,1,1,1994,21,13,19,11,0,0,19,17,0,11
60077,1,1,1994,0,0,0,0,0,0,0,0,0,0
60077,2,1,1994,0,0,0,0,0,0,0,0,0,0
60078,1,1,1994,24,24,24,24,24,24,24,24,24,24
60078,2,1,1994,0,0,0,0,0,0,0,0,0,0
60079,1,1,1994,41,41,41,41,41,41,41,41,41,41
60079,2,1,1994,0,0,0,0,0,0,0,0,0,0
60080,0,1,1994,7,7,7,7,7,7,7,7,7,7
60080,1,1,1994,0,0,0,0,0,0,0,0,0,0
60081,1,1,1994,0,0,0,0,0,0,0,0,0,0
60082,1,1,1994,0,0,0,0,0,0,0,0,0,0
60083,1,1,1994,11,11,11,11,11,11,11,11,11,11
60084,1,1,1994,25,25,25,25,25,25,25,25,25,25
60085,1,1,1994,15,15,15,15,15,15,15,15,15,15
60086,1,1,1994,22,22,22,22,22,22,22,22,22,22
60087,0,1,1994,0,0,0,0,0,0,0,0,0,0
60087,0,2,1994,0,0,0,13,20,0,0,0,0,0
60087,1,1,1994,0,0,0,0,0,0,0,0,15,0
60087,2,1,1994,0,0,0,0,0,0,0,0,0,0
60087,3,1,1994,0,0,0,0,0,0,0,0,0,0
60088,0,1,1994,3,3,3,3,3,3,3,3,3,3
60088,1,1,1994,0,0,0,0,0,0,0,0,0,0
60089,1,1,1994,0,0,0,0,0,0,0,0,0,0
60089,2,1,1994,0,0,0,0,0,0,0,0,0,0
60090,0,1,1994,0,0,0,0,0,0,0,0,0,0
60090,1,1,1994,0,0,0,0,0,0,0,0,0,0
60091,1,1,1994,0,0,5,0,0,0,0,0,0,0
60092,1,1,1994,27,27,27,27,27,27,27,27,27,27
60093,0,1,1994,0,0,0,0,0,0,0,0,0,0
60093,1,1,1994,23,23,23,23,23,23,23,23,23,23
60094,1,1,1994,0,0,0,0,0,0,0,0,0,0
60094,2,1,1994,0,0,10,0,0,0,0,0,18,0
60095,1,1,1994,30,30,30,30,30,30,30,30,30,30
60096,1,1,1994,0,0,0,0,0,0,0,0,0,0
60096,2,1,1994,0,0,0,0,0,0,0,0,0,0
60097,1,1,1994,0,0,20,0,0,0,0,0,0,0
60097,2,1,1994,0,0,0,0,11,0,0,0,0,0
60098,1,1,1994,0,0,0,0,0,0,0,0,0,0
60099,1,1,1994,0,0,0,0,0,0,0,0,0,0
60099,2,1,1994,0,0,0,0,0,0,0,0,0,0
60100,0,1,1994,0,0,0,0,0,0,0,0,0,0
60100,1,1,1994,4,4,4,4,4,4,4,4,4,4
60101,1,1,1994,0,0,0,0,0,0,0,0,0,0
60101,2,1,1994,0,0,0,0,0,0,0,0,0,0
60102,0,1,1994,24,24,24,24,24,24,24,24,24,24
60102,1,1,1994,0,4,0,0,0,0,0,0,0,0
60103,1,1,1994,0,0,0,0,0,0,0,0,0,0
60103,2,1,1994,0,0,0,0,0,0,0,0,0,0
60103,3,1,1994,0,0,0,0,0,0,0,0,0,0
60103,4,1,1994,0,0,0,0,0,0,0,0,0,0
60104,1,1,1994,0,0,0,22,0,0,0,0,0,0
60105,1,1,1994,0,0,0,0,0,0,0,0,0,0
60105,2,1,1994,0,0,0,0,0,0,0,0,0,0
60106,0,1,1994,0,0,0,0,0,0,0,0,0,0
60106,1,1,1994,0,0,0,0,0,0,0,0,0,0
60107,1,1,1994,12,12,12,12,12,12,12,12,12,12
60108,0,1,1994,0,0,0,0,0,0,0,0,0,0
60108,1,1,1994,0,0,16,0,0,0,0,0,0,0
60109,1,1,1994,20,20,20,20,20,20,20,20,20,20
60110,1,1,1994,18,18,18,18,18,18,18,18,18,18
60111,1,1,1994,24,24,24,24,24,24,24,24,24,24
60112,1,1,1994,0,0,0,0,0,0,0,0,0,0
60113,0,1,1994,2,2,2,2,2,2,2,2,2,2
60113,1,1,1994,0,0,0,0,0,0,0,0,0,0
60114,1,1,1994,0,0,0,0,0,0,0,0,0,0
60114,2,1,1994,0,0,0,0,0,0,0,0,0,0
60115,1,1,1994,12,12,12,12,12,12,12,12,12,12
60116,0,1,1994,22,21,17,14,22,11,21,16,0,47
60116,1,1,1994,24,17,0,6,0,10,0,7,0,0
60117,1,1,1994,0,8,0,0,0,16,6,0,0,0
60117,2,1,1994,0,0,0,0,0,0,0,0,0,0
60118,0,1,1994,2,2,2,2,2,2,2,2,2,2
60118,1,1,1994,0,0,0,0,0,0,0,0,0,0
60119,1,1,1994,0,0,0,0,0,0,0,0,0,0
60119,2,1,1994,0,0,0,0,0,0,0,0,0,0
60120,0,1,1994,0,0,0,0,0,0,0,0,0,0
60120,1,1,1994,0,0,0,0,0,0,0,0,0,0
60121,1,1,1994,28,28,28,28,28,28,28,28,28,28
60122,1,1,1994,0,0,39,0,0,25,0,4,8,0
60123,1,1,1994,18,18,18,18,18,18,18,18,18,18
60124,1,1,1994,26,26,26,26,26,26,26,26,26,26
60125,1,1,1994,0,0,0,0,0,0,0,0,0,0
60125,2,1,1994,0,0,0,0,0,0,0,0,0,0
60126,1,1,1994,0,0,0,0,0,0,0,0,0,0
60126,2,1,1994,0,0,0,0,0,0,0,0,0,0
60127,1,1,1994,0,0,0,0,0,0,0,0,0,0
60127,2,1,1994,0,0,0,0,0,0,0,0,0,0
60128,1,1,1994,0,0,0,0,0,0,0,0,0,0
60128,2,1,1994,0,0,0,0,0,0,0,0,0,0
60128,3,1,1994,0,0,0,0,0,0,0,32,0,0
60129,1,1,1994,0,0,0,0,0,0,0,0,0,0
60129,2,1,1994,0,0,0,0,0,0,0,0,0,0
60130,1,1,1994,0,0,0,0,0,0,0,0,0,0
60130,2,1,1994,0,0,0,0,0,0,0,0,0,0
60131,1,1,1994,0,0,0,0,0,0,0,0,0,0
60131,2,1,1994,0,0,0,0,0,0,0,0,0,0
60131,3,1,1994,0,0,0,0,0,0,0,0,0,0
60132,1,1,1994,4,0,0,0,0,0,0,0,0,0
60132,2,1,1994,11,0,0,0,14,0,0,0,0,0
60133,1,1,1994,23,23,23,23,23,23,23,23,23,23
60133,2,1,1994,0,0,0,0,0,0,0,0,0,0
60134,0,1,1994,20,20,20,20,20,20,20,20,20,20
60134,1,1,1994,17,17,17,17,17,17,17,17,17,17
60135,1,1,1994,12,26,10,10,16,9,17,9,21,22
60135,2,1,1994,0,0,0,0,0,0,0,0,0,0
60136,1,1,1994,25,25,25,25,25,25,25,25,25,25
60137,1,1,1994,25,25,25,25,25,25,25,25,25,25
60137,2,1,1994,0,0,0,0,0,0,0,0,0,0
60138,0,1,1994,15,15,15,15,15,15,15,15,15,15
60138,1,1,1994,8,8,8,8,8,8,8,8,8,8
60139,1,1,1994,0,0,0,0,0,0,0,0,0,0
60139,2,1,1994,20,20,20,20,20,20,20,20,20,20
60140,1,1,1994,0,0,0,0,0,0,0,0,0,0
60141,1,1,1994,0,0,0,0,0,7,0,0,0,0
60142,0,1,1994,16,16,16,16,16,16,16,16,16,16
60142,1,1,1994,0,0,0,0,0,0,0,0,0,0
60143,1,1,1994,0,0,0,0,0,0,0,5,0,0
60143,2,1,1994,0,0,0,0,0,0,0,0,0,0
60144,1,1,1994,0,0,0,0,0,0,0,0,0,0
60144,2,1,1994,0,0,0,0,0,0,0,0,0,0
60145,1,1,1994,0,0,0,0,0,0,0,0,0,0
60146,1,1,1994,0,0,0,0,0,0,0,0,0,0
60147,1,1,1994,0,0,0,0,0,0,0,0,0,0
60148,0,1,1994,22,16,9,13,0,0,0,29,0,29
60148,1,1,1994,0,0,0,0,0,0,0,0,0,0
60149,1,1,1994,0,0,0,0,0,0,0,0,0,0
60150,1,1,1994,0,0,0,0,0,0,0,0,0,0
60150,2,1,1994,0,0,0,0,0,0,0,0,0,0
60150,3,1,1994,0,0,0,0,0,0,0,0,0,0
60151,0,1,1994,0,0,14,0,0,0,0,0,0,0
60151,1,1,1994,0,0,24,0,0,0,0,0,0,0
60152,1,1,1994,0,0,0,0,0,0,0,0,0,0
60152,2,1,1994,0,0,0,0,0,0,0,0,0,0
60153,0,1,1994,23,23,23,23,23,23,23,23,23,23
60153,1,1,1994,0,0,0,0,0,0,4,0,0,0
60154,1,1,1994,0,0,0,0,0,4,0,0,0,0
60154,2,1,1994,0,0,0,0,0,0,0,0,0,0
60155,0,1,1994,0,0,0,0,0,0,0,0,0,0
60155,1,1,1994,0,0,0,0,0,0,9,0,0,14
60156,1,1,1994,10,10,10,10,10,10,10,10,10,10
60156,2,1,1994,0,0,0,0,0,0,0,0,0,0
60157,0,1,1994,0,0,0,0,0,0,0,0,0,0
60157,1,1,1994,0,0,0,0,0,0,0,0,0,0
60158,1,1,1994,0,0,0,0,0,0,0,0,0,0
60159,1,1,1994,0,0,0,0,0,0,0,0,0,0
60159,2,1,1994,0,0,0,0,0,0,0,0,0,0
60160,1,1,1994,20,20,20,20,20,20,20,20,20,20
60161,1,1,1994,26,26,26,26,26,26,26,26,26,26
60162,0,1,1994,26,26,26,26,26,26,26,26,26,26
60162,1,1,1994,0,0,0,0,0,0,0,0,0,0
60163,1,1,1994,8,8,8,8,8,8,8,8,8,8
60163,2,1,1994,0,0,0,0,0,0,0,0,33,0
60164,1,1,1994,17,26,29,21,6,0,5,18,10,0
60165,1,1,1994,23,23,23,23,23,23,23,23,23,23
60166,1,1,1994,0,0,0,0,0,0,0,0,0,0
60167,1,1,1994,0,0,0,0,0,0,0,0,0,0
60168,0,1,1994,0,0,0,0,0,0,0,0,0,0
60168,1,1,1994,0,0,0,0,0,0,0,0,0,0
60169,1,1,1994,0,0,0,0,0,0,0,0,0,0
60169,2,1,1994,0,0,0,0,0,0,0,15,0,0
60170,1,1,1994,0,0,0,0,0,0,0,0,0,0
60170,2,1,1994,0,0,0,0,0,0,0,0,0,0
60171,0,1,1994,0,0,0,0,0,0,0,0,0,0
60171,1,1,1994,0,0,0,0,0,0,0,0,0,0
60172,0,1,1994,0,0,0,0,0,0,0,0,0,0
60172,1,1,1994,17,17,17,17,17,17,17,17,17,17
60173,1,1,1994,0,0,0,0,0,0,0,0,0,0
60174,1,1,1994,0,0,0,0,0,0,0,0,0,0
60174,2,1,1994,0,0,0,0,0,0,0,0,0,0
60175,1,1,1994,9,9,9,9,9,9,9,9,9,9
60175,2,1,1994,0,0,0,0,0,0,0,0,0,0
60176,1,1,1994,25,25,25,25,25,25,25,25,25,25
60177,1,1,1994,20,20,20,20,20,20,20,20,20,20
60177,2,1,1994,0,0,0,0,0,0,0,0,0,0
60178,1,1,1994,0,0,0,0,0,0,0,0,0,0
60179,1,1,1994,0,0,0,0,0,0,0,0,0,0
60179,2,1,1994,0,0,0,0,0,0,0,0,0,0
60180,1,1,1994,0,0,0,0,0,0,0,0,0,0
60180,2,1,1994,0,0,0,0,0,0,0,0,0,0
60181,1,1,1994,0,0,0,0,0,0,0,0,0,0
60181,2,1,1994,0,0,0,8,0,0,0,0,0,0
60182,1,1,1994,0,0,0,17,0,0,0,0,0,0
60182,2,1,1994,0,0,0,0,0,0,0,0,0,0
60182,3,1,1994,0,0,0,0,0,0,0,0,0,0
60182,4,1,1994,0,0,4,0,0,0,0,0,0,0
60182,5,1,1994,0,0,0,0,0,0,0,0,0,0
60182,6,1,1994,0,0,0,0,0,0,0,0,0,0
60183,0,1,1994,2,2,2,2,2,2,2,2,2,2
60183,1,1,1994,0,0,0,0,0,0,0,0,0,0
60184,0,1,1994,0,0,0,0,0,0,0,0,0,0
60184,1,1,1994,0,0,0,0,0,0,0,0,0,0
60185,1,1,1994,8,8,8,8,8,8,8,8,8,8
60186,1,1,1994,0,0,0,0,0,0,0,0,0,0
60187,1,1,1994,0,0,0,0,0,0,0,0,0,0
60188,0,1,1994,0,0,0,0,0,0,0,0,0,0
60188,1,1,1994,0,0,0,0,25,0,0,0,0,0
60189,1,1,1994,0,0,0,18,7,0,23,0,0,0
60189,2,1,1994,0,0,0,0,0,0,0,0,0,0
60190,0,1,1994,0,0,0,0,0,0,0,0,0,0
60190,1,1,1994,0,11,0,0,0,0,0,0,0,0
60191,1,1,1994,11,11,11,11,11,11,11,11,11,11
60191,2,1,1994,19,19,19,19,19,19,19,19,19,19
60192,0,1,1994,0,0,0,0,0,0,0,0,0,0
60192,1,1,1994,0,0,0,0,0,0,0,0,0,0
60193,1,1,1994,6,6,6,6,6,6,6,6,6,6
60194,1,1,1994,0,0,0,0,0,0,0,0,0,0
60194,2,1,1994,0,0,0,0,0,0,0,0,0,0
60195,1,1,1994,0,0,0,0,0,0,0,0,0,0
60196,1,1,1994,0,0,0,0,0,0,0,0,0,0
60196,2,1,1994,0,0,0,0,0,0,0,0,0,0
60197,1,1,1994,0,0,0,0,0,6,0,0,0,0
60197,2,1,1994,0,0,0,0,0,0,0,0,0,0
60198,1,1,1994,0,0,0,0,0,0,0,0,0,0
60198,2,1,1994,0,0,0,0,0,0,0,0,0,0
60199,1,1,1994,0,0,0,0,0,0,0,0,0,0
60199,2,1,1994,0,0,0,0,0,0,0,0,0,0
60199,3,1,1994,0,0,0,0,0,0,0,0,0,0
60199,4,1,1994,0,0,0,0,0,0,0,0,0,0
60200,0,1,1994,0,0,0,0,0,0,0,0,0,0
60200,1,1,1994,0,0,0,0,0,0,0,0,0,14
60201,1,1,1994,0,0,0,0,0,0,0,0,0,0
60201,2,1,1994,0,0,0,0,0,0,0,0,0,0
60202,1,1,1994,0,0,0,11,0,0,0,0,0,0
60202,2,1,1994,0,0,0,0,0,0,0,0,0,0
60203,1,1,1994,26,26,26,26,26,26,26,26,26,26
60203,2,1,1994,0,0,0,0,0,0,0,0,0,0
60204,1,1,1994,0,0,0,0,0,0,0,0,0,0
60205,0,1,1994,0,0,0,0,0,0,0,0,0,0
60205,1,1,1994,0,0,0,0,0,0,0,0,8,0
60206,1,1,1994,0,0,0,0,0,0,0,0,0,0
60207,1,1,1994,0,0,0,0,0,0,0,0,0,0
60208,1,1,1994,0,0,0,0,0,0,0,0,0,0
60208,2,1,1994,0,0,0,0,0,0,0,0,0,0
60209,1,1,1994,0,0,0,0,0,0,0,0,0,0
60209,2,1,1994,0,0,0,0,0,0,0,0,0,0
60210,0,1,1994,17,17,17,17,17,17,17,17,17,17
60210,1,1,1994,21,21,21,21,21,21,21,21,21,21
60211,0,1,1994,3,3,3,3,3,3,3,3,3,3
60211,1,1,1994,0,0,0,17,0,0,0,0,0,0
60211,3,1,1994,0,0,0,0,0,0,0,0,17,0
60212,0,1,1994,17,17,17,17,17,17,17,17,17,17
60212,1,1,1994,0,7,18,11,0,0,16,0,0,20
60213,1,1,1994,0,0,0,0,0,0,0,0,0,0
60214,1,1,1994,0,0,0,0,0,0,0,0,0,0
60215,1,1,1994,0,0,0,0,0,0,0,0,0,0
60215,2,1,1994,0,0,0,0,0,0,0,0,0,0
60215,3,1,1994,0,0,0,0,28,0,0,0,0,0
60215,4,1,1994,0,0,8,0,0,0,0,0,0,0
60216,1,1,1994,8,8,8,8,8,8,8,8,8,8
60217,0,1,1994,0,0,0,0,0,0,0,0,0,0
60217,2,1,1994,0,0,0,0,0,0,0,0,0,0
60218,1,1,1994,0,12,12,0,0,0,17,0,13,0
60218,2,1,1994,0,0,0,3,0,0,0,0,16,0
60218,3,1,1994,0,17,0,0,0,18,0,6,0,0
60218,4,1,1994,0,0,0,0,8,13,0,0,0,9
60218,5,1,1994,0,0,0,0,17,7,0,0,0,0
60219,1,1,1994,36,36,36,36,36,36,36,36,36,36
60219,2,1,1994,0,0,0,0,0,0,0,0,0,0
60220,1,1,1994,21,21,21,21,21,21,21,21,21,21
60221,0,1,1994,0,0,0,0,0,0,0,0,0,0
60221,1,1,1994,0,24,0,0,0,0,0,0,0,0
60222,1,1,1994,0,0,0,0,0,0,0,0,0,0
60222,2,1,1994,0,0,0,0,0,0,0,0,0,0
60223,1,1,1994,0,0,0,0,0,0,0,0,0,0
60224,1,1,1994,0,20,6,7,0,0,0,0,0,0
60225,0,1,1994,13,13,13,13,13,13,13,13,13,13
60225,2,1,1994,0,0,0,0,0,0,0,0,0,0
60226,1,1,1994,0,0,0,0,0,0,0,0,0,0
60226,2,1,1994,0,0,0,0,0,0,0,0,0,0
60227,1,1,1994,0,0,0,0,0,0,0,0,0,0
60227,2,1,1994,0,0,0,0,0,0,0,0,0,0
60228,0,1,1994,28,28,28,28,28,28,28,28,28,28
60228,1,1,1994,0,0,0,0,0,0,0,0,0,0
60229,1,1,1994,0,0,0,0,0,0,0,0,0,0
60229,2,1,1994,0,0,0,0,0,0,0,0,0,0
60230,0,1,1994,16,16,16,16,16,16,16,16,16,16
60230,1,1,1994,0,0,0,0,0,0,0,0,0,0
60231,0,1,1994,0,0,0,0,0,0,0,0,0,0
60231,1,1,1994,0,0,0,0,0,3,0,0,0,0
60232,1,1,1994,5,5,5,5,5,5,5,5,5,5
60232,2,1,1994,0,0,0,0,0,0,0,0,0,0
60233,1,1,1994,6,6,6,6,6,6,6,6,6,6
60234,1,1,1994,0,0,0,0,0,0,0,0,0,0
60234,2,1,1994,0,0,0,0,0,0,0,0,0,0
60235,1,1,1994,0,0,0,0,0,0,0,0,0,0
60236,1,1,1994,0,0,0,0,0,0,0,0,0,0
60236,2,1,1994,0,0,0,0,0,0,0,0,0,0
60236,3,1,1994,0,0,0,0,0,0,0,0,0,0
60237,1,1,1994,30,30,30,30,30,30,30,30,30,30
60238,1,1,1994,29,29,29,29,29,29,29,29,29,29
60239,1,1,1994,0,0,0,0,0,0,0,0,0,0
60240,1,1,1994,0,0,0,0,0,0,0,0,0,0
60241,0,1,1994,11,11,11,11,11,11,11,11,11,11
60241,1,1,1994,0,6,14,29,11,0,0,8,0,0
60242,0,1,1994,30,0,0,0,5,0,0,13,0,9
60242,1,1,1994,7,7,7,7,7,7,7,7,7,7
60243,1,1,1994,24,24,24,24,24,24,24,24,24,24
60244,1,1,1994,0,0,0,0,0,0,0,0,0,0
60245,0,1,1994,0,0,0,0,0,0,0,0,0,0
60245,1,1,1994,0,0,0,0,0,0,0,0,0,0
60246,1,1,1994,0,0,0,0,0,0,0,0,0,0
60247,1,1,1994,0,0,0,0,0,0,0,0,0,0
60248,0,1,1994,9,9,9,9,9,9,9,9,9,9
60248,1,1,1994,0,0,0,0,0,0,0,0,0,0
60249,0,1,1994,20,20,20,20,20,20,20,20,20,20
60249,1,1,1994,27,11,18,8,3,21,24,23,13,15
60250,1,1,1994,0,0,0,10,0,0,0,0,0,2
60250,2,1,1994,7,7,9,9,28,15,4,10,9,20
60251,1,1,1994,20,20,20,20,20,20,20,20,20,20
60252,0,1,1994,0,0,0,0,0,0,0,0,0,0
60252,1,1,1994,0,0,0,0,0,0,14,0,0,0
60253,1,1,1994,24,24,24,24,24,24,24,24,24,24
60254,1,1,1994,0,0,0,0,0,0,0,0,0,0
60254,2,1,1994,0,0,0,0,0,2,0,0,0,0
60255,1,1,1994,0,0,0,0,0,0,0,0,0,0
60256,0,1,1994,0,0,0,0,0,0,0,0,0,0
60256,1,1,1994,0,0,0,0,0,0,0,0,0,0
60257,0,1,1994,0,0,0,0,0,0,0,0,0,0
60257,1,1,1994,0,0,0,0,0,0,0,0,0,0
60258,0,1,1994,0,0,0,0,0,0,0,0,0,0