ST_CASE,VEH_NO,PER_NO,YEAR,P1,P2,P3,P4,P5,P6,P7,P8,P9,P10
60258,0,2,1994,23,0,5,0,0,0,18,0,0,19
60258,1,1,1994,0,0,0,0,0,0,14,0,0,0
60259,0,1,1994,0,0,0,0,0,0,0,0,0,0
60259,1,1,1994,0,0,0,0,0,0,0,0,0,0
60260,1,1,1994,17,0,0,0,0,20,21,15,19,22
60261,1,1,1994,15,15,15,15,15,15,15,15,15,15
60262,1,1,1994,0,0,0,0,0,0,0,0,0,0
60263,1,1,1994,17,17,17,17,17,17,17,17,17,17
60263,2,1,1994,0,0,0,0,0,0,0,0,17,0
60264,1,1,1994,0,0,0,0,0,0,0,0,0,0
60264,2,1,1994,26,26,26,26,26,26,26,26,26,26
60265,1,1,1994,0,0,0,0,0,0,0,0,0,0
60265,2,1,1994,0,0,0,0,0,0,0,0,0,0
60266,1,1,1994,15,15,15,15,15,15,15,15,15,15
60267,1,1,1994,27,27,27,27,27,27,27,27,27,27
60268,1,1,1994,0,0,0,0,0,0,0,0,0,0
60268,2,1,1994,15,0,0,15,23,0,30,0,0,20
60269,1,1,1994,0,0,0,0,0,0,0,0,0,0
60269,2,1,1994,0,0,0,0,0,0,0,0,0,0
60269,3,1,1994,0,0,0,0,0,0,0,0,0,0
60270,1,1,1994,0,0,0,0,0,0,0,0,0,0
60271,0,1,1994,0,0,0,0,0,0,0,0,0,0
60271,1,1,1994,0,0,0,0,0,0,0,0,0,0
60272,1,1,1994,0,0,0,0,0,0,0,0,0,0
60272,2,1,1994,0,0,0,0,0,0,0,0,0,0
60273,1,1,1994,0,0,0,0,0,0,0,0,0,0
60274,1,1,1994,12,23,29,7,0,13,18,9,26,10
60274,2,1,1994,0,0,0,0,0,0,0,0,0,0
60274,3,1,1994,0,0,0,0,0,0,0,0,0,0
60274,4,1,1994,0,0,0,0,0,0,0,0,0,0
60274,5,1,1994,0,0,0,0,0,0,0,0,0,0
60274,6,1,1994,0,0,0,0,0,0,0,18,12,0
60275,1,1,1994,0,0,0,0,0,0,0,0,0,0
60276,0,1,1994,0,0,0,0,0,0,0,0,0,0
60276,1,1,1994,0,0,0,0,0,0,0,0,0,0
60277,0,1,1994,0,0,0,0,0,0,0,0,0,0
60277,1,1,1994,0,0,0,0,0,0,0,0,0,0
60277,2,1,1994,0,0,0,0,0,0,0,0,0,0
60277,3,1,1994,0,0,0,14,0,0,0,0,0,0
60278,1,1,1994,0,0,0,0,0,0,0,0,0,0
60278,2,1,1994,0,0,0,0,0,0,0,0,0,0
60279,1,1,1994,0,0,0,0,0,0,0,0,0,0
60279,2,1,1994,0,0,0,0,0,0,0,0,0,0
60280,1,1,1994,0,0,0,0,0,0,0,0,0,0
60280,2,1,1994,0,0,0,0,0,0,0,0,0,0
60281,1,1,1994,13,13,13,13,13,13,13,13,13,13
60281,2,1,1994,0,0,0,0,0,0,0,0,0,0
60282,1,1,1994,0,0,0,0,0,0,0,0,0,0
60282,2,1,1994,0,12,0,0,0,0,0,0,0,0
60283,1,1,1994,0,0,0,0,0,0,0,0,0,0
60283,2,1,1994,0,0,0,0,0,0,0,0,0,0
60283,3,1,1994,0,0,0,12,0,0,0,0,0,0
60283,4,1,1994,0,0,0,0,0,0,0,0,0,0
60283,5,1,1994,0,0,0,0,0,0,0,0,0,0
60284,0,1,1994,0,0,0,0,0,0,0,0,0,0
60284,1,1,1994,0,0,0,0,0,0,0,0,0,0
60285,1,1,1994,0,0,0,0,8,0,0,0,0,0
60285,2,1,1994,0,0,0,0,0,0,0,0,0,0
60285,3,1,1994,0,5,0,0,0,0,13,0,0,0
60286,0,1,1994,0,0,0,0,0,0,0,0,0,0
60286,1,1,1994,11,11,11,11,11,11,11,11,11,11
60287,1,1,1994,0,0,0,0,0,0,0,0,0,0
60288,0,1,1994,0,0,0,0,0,0,0,0,0,0
60288,1,1,1994,21,18,0,0,20,0,12,0,0,25
60289,1,1,1994,0,0,0,0,0,0,0,0,0,0
60290,1,1,1994,13,13,13,13,13,13,13,13,13,13
60290,2,1,1994,16,26,0,0,0,0,0,0,0,0
60291,1,1,1994,1,1,1,1,1,1,1,1,1,1
60292,0,1,1994,0,0,0,0,0,0,0,0,0,0
60292,1,1,1994,0,0,0,0,0,0,0,0,0,0
60293,0,1,1994,0,0,0,0,0,0,0,0,0,0
60293,0,2,1994,0,0,19,0,0,0,11,18,20,0
60293,1,1,1994,0,0,0,0,0,0,0,0,0,0
60294,1,1,1994,14,14,14,14,14,14,14,14,14,14
60295,0,1,1994,0,0,0,0,0,0,0,0,0,0
60295,1,1,1994,6,4,0,0,8,0,0,0,3,0
60296,1,1,1994,0,0,0,0,0,0,0,0,0,0
60297,0,1,1994,45,7,12,0,20,13,0,27,0,22
60297,1,1,1994,0,0,0,0,0,0,0,0,0,0
60298,1,1,1994,0,0,0,0,0,0,0,0,0,0
60299,1,1,1994,0,0,0,0,0,0,0,0,0,0
60299,2,1,1994,0,0,0,0,0,0,0,0,0,0
60300,0,1,1994,0,0,0,0,0,0,0,0,0,0
60300,1,1,1994,0,0,0,0,0,0,0,0,0,0
60301,1,1,1994,20,20,20,20,20,20,20,20,20,20
60302,1,1,1994,0,0,0,0,0,0,0,0,0,0
60302,2,1,1994,0,0,0,0,0,0,0,0,0,0
60303,1,1,1994,0,0,0,0,0,0,0,0,0,0
60303,2,1,1994,0,0,0,0,0,0,0,0,0,0
60303,3,1,1994,0,0,0,0,0,0,0,0,0,0
60304,1,1,1994,0,0,0,0,0,0,0,0,0,0
60304,2,1,1994,0,0,0,0,0,0,0,0,0,0
60305,1,1,1994,25,0,0,0,0,0,0,0,0,0
60305,2,1,1994,0,0,0,0,0,0,0,0,0,0
60306,1,1,1994,20,20,20,20,20,20,20,20,20,20
60307,0,1,1994,0,0,0,0,0,0,0,0,0,0
60307,1,1,1994,0,0,0,0,0,0,0,0,0,0
60308,1,1,1994,0,0,0,0,0,0,0,0,0,0
60309,1,1,1994,0,0,0,0,0,0,0,0,0,0
60309,2,1,1994,0,0,0,0,0,0,0,0,0,0
60310,1,1,1994,0,0,0,0,0,0,0,0,0,0
60310,2,1,1994,0,0,0,0,0,0,0,0,0,0
60311,1,1,1994,0,0,0,0,0,0,0,0,0,0
60311,2,1,1994,0,0,0,0,0,0,0,0,0,0
60312,1,1,1994,0,0,0,0,0,0,0,0,0,0
60313,1,1,1994,15,15,15,15,15,15,15,15,15,15
60314,1,1,1994,0,0,0,0,0,0,0,0,0,0
60314,2,1,1994,0,0,0,0,0,0,0,0,0,0
60315,1,1,1994,0,0,0,0,0,0,0,0,0,0
60315,2,1,1994,0,0,0,0,20,0,0,0,0,0
60316,1,1,1994,0,0,0,0,0,0,0,0,0,0
60317,0,1,1994,23,30,22,9,0,0,0,0,0,24
60317,1,1,1994,0,0,0,0,0,0,0,0,0,0
60318,1,1,1994,0,0,13,0,10,22,0,0,14,24
60318,2,1,1994,0,0,0,0,0,0,0,0,0,0
60319,0,1,1994,0,0,0,0,0,0,0,0,0,0
60319,1,1,1994,0,0,0,19,0,20,0,10,0,0
60320,1,1,1994,24,24,24,24,24,24,24,24,24,24
60320,2,1,1994,0,0,0,0,0,0,0,0,0,0
60320,3,1,1994,0,0,0,0,0,0,0,0,0,0
60321,0,1,1994,0,0,0,0,0,0,0,0,0,0
60321,1,1,1994,0,0,0,0,0,0,0,0,0,0
60322,1,1,1994,0,0,0,0,0,0,0,0,0,0
60322,2,1,1994,0,0,0,0,0,0,0,0,0,0
60323,1,1,1994,0,0,0,0,0,0,0,0,0,0
60323,2,1,1994,0,0,0,0,0,0,0,0,0,0
60324,1,1,1994,0,0,0,0,0,0,0,0,0,0
60324,2,1,1994,0,0,0,0,0,6,0,0,0,0
60325,0,1,1994,0,0,0,0,0,0,0,0,0,0
60325,1,1,1994,0,0,0,0,0,0,0,0,0,0
60326,1,1,1994,22,22,22,22,22,22,22,22,22,22
60327,0,1,1994,9,0,0,0,14,0,0,0,0,0
60327,1,1,1994,0,0,0,0,0,0,0,0,0,0
60328,1,1,1994,0,0,0,0,0,0,0,0,0,0
60328,2,1,1994,0,0,0,0,0,0,0,0,0,0
60329,1,1,1994,0,0,0,0,0,0,0,0,0,0
60329,2,1,1994,0,0,0,0,0,0,0,0,0,0
60330,1,1,1994,0,0,0,0,9,0,0,0,0,0
60330,2,1,1994,0,0,0,0,0,0,0,0,0,0
60330,3,1,1994,0,0,0,0,0,0,0,0,0,0
60331,1,1,1994,0,0,0,0,0,0,0,0,0,0
60331,2,1,1994,0,0,0,0,0,0,0,0,0,0
60332,1,1,1994,0,0,0,0,0,0,0,0,0,0
60332,2,1,1994,0,0,0,0,0,0,0,0,0,0
60333,1,1,1994,17,17,17,17,17,17,17,17,17,17
60333,2,1,1994,0,0,0,0,0,0,0,0,0,0
60333,3,1,1994,0,0,0,0,11,0,0,0,0,0
60334,1,1,1994,0,0,0,0,0,0,0,0,0,0
60335,1,1,1994,17,17,17,17,17,17,17,17,17,17
60336,1,1,1994,0,0,0,0,0,0,0,0,0,0
60337,1,1,1994,11,11,11,11,11,11,11,11,11,11
60338,1,1,1994,0,0,0,0,0,0,0,0,0,0
60338,2,1,1994,0,0,0,0,0,0,0,0,0,0
60339,1,1,1994,2,2,2,2,2,2,2,2,2,2
60340,1,1,1994,0,0,0,0,0,0,15,0,0,0
60340,2,1,1994,0,0,0,0,0,0,0,0,0,0
60341,1,1,1994,0,0,0,0,0,0,0,0,0,0
60341,2,1,1994,0,0,0,0,0,0,0,0,0,0
60342,1,1,1994,0,0,0,0,0,0,0,0,0,0
60342,2,1,1994,0,0,0,0,0,0,0,0,0,0
60343,1,1,1994,12,0,0,0,0,0,0,0,0,0
60343,2,1,1994,0,0,0,0,0,0,0,0,0,0
60344,1,1,1994,0,0,0,0,0,0,0,0,0,0
60344,2,1,1994,0,0,0,0,0,0,0,0,0,0
60345,1,1,1994,18,18,18,18,18,18,18,18,18,18
60346,0,1,1994,24,24,24,24,24,24,24,24,24,24
60346,1,1,1994,0,0,0,0,0,0,0,0,0,0
60346,2,1,1994,0,0,0,0,0,0,0,0,0,0
60347,1,1,1994,21,21,21,21,21,21,21,21,21,21
60347,2,1,1994,0,0,0,0,0,0,0,0,0,0
60348,1,1,1994,0,0,0,0,0,0,0,0,0,0
60348,2,1,1994,0,0,0,0,0,0,0,0,0,0
60350,0,1,1994,0,0,0,0,0,0,0,0,0,0
60350,1,1,1994,0,23,0,0,0,0,0,0,0,0
60351,0,1,1994,5,5,5,5,5,5,5,5,5,5
60351,1,1,1994,0,0,4,0,11,0,6,10,0,35
60352,1,1,1994,28,28,28,28,28,28,28,28,28,28
60353,1,1,1994,0,0,0,0,0,0,0,0,0,0
60353,2,1,1994,0,0,0,0,0,0,0,0,0,0
60354,1,1,1994,13,13,13,13,13,13,13,13,13,13
60355,1,1,1994,0,0,0,0,0,0,0,0,0,0
60356,1,1,1994,0,0,0,0,0,0,0,0,0,0
60356,2,1,1994,0,0,0,0,0,0,0,0,0,0
60357,1,1,1994,17,17,17,17,17,17,17,17,17,17
60358,0,1,1994,0,0,0,0,0,0,0,0,0,0
60358,1,1,1994,0,0,0,0,0,0,0,0,0,0
60358,2,1,1994,0,0,0,40,0,0,0,15,0,0
60359,1,1,1994,2,2,2,2,2,2,2,2,2,2
60360,1,1,1994,0,0,0,0,0,0,0,0,0,0
60360,2,1,1994,0,0,0,0,0,0,0,0,0,0
60361,1,1,1994,0,0,0,0,0,0,0,0,0,0
60361,2,1,1994,0,0,0,0,0,0,0,0,0,0
60362,0,1,1994,12,12,12,12,12,12,12,12,12,12
60362,1,1,1994,8,0,0,11,0,0,0,0,0,0
60363,1,1,1994,6,15,17,8,4,21,27,15,4,22
60364,1,1,1994,11,11,11,11,11,11,11,11,11,11
60365,1,1,1994,0,0,0,0,0,0,0,0,0,0
60365,2,1,1994,0,0,0,0,0,0,0,0,0,0
60366,0,1,1994,0,0,0,0,0,0,0,0,0,0
60366,1,1,1994,0,0,0,0,0,0,0,0,0,0
60367,1,1,1994,0,0,0,0,0,0,0,0,0,0
60367,2,1,1994,0,0,0,0,0,0,0,0,0,0
60367,3,1,1994,0,0,0,0,0,0,0,0,0,0
60367,4,1,1994,0,0,0,0,0,0,0,0,0,0
60367,5,1,1994,0,0,0,0,0,0,0,0,0,0
60367,6,1,1994,0,0,22,0,0,0,0,0,0,0
60368,1,1,1994,0,0,0,0,0,0,0,0,0,0
60369,1,1,1994,18,18,18,18,18,18,18,18,18,18
60370,1,1,1994,0,0,0,0,0,0,0,0,0,0
60371,1,1,1994,0,0,0,0,0,0,0,0,0,0
60372,1,1,1994,22,22,22,22,22,22,22,22,22,22
60372,2,1,1994,0,0,0,0,0,0,0,0,0,0
60373,1,1,1994,0,0,0,0,0,0,0,0,0,0
60373,2,1,1994,0,0,0,0,0,0,25,0,0,0
60373,3,1,1994,0,0,0,0,0,0,0,0,0,0
60374,0,1,1994,28,28,28,28,28,28,28,28,28,28
60374,1,1,1994,0,0,0,0,0,0,0,0,0,0
60375,1,1,1994,10,10,10,10,10,10,10,10,10,10
60375,2,1,1994,0,0,0,0,0,0,0,0,0,0
60376,1,1,1994,0,0,0,0,0,0,0,0,0,0
60376,2,1,1994,0,0,0,0,0,0,0,0,0,0
60377,1,1,1994,0,0,0,0,0,0,0,0,0,7
60377,2,1,1994,0,0,0,0,0,0,0,7,7,0
60377,3,1,1994,0,0,0,0,0,0,0,0,0,0
60378,1,1,1994,7,7,7,7,7,7,7,7,7,7
60379,1,1,1994,16,16,16,16,16,16,16,16,16,16
60380,0,1,1994,16,0,0,32,0,25,22,22,20,0
60380,1,1,1994,0,0,0,0,0,0,0,0,0,0
60381,1,1,1994,0,0,0,0,0,0,0,0,0,0
60381,2,1,1994,0,0,0,0,0,0,0,0,24,0
60382,0,1,1994,0,0,0,0,0,0,0,0,0,0
60382,0,2,1994,0,0,0,0,0,0,0,0,0,0
60382,1,1,1994,0,0,0,11,0,0,0,0,0,0
60383,1,1,1994,0,0,0,0,0,0,0,0,0,0
60384,1,1,1994,0,0,0,0,0,0,0,0,0,0
60384,2,1,1994,0,0,0,0,0,0,0,0,0,0
60385,0,1,1994,0,0,0,0,0,0,0,0,0,0
60385,1,1,1994,0,0,0,0,0,0,0,0,0,0
60386,1,1,1994,20,20,20,20,20,20,20,20,20,20
60386,2,1,1994,0,0,0,0,0,0,0,0,0,0
60386,3,1,1994,0,0,0,0,0,0,15,0,0,0
60387,1,1,1994,21,21,21,21,21,21,21,21,21,21
60387,2,1,1994,0,0,0,0,0,0,0,0,0,0
60388,1,1,1994,0,0,0,0,0,0,0,0,0,0
60388,2,1,1994,0,0,0,0,0,0,0,0,0,0
60388,3,1,1994,0,0,0,0,0,0,0,0,0,0
60389,1,1,1994,0,0,0,0,0,0,0,0,0,0
60389,2,1,1994,0,0,0,0,0,0,0,0,0,0
60390,0,1,1994,0,0,0,0,0,0,0,0,0,0
60390,1,1,1994,0,0,0,0,0,0,0,0,0,0
60391,0,1,1994,23,23,23,23,23,23,23,23,23,23
60391,0,2,1994,42,22,0,7,0,27,0,26,0,19
60391,1,1,1994,0,0,0,0,0,0,0,0,0,0
60392,1,1,1994,0,0,0,0,0,0,0,0,0,0
60393,0,1,1994,0,0,0,18,0,0,0,0,0,12
60394,1,1,1994,0,0,0,0,0,0,0,0,0,0
60394,2,1,1994,0,0,0,0,0,0,0,0,0,0
60395,1,1,1994,0,0,0,0,0,0,0,0,0,0
60395,2,1,1994,0,0,0,0,0,0,0,0,0,0
60395,3,1,1994,0,0,0,0,0,0,0,0,0,24
60396,1,1,1994,10,10,10,10,10,10,10,10,10,10
60397,1,1,1994,18,18,18,18,18,18,18,18,18,18
60398,1,1,1994,20,20,20,20,20,20,20,20,20,20
60398,2,1,1994,0,0,0,0,0,0,0,0,0,0
60399,1,1,1994,16,16,16,16,16,16,16,16,16,16
60400,1,1,1994,0,0,0,0,0,0,0,0,0,0
60400,2,1,1994,0,0,0,0,0,0,0,0,0,0
60401,0,1,1994,20,20,20,20,20,20,20,20,20,20
60401,1,1,1994,0,0,0,0,0,0,0,0,0,0
60402,1,1,1994,0,0,0,0,0,0,0,0,0,0
60403,0,1,1994,0,0,0,0,0,0,0,0,0,0
60403,1,1,1994,0,0,0,0,0,0,0,0,0,0
60404,0,1,1994,0,0,0,0,0,0,0,0,0,0
60404,1,1,1994,0,0,0,0,0,0,0,0,0,0
60405,1,1,1994,8,8,8,8,8,8,8,8,8,8
60405,2,1,1994,0,0,0,0,0,0,0,0,0,0
60406,0,1,1994,0,0,0,0,0,0,0,0,0,0
60406,1,1,1994,0,0,0,0,0,0,0,0,0,0
60407,1,1,1994,20,20,20,20,20,20,20,20,20,20
60407,2,1,1994,0,0,0,0,0,0,0,0,0,0
60408,1,1,1994,21,21,21,21,21,21,21,21,21,21
60408,2,1,1994,0,0,0,0,0,0,0,0,0,0
60409,1,1,1994,13,13,13,13,13,13,13,13,13,13
60409,2,1,1994,34,18,0,28,31,15,8,0,0,22
60410,0,1,1994,0,0,0,0,0,0,0,0,0,0
60410,1,1,1994,0,0,0,0,0,0,0,0,0,0
60411,1,1,1994,0,0,0,0,0,0,0,0,0,0
60412,1,1,1994,13,13,13,13,13,13,13,13,13,13
60412,2,1,1994,0,0,0,0,0,0,0,0,0,0
60413,1,1,1994,0,0,0,0,0,0,0,0,0,0
60414,1,1,1994,13,13,13,13,13,13,13,13,13,13
60414,2,1,1994,0,0,0,0,0,0,0,0,28,0
60415,0,1,1994,27,27,27,27,27,27,27,27,27,27
60415,1,1,1994,1,1,1,1,1,1,1,1,1,1
60416,1,1,1994,8,8,8,8,8,8,8,8,8,8
60417,1,1,1994,0,0,0,0,0,0,0,0,0,0
60417,2,1,1994,0,0,0,6,0,0,2,0,0,0
60418,0,1,1994,0,0,0,0,0,0,0,0,0,0
60418,1,1,1994,14,0,17,17,8,0,3,34,21,20
60419,0,1,1994,0,0,0,0,0,0,0,0,0,0
60419,1,1,1994,0,0,24,0,0,0,0,0,0,11
60420,1,1,1994,13,13,13,13,13,13,13,13,13,13
60420,2,1,1994,0,0,0,0,0,0,18,0,0,17
60421,1,1,1994,0,0,0,0,0,0,0,0,0,0
60421,2,1,1994,0,0,0,0,0,0,0,0,0,0
60421,3,1,1994,0,0,0,0,0,0,0,0,0,0
60422,0,1,1994,0,0,0,0,0,0,0,0,0,0
60422,1,1,1994,0,0,35,0,0,0,0,0,0,13
60423,1,1,1994,0,0,0,0,0,0,0,0,0,0
60423,2,1,1994,10,10,10,10,10,10,10,10,10,10
60424,1,1,1994,10,10,10,10,10,10,10,10,10,10
60425,0,1,1994,0,0,0,0,0,0,0,0,0,0
60426,1,1,1994,0,0,4,0,0,0,0,0,0,0
60426,2,1,1994,0,0,0,0,0,0,0,0,0,0
60426,3,1,1994,0,0,0,0,0,0,0,0,0,19
60427,1,1,1994,8,0,7,15,19,13,25,8,7,4
60427,2,1,1994,21,21,21,21,21,21,21,21,21,21
60427,3,1,1994,0,6,13,23,10,0,0,16,0,17
60428,1,1,1994,0,0,0,0,0,0,0,0,0,0
60428,2,1,1994,0,0,0,0,0,0,0,0,0,0
60429,1,1,1994,0,0,0,0,0,0,0,0,0,0
60430,1,1,1994,0,0,0,0,19,0,0,0,12,0
60430,2,1,1994,0,11,18,0,0,0,16,0,0,0
60430,3,1,1994,0,0,0,0,0,0,0,0,0,0
60431,1,1,1994,0,0,0,0,0,0,0,0,0,0
60431,2,1,1994,0,13,24,0,0,0,0,0,0,0
60432,1,1,1994,0,0,0,0,0,0,0,0,0,0
60433,0,1,1994,0,0,0,0,0,0,0,0,0,0
60433,1,1,1994,0,0,0,0,0,0,0,0,0,0
60434,1,1,1994,0,0,0,0,0,11,0,0,0,0
60435,1,1,1994,0,0,0,0,0,0,0,0,0,0
60435,2,1,1994,0,0,0,0,0,0,0,0,0,0
60436,1,1,1994,0,0,0,0,0,0,0,0,0,0
60437,1,1,1994,13,13,13,13,13,13,13,13,13,13
60438,1,1,1994,12,12,12,12,12,12,12,12,12,12
60439,1,1,1994,0,0,0,0,0,0,0,0,0,0
60440,0,1,1994,0,0,0,0,0,0,0,0,0,0
60440,0,2,1994,0,0,24,0,0,20,0,0,0,26
60440,1,1,1994,0,0,0,0,0,0,0,0,0,0
60440,2,1,1994,0,0,0,0,0,0,0,0,0,0
60441,1,1,1994,0,0,0,0,0,0,0,0,0,0
60442,1,1,1994,0,0,0,0,0,0,0,0,0,0
60443,1,1,1994,0,0,0,0,0,0,0,0,0,0
60443,2,1,1994,0,0,0,0,0,0,0,0,0,0
60444,1,1,1994,24,24,24,24,24,24,24,24,24,24
60445,1,1,1994,0,0,0,0,0,0,0,0,0,0
60445,2,1,1994,0,0,0,0,0,0,12,0,0,0
60446,0,1,1994,11,11,11,11,11,11,11,11,11,11
60446,1,1,1994,0,17,11,0,18,0,11,0,0,4
60447,1,1,1994,0,0,0,0,0,0,0,0,0,0
60447,2,1,1994,0,0,0,0,0,0,0,0,0,0
60448,1,1,1994,0,0,0,0,0,0,0,0,0,0
60448,2,1,1994,0,0,0,0,0,0,0,0,0,0
60449,1,1,1994,0,0,0,0,0,0,0,0,0,0
60450,1,1,1994,25,25,25,25,25,25,25,25,25,25
60451,1,1,1994,0,0,0,0,0,0,0,0,0,0
60451,2,1,1994,0,0,0,0,0,0,0,0,0,0
60452,1,1,1994,0,0,0,0,0,0,0,0,0,0
60452,2,1,1994,0,0,0,0,0,0,0,0,0,0
60453,1,1,1994,0,0,0,0,0,0,0,0,0,0
60453,2,1,1994,0,0,0,0,0,0,0,0,0,0
60454,1,1,1994,0,0,0,0,0,0,0,0,0,0
60454,2,1,1994,0,0,0,0,0,0,0,0,0,0
60455,0,1,1994,21,21,21,21,21,21,21,21,21,21
60455,1,1,1994,0,0,10,0,0,0,0,0,0,0
60455,2,1,1994,16,0,0,0,0,0,0,0,14,0
60456,0,1,1994,0,0,0,0,0,0,0,0,0,0
60456,1,1,1994,0,0,0,0,0,10,0,0,0,8
60457,1,1,1994,27,27,27,27,27,27,27,27,27,27
60457,2,1,1994,0,0,0,0,0,0,0,0,0,0
60458,1,1,1994,18,18,18,18,18,18,18,18,18,18
60459,1,1,1994,22,22,22,22,22,22,22,22,22,22
60459,2,1,1994,0,0,10,0,0,0,0,0,0,0
60459,3,1,1994,18,0,0,0,0,0,0,0,0,0
60460,1,1,1994,0,0,0,0,0,0,0,0,0,0
60461,0,1,1994,0,0,0,0,0,0,0,0,0,0
60461,1,1,1994,0,0,0,0,0,0,0,0,0,0
60462,1,1,1994,20,20,20,20,20,20,20,20,20,20
60462,2,1,1994,0,0,0,0,0,0,0,0,0,0
60463,1,1,1994,11,11,11,11,11,11,11,11,11,11
60464,1,1,1994,27,27,27,27,27,27,27,27,27,27
60465,0,1,1994,0,0,0,0,0,0,0,0,0,0
60465,1,1,1994,0,0,0,0,0,0,0,0,0,0
60466,1,1,1994,0,0,0,0,0,0,0,0,0,0
60466,2,1,1994,0,0,0,0,0,0,0,0,0,0
60467,0,1,1994,0,0,0,17,0,20,0,0,0,0
60467,1,1,1994,0,0,0,0,0,0,0,0,0,0
60468,1,1,1994,31,31,31,31,31,31,31,31,31,31
60469,0,1,1994,21,21,21,21,21,21,21,21,21,21
60469,1,1,1994,0,0,0,0,0,0,0,19,19,0
60470,1,1,1994,0,0,0,0,0,0,0,0,0,0
60471,1,1,1994,0,0,0,0,0,0,0,0,0,0
60471,2,1,1994,0,0,0,0,0,0,0,0,0,0
60472,1,1,1994,11,11,11,11,11,11,11,11,11,11
60472,2,1,1994,0,0,0,0,0,0,0,0,0,0
60473,1,1,1994,0,0,0,0,0,0,0,0,0,0
60473,2,1,1994,0,0,0,0,0,0,0,0,0,0
60474,0,1,1994,0,0,0,0,0,0,0,0,0,0
60474,1,1,1994,0,0,0,0,0,0,0,0,14,0
60475,1,1,1994,0,0,0,0,0,0,23,24,0,0
60476,1,2,1994,18,29,0,0,8,0,0,8,0,0
60477,0,1,1994,0,0,0,0,0,0,0,0,0,0
60477,1,1,1994,0,0,0,0,0,0,0,0,0,0
60478,0,1,1994,0,0,0,0,0,0,0,0,0,0
60478,1,1,1994,0,0,0,0,0,0,0,0,0,0
60479,0,1,1994,0,0,0,0,0,0,0,0,0,0
60479,1,1,1994,24,24,24,24,24,24,24,24,24,24
60480,1,1,1994,0,0,0,0,0,0,0,0,0,0
60481,1,1,1994,0,0,0,0,0,0,0,0,0,0
60482,1,1,1994,0,0,0,0,0,0,0,0,0,0
60482,2,1,1994,0,9,0,11,3,0,0,16,0,0
60482,3,1,1994,0,0,0,0,0,0,0,0,0,0
60482,4,1,1994,0,0,0,0,0,0,0,0,0,0
60482,5,1,1994,0,0,0,0,0,0,0,0,0,0
60482,6,1,1994,0,0,0,0,0,0,0,0,0,0
60482,7,1,1994,0,0,0,0,0,0,0,0,0,0
60482,8,1,1994,0,0,0,0,0,0,0,0,0,0
60483,0,1,1994,0,0,0,0,0,0,0,0,0,0
60483,1,1,1994,19,19,19,19,19,19,19,19,19,19
60484,1,1,1994,12,12,12,12,12,12,12,12,12,12
60484,2,1,1994,18,18,18,18,18,18,18,18,18,18
60485,0,1,1994,24,24,24,24,24,24,24,24,24,24
60485,1,1,1994,0,0,0,0,0,0,0,0,0,0
60485,2,1,1994,0,0,0,0,0,14,0,0,19,0
60486,0,1,1994,3,3,3,3,3,3,3,3,3,3
60486,1,1,1994,0,0,0,0,0,0,0,0,0,0
60487,1,1,1994,8,0,0,0,0,0,0,0,0,0
60487,2,1,1994,0,0,0,0,0,0,0,0,0,0
60488,1,1,1994,0,0,0,0,0,0,0,0,0,0
60488,2,1,1994,0,0,0,0,0,0,0,0,0,0
60488,3,1,1994,0,0,0,0,0,0,0,0,0,0
60488,4,1,1994,0,0,0,0,0,0,0,0,0,0
60488,5,1,1994,0,0,0,0,0,0,0,0,0,0
60489,0,1,1994,0,0,0,0,0,0,0,0,0,0
60490,0,1,1994,0,0,0,0,0,0,0,0,0,35
60490,1,1,1994,0,0,0,0,0,0,0,0,5,0
60490,2,1,1994,18,18,18,18,18,18,18,18,18,18
60491,1,1,1994,12,0,0,11,0,0,0,0,0,0
60492,1,1,1994,0,0,0,0,0,0,0,0,0,0
60492,2,1,1994,0,0,0,0,0,0,0,0,0,0
60493,0,1,1994,0,0,0,0,0,0,0,0,0,0
60493,1,1,1994,0,0,0,0,0,0,0,0,0,0
60494,1,1,1994,0,0,0,0,0,0,0,0,21,0
60494,2,1,1994,4,4,4,4,4,4,4,4,4,4
60495,0,1,1994,4,4,4,4,4,4,4,4,4,4
60495,1,1,1994,12,19,20,16,16,11,23,10,15,33
60496,1,1,1994,3,3,3,3,3,3,3,3,3,3
60497,1,1,1994,21,21,21,21,21,21,21,21,21,21
60497,2,1,1994,0,0,0,0,0,0,0,0,0,0