ST_CASE,VEH_NO,PER_NO,YEAR,P1,P2,P3,P4,P5,P6,P7,P8,P9,P10
60498,1,1,1994,0,0,0,0,0,0,0,0,0,0
60499,1,1,1994,26,26,26,26,26,26,26,26,26,26
60499,2,1,1994,19,19,19,19,19,19,19,19,19,19
60500,1,1,1994,16,8,13,15,18,14,17,18,27,0
60501,0,1,1994,0,0,0,0,0,0,0,6,0,0
60501,1,1,1994,0,0,0,0,0,0,0,0,0,0
60502,0,1,1994,28,20,11,22,0,24,5,0,5,23
60502,0,2,1994,0,0,0,0,0,0,0,0,0,0
60502,1,1,1994,0,0,0,0,0,0,0,0,0,0
60503,1,1,1994,13,13,13,13,13,13,13,13,13,13
60504,0,1,1994,0,0,0,0,0,0,0,0,0,0
60504,1,1,1994,0,0,0,0,0,0,0,0,0,0
60505,1,1,1994,8,8,8,8,8,8,8,8,8,8
60506,1,1,1994,0,0,0,0,0,0,0,0,0,0
60507,0,1,1994,0,0,0,0,0,0,0,0,0,0
60507,0,2,1994,0,0,0,0,0,0,0,0,0,0
60507,1,1,1994,0,0,0,0,0,0,0,0,0,0
60508,0,1,1994,0,0,0,0,0,0,0,0,0,0
60508,1,1,1994,0,0,0,0,0,0,0,0,0,0
60508,2,1,1994,0,0,0,0,0,0,0,0,0,0
60509,1,1,1994,0,0,0,0,0,0,0,0,0,0
60510,0,1,1994,0,0,0,0,0,0,0,0,0,0
60510,1,1,1994,0,0,0,0,0,0,0,0,0,0
60511,1,1,1994,18,18,18,18,18,18,18,18,18,18
60512,1,1,1994,0,20,9,0,0,0,14,0,7,0
60512,2,1,1994,0,0,0,0,0,0,0,0,0,0
60513,1,1,1994,14,14,14,14,14,14,14,14,14,14
60513,2,1,1994,0,0,0,0,0,0,0,0,0,0
60514,1,1,1994,19,19,19,19,19,19,19,19,19,19
60515,1,1,1994,17,0,0,10,0,0,22,0,0,0
60515,2,1,1994,0,0,0,0,5,0,0,0,0,0
60516,1,1,1994,0,0,0,0,8,0,0,0,0,0
60517,0,1,1994,0,0,0,0,0,0,0,0,0,0
60517,1,1,1994,0,0,0,16,0,0,0,0,0,0
60518,1,1,1994,13,13,13,13,13,13,13,13,13,13
60519,1,1,1994,11,11,11,11,11,11,11,11,11,11
60520,1,1,1994,0,0,0,0,0,0,0,0,0,0
60521,1,1,1994,29,29,29,29,29,29,29,29,29,29
60521,2,1,1994,0,0,0,0,0,0,0,0,0,0
60522,1,1,1994,0,0,0,0,0,0,0,6,0,0
60522,2,1,1994,0,0,0,0,0,0,0,0,0,0
60523,1,1,1994,21,21,21,21,21,21,21,21,21,21
60524,1,1,1994,17,17,17,17,17,17,17,17,17,17
60525,1,1,1994,3,3,3,3,3,3,3,3,3,3
60526,1,1,1994,0,0,0,6,5,20,0,0,25,22
60526,2,1,1994,0,0,0,0,0,0,0,0,0,0
60527,1,1,1994,0,0,0,0,0,0,0,0,0,0
60527,2,1,1994,0,0,0,0,0,0,0,0,0,0
60528,1,1,1994,0,0,0,22,19,8,0,30,15,0
60529,1,1,1994,0,0,0,0,0,0,0,0,0,0
60530,0,1,1994,0,0,0,0,0,0,0,0,0,0
60530,1,1,1994,29,0,2,0,0,21,0,0,0,18
60531,0,1,1994,27,27,27,27,27,27,27,27,27,27
60531,1,1,1994,0,0,0,0,0,0,0,0,0,0
60532,1,1,1994,0,0,0,0,0,0,0,0,0,0
60533,0,1,1994,43,43,43,43,43,43,43,43,43,43
60533,1,1,1994,0,0,0,0,0,0,0,0,0,0
60533,2,1,1994,0,0,0,0,0,0,0,0,0,0
60533,3,1,1994,0,16,0,0,0,0,0,0,0,0
60534,1,1,1994,0,0,0,0,0,0,0,0,0,0
60535,1,1,1994,0,0,0,0,0,0,0,0,0,0
60535,2,1,1994,0,0,0,0,0,0,0,0,0,0
60536,0,1,1994,2,2,2,2,2,2,2,2,2,2
60536,1,1,1994,0,0,0,0,0,0,0,0,0,0
60537,1,1,1994,0,0,0,0,0,0,0,0,0,0
60537,2,1,1994,0,0,0,0,0,0,0,0,0,0
60538,1,1,1994,0,0,0,0,0,0,0,0,0,0
60538,2,1,1994,0,0,0,0,0,0,0,0,0,0
60538,3,1,1994,0,0,0,0,0,13,0,0,0,0
60539,1,1,1994,0,0,0,0,0,0,0,0,0,0
60539,2,1,1994,0,0,0,0,0,0,0,0,0,0
60540,0,1,1994,0,0,0,0,0,0,0,0,0,0
60540,1,1,1994,0,0,0,0,0,0,0,0,20,0
60541,1,1,1994,15,0,0,0,14,0,0,0,0,0
60542,1,1,1994,0,0,0,0,0,3,1,0,0,0
60542,2,1,1994,0,0,0,0,0,0,0,0,0,0
60543,1,1,1994,6,6,6,6,6,6,6,6,6,6
60544,1,1,1994,7,7,7,7,7,7,7,7,7,7
60544,2,1,1994,0,16,0,0,0,0,0,0,0,0
60545,1,1,1994,0,0,0,0,0,0,0,0,0,0
60546,0,1,1994,0,0,0,0,0,0,0,0,0,0
60546,1,1,1994,0,0,0,0,0,0,0,0,13,0
60547,1,1,1994,0,0,0,0,0,0,0,0,0,0
60548,1,1,1994,0,0,0,0,0,0,0,0,0,0
60548,2,1,1994,0,0,0,0,0,0,0,0,0,0
60549,1,1,1994,0,0,0,0,0,0,0,0,0,0
60549,2,1,1994,0,0,0,0,0,0,0,0,0,0
60550,1,1,1994,3,3,3,3,3,3,3,3,3,3
60550,2,1,1994,0,0,0,0,0,0,0,0,0,0
60551,1,1,1994,0,15,0,0,0,0,0,0,0,11
60552,1,1,1994,0,0,0,0,0,8,0,0,0,0
60552,2,1,1994,0,0,0,0,0,0,0,0,0,0
60553,0,1,1994,0,0,0,0,0,0,0,0,0,0
60553,1,1,1994,0,0,0,0,0,0,0,0,0,0
60554,1,1,1994,0,0,0,0,0,0,0,0,0,0
60554,2,1,1994,0,0,0,0,0,0,13,0,0,0
60555,1,1,1994,0,0,0,0,0,0,0,0,0,0
60556,1,1,1994,0,0,0,0,0,0,0,0,0,0
60556,2,1,1994,0,0,0,0,0,0,0,0,0,0
60557,1,1,1994,11,13,3,0,15,13,15,19,0,12
60558,1,1,1994,0,0,0,0,0,0,0,0,0,0
60559,1,1,1994,0,0,0,0,0,0,0,0,0,0
60560,1,1,1994,17,17,17,17,17,17,17,17,17,17
60560,2,1,1994,0,0,0,0,0,0,0,11,0,0
60561,0,1,1994,0,0,0,0,0,0,0,0,0,19
60561,1,1,1994,0,0,0,0,0,0,0,0,0,0
60562,1,1,1994,0,0,0,0,0,0,0,0,0,0
60562,2,1,1994,0,0,0,30,0,0,0,0,0,0
60563,1,1,1994,10,10,10,10,10,10,10,10,10,10
60564,1,1,1994,0,0,0,0,0,0,0,0,0,0
60565,0,1,1994,0,0,0,0,0,0,0,0,0,0
60565,1,1,1994,0,0,0,0,0,0,0,0,0,0
60566,1,1,1994,0,0,0,0,0,0,0,0,0,0
60566,2,1,1994,0,0,0,0,0,0,0,0,0,0
60567,1,1,1994,0,0,0,0,0,0,0,0,0,0
60567,2,1,1994,0,0,0,0,0,10,0,0,0,0
60568,1,1,1994,0,0,0,0,0,0,0,0,0,0
60569,1,1,1994,10,0,15,8,19,10,24,13,11,18
60569,2,1,1994,0,0,0,0,0,0,0,0,0,0
60570,1,1,1994,0,0,0,0,0,0,0,3,0,0
60570,2,1,1994,0,0,0,0,0,0,0,0,0,0
60571,0,1,1994,22,22,22,22,22,22,22,22,22,22
60571,1,1,1994,0,0,19,0,0,0,0,0,0,0
60572,1,1,1994,10,10,10,10,10,10,10,10,10,10
60572,2,1,1994,10,10,10,10,10,10,10,10,10,10
60573,0,1,1994,16,16,16,15,0,20,0,0,12,0
60573,1,1,1994,26,16,16,20,21,0,15,11,17,0
60574,0,1,1994,0,0,0,0,0,0,0,0,0,0
60574,1,1,1994,0,12,0,17,0,0,0,0,0,14
60575,1,1,1994,0,0,0,3,0,0,0,0,0,0
60575,2,1,1994,0,0,0,0,0,0,0,0,0,0
60576,1,1,1994,20,0,0,0,0,0,0,0,0,0
60576,2,1,1994,0,0,0,0,0,0,0,0,0,0
60576,3,1,1994,0,0,0,0,0,0,0,0,0,0
60576,4,1,1994,0,0,0,0,0,0,0,0,0,0
60576,5,1,1994,0,0,0,0,0,0,0,0,0,0
60577,1,1,1994,0,0,0,0,0,0,0,0,0,0
60577,2,1,1994,0,0,0,0,0,0,0,0,0,0
60578,1,1,1994,0,0,0,0,7,0,0,0,0,0
60578,2,1,1994,0,0,0,0,0,0,0,0,0,0
60579,1,1,1994,0,0,0,0,0,0,0,0,0,0
60579,2,1,1994,0,0,0,0,0,0,0,0,0,0
60580,1,1,1994,0,0,0,0,0,0,0,0,0,0
60581,0,1,1994,0,0,0,0,0,0,0,0,0,0
60581,1,1,1994,0,0,0,0,0,0,0,26,0,0
60582,1,1,1994,15,15,15,15,15,15,15,15,15,15
60583,0,1,1994,1,1,1,1,1,1,1,1,1,1
60583,1,1,1994,6,6,6,6,6,6,6,6,6,6
60584,1,1,1994,0,0,0,0,0,0,0,0,0,0
60585,1,1,1994,0,0,0,0,0,0,0,0,0,0
60586,1,1,1994,15,15,15,15,15,15,15,15,15,15
60587,0,1,1994,6,6,6,6,6,6,6,6,6,6
60587,1,1,1994,0,16,14,0,0,0,0,0,0,0
60588,1,1,1994,18,18,18,18,18,18,18,18,18,18
60589,1,1,1994,0,0,0,0,0,0,0,0,0,0
60590,1,1,1994,13,13,13,13,13,13,13,13,13,13
60590,2,1,1994,0,0,0,0,0,0,0,0,0,0
60591,1,1,1994,16,16,16,16,16,16,16,16,16,16
60591,2,1,1994,16,0,0,0,0,0,0,0,8,0
60592,1,1,1994,19,19,19,19,19,19,19,19,19,19
60592,2,1,1994,0,0,0,0,0,0,0,0,0,0
60593,1,1,1994,14,14,14,14,14,14,14,14,14,14
60593,2,1,1994,0,0,0,0,0,0,0,0,0,0
60593,3,1,1994,0,0,0,0,0,0,0,0,0,0
60594,1,1,1994,0,0,0,0,0,0,0,0,0,0
60595,0,1,1994,0,0,0,0,0,0,0,0,0,0
60595,1,1,1994,0,0,0,0,0,0,0,0,0,0
60596,1,1,1994,9,9,9,9,9,9,9,9,9,9
60597,0,1,1994,0,0,0,0,0,0,0,0,0,0
60597,1,1,1994,0,0,0,0,0,0,0,0,0,0
60598,0,1,1994,0,0,0,0,0,0,0,0,0,0
60598,0,2,1994,0,0,0,0,0,0,24,0,0,0
60598,1,1,1994,0,0,0,0,0,0,0,0,12,0
60599,1,1,1994,25,0,17,0,0,12,0,8,0,34
60599,2,1,1994,0,0,0,0,0,0,0,0,0,0
60600,1,1,1994,18,18,18,18,18,18,18,18,18,18
60600,2,1,1994,0,0,0,0,44,18,0,0,0,0
60601,1,1,1994,0,0,0,0,0,0,0,0,0,0
60602,0,1,1994,0,0,0,0,0,0,0,0,0,0
60602,1,1,1994,5,0,21,11,0,3,18,0,0,0
60603,1,1,1994,0,0,0,0,0,0,0,0,0,0
60604,1,1,1994,0,0,16,0,0,0,0,0,0,10
60604,2,1,1994,0,0,0,0,0,0,0,0,0,0
60605,1,1,1994,0,0,0,0,0,0,0,0,0,0
60605,2,1,1994,0,0,0,0,0,0,0,0,0,0
60605,3,1,1994,0,0,0,0,0,0,0,0,0,0
60606,1,1,1994,0,0,0,0,0,0,0,0,0,0
60606,2,1,1994,0,0,0,0,0,0,0,0,0,0
60607,1,1,1994,0,0,0,0,0,0,0,0,0,0
60607,2,1,1994,0,0,0,0,0,0,0,0,0,0
60608,1,1,1994,0,0,0,6,0,0,0,0,0,0
60608,2,1,1994,0,0,0,0,0,0,0,0,0,0
60609,0,1,1994,0,0,0,0,0,0,0,0,0,0
60609,1,1,1994,0,0,0,0,0,0,0,0,0,0
60610,1,1,1994,18,18,18,18,18,18,18,18,18,18
60610,2,1,1994,0,0,0,0,0,0,0,0,0,0
60611,1,1,1994,14,14,14,14,14,14,14,14,14,14
60612,1,1,1994,0,0,0,0,0,0,0,0,0,0
60612,2,1,1994,0,0,0,0,0,0,0,0,0,0
60612,3,1,1994,0,0,0,0,0,0,0,0,0,0
60612,4,1,1994,0,0,0,0,0,0,0,0,0,0
60613,1,1,1994,0,0,0,0,0,0,0,0,0,0
60613,2,1,1994,0,0,0,0,0,0,0,0,0,0
60614,1,1,1994,0,0,0,0,0,0,0,0,0,0
60614,2,1,1994,0,0,0,0,0,0,0,0,0,0
60614,3,1,1994,0,0,0,0,0,0,0,0,0,0
60615,1,1,1994,0,0,0,0,0,0,0,0,0,0
60616,1,1,1994,8,8,8,8,8,8,8,8,8,8
60617,1,1,1994,26,26,26,26,26,26,26,26,26,26
60618,1,1,1994,0,0,0,0,0,10,0,0,0,0
60618,2,1,1994,0,0,9,0,0,0,0,0,0,0
60619,1,1,1994,0,0,0,0,0,0,0,0,0,0
60619,2,1,1994,0,12,0,0,0,0,0,0,0,0
60620,1,1,1994,10,10,10,10,10,10,10,10,10,10
60621,1,1,1994,10,24,16,16,21,14,25,0,0,27
60621,2,1,1994,0,0,0,27,0,0,0,0,0,0
60621,3,1,1994,0,0,0,0,0,0,0,0,0,0
60621,4,1,1994,0,0,0,0,0,0,0,0,0,0
60622,1,1,1994,0,0,0,0,0,0,0,0,0,0
60622,2,1,1994,0,0,0,0,8,0,0,0,0,0
60623,1,1,1994,0,0,0,0,0,0,0,0,0,0
60623,2,1,1994,0,0,0,0,0,0,0,0,0,0
60624,1,1,1994,0,0,0,0,0,0,0,0,0,0
60625,0,1,1994,0,0,0,0,0,0,0,0,0,0
60625,1,1,1994,0,0,0,0,0,0,0,0,0,0
60626,0,1,1994,0,0,0,0,0,0,0,0,0,0
60626,1,1,1994,0,0,0,0,0,0,0,0,0,0
60627,1,1,1994,0,0,0,0,0,0,0,0,0,17
60628,0,1,1994,27,27,27,27,27,27,27,27,27,27
60628,1,1,1994,0,0,0,0,0,0,0,0,0,0
60629,0,1,1994,0,29,0,0,0,29,0,0,0,0
60629,1,1,1994,0,0,0,0,0,0,0,0,0,0
60630,1,1,1994,0,0,0,0,0,0,0,0,0,0
60630,2,1,1994,0,0,0,0,0,0,0,0,0,0
60630,3,1,1994,0,0,0,0,0,0,0,0,0,0
60631,0,1,1994,0,0,0,0,0,0,0,0,0,0
60631,1,1,1994,0,0,0,0,0,0,0,0,0,0
60632,0,1,1994,12,12,12,12,12,12,12,12,12,12
60632,1,1,1994,0,6,0,0,0,0,0,0,0,0
60633,1,1,1994,3,3,3,3,3,3,3,3,3,3
60634,1,1,1994,0,0,0,0,0,0,0,0,0,0
60635,1,1,1994,0,18,10,0,24,29,0,16,0,26
60636,0,1,1994,0,0,0,0,0,0,0,0,0,0
60636,1,1,1994,0,0,0,0,6,0,0,0,0,0
60637,1,1,1994,19,19,19,19,19,19,19,19,19,19
60638,0,1,1994,0,0,0,0,0,0,0,0,0,0
60638,1,1,1994,0,0,0,0,0,19,0,0,0,0
60639,1,1,1994,0,0,0,0,0,0,0,0,0,0
60639,2,1,1994,0,0,0,0,0,0,0,0,0,0
60640,1,1,1994,2,2,2,2,2,2,2,2,2,2
60641,1,1,1994,0,0,0,0,0,0,0,0,0,0
60642,1,1,1994,0,0,0,16,0,0,0,0,0,0
60642,2,1,1994,0,0,0,0,0,0,0,0,0,0
60642,3,1,1994,0,0,0,0,0,0,0,0,0,0
60643,1,1,1994,0,0,0,0,0,0,0,0,0,0
60643,2,1,1994,0,0,0,0,0,0,0,0,0,0
60644,0,1,1994,0,0,0,0,0,0,0,0,0,0
60644,1,1,1994,0,0,0,0,0,0,0,0,0,0
60645,1,1,1994,32,0,0,0,0,33,8,6,17,0
60645,2,1,1994,0,0,0,0,0,0,0,0,0,0
60646,1,1,1994,0,0,0,0,0,0,0,0,0,0
60647,1,1,1994,0,0,0,0,0,0,0,0,0,0
60647,2,1,1994,0,0,0,0,0,0,0,14,0,0
60647,3,1,1994,15,0,10,0,0,0,0,0,0,0
60648,1,1,1994,18,18,18,18,18,18,18,18,18,18
60648,2,1,1994,0,0,0,0,0,0,0,0,7,0
60649,1,1,1994,0,0,16,15,0,0,0,0,17,19
60650,1,1,1994,0,0,0,0,0,0,0,0,0,0
60651,1,1,1994,22,22,22,22,22,22,22,22,22,22
60652,1,1,1994,0,0,0,0,0,0,0,0,0,0
60653,0,1,1994,19,26,13,29,30,20,32,19,12,47
60653,1,1,1994,1,1,1,1,1,1,1,1,1,1
60654,1,1,1994,9,9,9,9,9,9,9,9,9,9
60654,2,1,1994,0,0,0,0,0,0,0,0,0,0
60654,3,1,1994,0,0,0,0,0,0,0,0,0,0
60655,0,1,1994,17,17,17,17,17,17,17,17,17,17
60655,1,1,1994,32,31,17,8,21,2,20,0,20,16
60656,1,1,1994,18,18,18,18,18,18,18,18,18,18
60656,2,1,1994,0,0,0,0,0,0,0,0,0,0
60657,1,1,1994,13,13,13,13,13,13,13,13,13,13
60658,1,1,1994,20,20,20,20,20,20,20,20,20,20
60659,0,1,1994,0,15,0,0,20,0,17,25,0,35
60659,1,1,1994,0,0,0,0,0,0,0,0,0,0
60660,1,1,1994,0,0,0,0,0,0,0,0,0,0
60660,2,1,1994,0,0,0,0,0,0,0,0,0,0
60661,1,1,1994,0,0,0,0,0,0,0,0,0,0
60661,2,1,1994,0,0,0,0,0,0,0,0,0,0
60662,1,1,1994,0,0,0,0,0,0,0,0,0,0
60663,1,1,1994,13,37,17,19,7,26,14,24,20,7
60664,1,1,1994,0,0,17,0,0,0,0,0,0,0
60664,2,1,1994,9,9,9,9,9,9,9,9,9,9
60665,1,1,1994,0,0,0,0,0,0,0,0,0,0
60666,1,1,1994,22,22,22,22,22,22,22,22,22,22
60667,1,1,1994,0,0,0,0,0,0,0,0,0,0
60668,0,1,1994,0,0,0,0,0,0,0,0,0,0
60668,0,2,1994,0,0,0,0,0,0,0,0,0,0
60668,0,3,1994,0,0,0,0,0,0,0,0,0,0
60668,0,4,1994,0,0,0,0,0,0,0,0,0,0
60668,0,5,1994,0,0,0,0,0,0,0,0,0,0
60668,1,1,1994,0,0,0,0,0,0,0,0,0,0
60669,0,1,1994,0,0,0,0,0,0,0,0,0,0
60669,1,1,1994,0,0,0,0,0,0,0,0,0,0
60670,1,1,1994,0,0,0,3,5,0,0,23,0,0
60671,1,1,1994,0,0,0,0,0,4,0,0,0,0
60671,2,1,1994,0,0,14,5,16,4,0,16,13,0
60672,0,1,1994,0,0,0,0,0,0,0,0,0,0
60672,1,1,1994,0,0,0,0,0,0,0,0,0,19
60673,1,1,1994,22,22,22,22,22,22,22,22,22,22
60673,2,1,1994,0,0,0,0,0,0,0,0,0,0
60674,1,1,1994,13,13,13,13,13,13,13,13,13,13
60674,2,1,1994,14,14,14,14,14,14,14,14,14,14
60675,1,1,1994,7,7,7,7,7,7,7,7,7,7
60676,1,1,1994,8,8,8,8,8,8,8,8,8,8
60677,1,1,1994,0,0,0,0,0,0,0,0,0,0
60678,1,1,1994,0,0,0,0,0,0,0,0,0,0
60678,2,1,1994,0,0,0,0,0,0,0,0,0,0
60679,1,1,1994,0,0,0,0,0,0,0,0,0,0
60680,1,1,1994,0,0,0,0,0,0,0,0,0,0
60680,2,1,1994,0,0,0,0,0,0,0,12,0,0
60681,0,1,1994,2,2,2,2,2,2,2,2,2,2
60681,1,1,1994,0,0,0,0,0,0,0,0,0,29
60682,1,1,1994,0,0,0,0,0,0,0,0,0,0
60682,2,1,1994,0,0,0,0,0,0,0,0,0,0
60683,0,1,1994,0,0,0,0,0,0,0,0,0,0
60683,1,1,1994,0,0,0,0,0,0,0,0,0,0
60684,1,1,1994,0,0,0,0,0,0,0,0,0,0
60685,1,1,1994,0,0,0,0,0,0,0,0,0,0
60685,2,1,1994,0,0,0,0,0,0,0,0,0,0
60686,1,1,1994,1,1,1,1,1,1,1,1,1,1
60687,1,1,1994,0,0,0,0,0,0,0,0,0,0
60687,2,1,1994,0,0,0,0,0,0,0,0,0,0
60687,3,1,1994,0,0,0,0,0,0,0,0,0,0
60687,4,1,1994,0,0,0,0,0,0,0,0,0,0
60688,1,1,1994,0,0,0,0,0,0,0,0,0,0
60688,2,1,1994,0,0,0,0,0,0,0,0,0,0
60689,1,1,1994,19,19,19,19,19,19,19,19,19,19
60689,2,1,1994,0,0,0,0,0,0,0,0,0,0
60689,3,1,1994,0,0,0,0,0,0,0,0,0,0
60690,1,1,1994,10,10,10,10,10,10,10,10,10,10
60691,1,1,1994,0,0,0,0,0,0,0,0,0,0
60692,1,1,1994,0,0,0,0,0,0,0,0,0,0
60692,2,1,1994,0,8,0,0,0,0,0,0,0,0
60693,1,1,1994,0,0,0,0,0,0,0,0,0,0
60693,2,1,1994,0,0,0,0,0,0,0,0,0,0
60694,1,1,1994,0,0,0,0,0,0,0,0,0,0
60695,1,1,1994,0,0,0,0,0,0,0,0,0,0
60696,1,1,1994,0,0,0,0,0,0,0,0,0,0
60696,2,1,1994,0,0,0,0,0,0,0,0,0,0
60697,1,1,1994,30,30,30,30,30,30,30,30,30,30
60698,1,1,1994,11,11,11,11,11,11,11,11,11,11
60698,2,1,1994,12,12,12,12,12,12,12,12,12,12
60699,1,1,1994,0,0,0,0,0,0,0,0,0,0
60700,1,1,1994,0,0,0,0,0,0,0,0,0,0
60700,2,1,1994,0,0,0,0,0,0,0,0,0,0
60701,0,1,1994,0,0,0,0,0,0,0,0,0,0
60701,1,1,1994,6,0,0,0,0,0,0,0,0,0
60702,1,1,1994,6,6,6,6,6,6,6,6,6,6
60702,2,1,1994,0,0,0,0,0,0,0,0,0,0
60703,1,1,1994,0,0,0,0,0,0,0,0,0,0
60704,1,1,1994,0,0,0,0,0,0,0,0,0,0
60705,1,1,1994,11,35,21,8,8,0,9,25,41,28
60705,2,1,1994,0,0,0,0,0,0,0,0,0,0
60706,1,1,1994,0,0,0,0,0,0,0,0,0,0
60707,0,1,1994,12,12,12,12,12,12,12,12,12,12
60707,1,1,1994,18,7,0,16,8,36,0,0,25,6
60708,1,1,1994,0,0,0,0,0,0,0,0,0,0
60708,2,1,1994,0,0,0,0,0,0,0,23,0,0
60709,1,1,1994,0,0,0,0,0,0,0,0,0,0
60710,0,1,1994,21,21,21,21,21,21,21,21,21,21
60710,1,1,1994,0,0,0,0,0,0,0,0,0,0
60711,1,1,1994,0,0,0,0,0,0,0,0,0,0
60711,2,1,1994,0,0,0,0,0,0,0,0,0,0
60712,1,1,1994,0,0,0,0,0,0,0,0,0,0
60713,0,1,1994,0,0,0,0,0,0,0,0,0,0
60713,1,1,1994,0,0,0,0,0,0,0,0,0,0
60714,1,1,1994,8,8,8,8,8,8,8,8,8,8
60714,2,1,1994,0,0,0,0,0,0,0,0,0,0
60715,1,1,1994,0,0,0,0,0,0,0,0,0,0
60716,0,1,1994,0,0,0,0,0,0,0,0,0,0
60716,1,1,1994,0,0,3,10,0,0,0,0,0,0
60716,2,1,1994,0,0,0,0,0,0,0,0,0,0
60717,1,1,1994,7,7,7,7,7,7,7,7,7,7
60718,1,1,1994,0,0,0,0,0,0,16,0,0,0
60718,2,1,1994,24,24,24,24,24,24,24,24,24,24
60719,0,1,1994,19,25,0,13,0,27,17,0,0,0
60719,1,1,1994,0,0,0,0,0,0,0,0,23,0
60720,1,1,1994,18,18,18,18,18,18,18,18,18,18
60721,1,1,1994,15,15,15,15,15,15,15,15,15,15
60721,2,1,1994,0,0,0,0,0,0,0,0,0,0
60722,1,1,1994,13,13,13,13,13,13,13,13,13,13
60722,2,1,1994,0,0,0,0,0,0,0,0,0,0
60723,1,1,1994,4,4,4,4,4,4,4,4,4,4
60723,2,1,1994,0,0,0,0,0,0,0,0,0,0
60724,1,1,1994,0,0,0,0,0,0,0,0,0,0
60725,1,1,1994,24,0,0,8,0,0,0,0,12,0
60725,2,1,1994,0,0,0,0,0,0,0,0,0,0
60726,1,1,1994,0,0,0,0,0,0,0,0,0,0
60727,1,1,1994,0,0,0,0,0,0,0,22,0,0
60728,1,1,1994,0,0,0,0,0,0,0,0,18,0
60729,0,1,1994,0,0,0,0,0,0,0,0,0,0
60729,1,1,1994,0,0,0,0,3,0,0,0,0,0
60730,1,1,1994,10,10,10,10,10,10,10,10,10,10
60731,0,1,1994,0,0,0,9,0,0,0,0,0,15
60731,0,2,1994,27,0,16,16,8,21,0,0,0,0
60731,1,1,1994,23,23,23,23,23,23,23,23,23,23
60732,1,1,1994,10,10,10,10,10,10,10,10,10,10
60733,1,1,1994,0,0,0,0,0,0,0,0,0,0
60734,1,1,1994,0,0,0,0,0,0,0,0,0,0
60734,2,1,1994,0,0,0,0,0,0,0,0,0,0
60734,3,1,1994,0,0,0,0,0,0,0,0,0,0
60734,4,1,1994,0,0,0,0,0,0,0,0,0,0
60735,1,1,1994,0,0,0,0,0,0,0,0,0,0
60736,1,1,1994,0,0,0,0,0,8,0,0,0,0
60737,1,1,1994,17,17,17,17,17,17,17,17,17,17
60738,1,1,1994,3,3,3,3,3,3,3,3,3,3
60739,1,1,1994,0,0,0,0,0,0,0,0,0,0
60739,2,1,1994,7,7,7,7,7,7,7,7,7,7
60740,1,1,1994,0,0,0,0,0,0,0,0,0,0
60741,1,1,1994,0,0,0,0,0,0,0,0,0,0
60741,2,1,1994,0,0,0,0,0,0,0,0,0,8
60742,1,1,1994,0,0,13,0,0,7,18,0,0,0
60743,1,1,1994,7,7,7,7,7,7,7,7,7,7
60744,1,1,1994,11,11,11,11,11,11,11,11,11,11
60745,0,1,1994,7,7,7,7,7,7,7,7,7,7
60745,0,2,1994,37,29,10,10,12,0,0,5,16,21
60745,1,1,1994,17,6,0,11,12,32,0,7,22,8
60746,0,1,1994,0,0,0,0,0,0,0,0,0,0
60746,1,1,1994,10,0,21,6,33,9,22,11,16,0
60747,1,1,1994,0,17,0,0,0,0,10,0,0,0
60747,2,1,1994,0,0,28,0,0,0,0,0,0,19
60748,1,1,1994,17,17,17,17,17,17,17,17,17,17
60749,1,1,1994,0,0,0,0,0,0,0,0,0,10
60750,1,1,1994,32,32,32,32,32,32,32,32,32,32
60751,0,1,1994,0,0,0,0,0,0,0,0,0,0
60751,1,1,1994,0,0,0,0,0,0,0,0,0,0
60752,0,1,1994,14,14,14,14,14,14,14,14,14,14
60752,1,1,1994,6,6,6,6,6,6,6,6,6,6
60753,1,1,1994,17,17,17,17,17,17,17,17,17,17
60754,1,1,1994,0,0,0,0,0,0,0,0,0,0
60754,2,1,1994,0,0,0,0,0,0,0,0,0,0
60755,1,1,1994,0,0,0,0,0,0,0,0,0,0
60755,2,1,1994,0,0,0,0,0,0,0,0,0,0
60756,0,1,1994,0,0,0,0,0,0,0,0,0,0
60756,1,1,1994,0,0,0,0,7,0,0,0,0,0
60757,1,1,1994,0,0,0,0,0,0,0,0,0,0
60758,1,1,1994,0,0,0,0,0,0,0,0,0,0
60758,2,1,1994,0,0,0,0,0,0,0,0,0,0
60759,1,1,1994,8,8,8,8,8,8,8,8,8,8
60760,0,1,1994,33,33,33,33,33,33,33,33,33,33
60760,1,1,1994,0,0,0,0,12,0,21,0,0,0