ST_CASE,VEH_NO,PER_NO,YEAR,P1,P2,P3,P4,P5,P6,P7,P8,P9,P10
60761,1,1,1994,0,0,0,0,0,0,0,0,0,0
60762,1,1,1994,0,0,0,0,0,0,0,0,0,0
60762,2,1,1994,0,0,0,0,0,0,0,0,0,0
60763,1,1,1994,0,0,0,0,0,0,0,0,0,0
60763,2,1,1994,0,0,0,0,0,0,0,0,0,0
60763,3,1,1994,0,0,0,0,0,0,0,0,0,0
60764,0,1,1994,0,0,0,0,0,0,0,0,0,0
60764,1,1,1994,0,8,0,0,0,0,0,0,0,0
60765,0,1,1994,0,0,0,0,0,0,0,0,0,0
60765,1,1,1994,8,8,8,8,8,8,8,8,8,8
60766,0,1,1994,0,0,0,0,0,0,0,0,0,0
60766,1,1,1994,0,0,0,0,0,0,0,0,0,0
60767,1,1,1994,0,0,0,0,0,0,0,0,0,0
60767,2,1,1994,0,0,0,0,0,0,0,0,0,0
60768,1,1,1994,0,0,0,0,0,0,0,0,0,0
60769,1,1,1994,14,14,14,14,14,14,14,14,14,14
60770,1,1,1994,16,6,25,0,0,0,0,0,0,0
60770,2,1,1994,0,0,0,0,0,0,0,0,0,0
60771,0,1,1994,0,0,0,0,0,0,0,0,0,0
60771,1,1,1994,0,0,0,0,0,0,0,0,0,0
60772,0,1,1994,0,0,0,0,0,0,0,0,0,0
60772,1,1,1994,0,0,0,0,0,0,0,0,0,0
60773,0,1,1994,27,27,27,27,27,27,27,27,27,27
60773,1,1,1994,0,0,0,0,0,0,0,0,0,0
60774,0,1,1994,0,0,0,0,0,0,0,0,0,0
60774,1,1,1994,0,26,13,0,0,0,0,14,0,0
60775,0,1,1994,0,0,0,0,0,0,0,0,0,0
60775,1,1,1994,0,0,0,0,0,0,0,0,0,0
60776,1,1,1994,15,15,15,15,15,15,15,15,15,15
60777,1,1,1994,27,27,27,27,27,27,27,27,27,27
60778,0,1,1994,0,0,0,0,0,0,0,0,0,0
60778,1,1,1994,0,0,0,0,0,0,0,0,0,0
60779,0,1,1994,3,3,3,3,3,3,3,3,3,3
60779,1,1,1994,23,23,23,23,23,23,23,23,23,23
60780,1,1,1994,0,0,0,0,0,0,0,0,0,0
60780,2,1,1994,0,0,0,0,0,0,0,0,0,0
60781,1,1,1994,19,19,19,19,19,19,19,19,19,19
60782,0,1,1994,18,18,18,18,18,18,18,18,18,18
60782,1,1,1994,0,0,0,0,0,0,0,0,0,0
60783,0,1,1994,26,26,26,26,26,26,26,26,26,26
60783,1,1,1994,0,0,0,0,9,14,0,16,5,16
60784,0,1,1994,0,0,0,0,0,0,0,0,0,0
60784,1,1,1994,0,0,0,0,0,0,0,0,0,0
60785,0,1,1994,0,0,0,0,0,0,0,0,0,0
60785,0,2,1994,0,0,0,0,0,0,0,0,0,0
60785,1,1,1994,0,0,0,0,0,0,0,0,0,0
60786,1,1,1994,0,0,0,0,0,0,0,0,0,0
60786,2,1,1994,0,0,0,0,0,0,0,0,0,0
60787,0,1,1994,0,0,0,0,0,0,0,0,0,0
60787,1,1,1994,0,0,0,0,0,0,0,0,0,0
60788,1,1,1994,0,0,0,0,0,0,0,0,0,0
60788,2,1,1994,0,0,0,0,0,0,0,0,0,0
60789,1,1,1994,13,13,13,13,13,13,13,13,13,13
60789,2,1,1994,0,0,0,0,0,0,0,0,0,0
60790,0,1,1994,0,0,0,0,0,0,0,0,0,0
60790,1,1,1994,0,0,0,0,0,0,0,0,0,0
60791,1,1,1994,0,0,0,0,0,0,0,0,0,0
60791,2,1,1994,0,0,0,0,0,0,0,0,0,0
60791,3,1,1994,0,0,0,0,0,0,23,0,0,0
60792,1,1,1994,10,10,10,10,10,10,10,10,10,10
60793,1,1,1994,0,0,0,0,0,0,0,12,0,0
60794,1,1,1994,0,0,0,0,0,0,0,0,0,0
60794,2,1,1994,0,0,0,0,0,0,0,0,0,0
60795,1,1,1994,0,0,0,0,0,10,6,0,5,0
60796,1,1,1994,0,0,0,0,0,0,0,0,0,0
60796,2,1,1994,0,0,0,0,0,0,0,0,0,0
60797,1,1,1994,16,16,16,16,16,16,16,16,16,16
60797,2,1,1994,0,0,0,0,0,9,25,0,0,0
60798,1,1,1994,0,0,0,0,0,0,0,0,0,0
60799,1,1,1994,0,0,0,0,0,0,0,0,0,0
60799,2,1,1994,0,0,0,0,0,0,0,0,0,0
60800,1,1,1994,0,0,0,6,0,0,0,2,0,0
60800,2,1,1994,0,0,0,0,0,0,0,0,0,0
60801,1,1,1994,0,0,0,0,0,0,0,0,0,0
60801,2,1,1994,0,0,0,0,0,0,0,0,0,0
60802,1,1,1994,0,0,0,0,0,0,0,0,0,0
60802,2,1,1994,0,0,0,0,0,0,0,0,0,7
60803,1,1,1994,5,5,5,5,5,5,5,5,5,5
60803,2,1,1994,0,0,0,0,0,0,0,0,0,0
60804,1,1,1994,0,0,0,0,0,0,0,0,0,0
60805,1,1,1994,2,2,2,2,2,2,2,2,2,2
60806,1,1,1994,0,0,0,0,0,0,0,0,0,0
60806,2,1,1994,0,0,0,0,0,0,0,0,0,0
60807,0,1,1994,0,0,0,0,0,0,0,0,0,0
60807,1,1,1994,21,21,21,21,21,21,21,21,21,21
60808,0,1,1994,0,0,0,0,0,0,0,0,0,0
60808,1,1,1994,0,0,0,0,0,0,0,0,0,0
60809,1,1,1994,0,0,0,0,0,0,0,0,0,0
60809,2,1,1994,0,0,0,0,0,0,0,0,0,0
60810,1,1,1994,0,0,0,0,0,0,0,0,0,0
60811,1,1,1994,0,0,0,0,0,0,0,0,0,0
60812,1,1,1994,0,0,0,0,0,0,0,0,0,0
60812,2,1,1994,0,0,0,0,0,0,0,0,0,0
60812,3,1,1994,0,0,0,0,0,0,0,0,0,0
60812,4,1,1994,0,0,0,0,0,0,0,0,0,0
60813,1,1,1994,0,0,0,0,0,0,0,0,0,0
60813,2,1,1994,0,0,0,0,0,0,0,0,0,0
60814,1,1,1994,0,0,0,0,0,0,0,0,0,0
60814,2,1,1994,0,0,0,0,0,0,0,0,0,0
60814,3,1,1994,9,0,0,0,0,0,0,10,0,0
60815,1,1,1994,10,10,10,10,10,10,10,10,10,10
60815,2,1,1994,0,28,0,0,0,0,0,0,0,0
60816,1,1,1994,12,12,12,12,12,12,12,12,12,12
60817,0,1,1994,0,0,0,0,0,0,0,0,0,0
60817,1,1,1994,0,0,0,0,0,0,0,0,0,0
60818,1,1,1994,0,0,0,0,0,0,0,18,0,0
60819,1,1,1994,0,0,0,0,0,0,0,0,0,0
60820,1,1,1994,18,18,18,18,18,18,18,18,18,18
60821,1,1,1994,0,0,0,0,0,0,0,0,0,0
60821,2,1,1994,0,0,0,0,0,0,0,0,0,0
60821,3,1,1994,0,0,0,0,0,0,0,0,0,0
60821,4,1,1994,0,0,0,0,0,0,0,0,0,0
60822,1,1,1994,0,0,0,0,0,0,0,0,0,0
60822,2,1,1994,0,0,0,0,0,0,0,0,0,0
60823,1,1,1994,0,0,0,0,0,0,0,0,0,0
60824,0,1,1994,0,0,0,0,0,0,0,0,0,0
60824,1,1,1994,0,0,0,0,0,0,0,0,0,0
60825,1,1,1994,7,7,7,7,7,7,7,7,7,7
60825,2,1,1994,0,0,0,0,0,0,0,0,0,0
60825,3,1,1994,0,0,0,0,0,0,0,0,11,0
60826,1,1,1994,0,0,0,0,0,0,0,0,0,0
60826,2,1,1994,0,0,0,0,0,0,0,17,0,9
60827,0,1,1994,0,0,0,0,0,0,0,0,0,0
60827,0,2,1994,0,0,0,0,0,0,0,0,0,0
60827,0,3,1994,0,0,0,0,0,0,0,0,0,0
60827,2,1,1994,9,0,0,0,0,0,0,21,0,0
60828,0,1,1994,0,0,0,0,0,0,0,0,0,0
60828,1,1,1994,0,0,0,0,0,0,0,0,0,0
60829,0,1,1994,0,0,0,0,0,0,0,0,0,0
60829,0,2,1994,0,0,0,0,0,0,0,0,0,0
60829,1,1,1994,0,0,10,0,12,0,0,0,0,0
60830,0,1,1994,0,0,0,0,0,0,0,0,0,0
60830,1,1,1994,0,0,0,0,0,0,0,0,0,0
60831,1,1,1994,0,0,0,0,0,0,0,0,0,0
60832,1,1,1994,0,0,0,0,17,0,0,0,0,0
60833,0,1,1994,0,0,0,0,0,0,0,0,0,0
60833,1,1,1994,0,0,0,0,0,0,0,0,0,0
60834,1,1,1994,0,0,0,0,0,0,0,0,0,0
60835,1,1,1994,17,17,17,17,17,17,17,17,17,17
60836,1,1,1994,7,7,7,7,7,7,7,7,7,7
60837,1,1,1994,17,17,17,17,17,17,17,17,17,17
60838,0,1,1994,19,19,19,19,19,19,19,19,19,19
60838,1,1,1994,23,5,0,13,38,22,12,31,29,68
60839,1,1,1994,0,0,0,0,0,0,0,0,0,0
60840,1,1,1994,0,0,0,0,0,0,0,0,0,0
60840,2,1,1994,0,0,0,0,0,0,0,0,0,0
60841,1,1,1994,15,15,15,15,15,15,15,15,15,15
60842,1,1,1994,2,2,2,2,2,2,2,2,2,2
60843,1,1,1994,19,19,19,19,19,19,19,19,19,19
60844,1,1,1994,0,0,15,0,0,0,0,16,0,0
60844,2,1,1994,0,0,0,0,0,0,0,0,0,0
60845,1,1,1994,23,23,23,23,23,23,23,23,23,23
60845,2,1,1994,7,0,0,0,0,0,0,0,0,0
60845,3,1,1994,0,0,29,0,0,0,0,0,0,0
60846,1,1,1994,7,7,7,7,7,7,7,7,7,7
60846,2,1,1994,8,8,8,8,8,8,8,8,8,8
60847,0,1,1994,27,27,27,27,27,27,27,27,27,27
60847,1,1,1994,0,0,0,0,0,0,0,0,0,0
60847,2,1,1994,0,0,0,0,0,0,0,4,0,26
60847,3,1,1994,0,6,0,0,0,0,0,26,0,0
60848,1,1,1994,2,2,2,2,2,2,2,2,2,2
60848,2,1,1994,12,12,12,12,12,12,12,12,12,12
60849,1,1,1994,4,4,4,4,4,4,4,4,4,4
60849,2,1,1994,0,0,0,0,0,0,0,0,0,0
60850,0,1,1994,1,1,1,1,1,1,1,1,1,1
60850,1,1,1994,0,0,0,0,0,0,0,0,0,0
60851,1,1,1994,19,19,19,19,19,19,19,19,19,19
60851,2,1,1994,0,0,0,0,3,0,0,0,0,0
60852,1,1,1994,0,0,0,0,0,0,0,0,0,0
60852,2,1,1994,0,0,0,0,0,0,6,0,0,21
60853,1,1,1994,10,10,10,10,10,10,10,10,10,10
60853,2,1,1994,0,0,0,0,0,0,0,0,0,0
60853,3,1,1994,0,0,0,0,0,15,0,0,0,0
60854,0,1,1994,0,0,0,0,0,0,0,0,0,0
60854,1,1,1994,0,0,0,0,0,0,0,0,0,0
60855,0,1,1994,0,0,0,0,0,0,0,0,0,0
60855,1,1,1994,0,0,0,0,0,7,0,0,0,0
60856,1,1,1994,26,26,26,26,26,26,26,26,26,26
60857,1,1,1994,7,7,7,7,7,7,7,7,7,7
60858,1,1,1994,0,0,0,0,0,0,0,0,0,0
60858,2,1,1994,0,0,0,0,0,0,8,14,0,0
60859,0,1,1994,45,45,45,45,45,45,45,45,45,45
60859,1,1,1994,0,0,0,0,0,0,0,0,0,0
60859,2,1,1994,0,0,9,0,0,0,0,0,0,10
60860,1,1,1994,7,7,7,7,7,7,7,7,7,7
60860,2,1,1994,0,0,0,0,0,0,0,0,0,0
60861,1,1,1994,0,0,0,0,0,0,0,0,0,0
60862,1,1,1994,0,0,0,0,0,0,0,0,0,0
60862,2,1,1994,9,9,9,9,9,9,9,9,9,9
60863,0,1,1994,0,0,0,0,0,0,0,0,0,0
60863,1,1,1994,0,0,0,0,0,0,0,0,0,0
60864,1,1,1994,0,0,0,0,0,0,0,0,0,0
60865,1,1,1994,0,0,0,0,0,0,0,0,0,0
60865,2,1,1994,0,0,0,0,0,0,20,0,0,0
60866,1,1,1994,0,0,0,0,0,0,0,0,0,0
60866,2,1,1994,0,0,0,0,0,0,0,0,0,0
60867,0,1,1994,0,0,0,0,0,0,0,0,0,0
60867,1,1,1994,3,3,3,3,3,3,3,3,3,3
60868,0,1,1994,25,25,25,25,25,25,25,25,25,25
60868,1,1,1994,0,0,0,0,0,0,0,0,0,0
60869,1,1,1994,0,0,0,0,0,0,0,0,0,0
60869,2,1,1994,0,0,0,0,0,0,0,0,0,0
60870,1,1,1994,9,9,9,9,9,9,9,9,9,9
60871,0,1,1994,7,7,7,7,7,7,7,7,7,7
60871,0,2,1994,2,2,2,2,2,2,2,2,2,2
60871,1,1,1994,0,0,0,0,0,0,0,0,0,0
60872,0,1,1994,11,11,11,11,11,11,11,11,11,11
60872,1,1,1994,16,0,0,13,0,0,0,0,0,0
60873,1,1,1994,0,0,0,0,0,0,0,0,0,0
60874,1,1,1994,0,0,0,0,0,0,0,0,0,0
60874,2,1,1994,0,0,0,0,0,0,0,0,0,0
60875,1,1,1994,0,0,0,0,0,0,0,0,0,0
60875,2,1,1994,0,0,0,0,0,0,0,0,0,0
60876,1,1,1994,0,0,0,0,0,0,0,0,0,0
60877,1,1,1994,0,0,0,0,0,0,0,0,0,0
60877,2,1,1994,0,0,0,0,0,0,0,0,0,0
60878,1,1,1994,21,21,21,21,21,21,21,21,21,21
60879,1,1,1994,0,0,0,0,0,0,0,0,0,0
60879,2,1,1994,0,0,0,0,0,0,0,0,0,0
60880,1,1,1994,0,0,0,0,0,0,0,0,0,6
60880,2,1,1994,0,0,0,0,0,0,0,0,0,0
60881,1,1,1994,5,6,28,17,15,8,22,22,8,6
60881,2,1,1994,0,0,0,0,0,0,0,0,0,0
60881,3,1,1994,0,0,0,0,0,0,0,0,0,0
60882,1,1,1994,0,0,0,0,0,0,0,0,0,0
60882,2,1,1994,0,0,0,0,0,0,0,0,0,0
60883,1,1,1994,0,0,0,0,33,0,0,0,10,0
60883,2,1,1994,0,0,0,0,0,0,0,0,0,0
60883,3,1,1994,0,0,0,0,0,0,0,0,0,0
60884,1,1,1994,33,33,33,33,33,33,33,33,33,33
60885,1,1,1994,0,0,0,0,0,0,0,0,0,0
60885,2,1,1994,0,0,0,0,0,0,0,0,0,0
60886,1,1,1994,0,0,0,0,0,0,0,0,0,0
60886,2,1,1994,0,0,0,0,0,0,0,0,0,0
60887,1,1,1994,0,0,0,0,0,0,0,0,0,0
60887,2,1,1994,14,14,14,14,14,14,14,14,14,14
60888,1,1,1994,30,30,30,30,30,30,30,30,30,30
60889,1,1,1994,0,0,0,0,0,0,0,0,0,0
60890,1,1,1994,0,0,0,0,0,0,0,0,0,0
60890,2,1,1994,17,17,17,17,17,17,17,17,17,17
60891,1,1,1994,17,17,17,17,17,17,17,17,17,17
60892,1,1,1994,0,0,0,0,0,0,0,0,0,0
60893,1,1,1994,21,21,21,21,21,21,21,21,21,21
60894,1,1,1994,26,26,26,26,26,26,26,26,26,26
60894,2,1,1994,0,0,0,0,0,0,0,0,0,0
60895,0,1,1994,0,0,0,0,0,0,0,0,0,0
60895,1,1,1994,0,0,0,0,0,0,0,0,0,0
60896,1,1,1994,0,0,0,0,0,0,0,0,14,0
60897,1,1,1994,0,0,0,0,0,0,0,0,0,0
60897,2,1,1994,0,0,0,0,0,0,0,0,0,0
60898,0,1,1994,0,0,0,0,0,0,0,0,0,0
60898,1,1,1994,0,0,0,12,0,0,0,0,0,17
60899,0,1,1994,0,0,0,0,0,0,0,0,0,0
60899,1,1,1994,0,0,0,0,0,0,0,0,0,0
60900,1,1,1994,0,0,0,0,0,0,0,0,0,0
60901,1,1,1994,0,0,0,0,0,0,13,0,17,0
60901,2,1,1994,0,0,0,0,0,0,0,0,0,0
60902,1,1,1994,0,0,0,0,0,0,0,0,0,0
60902,2,1,1994,0,0,0,0,0,0,0,0,0,0
60903,1,1,1994,0,0,0,0,0,0,0,0,0,0
60903,2,1,1994,0,0,10,0,0,0,0,0,0,0
60904,1,1,1994,0,0,0,0,0,0,0,0,0,0
60904,2,1,1994,0,0,0,0,0,0,0,0,0,0
60905,1,1,1994,12,12,12,12,12,12,12,12,12,12
60905,2,1,1994,0,0,0,0,0,0,0,0,0,0
60906,0,1,1994,0,0,0,0,0,0,0,0,0,0
60906,1,1,1994,21,21,21,21,21,21,21,21,21,21
60907,1,1,1994,26,26,26,26,26,26,26,26,26,26
60908,1,1,1994,0,0,0,0,0,0,0,0,0,0
60908,2,1,1994,0,0,0,0,0,0,10,0,0,0
60909,0,1,1994,0,0,0,0,0,0,0,0,0,0
60909,1,1,1994,0,0,0,0,0,0,0,0,0,0
60910,1,1,1994,16,16,16,16,16,16,16,16,16,16
60910,2,1,1994,0,0,0,0,0,0,0,0,0,0
60911,0,1,1994,29,29,29,29,29,29,29,29,29,29
60911,1,1,1994,0,0,0,0,0,0,0,0,0,12
60911,2,1,1994,14,0,22,0,0,8,13,0,0,0
60912,0,1,1994,0,0,0,0,0,0,0,0,0,0
60912,1,1,1994,17,0,0,0,0,2,0,0,0,0
60913,0,1,1994,0,0,0,0,0,0,0,0,0,0
60913,1,1,1994,0,0,0,0,0,0,0,0,0,0
60914,1,1,1994,0,0,0,0,0,0,0,0,0,0
60915,0,1,1994,0,0,0,0,0,0,0,0,0,0
60915,1,1,1994,0,0,0,0,0,0,0,0,0,0
60916,0,1,1994,0,0,0,0,0,0,0,0,0,0
60916,1,1,1994,0,0,0,0,0,0,0,0,0,0
60917,0,1,1994,0,29,0,0,0,0,0,0,21,11
60917,1,1,1994,0,0,0,0,10,0,0,0,0,0
60918,1,1,1994,0,0,0,0,0,0,0,0,0,0
60918,2,1,1994,0,0,0,0,0,0,0,0,0,0
60918,3,1,1994,0,0,0,0,0,0,0,0,0,0
60919,1,1,1994,13,13,13,13,13,13,13,13,13,13
60919,2,1,1994,0,0,0,0,0,0,0,0,0,0
60920,1,1,1994,2,2,2,2,2,2,2,2,2,2
60921,1,1,1994,20,20,20,20,20,20,20,20,20,20
60922,0,1,1994,0,0,0,0,0,0,0,0,0,0
60922,1,1,1994,42,21,23,15,15,0,24,0,19,20
60923,1,1,1994,11,11,11,11,11,11,11,11,11,11
60924,1,1,1994,0,0,0,0,0,0,0,0,3,0
60925,1,1,1994,0,0,0,0,0,14,0,0,0,0
60925,2,1,1994,0,0,0,0,0,0,0,0,0,0
60926,1,1,1994,0,0,0,0,0,0,0,0,0,0
60927,1,1,1994,12,12,12,12,12,12,12,12,12,12
60927,2,1,1994,0,0,0,0,0,0,0,0,0,0
60928,1,1,1994,28,28,28,28,28,28,28,28,28,28
60928,2,1,1994,0,0,0,0,0,0,0,0,0,0
60929,1,1,1994,0,0,0,0,0,0,0,0,0,0
60929,2,1,1994,0,0,0,0,0,0,0,0,0,0
60930,0,1,1994,0,0,0,0,0,0,0,0,0,0
60930,1,1,1994,0,0,0,0,0,0,0,0,0,0
60931,0,1,1994,0,0,0,0,0,0,0,0,0,0
60931,1,1,1994,0,0,0,0,0,0,0,0,0,0
60932,0,1,1994,9,9,9,9,9,9,9,9,9,9
60932,1,1,1994,0,0,0,0,0,0,0,0,21,0
60933,0,1,1994,0,0,0,0,0,0,0,0,0,0
60933,1,1,1994,0,0,0,0,0,0,0,0,0,0
60934,1,1,1994,13,0,0,0,0,0,0,0,0,0
60935,0,1,1994,39,39,39,39,39,39,39,39,39,39
60935,1,1,1994,0,0,0,0,0,0,0,0,0,0
60936,0,1,1994,0,0,0,0,0,0,0,0,0,0
60936,1,1,1994,0,0,0,0,0,0,0,0,0,0
60937,1,1,1994,0,0,0,0,0,0,0,0,0,0
60938,1,1,1994,0,0,0,0,0,0,0,0,0,0
60938,2,1,1994,0,0,0,0,0,0,0,0,0,0
60939,1,1,1994,0,0,0,0,0,0,0,0,0,0
60940,1,1,1994,0,0,0,0,0,0,0,0,0,0
60941,1,1,1994,0,0,0,0,0,0,0,0,0,0
60941,2,1,1994,18,14,5,0,0,0,0,8,16,0
60942,0,1,1994,0,0,0,0,0,0,0,0,0,0
60942,1,1,1994,0,0,0,0,0,0,0,0,0,0
60943,0,1,1994,0,0,0,0,0,0,0,0,0,0
60943,1,1,1994,0,0,0,0,0,0,0,0,0,0
60944,0,1,1994,23,23,23,23,23,23,23,23,23,23
60944,1,1,1994,0,0,17,9,20,0,0,13,0,0
60945,1,1,1994,23,23,23,23,23,23,23,23,23,23
60945,2,1,1994,0,0,0,0,0,0,0,0,0,0
60946,0,1,1994,0,0,0,0,0,0,0,0,0,0
60946,1,1,1994,0,0,0,0,0,0,0,0,0,0
60947,1,1,1994,0,0,0,0,0,0,0,0,0,0
60948,1,1,1994,0,0,0,0,0,0,0,0,0,0
60948,2,1,1994,0,0,0,0,0,0,0,0,0,0
60949,1,1,1994,0,0,0,0,0,0,0,0,0,0
60949,2,1,1994,0,0,0,0,0,0,0,0,0,0
60950,1,1,1994,0,0,0,0,0,0,0,0,0,0
60950,2,1,1994,0,0,0,0,0,0,0,0,0,0
60951,1,1,1994,0,0,0,0,0,0,0,0,0,0
60952,1,1,1994,0,0,0,0,0,0,0,0,0,0
60952,2,1,1994,0,0,0,0,0,0,0,0,0,0
60952,3,1,1994,0,0,0,0,0,0,0,0,0,0
60953,1,1,1994,8,8,8,8,8,8,8,8,8,8
60954,1,1,1994,0,0,0,0,0,0,0,0,0,0
60955,1,1,1994,18,18,18,18,18,18,18,18,18,18
60955,2,1,1994,0,0,0,0,0,0,0,0,0,0
60956,1,1,1994,0,0,0,0,0,0,0,0,0,0
60956,2,1,1994,0,0,0,0,0,0,0,0,0,0
60957,1,1,1994,0,0,0,0,0,0,0,0,0,0
60958,1,1,1994,0,0,0,0,0,0,0,0,0,0
60959,1,1,1994,12,12,12,12,12,12,12,12,12,12
60960,1,1,1994,0,0,0,0,0,0,0,0,0,0
60960,2,1,1994,0,0,0,0,0,0,0,0,0,0
60961,1,1,1994,36,36,36,36,36,36,36,36,36,36
60962,1,1,1994,2,2,2,2,2,2,2,2,2,2
60962,2,1,1994,0,0,0,21,0,0,0,0,0,0
60963,1,1,1994,17,17,17,17,17,17,17,17,17,17
60963,2,1,1994,0,0,0,0,0,0,0,11,0,0
60964,0,1,1994,0,0,0,0,0,0,0,0,0,0
60964,1,1,1994,0,0,0,0,0,0,0,0,0,0
60965,0,1,1994,0,0,0,0,0,0,0,0,0,0
60965,1,1,1994,0,0,0,0,0,0,0,0,0,0
60966,0,1,1994,0,0,0,0,0,0,0,0,0,0
60966,1,1,1994,19,0,0,8,0,0,0,20,0,16
60967,1,1,1994,0,0,0,0,0,0,0,0,0,0
60967,2,1,1994,2,0,0,0,0,0,0,0,0,0
60968,1,1,1994,0,31,0,0,0,0,14,0,0,0
60969,1,1,1994,0,0,0,0,0,0,0,0,0,0
60969,2,1,1994,17,17,17,17,17,17,17,17,17,17
60970,1,1,1994,22,22,22,22,22,22,22,22,22,22
60971,1,1,1994,12,12,12,12,12,12,12,12,12,12
60972,1,1,1994,0,0,0,0,0,0,0,0,0,0
60973,1,1,1994,0,0,0,0,0,0,0,0,0,0
60973,2,1,1994,0,0,0,0,0,0,0,0,0,0
60974,1,1,1994,0,0,0,0,0,0,0,0,0,0
60974,2,1,1994,0,0,0,0,0,0,10,0,16,0
60975,1,1,1994,0,0,0,0,0,0,0,0,0,0
60976,1,1,1994,0,0,0,0,0,0,0,0,0,0
60977,1,1,1994,0,0,0,10,7,0,0,0,0,0
60978,0,1,1994,26,26,26,26,26,26,26,26,26,26
60978,1,1,1994,0,0,0,0,0,0,0,0,0,0
60979,1,1,1994,0,0,0,0,0,0,0,0,0,0
60980,1,1,1994,0,0,0,0,0,0,0,0,0,0
60981,0,1,1994,0,0,0,0,0,0,0,0,0,0
60981,1,1,1994,0,0,0,0,0,0,32,0,0,2
60982,1,1,1994,0,0,0,0,0,0,0,0,0,0
60983,0,1,1994,0,0,0,0,0,0,0,0,0,0
60983,1,1,1994,0,0,0,0,0,0,0,0,0,0
60984,1,1,1994,9,9,9,9,9,9,9,9,9,9
60985,1,1,1994,0,0,0,0,0,0,0,0,0,0
60985,2,1,1994,0,0,0,0,0,0,0,0,0,0
60986,1,1,1994,0,0,0,0,0,0,0,0,0,0
60986,2,1,1994,0,0,0,16,0,22,0,21,0,0
60987,1,1,1994,15,15,15,15,15,15,15,15,15,15
60987,2,1,1994,0,0,0,0,0,0,0,0,0,0
60987,3,1,1994,21,0,0,0,0,0,0,0,0,0
60988,0,1,1994,0,0,0,0,0,0,0,0,0,0
60988,1,1,1994,0,0,0,0,0,0,0,0,0,0
60989,1,1,1994,0,0,0,0,0,0,0,0,0,0
60989,2,1,1994,0,29,0,0,0,0,0,0,0,0
60990,0,1,1994,0,0,0,12,0,0,0,36,0,23
60990,1,1,1994,8,0,0,0,0,0,0,0,0,0
60991,0,1,1994,0,0,0,0,0,0,0,0,0,0
60991,1,1,1994,8,0,0,0,0,0,0,0,0,0
60992,1,1,1994,0,0,0,0,0,0,0,0,0,0
60993,1,1,1994,0,0,0,0,0,0,0,0,0,0
60994,0,1,1994,0,0,0,0,0,0,0,0,0,0
60994,0,2,1994,6,0,20,0,0,0,0,3,0,0
60994,0,3,1994,15,0,4,0,0,21,0,11,3,0
60994,0,4,1994,0,0,8,3,20,9,0,0,20,0
60994,1,1,1994,20,20,20,20,20,20,20,20,20,20
60995,0,1,1994,0,0,0,0,0,0,0,0,0,0
60995,1,1,1994,0,0,0,0,0,0,0,0,0,0
60996,0,1,1994,28,28,28,28,28,28,28,28,28,28
60996,1,1,1994,0,0,9,0,0,0,0,0,0,0
60996,2,1,1994,0,0,0,0,0,0,0,0,0,0
60997,1,1,1994,16,6,0,0,12,8,7,17,25,10
60997,2,1,1994,0,0,0,0,0,0,0,0,0,0
60998,1,1,1994,0,0,0,0,0,0,0,0,0,0
61000,1,1,1994,0,0,0,0,0,0,0,0,0,0
61001,1,1,1994,0,0,0,0,0,0,0,0,0,0
61002,1,1,1994,0,0,0,0,0,0,0,18,29,12
61003,1,1,1994,0,0,0,0,0,0,0,0,0,0
61003,2,1,1994,0,0,9,0,0,0,0,0,0,0
61004,0,1,1994,0,0,0,0,0,0,0,0,0,0
61004,1,1,1994,0,0,0,0,0,0,0,0,0,0
61005,0,1,1994,0,0,0,0,0,0,0,0,0,0
61005,1,1,1994,0,0,2,0,0,0,22,15,0,0
61006,1,1,1994,0,0,0,0,0,0,0,0,0,0
61007,0,1,1994,0,0,0,0,0,0,0,0,0,0
61007,1,1,1994,0,0,0,0,0,0,0,0,0,0
61008,0,1,1994,0,0,0,0,0,0,0,0,0,0
61008,1,1,1994,0,0,0,0,23,0,0,0,0,0
61009,1,1,1994,0,0,0,0,0,0,0,0,0,0
61009,2,1,1994,0,0,0,0,0,0,0,0,0,0
61010,0,1,1994,0,0,0,0,0,0,0,0,0,0
61010,1,1,1994,0,0,0,0,0,0,0,0,0,0
61011,1,1,1994,0,0,0,0,0,0,0,0,0,0
61011,2,1,1994,0,0,0,0,0,0,0,0,0,0
61012,1,1,1994,24,24,24,24,24,24,24,24,24,24
61013,1,1,1994,0,0,0,0,0,0,0,0,0,0
61013,2,1,1994,0,0,0,0,0,0,0,0,0,0
61013,3,1,1994,0,0,0,0,0,0,0,0,0,0
61013,4,1,1994,12,12,12,12,12,12,12,12,12,12
61013,5,1,1994,0,0,6,0,0,0,0,0,7,0
61014,0,1,1994,19,19,19,19,19,19,19,19,19,19