ST_CASE,VEH_NO,PER_NO,YEAR,P1,P2,P3,P4,P5,P6,P7,P8,P9,P10
61014,1,1,1994,0,0,34,0,10,0,0,0,21,0
61015,1,1,1994,26,8,12,12,22,10,14,9,26,5
61016,1,1,1994,12,12,12,12,12,12,12,12,12,12
61016,2,1,1994,0,0,0,0,0,0,0,0,0,0
61017,1,1,1994,0,0,0,0,0,0,0,0,0,0
61018,1,1,1994,0,0,0,0,0,0,0,0,0,0
61019,1,1,1994,18,18,18,18,18,18,18,18,18,18
61020,1,1,1994,0,0,0,0,0,0,0,0,0,0
61020,2,1,1994,0,0,0,0,0,0,0,0,0,0
61021,1,1,1994,9,9,9,9,9,9,9,9,9,9
61022,1,1,1994,0,0,0,0,0,0,0,0,0,0
61022,2,1,1994,0,0,0,0,0,0,0,0,0,0
61022,3,1,1994,0,0,0,0,0,0,0,0,0,0
61023,0,1,1994,0,0,0,0,0,0,0,0,0,0
61023,1,1,1994,0,0,0,0,0,0,0,0,0,0
61024,1,1,1994,0,0,0,0,0,0,0,0,0,0
61025,1,1,1994,0,0,0,0,0,0,0,0,0,0
61025,2,1,1994,0,0,0,0,0,0,0,0,0,0
61026,1,1,1994,0,0,0,0,0,0,0,0,0,0
61027,1,1,1994,0,0,0,0,0,0,0,0,0,0
61028,0,1,1994,0,0,0,0,0,0,0,0,0,0
61028,1,1,1994,1,1,1,1,1,1,1,1,1,1
61029,1,1,1994,0,0,0,0,0,0,0,0,0,0
61029,2,1,1994,0,0,0,0,0,0,0,0,0,0
61030,1,1,1994,11,11,0,0,0,0,0,0,0,0
61031,1,1,1994,0,0,0,0,0,0,0,0,0,0
61031,2,1,1994,0,0,0,0,0,0,0,0,0,0
61032,1,1,1994,19,19,19,19,19,19,19,19,19,19
61032,2,1,1994,0,0,0,0,0,0,0,0,0,0
61033,1,1,1994,30,30,30,30,30,30,30,30,30,30
61033,2,1,1994,9,9,9,9,9,9,9,9,9,9
61034,1,1,1994,0,0,0,0,0,0,0,0,0,0
61034,2,1,1994,0,0,0,0,6,0,0,0,0,0
61035,1,1,1994,0,0,0,0,0,0,0,0,0,0
61035,2,1,1994,0,0,0,0,0,0,0,7,0,0
61036,1,1,1994,0,0,0,0,0,0,0,0,0,0
61037,1,1,1994,0,0,0,0,0,0,0,0,0,0
61038,0,1,1994,0,6,8,0,16,15,18,3,0,4
61038,1,1,1994,6,12,16,18,0,20,0,0,0,2
61039,1,1,1994,15,0,0,0,0,0,0,0,0,0
61039,2,1,1994,33,0,0,0,0,0,0,0,0,0
61040,0,1,1994,0,0,0,0,0,0,0,0,0,0
61040,1,1,1994,1,1,1,1,1,1,1,1,1,1
61041,1,1,1994,15,15,15,15,15,15,15,15,15,15
61042,1,1,1994,15,15,15,15,15,15,15,15,15,15
61042,2,1,1994,0,0,0,0,0,0,0,0,0,0
61043,1,1,1994,33,33,33,33,33,33,33,33,33,33
61043,2,1,1994,0,7,0,0,0,16,10,0,0,0
61044,0,1,1994,0,0,0,0,0,0,0,0,0,0
61044,1,1,1994,0,0,0,0,0,0,0,0,0,0
61045,0,1,1994,0,0,0,0,0,0,0,0,0,0
61045,1,1,1994,19,19,19,19,19,19,19,19,19,19
61046,1,1,1994,0,0,0,0,0,0,0,0,0,0
61047,1,1,1994,0,0,0,0,0,0,0,0,0,0
61048,1,1,1994,0,0,0,0,22,0,0,0,0,0
61048,2,1,1994,9,0,0,0,0,0,0,0,0,0
61049,1,1,1994,23,23,23,23,23,23,23,23,23,23
61050,1,1,1994,20,20,20,20,20,20,20,20,20,20
61051,1,1,1994,20,20,20,20,20,20,20,20,20,20
61052,1,1,1994,4,4,4,4,4,4,4,4,4,4
61053,1,1,1994,23,23,23,23,23,23,23,23,23,23
61054,1,1,1994,0,0,0,0,0,0,0,0,0,0
61054,2,1,1994,0,0,0,0,0,0,0,0,0,0
61055,1,1,1994,5,5,5,5,5,5,5,5,5,5
61055,2,1,1994,0,0,0,0,0,0,16,0,0,0
61056,1,1,1994,0,0,0,0,0,0,0,0,0,0
61057,1,1,1994,0,0,0,0,0,0,0,0,0,0
61058,0,1,1994,0,0,0,0,0,0,0,0,0,0
61058,1,1,1994,0,0,0,0,0,0,0,0,0,0
61059,1,1,1994,0,0,0,0,0,0,0,0,0,0
61059,2,1,1994,0,0,0,0,0,0,0,0,0,0
61060,0,1,1994,0,0,0,0,0,0,0,0,0,0
61060,1,1,1994,0,7,0,25,0,0,0,0,0,0
61061,1,1,1994,0,0,0,0,0,0,0,0,0,0
61062,1,1,1994,25,25,25,25,25,25,25,25,25,25
61063,0,1,1994,8,8,8,8,8,8,8,8,8,8
61063,0,2,1994,28,7,0,28,14,0,10,23,17,29
61063,1,1,1994,0,0,11,0,0,15,0,0,0,0
61064,1,1,1994,15,15,15,15,15,15,15,15,15,15
61065,0,1,1994,0,0,0,0,0,0,0,0,0,0
61065,1,1,1994,14,0,0,0,0,0,20,0,0,0
61066,1,1,1994,18,18,18,18,18,18,18,18,18,18
61067,1,1,1994,0,0,0,0,0,0,0,0,0,0
61068,0,1,1994,0,0,0,0,0,0,0,0,0,4
61068,1,1,1994,0,0,0,0,0,0,0,0,0,0
61069,1,1,1994,0,0,0,0,0,0,0,0,0,0
61069,2,1,1994,0,0,0,0,0,0,0,0,0,0
61070,1,1,1994,0,0,0,0,0,0,0,0,0,0
61071,1,1,1994,0,0,0,0,0,0,0,0,0,0
61072,1,1,1994,0,0,0,0,0,0,0,0,0,0
61072,2,1,1994,0,0,0,0,0,0,0,0,0,0
61073,1,1,1994,0,0,0,0,0,0,0,0,0,0
61074,1,1,1994,0,0,0,0,0,0,0,0,0,0
61075,1,1,1994,23,0,0,0,0,0,0,0,24,0
61076,1,1,1994,16,16,16,16,16,16,16,16,16,16
61076,2,1,1994,0,0,0,0,0,0,0,0,0,0
61076,3,1,1994,0,0,0,0,0,0,0,0,27,0
61077,1,1,1994,2,2,2,2,2,2,2,2,2,2
61078,1,1,1994,0,4,0,0,0,0,0,0,0,0
61079,1,1,1994,24,24,24,24,24,24,24,24,24,24
61080,1,1,1994,33,0,25,30,20,15,12,9,19,28
61081,1,1,1994,3,3,3,3,3,3,3,3,3,3
61082,0,1,1994,25,25,25,25,25,25,25,25,25,25
61082,1,1,1994,0,0,0,0,0,0,0,0,0,0
61083,1,1,1994,0,0,0,0,0,0,0,0,0,0
61083,2,1,1994,0,0,0,0,0,0,0,0,0,0
61083,3,1,1994,0,0,0,0,0,0,0,0,0,0
61083,4,1,1994,0,0,0,0,0,0,0,0,0,0
61083,5,1,1994,0,0,0,0,0,0,0,0,0,0
61083,6,1,1994,0,0,0,0,0,0,0,0,0,0
61083,7,1,1994,0,0,0,0,0,0,0,0,0,0
61083,8,1,1994,0,0,0,0,0,0,0,0,0,0
61083,9,1,1994,0,0,0,0,0,0,0,0,0,0
61083,10,1,1994,0,0,0,0,0,0,0,0,0,0
61084,1,1,1994,0,0,0,0,0,0,0,0,0,0
61085,0,1,1994,0,0,0,0,0,0,0,0,0,0
61085,0,2,1994,0,0,0,0,0,0,0,0,0,0
61085,1,1,1994,0,0,0,0,0,0,0,0,0,0
61086,1,1,1994,0,0,0,0,0,0,0,0,0,0
61086,2,1,1994,0,0,0,0,0,0,0,0,0,0
61087,0,1,1994,0,0,0,0,0,0,0,0,0,0
61087,0,2,1994,0,0,0,0,15,0,0,19,0,0
61087,1,1,1994,0,0,0,0,0,0,0,0,0,0
61088,1,1,1994,0,0,0,0,0,0,0,0,0,0
61088,2,1,1994,28,28,28,28,28,28,28,28,28,28
61089,1,1,1994,12,12,12,12,12,12,12,12,12,12
61090,1,1,1994,0,0,0,0,0,0,0,0,0,0
61090,2,1,1994,0,0,0,0,0,0,0,0,0,0
61091,1,1,1994,11,11,11,11,11,11,11,11,11,11
61092,1,1,1994,0,0,0,0,0,0,0,0,0,0
61093,1,1,1994,0,5,0,18,0,0,0,0,14,0
61094,1,1,1994,0,0,0,0,0,0,0,0,0,0
61094,2,1,1994,0,0,0,0,0,0,0,0,0,0
61095,1,1,1994,0,0,0,0,0,0,0,0,0,0
61096,0,1,1994,0,0,0,0,0,0,0,0,0,0
61096,1,1,1994,0,0,0,0,0,0,0,0,0,0
61097,1,1,1994,29,29,29,29,29,29,29,29,29,29
61097,2,1,1994,0,0,0,0,0,0,0,0,0,0
61098,0,1,1994,19,19,19,19,19,19,19,19,19,19
61098,1,1,1994,4,4,4,4,4,4,4,4,4,4
61099,1,1,1994,7,7,7,7,7,7,7,7,7,7
61100,1,1,1994,0,0,0,0,0,0,0,0,0,0
61101,0,1,1994,23,23,23,23,23,23,23,23,23,23
61101,1,1,1994,0,0,0,0,0,0,0,0,0,0
61102,1,1,1994,14,14,14,14,14,14,14,14,14,14
61102,2,1,1994,5,5,5,5,5,5,5,5,5,5
61103,1,1,1994,0,0,0,0,0,0,0,0,0,0
61103,2,1,1994,0,0,0,0,14,0,0,0,0,4
61104,0,1,1994,0,0,0,0,0,0,0,0,0,0
61104,1,1,1994,0,0,0,0,0,0,0,0,0,0
61105,0,1,1994,0,0,0,0,0,0,0,0,0,36
61105,1,1,1994,0,0,0,0,0,0,0,0,0,0
61106,1,1,1994,7,7,7,7,7,7,7,7,7,7
61106,2,1,1994,0,0,7,0,0,0,0,0,0,0
61107,1,1,1994,0,14,0,0,15,0,0,15,10,0
61107,2,1,1994,11,11,11,11,11,11,11,11,11,11
61108,1,1,1994,0,0,0,0,0,0,0,0,0,0
61108,2,1,1994,0,0,0,0,0,0,0,0,0,0
61108,3,1,1994,0,0,0,0,0,0,0,0,0,0
61109,1,1,1994,18,18,18,18,18,18,18,18,18,18
61110,1,1,1994,0,0,0,0,0,0,0,0,0,0
61110,2,1,1994,0,0,0,0,0,0,0,0,0,0
61111,1,1,1994,0,0,0,0,0,0,0,0,0,0
61111,2,1,1994,0,0,0,0,0,0,0,0,0,0
61111,3,1,1994,0,0,0,0,0,0,0,0,0,0
61112,1,1,1994,0,0,0,0,0,0,0,0,0,0
61113,1,1,1994,0,0,0,0,0,0,0,0,0,0
61113,2,1,1994,0,0,0,0,0,0,0,0,0,0
61114,1,1,1994,0,0,0,0,0,0,0,0,0,0
61115,1,1,1994,0,0,0,0,0,0,0,0,0,0
61116,1,1,1994,0,0,0,0,5,0,0,0,0,0
61116,2,1,1994,0,0,0,0,0,0,0,0,0,0
61117,0,1,1994,0,0,0,0,0,0,0,0,0,0
61117,1,1,1994,0,0,0,0,0,0,0,0,0,0
61118,1,1,1994,0,0,0,0,0,0,0,0,0,0
61119,0,1,1994,22,22,22,22,22,22,22,22,22,22
61119,1,1,1994,0,0,0,0,0,0,0,0,0,0
61120,1,1,1994,16,16,16,16,16,16,16,16,16,16
61121,1,1,1994,0,0,0,0,0,0,0,0,0,0
61121,2,1,1994,0,0,0,0,0,0,0,0,0,0
61122,1,1,1994,18,18,18,18,18,18,18,18,18,18
61122,2,1,1994,0,14,0,0,0,0,0,0,0,0
61123,1,1,1994,0,0,0,0,0,0,0,0,0,0
61123,2,1,1994,0,0,0,0,0,0,0,0,0,11
61124,1,1,1994,0,0,0,0,0,0,0,0,0,0
61124,2,1,1994,0,0,0,0,0,0,0,0,0,0
61125,1,1,1994,0,0,0,0,0,0,0,0,0,0
61125,2,1,1994,0,0,0,0,0,0,0,0,0,0
61126,1,1,1994,0,0,0,0,0,0,11,0,0,0
61126,2,1,1994,0,0,0,0,0,0,0,0,0,0
61127,1,1,1994,0,0,0,0,0,0,0,0,0,0
61127,2,1,1994,0,0,0,0,0,0,0,0,0,0
61127,3,1,1994,0,9,0,0,0,0,0,0,0,0
61128,1,1,1994,0,0,0,0,0,0,0,0,0,0
61128,2,1,1994,0,0,0,0,0,0,0,0,0,0
61128,3,1,1994,0,0,0,0,0,0,0,0,0,0
61129,1,1,1994,22,0,0,0,0,0,0,0,0,0
61129,2,1,1994,0,0,0,0,0,0,0,0,0,0
61130,0,1,1994,0,0,0,0,0,0,0,0,0,0
61130,1,1,1994,0,0,0,0,0,0,0,0,0,34
61131,0,1,1994,32,32,32,32,32,32,32,32,32,32
61131,1,1,1994,0,0,0,0,0,0,0,0,0,0
61132,0,1,1994,37,37,37,37,37,37,37,37,37,37
61132,1,1,1994,0,0,0,0,0,0,0,0,0,0
61133,1,1,1994,0,0,0,0,0,0,0,0,0,0
61134,1,1,1994,11,11,11,11,11,11,11,11,11,11
61135,0,1,1994,18,18,18,18,18,18,18,18,18,18
61135,1,1,1994,0,21,18,0,0,29,20,0,0,0
61136,0,1,1994,15,15,15,15,15,15,15,15,15,15
61136,1,1,1994,13,17,38,9,0,9,9,28,0,15
61137,1,1,1994,0,0,0,0,0,0,0,0,0,0
61138,1,1,1994,0,0,0,0,0,0,0,0,0,0
61138,2,1,1994,0,15,0,0,0,0,0,0,0,0
61138,3,1,1994,0,0,0,0,0,0,0,0,0,0
61138,4,1,1994,0,0,0,0,0,0,0,0,0,0
61138,5,1,1994,0,0,0,0,0,0,0,0,0,0
61139,1,1,1994,0,0,0,0,0,0,0,0,0,0
61139,2,1,1994,0,0,0,0,0,0,0,0,0,0
61140,1,1,1994,0,0,0,0,0,0,0,0,0,0
61141,1,1,1994,22,22,22,22,22,22,22,22,22,22
61142,0,1,1994,0,0,0,0,0,0,0,0,0,0
61142,1,1,1994,0,0,0,0,0,6,0,0,0,0
61143,1,1,1994,2,2,2,2,2,2,2,2,2,2
61143,2,1,1994,0,0,0,0,0,0,0,0,0,0
61144,1,1,1994,15,15,15,15,15,15,15,15,15,15
61144,2,1,1994,0,0,0,0,0,0,0,0,0,0
61145,1,1,1994,0,0,0,0,0,0,0,0,0,0
61146,1,1,1994,25,25,25,25,25,25,25,25,25,25
61146,2,1,1994,0,0,0,0,0,0,0,16,0,0
61146,3,1,1994,0,0,0,0,0,0,0,0,0,0
61147,1,1,1994,3,3,3,3,3,3,3,3,3,3
61148,1,1,1994,0,0,0,0,0,0,0,0,0,0
61148,2,1,1994,0,0,0,0,0,0,0,0,0,0
61148,3,1,1994,0,0,0,0,0,0,0,0,0,0
61149,0,1,1994,18,27,3,25,14,22,17,7,25,10
61149,1,1,1994,2,2,2,2,2,2,2,2,2,2
61150,0,1,1994,27,27,27,27,27,27,27,27,27,27
61150,1,1,1994,24,24,24,24,24,24,24,24,24,24
61151,1,1,1994,0,0,0,0,0,0,0,0,0,12
61151,2,1,1994,0,0,20,0,0,0,0,0,0,0
61152,1,1,1994,0,0,0,0,0,0,0,0,0,0
61153,0,1,1994,0,0,0,0,0,0,0,0,0,0
61153,1,1,1994,0,0,0,0,0,0,0,0,0,0
61154,1,1,1994,0,0,0,0,0,0,0,0,0,0
61154,2,1,1994,0,0,0,0,0,0,0,0,0,0
61154,3,1,1994,0,0,0,0,0,0,0,0,0,0
61155,0,1,1994,0,0,0,0,0,0,0,0,0,0
61155,1,1,1994,0,0,0,0,0,0,0,0,0,0
61156,1,1,1994,0,0,0,0,0,0,0,0,11,0
61156,2,1,1994,0,0,0,0,0,0,30,0,0,0
61157,1,1,1994,0,0,0,0,0,0,0,0,0,0
61157,2,1,1994,0,0,0,0,0,0,0,0,0,0
61158,0,1,1994,0,0,0,0,0,0,0,0,0,0
61158,0,2,1994,0,0,0,0,0,24,0,12,0,0
61158,0,3,1994,9,0,27,0,0,11,0,10,10,0
61158,0,4,1994,0,0,0,0,0,0,0,0,0,0
61158,1,1,1994,0,0,0,0,0,0,0,0,0,10
61158,2,1,1994,0,0,0,0,0,0,0,0,0,0
61159,0,1,1994,7,0,7,9,10,5,26,16,0,0
61159,0,2,1994,0,0,0,0,0,0,0,0,0,0
61159,1,1,1994,20,20,20,20,20,20,20,20,20,20
61160,1,1,1994,0,0,0,0,0,0,0,0,0,0
61161,1,1,1994,0,0,0,0,0,0,0,0,0,0
61161,2,1,1994,0,0,0,0,0,0,0,0,0,0
61162,1,1,1994,0,0,0,0,0,0,0,0,0,0
61163,1,1,1994,20,20,20,20,20,20,20,20,20,20
61164,1,1,1994,0,0,0,0,0,0,0,0,0,0
61164,2,1,1994,0,0,0,0,0,0,0,0,0,0
61165,0,1,1994,0,0,0,0,0,0,0,0,0,0
61165,1,1,1994,0,0,0,0,0,0,0,0,0,0
61166,1,1,1994,0,0,0,0,3,14,0,0,0,0
61166,2,1,1994,0,0,0,0,0,0,0,0,0,0
61167,1,1,1994,5,5,5,5,5,5,5,5,5,5
61167,2,1,1994,0,0,0,0,0,0,0,0,0,0
61168,1,1,1994,6,6,6,6,6,6,6,6,6,6
61169,1,1,1994,25,25,25,25,25,25,25,25,25,25
61169,2,1,1994,0,0,0,0,0,0,0,0,0,0
61170,0,1,1994,6,6,6,6,6,6,6,6,6,6
61170,1,1,1994,14,0,0,0,0,10,11,0,0,0
61171,1,1,1994,0,0,0,0,0,0,0,0,0,0
61172,1,1,1994,0,0,0,0,0,0,0,0,0,0
61172,2,1,1994,0,0,0,0,0,0,0,0,0,0
61172,3,1,1994,0,0,0,0,0,0,0,0,0,0
61173,1,1,1994,0,0,0,0,0,0,0,0,0,0
61174,0,1,1994,0,0,0,0,0,0,0,0,0,0
61174,1,1,1994,0,0,0,0,0,0,0,0,0,0
61175,1,1,1994,13,13,13,13,13,13,13,13,13,13
61176,1,1,1994,21,21,21,21,21,21,21,21,21,21
61177,1,1,1994,0,0,0,0,0,0,0,0,0,0
61177,2,1,1994,0,0,0,0,0,0,0,0,0,0
61178,1,1,1994,36,36,36,36,36,36,36,36,36,36
61179,1,1,1994,18,18,18,18,18,18,18,18,18,18
61180,1,1,1994,0,0,0,0,0,0,0,0,0,0
61180,2,1,1994,0,0,0,0,0,0,0,0,0,0
61180,3,1,1994,0,0,0,0,0,0,0,0,0,0
61181,1,1,1994,0,0,0,0,0,0,0,0,0,0
61181,2,1,1994,0,0,0,0,0,0,0,0,0,0
61181,3,1,1994,0,0,0,0,0,0,25,0,0,0
61181,4,1,1994,0,0,0,0,0,0,0,0,0,0
61182,0,1,1994,0,0,0,0,0,0,0,0,0,0
61182,0,2,1994,0,0,0,0,0,0,0,0,0,0
61182,1,1,1994,0,0,0,0,0,0,0,0,0,0
61183,1,1,1994,0,0,0,0,6,0,0,0,0,0
61183,2,1,1994,0,0,0,0,0,0,0,0,0,0
61184,1,1,1994,17,17,17,17,17,17,17,17,17,17
61184,2,1,1994,0,0,0,0,0,0,0,0,0,0
61185,0,1,1994,0,0,0,0,0,0,0,0,0,0
61185,1,1,1994,0,0,0,0,0,0,0,0,0,0
61186,0,1,1994,21,21,21,21,21,21,21,21,21,21
61186,1,1,1994,0,0,0,0,0,15,0,0,0,12
61187,1,1,1994,7,7,7,7,7,7,7,7,7,7
61188,1,1,1994,17,0,0,0,0,0,0,0,0,0
61188,2,1,1994,16,24,17,0,0,0,26,0,18,0
61189,0,1,1994,6,6,6,6,6,6,6,6,6,6
61189,1,1,1994,0,0,0,0,0,0,0,0,0,0
61189,2,1,1994,0,11,0,0,0,0,9,15,0,0
61190,1,1,1994,0,0,0,0,0,0,0,0,0,0
61191,1,1,1994,0,0,0,0,13,0,0,0,0,0
61191,2,1,1994,0,0,0,0,0,0,0,0,0,0
61192,1,1,1994,0,0,0,0,0,0,0,0,0,0
61192,2,1,1994,0,0,0,0,0,0,0,0,0,0
61193,1,1,1994,0,0,0,0,0,0,0,0,0,0
61193,2,1,1994,0,0,0,0,0,0,0,0,0,0
61193,3,1,1994,0,0,0,0,0,0,0,0,0,0
61194,1,1,1994,0,0,0,0,0,0,0,0,0,0
61194,2,1,1994,0,0,0,0,0,0,0,0,0,0
61195,1,1,1994,0,0,0,0,0,0,0,0,0,0
61196,0,1,1994,0,0,0,0,0,0,0,0,0,0
61196,1,1,1994,0,0,0,0,0,0,0,0,0,0
61197,1,1,1994,17,17,17,17,17,17,17,17,17,17
61198,1,1,1994,0,0,0,0,0,0,0,0,0,0
61199,1,1,1994,11,11,11,11,11,11,11,11,11,11
61199,2,1,1994,5,5,5,5,5,5,5,5,5,5
61200,1,1,1994,0,0,0,0,0,0,0,0,0,0
61200,2,1,1994,20,0,0,0,0,0,0,0,0,0
61201,1,1,1994,20,13,15,23,17,16,32,16,43,23
61202,1,1,1994,0,0,0,0,0,0,0,0,0,0
61202,2,1,1994,0,0,0,0,0,0,0,0,0,0
61203,1,1,1994,0,0,0,0,0,0,0,0,0,0
61203,2,1,1994,0,0,0,0,0,0,5,0,0,0
61204,1,1,1994,0,0,0,0,0,0,0,0,0,0
61204,2,1,1994,0,0,0,0,0,0,0,0,0,0
61205,1,1,1994,0,0,0,0,0,0,0,0,0,0
61206,0,1,1994,0,0,0,0,0,0,0,0,19,0
61206,1,1,1994,0,0,0,0,0,0,0,0,0,0
61207,1,1,1994,0,0,0,0,0,0,0,0,0,0
61208,0,1,1994,0,0,0,0,0,0,0,0,0,0
61208,1,1,1994,0,0,0,0,0,0,0,0,0,0
61209,1,1,1994,0,0,0,0,0,0,0,0,0,0
61210,0,1,1994,0,0,0,0,0,0,0,0,0,0
61210,1,1,1994,13,13,13,13,13,13,13,13,13,13
61211,1,1,1994,12,12,12,12,12,12,12,12,12,12
61212,1,1,1994,0,0,0,0,0,0,0,0,0,0
61212,2,1,1994,0,0,0,0,0,0,0,0,0,0
61213,1,1,1994,0,0,0,0,0,0,0,0,0,0
61214,1,1,1994,0,0,0,0,0,0,0,0,0,0
61215,1,1,1994,0,0,0,0,0,0,0,0,0,0
61215,2,1,1994,0,0,0,0,0,0,0,0,0,0
61216,1,1,1994,1,1,1,1,1,1,1,1,1,1
61217,1,1,1994,0,0,0,0,0,5,0,0,0,0
61218,1,1,1994,0,0,0,0,0,0,0,0,0,0
61218,2,1,1994,0,0,0,0,0,0,0,0,0,0
61219,1,1,1994,0,0,0,0,0,0,0,0,0,0
61220,1,1,1994,0,3,0,17,0,0,0,0,0,0
61220,2,1,1994,0,0,0,0,0,0,0,0,0,0
61221,1,1,1994,18,18,18,18,18,18,18,18,18,18
61222,1,1,1994,0,0,0,0,0,0,0,0,0,0
61223,0,1,1994,0,0,0,0,0,0,0,0,0,0
61223,1,1,1994,13,19,0,29,0,0,40,0,18,12
61224,1,1,1994,38,38,38,38,38,38,38,38,38,38
61225,0,1,1994,0,0,0,0,0,0,0,0,0,0
61225,0,2,1994,0,0,0,0,0,0,0,0,0,0
61225,1,1,1994,0,0,0,12,0,0,0,0,0,0
61225,2,1,1994,0,0,0,0,0,0,0,0,0,0
61226,0,1,1994,0,0,0,0,0,0,0,0,0,0
61226,1,1,1994,0,0,0,0,0,0,0,0,0,0
61227,1,1,1994,0,0,0,0,0,0,0,0,0,0
61228,1,1,1994,0,0,0,0,0,0,0,0,0,0
61228,2,1,1994,0,0,0,0,0,0,0,0,0,0
61229,0,1,1994,0,0,0,0,0,0,0,0,0,0
61229,0,2,1994,0,0,0,0,0,0,0,0,0,0
61229,1,1,1994,0,0,0,0,0,0,0,0,0,0
61230,1,1,1994,0,0,0,0,0,0,0,0,0,0
61231,1,1,1994,23,23,23,23,23,23,23,23,23,23
61232,0,1,1994,0,0,0,0,0,0,0,0,0,0
61232,1,1,1994,0,0,0,0,0,0,0,0,0,0
61233,0,1,1994,0,0,0,0,6,0,0,0,0,0
61233,1,1,1994,0,0,0,0,0,0,0,0,0,0
61234,1,1,1994,0,0,0,0,0,0,0,0,0,0
61234,2,1,1994,0,0,0,0,0,0,0,0,0,0
61234,3,1,1994,0,0,0,0,0,0,0,0,0,0
61235,1,1,1994,0,23,0,0,0,0,0,0,0,0
61235,2,1,1994,16,16,16,16,16,16,16,16,16,16
61236,1,1,1994,0,0,0,0,0,0,0,0,0,0
61236,2,1,1994,0,0,0,0,0,0,0,0,0,0
61237,1,1,1994,16,16,16,16,16,16,16,16,16,16
61238,1,1,1994,21,21,21,21,21,21,21,21,21,21
61239,0,1,1994,0,0,0,0,0,0,0,0,0,0
61239,1,1,1994,0,0,0,0,0,0,0,0,0,0
61240,1,1,1994,0,11,0,11,0,0,0,0,0,0
61241,0,1,1994,0,0,0,0,0,0,0,0,0,0
61241,1,1,1994,0,0,0,0,0,0,0,0,0,0
61242,0,1,1994,0,0,0,0,0,0,0,0,0,0
61242,1,1,1994,0,0,0,0,0,0,0,0,0,0
61243,1,1,1994,0,0,0,32,0,5,0,0,19,0
61244,1,1,1994,0,0,0,0,0,0,0,0,0,0
61244,2,1,1994,0,10,0,0,0,0,0,0,0,0
61245,1,1,1994,0,0,0,0,0,0,0,0,0,0
61245,2,1,1994,0,0,0,0,0,0,0,0,0,0
61246,0,1,1994,0,0,0,0,0,0,0,0,0,0
61246,0,2,1994,12,0,0,0,0,0,0,12,0,7
61246,1,1,1994,15,15,15,15,15,15,15,15,15,15
61247,1,1,1994,15,15,15,15,15,15,15,15,15,15
61247,2,1,1994,0,0,0,0,0,0,0,0,0,0
61248,0,1,1994,0,0,0,0,0,0,0,0,0,0
61248,1,1,1994,0,0,0,0,0,16,0,0,0,16
61249,0,1,1994,3,3,3,3,3,3,3,3,3,3
61249,1,1,1994,0,18,24,0,0,0,3,0,11,18
61249,2,1,1994,0,0,0,0,0,0,12,0,0,3
61250,1,1,1994,0,0,5,0,0,0,0,0,0,20
61250,2,1,1994,0,0,0,0,0,0,0,0,5,0
61251,1,1,1994,0,0,0,0,0,0,0,0,0,3
61251,2,1,1994,0,0,0,0,0,0,0,0,0,0
61252,1,1,1994,14,14,14,14,14,14,14,14,14,14
61252,2,1,1994,0,0,0,0,0,0,0,0,0,0
61253,1,1,1994,13,13,13,13,13,13,13,13,13,13
61253,2,1,1994,23,23,23,23,23,23,23,23,23,23
61254,0,1,1994,0,0,0,0,0,0,0,0,0,0
61254,1,1,1994,0,11,0,0,0,0,4,0,0,15
61255,1,1,1994,2,2,2,2,2,2,2,2,2,2
61256,1,1,1994,12,12,12,12,12,12,12,12,12,12
61256,2,1,1994,0,0,0,0,0,0,0,0,0,0
61257,0,1,1994,19,19,19,19,19,19,19,19,19,19
61257,1,1,1994,0,0,16,0,11,12,6,21,13,0
61258,1,1,1994,9,9,9,9,9,9,9,9,9,9
61259,1,1,1994,19,19,19,19,19,19,19,19,19,19
61259,2,1,1994,0,0,0,0,0,0,0,0,0,0
61260,1,1,1994,0,0,0,0,0,0,0,0,0,21
61260,2,1,1994,0,20,0,0,10,0,0,0,0,0
61261,1,1,1994,0,27,0,0,46,0,0,21,0,0
61261,2,1,1994,0,0,0,0,15,0,0,0,0,0
61262,0,1,1994,45,45,45,45,45,45,45,45,45,45
61262,1,1,1994,0,0,0,0,0,0,8,0,0,10
61262,2,1,1994,0,0,12,0,0,0,0,0,0,0
61263,1,1,1994,17,18,22,14,19,38,22,13,15,24
61263,2,1,1994,0,29,30,0,0,11,18,0,0,0
61263,3,1,1994,0,0,0,0,0,0,0,0,0,0
61264,1,1,1994,2,11,0,8,0,0,10,29,0,0
61264,2,1,1994,4,4,4,4,4,4,4,4,4,4
61265,1,1,1994,0,0,0,0,0,1,0,0,0,0