ST_CASE,VEH_NO,PER_NO,YEAR,P1,P2,P3,P4,P5,P6,P7,P8,P9,P10
61266,1,1,1994,0,0,0,0,0,0,0,0,0,0
61267,1,1,1994,21,21,21,21,21,21,21,21,21,21
61268,1,1,1994,8,10,0,12,12,9,12,16,14,6
61268,2,1,1994,0,0,0,0,0,0,0,0,0,0
61269,1,1,1994,0,0,0,0,0,0,0,0,0,0
61269,2,1,1994,0,0,0,0,0,0,0,0,0,0
61270,0,1,1994,0,0,0,0,0,0,0,0,0,0
61270,1,1,1994,0,0,14,0,0,0,0,0,0,0
61271,1,1,1994,0,14,0,0,0,0,0,0,17,0
61272,0,1,1994,0,0,0,0,0,0,0,0,0,0
61272,1,1,1994,19,9,0,0,17,0,0,0,17,0
61273,1,1,1994,0,0,0,0,0,0,0,0,0,0
61273,2,1,1994,0,0,0,0,0,0,0,0,0,0
61274,1,1,1994,0,0,0,19,0,0,0,0,0,0
61275,0,1,1994,24,0,0,0,16,0,6,0,0,25
61275,1,1,1994,0,0,0,0,0,0,0,0,0,0
61276,1,1,1994,19,19,19,19,19,19,19,19,19,19
61276,2,1,1994,0,0,0,0,0,0,0,0,0,26
61276,3,1,1994,0,0,0,0,0,0,0,0,0,0
61276,4,1,1994,0,0,0,0,0,0,4,0,0,0
61277,1,1,1994,18,7,6,20,0,0,0,13,0,4
61277,2,1,1994,5,5,5,5,5,5,5,5,5,5
61278,1,1,1994,0,0,0,0,0,0,0,0,0,0
61278,2,1,1994,0,0,0,0,0,0,0,0,0,0
61279,1,1,1994,0,0,0,0,0,0,0,0,0,0
61279,2,1,1994,0,0,0,0,0,0,0,0,0,0
61280,1,1,1994,0,0,0,0,0,0,0,0,0,0
61280,2,1,1994,0,0,0,0,0,0,0,25,0,0
61280,3,1,1994,0,0,0,0,0,0,0,0,0,0
61281,1,1,1994,0,0,0,0,0,0,0,0,0,0
61281,2,1,1994,0,0,0,0,6,0,0,0,0,0
61282,1,1,1994,10,10,10,10,10,10,10,10,10,10
61283,1,1,1994,17,17,17,17,17,17,17,17,17,17
61284,1,1,1994,18,18,18,18,18,18,18,18,18,18
61285,1,1,1994,0,0,0,0,0,0,0,0,0,0
61285,2,1,1994,0,0,0,0,0,0,0,0,0,0
61286,1,1,1994,0,0,0,0,0,0,0,0,0,0
61287,1,1,1994,0,0,0,0,0,0,0,0,0,0
61288,1,1,1994,0,0,0,0,0,0,0,0,0,0
61289,1,1,1994,0,0,0,0,0,0,0,0,0,0
61289,2,1,1994,0,0,0,0,0,0,0,0,0,0
61290,1,1,1994,0,0,0,0,0,0,0,0,0,0
61291,1,1,1994,0,0,0,0,0,0,0,0,0,0
61291,2,1,1994,0,0,0,0,0,0,0,0,0,0
61292,1,1,1994,0,0,0,0,0,0,0,0,0,0
61293,0,1,1994,0,0,0,0,0,0,0,0,0,0
61293,1,1,1994,0,0,0,0,0,0,0,0,0,0
61294,1,1,1994,0,0,0,0,0,0,0,0,0,0
61294,2,1,1994,0,0,0,34,0,0,0,0,0,0
61295,1,1,1994,0,0,0,0,0,0,0,0,0,0
61296,0,1,1994,28,28,28,28,28,28,28,28,28,28
61296,1,1,1994,12,0,0,0,0,0,0,0,0,0
61297,0,1,1994,0,0,0,0,0,0,0,0,0,0
61297,1,1,1994,17,0,0,0,0,0,0,0,5,0
61298,1,1,1994,0,0,14,0,0,0,20,0,0,0
61299,1,1,1994,0,0,0,0,0,0,0,0,0,0
61299,2,1,1994,0,0,0,0,0,0,0,0,0,0
61300,1,1,1994,0,0,0,0,0,0,0,0,0,0
61301,1,1,1994,17,17,17,17,17,17,17,17,17,17
61301,2,1,1994,0,0,0,0,2,0,0,0,0,0
61301,3,1,1994,0,0,0,0,0,0,0,0,0,0
61301,4,1,1994,0,0,0,0,0,0,0,0,0,0
61302,1,1,1994,0,0,0,0,0,0,0,0,0,0
61302,2,1,1994,3,3,3,3,3,3,3,3,3,3
61303,1,1,1994,0,0,0,0,0,0,0,0,0,0
61304,1,1,1994,0,0,0,0,0,0,0,0,0,0
61304,2,1,1994,0,0,0,0,0,0,0,0,0,0
61304,3,1,1994,0,0,0,0,0,0,0,0,7,0
61305,1,1,1994,13,13,13,13,13,13,13,13,13,13
61306,0,1,1994,0,0,0,0,0,0,0,0,0,0
61306,1,1,1994,0,0,0,0,22,0,0,0,0,0
61306,3,1,1994,0,0,0,0,0,0,0,0,0,0
61307,0,1,1994,12,12,12,12,12,12,12,12,12,12
61307,1,1,1994,0,0,0,0,0,0,0,0,0,0
61308,1,1,1994,0,0,0,0,0,0,0,0,0,0
61308,2,1,1994,0,0,0,0,0,0,0,0,5,0
61309,0,1,1994,0,0,0,0,0,0,0,0,0,0
61309,0,2,1994,0,0,0,0,0,0,0,0,0,0
61309,1,1,1994,0,0,0,0,16,0,0,0,0,0
61310,1,1,1994,0,0,0,0,0,0,0,0,0,0
61310,2,1,1994,0,0,0,0,0,0,0,0,0,0
61311,1,1,1994,27,0,21,2,20,26,12,23,14,14
61312,0,1,1994,0,0,0,0,0,0,0,0,0,0
61312,1,1,1994,0,23,14,0,18,10,0,0,0,0
61313,1,1,1994,0,0,0,0,0,0,0,0,0,0
61314,1,1,1994,0,0,0,0,0,0,0,0,0,0
61314,2,1,1994,0,0,0,0,0,0,6,0,0,0
61315,1,1,1994,0,0,0,0,8,0,0,0,0,0
61315,2,1,1994,0,0,0,0,0,0,0,0,0,0
61316,1,1,1994,0,0,0,0,0,0,0,0,0,0
61316,2,1,1994,0,0,0,0,0,0,0,0,0,0
61317,1,1,1994,0,0,0,0,0,0,0,0,0,0
61318,1,1,1994,0,0,0,0,0,0,0,0,0,0
61318,2,1,1994,0,0,0,0,18,0,0,0,16,0
61318,3,1,1994,0,0,0,0,0,0,0,0,0,0
61318,4,1,1994,0,0,0,0,0,0,0,0,0,0
61319,1,1,1994,29,29,29,29,29,29,29,29,29,29
61320,1,1,1994,0,0,0,0,0,0,0,0,0,0
61321,1,1,1994,0,0,0,0,0,0,0,0,0,0
61321,2,1,1994,0,0,0,0,0,0,0,0,0,0
61322,1,1,1994,10,10,10,10,10,10,10,10,10,10
61323,0,1,1994,13,13,13,13,13,13,13,13,13,13
61323,1,1,1994,0,0,0,0,0,0,23,0,0,0
61324,1,1,1994,0,0,0,0,0,0,0,0,0,0
61325,1,1,1994,18,18,18,18,18,18,18,18,18,18
61326,1,1,1994,0,0,0,0,0,0,0,0,0,0
61326,2,1,1994,0,0,0,0,0,0,0,0,0,0
61327,1,1,1994,0,0,0,0,0,0,0,0,0,0
61327,2,1,1994,0,0,0,0,0,0,0,0,0,0
61328,1,1,1994,0,0,0,0,0,0,0,0,0,0
61328,2,1,1994,0,0,0,0,0,0,0,0,0,0
61329,0,1,1994,35,35,35,35,35,35,35,35,35,35
61329,1,1,1994,0,0,0,0,0,0,0,0,0,0
61330,1,1,1994,0,0,0,0,0,0,0,0,0,0
61330,2,1,1994,0,0,0,0,0,0,0,0,0,0
61331,0,1,1994,0,0,0,0,0,0,0,0,0,0
61331,1,1,1994,0,25,0,0,0,0,0,0,0,0
61332,1,1,1994,28,28,28,28,28,28,28,28,28,28
61333,1,1,1994,11,11,11,11,11,11,11,11,11,11
61334,1,1,1994,19,19,19,19,19,19,19,19,19,19
61335,1,1,1994,21,21,21,21,21,21,21,21,21,21
61335,2,1,1994,0,20,0,9,0,0,0,0,0,14
61336,0,1,1994,20,20,20,20,20,20,20,20,20,20
61336,1,1,1994,0,0,23,20,0,14,12,20,24,0
61337,1,1,1994,25,25,25,25,25,25,25,25,25,25
61338,0,1,1994,0,0,0,0,0,0,0,0,0,0
61338,1,1,1994,0,0,0,0,0,0,0,0,0,0
61339,0,1,1994,30,30,30,30,30,30,30,30,30,30
61339,1,1,1994,5,16,13,0,0,9,0,0,28,0
61339,2,1,1994,0,0,0,0,0,0,0,0,0,0
61340,1,1,1994,21,21,21,21,21,21,21,21,21,21
61340,2,1,1994,0,0,0,0,0,0,0,0,0,0
61341,1,1,1994,0,0,0,0,0,0,0,0,0,0
61342,1,1,1994,15,15,15,15,15,15,15,15,15,15
61343,1,1,1994,4,4,4,4,4,4,4,4,4,4
61344,0,1,1994,0,0,0,0,0,0,0,0,0,0
61344,1,1,1994,0,0,0,22,0,0,0,0,16,16
61345,1,1,1994,0,0,0,0,0,0,0,0,0,8
61346,1,1,1994,0,0,0,0,0,0,0,0,0,0
61346,2,1,1994,0,0,0,0,0,0,0,0,0,0
61347,1,1,1994,25,25,25,25,25,25,25,25,25,25
61348,1,1,1994,30,30,30,30,30,30,30,30,30,30
61348,2,1,1994,0,0,0,0,0,0,0,0,0,0
61349,1,1,1994,20,20,20,20,20,20,20,20,20,20
61350,1,1,1994,10,10,10,10,10,10,10,10,10,10
61351,1,1,1994,0,0,0,0,0,0,0,0,0,0
61352,1,1,1994,0,0,0,0,0,0,0,0,0,0
61353,1,1,1994,0,0,0,0,0,14,22,0,0,0
61354,1,1,1994,31,31,31,31,31,31,31,31,31,31
61355,1,1,1994,0,0,0,0,0,0,0,0,0,0
61356,1,1,1994,11,11,11,11,11,11,11,11,11,11
61356,2,1,1994,0,0,0,0,0,0,0,0,0,0
61357,1,1,1994,0,0,0,0,0,0,0,0,0,0
61358,1,1,1994,0,0,0,0,0,0,0,0,0,0
61358,2,1,1994,0,0,0,0,0,0,0,0,0,0
61359,1,1,1994,0,0,0,0,0,0,0,0,0,0
61359,2,1,1994,0,0,0,0,0,0,0,0,0,0
61360,0,1,1994,31,31,31,31,31,31,31,31,31,31
61360,1,1,1994,25,0,0,16,0,0,0,0,0,22
61361,1,1,1994,0,0,0,0,0,0,0,0,0,0
61361,2,1,1994,0,0,0,0,0,12,0,0,0,0
61362,1,1,1994,0,0,0,0,0,0,0,0,0,0
61363,1,1,1994,23,23,23,23,23,23,23,23,23,23
61364,1,1,1994,0,0,0,0,0,0,0,0,0,0
61364,2,1,1994,15,0,0,0,0,0,0,0,0,0
61364,3,1,1994,0,17,0,0,0,0,0,0,0,0
61365,1,1,1994,0,0,0,0,0,0,0,0,0,0
61365,2,1,1994,0,0,0,0,0,0,0,0,0,0
61366,1,1,1994,15,15,15,15,15,15,15,15,15,15
61367,0,1,1994,0,0,0,0,0,0,0,0,0,0
61367,1,1,1994,0,0,0,0,0,0,0,0,0,0
61368,1,1,1994,0,0,0,0,0,0,0,0,0,0
61368,2,1,1994,0,0,0,0,0,0,0,0,0,0
61368,3,1,1994,0,0,0,0,0,0,0,0,0,12
61369,1,1,1994,0,0,0,0,0,0,0,0,0,0
61369,2,1,1994,0,0,0,0,0,0,0,0,0,0
61370,1,1,1994,23,23,23,23,23,23,23,23,23,23
61371,1,1,1994,8,8,8,8,8,8,8,8,8,8
61372,0,1,1994,10,10,10,10,10,10,10,10,10,10
61372,1,1,1994,0,3,19,0,0,0,7,22,0,6
61373,1,1,1994,0,0,0,0,0,0,0,0,0,0
61373,2,1,1994,0,0,0,0,0,0,0,0,0,0
61374,1,1,1994,27,27,27,27,27,27,27,27,27,27
61375,1,1,1994,16,16,16,16,16,16,16,16,16,16
61375,2,1,1994,0,0,0,0,0,0,0,0,0,0
61376,1,1,1994,36,36,36,36,36,36,36,36,36,36
61377,1,1,1994,24,24,24,24,24,24,24,24,24,24
61378,1,1,1994,14,14,14,14,14,14,14,14,14,14
61379,1,1,1994,18,18,18,18,18,18,18,18,18,18
61380,0,1,1994,0,0,0,0,0,0,0,0,0,0
61380,1,1,1994,0,0,0,0,0,0,0,0,0,0
61381,1,1,1994,0,0,0,0,0,0,0,0,0,0
61381,2,1,1994,0,0,0,0,0,0,10,0,0,0
61381,3,1,1994,0,0,0,0,0,0,0,0,0,0
61382,0,1,1994,0,0,0,0,0,0,0,0,0,0
61382,1,1,1994,0,0,0,0,0,0,0,0,0,0
61383,0,1,1994,13,13,13,13,13,13,13,13,13,13
61383,1,1,1994,0,0,0,0,0,0,0,0,0,0
61384,1,1,1994,0,0,0,0,0,0,0,0,0,0
61385,0,1,1994,0,0,0,0,0,0,0,0,0,0
61385,1,1,1994,23,30,0,21,22,24,29,16,0,0
61386,1,1,1994,29,29,29,29,29,29,29,29,29,29
61387,1,1,1994,0,0,0,0,0,0,0,0,0,0
61388,1,1,1994,0,0,0,0,0,0,0,0,0,0
61389,0,1,1994,0,0,0,0,0,0,0,0,0,0
61389,0,2,1994,0,0,0,0,0,11,0,0,28,0
61389,1,1,1994,0,0,0,0,0,0,0,0,0,0
61390,0,1,1994,18,18,18,18,18,18,18,18,18,18
61390,1,1,1994,0,0,0,0,0,0,26,0,0,11
61391,1,1,1994,0,0,0,0,0,0,0,0,0,0
61392,1,1,1994,0,0,0,0,0,0,0,0,0,0
61393,1,1,1994,0,0,0,0,0,0,0,0,0,0
61394,1,1,1994,0,0,0,0,7,0,0,0,0,0
61394,2,1,1994,0,0,0,0,0,0,0,0,0,0
61395,1,1,1994,0,0,0,0,0,0,0,0,0,0
61395,2,1,1994,0,0,0,0,0,0,0,0,0,0
61396,0,1,1994,0,29,0,0,0,5,8,0,0,0
61396,1,1,1994,0,0,0,0,0,0,0,0,0,0
61397,1,1,1994,22,22,22,22,22,22,22,22,22,22
61398,1,1,1994,0,0,0,0,0,0,0,0,0,0
61399,1,1,1994,0,0,0,0,0,0,0,0,0,0
61399,2,1,1994,0,0,0,0,0,0,0,0,0,0
61399,3,1,1994,0,0,0,0,0,0,0,0,0,0
61400,1,1,1994,13,14,15,26,8,5,16,0,12,26
61400,2,1,1994,0,0,0,0,0,0,7,22,0,0
61401,1,1,1994,17,25,13,22,25,15,18,27,17,36
61401,2,1,1994,0,0,0,0,0,7,0,24,0,0
61402,1,1,1994,0,0,0,0,0,0,0,0,0,0
61403,1,1,1994,0,0,0,0,0,0,0,0,0,0
61404,1,1,1994,0,0,0,0,0,0,0,0,0,0
61405,1,1,1994,1,1,1,1,1,1,1,1,1,1
61406,0,1,1994,0,0,0,0,0,0,0,0,0,0
61406,1,1,1994,0,0,0,0,0,0,0,0,0,0
61407,1,1,1994,1,1,1,1,1,1,1,1,1,1
61407,2,1,1994,0,0,10,0,0,0,0,0,17,0
61408,0,1,1994,14,14,14,14,14,14,14,14,14,14
61408,1,1,1994,0,0,0,0,0,0,0,0,0,0
61409,1,1,1994,25,25,25,25,25,25,25,25,25,25
61409,2,1,1994,12,12,12,12,12,12,12,12,12,12
61410,0,1,1994,16,16,16,16,16,16,16,16,16,16
61410,1,1,1994,0,0,0,0,0,0,0,0,0,0
61411,1,1,1994,0,0,0,0,0,0,0,0,0,0
61411,2,1,1994,0,0,0,5,0,0,0,0,0,0
61412,0,1,1994,0,0,0,0,0,0,0,0,0,0
61412,1,1,1994,0,0,0,0,0,0,0,17,0,0
61413,1,1,1994,0,0,0,0,0,0,0,0,0,0
61414,1,1,1994,0,0,0,0,0,0,0,0,0,0
61414,2,1,1994,0,17,0,0,0,0,15,0,14,0
61415,0,1,1994,0,0,0,0,0,0,0,0,0,0
61415,1,1,1994,0,0,0,0,0,0,0,0,0,0
61416,1,1,1994,6,6,6,6,6,6,6,6,6,6
61416,2,1,1994,0,0,0,0,0,0,0,0,0,20
61416,3,1,1994,0,0,0,0,0,0,0,0,0,0
61417,1,1,1994,0,0,0,0,0,0,0,0,0,0
61418,1,1,1994,2,2,2,2,2,2,2,2,2,2
61418,2,1,1994,0,0,0,0,0,0,0,0,0,0
61419,1,1,1994,28,28,28,28,28,28,28,28,28,28
61420,0,1,1994,0,0,0,0,0,0,0,0,0,0
61420,1,1,1994,0,0,0,0,0,0,0,0,0,0
61422,1,1,1994,0,8,0,0,0,0,11,0,0,0
61422,2,1,1994,16,16,16,16,16,16,16,16,16,16
61422,3,1,1994,0,0,0,0,0,0,0,0,0,0
61423,1,1,1994,0,0,0,0,0,0,0,0,0,0
61423,2,1,1994,0,0,0,0,0,0,0,0,0,0
61423,3,1,1994,0,0,0,0,0,0,0,0,0,0
61423,4,1,1994,0,0,0,0,0,0,0,0,0,0
61423,5,1,1994,0,0,0,0,0,0,0,0,0,0
61423,6,1,1994,0,0,0,0,0,0,0,0,0,0
61424,1,1,1994,14,14,14,14,14,14,14,14,14,14
61425,1,1,1994,5,5,5,5,5,5,5,5,5,5
61425,2,1,1994,0,0,0,0,0,0,0,0,0,0
61426,1,1,1994,0,9,0,0,0,7,6,0,0,0
61426,2,1,1994,11,11,11,11,11,11,11,11,11,11
61427,1,1,1994,0,0,0,0,0,0,0,0,0,0
61428,1,1,1994,17,17,17,17,17,17,17,17,17,17
61428,2,1,1994,0,0,0,0,0,0,0,0,0,0
61429,1,1,1994,0,0,0,0,0,0,0,0,0,0
61429,2,1,1994,13,13,13,13,13,13,13,13,13,13
61429,3,1,1994,0,0,0,0,0,0,0,0,0,0
61430,1,1,1994,9,9,9,9,9,9,9,9,9,9
61431,1,1,1994,0,0,0,0,0,0,0,0,0,0
61431,2,1,1994,0,0,0,0,0,0,0,0,0,0
61431,3,1,1994,0,0,0,0,0,0,0,0,0,0
61431,4,1,1994,0,0,0,0,0,0,0,0,0,0
61431,5,1,1994,0,0,0,0,0,0,0,0,0,0
61431,6,1,1994,0,0,0,0,0,0,0,0,0,0
61431,7,1,1994,0,0,0,0,0,0,0,0,0,0
61432,1,1,1994,0,0,0,0,0,0,0,0,0,0
61432,2,1,1994,0,0,0,0,0,0,0,0,0,0
61432,3,1,1994,0,0,0,0,0,0,0,0,0,0
61433,1,1,1994,31,31,31,31,31,31,31,31,31,31
61433,2,1,1994,0,0,0,0,0,0,0,0,0,0
61433,3,1,1994,0,0,0,0,0,0,0,0,0,0
61434,1,1,1994,12,12,12,12,12,12,12,12,12,12
61435,1,1,1994,9,9,9,9,9,9,9,9,9,9
61436,1,1,1994,25,25,25,25,25,25,25,25,25,25
61437,1,1,1994,0,0,0,0,0,0,0,0,0,0
61437,2,1,1994,0,0,0,0,6,0,0,0,0,24
61438,1,1,1994,0,0,0,0,0,0,0,0,0,0
61438,2,1,1994,0,0,0,0,0,0,0,13,0,0
61439,1,1,1994,21,21,21,21,21,21,21,21,21,21
61439,2,1,1994,0,0,0,0,0,0,0,0,0,0
61440,1,1,1994,0,0,0,0,0,0,0,0,0,0
61440,2,1,1994,0,0,0,0,0,0,0,0,0,0
61440,3,1,1994,0,0,0,0,27,0,0,0,0,0
61441,1,1,1994,0,0,0,0,0,0,0,0,0,0
61441,2,1,1994,0,0,0,0,0,0,0,0,0,0
61442,1,1,1994,0,0,0,0,0,0,0,0,0,0
61442,2,1,1994,0,0,0,0,0,0,0,0,0,0
61443,1,1,1994,0,0,0,0,0,0,0,0,0,0
61443,2,1,1994,0,0,0,0,0,0,0,0,0,0
61444,1,1,1994,0,0,0,0,0,0,0,0,0,0
61445,1,1,1994,0,0,0,0,0,0,0,0,0,0
61445,2,1,1994,0,0,15,0,0,0,0,0,0,0
61445,3,1,1994,0,0,0,0,0,0,0,0,0,0
61446,1,1,1994,10,10,10,10,10,10,10,10,10,10
61447,1,1,1994,0,0,0,0,0,0,0,0,0,0
61447,2,1,1994,0,12,15,18,0,0,0,0,0,0
61448,1,1,1994,0,0,0,0,0,0,38,0,0,0
61448,2,1,1994,0,0,0,0,17,0,0,0,10,0
61449,1,1,1994,0,0,0,0,0,11,0,0,0,0
61450,1,1,1994,0,0,0,0,0,0,0,0,0,0
61450,2,1,1994,0,0,0,0,0,0,0,0,0,0
61451,1,1,1994,0,0,0,0,0,0,0,0,0,0
61451,2,1,1994,0,0,0,0,0,0,0,0,0,0
61452,1,1,1994,0,0,0,0,18,0,0,0,0,0
61452,2,1,1994,0,0,0,0,0,0,0,0,0,0
61453,0,1,1994,0,0,0,0,0,0,0,0,0,0
61453,1,1,1994,0,0,0,0,0,0,0,0,0,0
61454,1,1,1994,13,13,13,13,13,13,13,13,13,13
61454,2,1,1994,0,0,0,0,0,0,0,0,0,0
61454,3,1,1994,22,0,0,0,0,0,0,0,16,0
61455,1,1,1994,30,0,0,20,11,0,0,0,0,0
61456,1,1,1994,0,0,0,0,0,0,8,0,0,0
61456,2,1,1994,23,23,23,23,23,23,23,23,23,23
61457,1,1,1994,26,26,26,26,26,26,26,26,26,26
61458,0,1,1994,0,0,0,0,0,0,0,0,0,0
61458,1,1,1994,20,20,20,20,20,20,20,20,20,20
61459,1,1,1994,10,0,19,15,0,0,0,21,0,13
61459,2,1,1994,0,0,0,0,0,0,0,0,0,0
61460,1,1,1994,0,0,0,0,0,0,0,0,0,0
61460,2,1,1994,0,0,8,0,0,0,0,0,0,0
61461,1,1,1994,0,0,0,0,0,0,0,0,0,0
61461,2,1,1994,0,0,0,0,0,0,0,0,0,0
61462,0,1,1994,0,0,0,0,0,0,0,0,0,0
61462,1,1,1994,0,0,0,0,0,0,0,0,0,0
61463,1,1,1994,0,0,0,0,0,0,0,0,0,0
61464,1,1,1994,0,8,0,0,0,0,0,0,0,0
61464,2,1,1994,3,3,3,3,3,3,3,3,3,3
61465,0,1,1994,18,18,18,18,18,18,18,18,18,18
61465,1,1,1994,20,0,23,12,0,0,0,9,0,0
61466,1,1,1994,28,28,28,28,28,28,28,28,28,28
61467,0,1,1994,0,0,0,0,0,0,0,0,0,0
61467,1,1,1994,0,0,0,0,40,0,0,0,0,0
61468,1,1,1994,0,0,0,0,0,0,0,0,0,0
61469,0,1,1994,0,0,0,0,0,0,0,0,0,0
61469,1,1,1994,0,0,0,0,0,0,0,0,0,0
61470,0,1,1994,1,1,1,1,1,1,1,1,1,1
61470,1,1,1994,0,0,0,0,0,0,0,0,0,0
61471,1,1,1994,0,0,0,0,0,0,0,0,0,0
61471,2,1,1994,0,0,0,0,0,0,0,0,0,0
61472,1,1,1994,7,7,7,7,7,7,7,7,7,7
61473,1,1,1994,14,14,14,14,14,14,14,14,14,14
61473,2,1,1994,0,0,0,0,0,0,0,0,0,0
61474,0,1,1994,0,0,0,0,0,0,0,0,0,0
61474,1,1,1994,0,0,0,0,0,0,0,7,0,0
61475,1,1,1994,0,0,0,0,0,0,0,0,0,0
61476,1,1,1994,0,0,0,0,0,0,0,0,0,0
61476,2,1,1994,0,0,0,0,0,0,0,0,0,0
61477,1,1,1994,4,4,4,4,4,4,4,4,4,4
61477,2,1,1994,0,0,0,0,0,0,0,0,0,0
61478,1,1,1994,0,0,0,0,0,0,0,0,0,0
61478,2,1,1994,2,2,2,2,2,2,2,2,2,2
61478,3,1,1994,0,0,0,0,0,29,9,0,0,0
61479,1,1,1994,0,0,0,0,0,0,0,0,0,0
61480,1,1,1994,0,0,0,0,0,0,0,0,0,0
61481,1,1,1994,0,0,0,0,0,0,0,0,0,0
61481,2,1,1994,0,0,0,0,0,0,0,0,0,0
61482,1,1,1994,0,0,0,0,0,22,0,0,18,13
61483,0,1,1994,0,0,0,0,0,0,0,0,0,0
61483,0,2,1994,0,0,0,0,0,0,0,0,0,0
61483,1,1,1994,0,0,0,0,0,0,0,0,0,0
61484,1,1,1994,0,0,0,0,0,0,0,0,0,0
61484,2,1,1994,0,0,0,0,0,0,0,0,0,0
61485,1,1,1994,0,0,0,0,0,0,0,0,0,0
61486,0,1,1994,27,27,27,27,27,27,27,27,27,27
61486,1,1,1994,18,0,0,0,0,0,0,0,0,0
61487,1,1,1994,35,35,35,35,35,35,35,35,35,35
61488,0,1,1994,0,0,0,0,0,0,0,0,0,0
61488,1,1,1994,4,4,4,4,4,4,4,4,4,4
61489,0,1,1994,9,9,9,9,9,9,9,9,9,9
61489,1,1,1994,0,0,0,0,0,0,0,0,0,0
61490,1,1,1994,0,0,0,0,0,0,0,0,0,0
61490,2,1,1994,0,0,0,0,0,0,0,0,0,9
61491,1,1,1994,13,13,13,13,13,13,13,13,13,13
61491,2,1,1994,0,10,0,19,0,0,16,0,8,10
61492,1,1,1994,17,17,17,17,17,17,17,17,17,17
61493,1,1,1994,14,14,14,14,14,14,14,14,14,14
61494,1,1,1994,0,0,0,0,0,0,0,0,0,0
61494,2,1,1994,0,0,0,0,0,0,0,0,0,0
61495,0,1,1994,0,0,0,0,0,0,0,0,0,0
61495,0,2,1994,0,0,0,0,0,0,0,0,0,0
61495,1,1,1994,0,0,0,0,0,0,0,0,0,0
61496,0,1,1994,0,0,0,0,0,0,0,0,0,0
61496,1,1,1994,0,0,0,0,0,0,0,0,0,0
61497,1,1,1994,0,0,0,0,0,0,0,0,0,0
61497,2,1,1994,0,0,0,0,0,0,0,0,0,0
61498,1,1,1994,0,0,12,0,0,10,24,0,0,0
61499,1,1,1994,0,0,0,0,0,0,0,0,0,0
61500,1,1,1994,0,0,0,0,0,0,0,0,0,0
61500,2,1,1994,16,16,16,16,16,16,16,16,16,16
61501,1,1,1994,36,36,36,36,36,36,36,36,36,36
61501,2,1,1994,0,0,0,0,0,0,0,0,0,0
61502,1,1,1994,7,7,7,7,7,7,7,7,7,7
61502,2,1,1994,5,5,5,5,5,5,5,5,5,5
61503,1,1,1994,11,0,0,0,0,0,0,0,0,0
61503,2,1,1994,0,0,0,0,0,0,0,0,0,0
61504,1,1,1994,0,0,0,0,0,0,0,0,0,0
61504,2,1,1994,0,0,0,0,0,0,0,0,0,0
61505,1,1,1994,0,0,19,4,0,0,0,20,19,6
61505,2,1,1994,0,0,0,17,0,0,0,0,0,0
61506,1,1,1994,0,0,0,0,0,0,0,0,0,0
61506,2,1,1994,0,0,0,0,0,0,0,0,0,0
61506,3,1,1994,0,0,0,0,0,0,0,0,0,0
61507,1,1,1994,0,0,0,0,0,0,0,0,0,0
61507,2,1,1994,17,0,12,4,0,0,11,18,32,7
61507,3,1,1994,0,0,0,0,0,0,0,0,0,0
61507,4,1,1994,0,0,0,0,0,0,0,0,0,0
61507,5,1,1994,0,0,0,0,0,0,0,0,0,0
61508,0,1,1994,0,0,0,0,0,0,0,0,0,0
61508,1,1,1994,0,0,0,0,0,21,0,0,0,0
61509,0,1,1994,0,0,0,0,0,0,0,0,0,0
61509,1,1,1994,19,0,0,16,0,8,0,12,0,0
61510,1,1,1994,0,0,0,0,0,0,0,0,0,0
61510,2,1,1994,0,0,0,0,0,0,19,0,0,0
61511,1,1,1994,0,0,0,0,0,0,0,0,0,0
61511,2,1,1994,0,0,0,0,0,0,0,0,0,0
61511,3,1,1994,0,0,0,0,0,0,0,0,0,0
61512,1,1,1994,18,18,18,18,18,18,18,18,18,18
61512,2,1,1994,0,0,0,0,0,10,0,0,0,0
61513,1,1,1994,0,0,0,0,0,0,19,0,0,0
61514,1,1,1994,0,0,0,0,0,0,0,0,0,0
61514,2,1,1994,0,0,0,0,23,0,0,0,0,0
61515,1,1,1994,0,0,0,0,0,0,0,0,0,0
61515,2,1,1994,0,0,0,0,0,0,0,0,0,0
61516,1,1,1994,0,0,0,0,0,0,0,0,0,0
61517,0,1,1994,0,0,0,0,0,0,0,0,0,0
61517,1,1,1994,0,0,0,0,0,0,0,0,0,0