ST_CASE,VEH_NO,PER_NO,YEAR,P1,P2,P3,P4,P5,P6,P7,P8,P9,P10
61518,0,1,1994,0,0,0,0,0,0,0,0,0,0
61518,1,1,1994,0,0,0,0,0,0,0,0,0,0
61518,2,1,1994,0,9,0,0,0,0,0,0,0,0
61519,1,1,1994,0,0,0,0,0,0,0,0,0,0
61519,2,1,1994,0,0,0,0,0,0,0,0,0,0
61520,0,1,1994,0,0,0,18,28,0,24,0,29,0
61520,1,1,1994,0,3,0,0,0,0,0,0,0,0
61521,0,1,1994,18,18,18,18,18,18,18,18,18,18
61521,1,1,1994,18,28,28,8,15,13,9,11,4,7
61522,1,1,1994,19,19,19,19,19,19,19,19,19,19
61522,2,1,1994,0,0,0,0,0,0,0,0,0,0
61523,1,1,1994,8,8,8,8,8,8,8,8,8,8
61524,0,1,1994,0,0,0,0,0,0,0,0,0,0
61524,1,1,1994,0,0,0,0,0,0,0,0,0,0
61525,1,1,1994,0,0,0,0,0,0,0,0,0,0
61526,1,1,1994,7,7,7,7,7,7,7,7,7,7
61526,2,1,1994,11,11,23,15,10,23,14,11,2,9
61527,1,1,1994,0,0,0,0,0,0,0,0,0,0
61528,1,1,1994,0,0,0,0,0,0,0,0,0,0
61529,1,1,1994,24,24,24,24,24,24,24,24,24,24
61529,2,1,1994,0,0,0,0,0,0,0,0,0,0
61530,1,1,1994,17,17,17,17,17,17,17,17,17,17
61531,0,1,1994,12,12,12,12,12,12,12,12,12,12
61531,1,1,1994,0,0,0,0,0,0,0,0,0,0
61532,0,1,1994,16,40,23,18,39,20,11,16,0,22
61532,1,1,1994,19,19,19,19,19,19,19,19,19,19
61533,1,1,1994,0,0,0,0,0,0,0,0,0,0
61534,1,1,1994,0,0,9,2,0,20,0,0,0,25
61535,0,1,1994,0,0,0,0,0,0,0,0,0,0
61535,1,1,1994,0,0,0,0,0,0,0,0,0,0
61536,1,1,1994,6,6,6,6,6,6,6,6,6,6
61537,1,1,1994,0,0,0,0,0,0,0,0,0,0
61537,2,1,1994,2,2,2,2,2,2,2,2,2,2
61538,0,1,1994,0,0,0,0,0,0,0,0,0,0
61538,1,1,1994,0,0,0,0,0,0,0,0,0,0
61539,1,1,1994,0,0,0,0,0,0,0,0,0,0
61539,2,1,1994,0,0,0,0,8,11,0,0,0,0
61539,3,1,1994,0,0,0,0,0,0,0,0,0,0
61540,1,1,1994,0,0,0,0,0,0,0,0,0,0
61541,1,1,1994,0,0,0,0,0,0,0,0,0,0
61542,1,1,1994,0,0,0,0,0,0,0,0,0,0
61542,2,1,1994,0,0,0,0,0,0,0,0,0,0
61543,1,1,1994,0,0,0,0,0,0,0,0,0,0
61544,1,1,1994,0,0,0,0,0,0,0,0,0,0
61544,2,1,1994,0,0,0,0,0,0,0,0,0,0
61545,0,1,1994,10,10,10,10,10,10,10,10,10,10
61545,1,1,1994,0,0,0,0,0,0,0,0,0,0
61546,1,1,1994,0,0,0,0,0,0,0,0,0,0
61547,1,1,1994,15,15,15,15,15,15,15,15,15,15
61548,1,1,1994,0,0,0,0,0,0,0,0,0,0
61548,2,1,1994,0,0,0,0,0,0,0,0,0,0
61549,0,1,1994,0,0,0,0,0,0,0,0,0,0
61549,1,1,1994,13,0,0,0,0,0,0,0,0,0
61550,0,1,1994,0,0,0,0,0,0,0,0,0,0
61550,0,2,1994,0,0,0,0,0,0,0,0,0,0
61550,1,1,1994,25,25,25,25,25,25,25,25,25,25
61551,1,1,1994,16,16,16,16,16,16,16,16,16,16
61552,1,1,1994,0,17,0,16,15,16,0,21,0,11
61553,1,1,1994,0,0,0,0,0,0,0,0,0,0
61554,0,1,1994,0,0,0,0,0,0,0,0,0,0
61554,1,1,1994,0,0,0,0,0,0,0,0,0,0
61555,1,1,1994,18,18,18,18,18,18,18,18,18,18
61556,1,1,1994,0,0,0,0,0,0,0,0,0,0
61557,0,1,1994,0,0,0,0,0,0,0,0,0,0
61557,1,1,1994,0,0,0,0,0,0,0,0,0,0
61558,0,1,1994,0,0,0,0,0,0,0,0,0,0
61558,1,1,1994,0,0,0,0,22,0,0,0,0,0
61559,1,1,1994,18,18,18,18,18,18,18,18,18,18
61559,2,1,1994,0,0,0,0,0,0,0,0,0,0
61560,0,1,1994,21,21,21,21,21,21,21,21,21,21
61560,1,1,1994,0,0,0,0,0,0,0,0,0,0
61561,1,1,1994,0,0,0,0,0,0,8,0,0,0
61562,0,1,1994,17,17,17,17,17,17,17,17,17,17
61562,1,1,1994,0,0,0,9,0,0,0,0,14,0
61562,2,1,1994,0,0,0,0,0,0,0,0,0,0
61563,1,1,1994,17,17,17,17,17,17,17,17,17,17
61563,2,1,1994,15,15,15,15,15,15,15,15,15,15
61564,1,1,1994,24,24,24,24,24,24,24,24,24,24
61565,1,1,1994,0,0,0,0,0,0,0,0,0,0
61566,0,1,1994,8,8,8,8,8,8,8,8,8,8
61566,1,1,1994,0,0,0,0,0,0,0,0,0,0
61567,1,1,1994,0,0,0,0,0,0,0,0,0,0
61567,2,1,1994,0,0,0,0,0,0,0,0,0,0
61568,1,1,1994,27,27,27,27,27,27,27,27,27,27
61569,1,1,1994,0,0,0,0,0,0,0,0,0,0
61569,2,1,1994,0,0,0,0,0,0,0,0,0,0
61570,1,1,1994,31,31,31,31,31,31,31,31,31,31
61571,0,1,1994,0,0,0,0,0,0,0,0,0,0
61571,1,1,1994,0,0,0,0,0,0,0,0,0,0
61572,1,1,1994,0,0,0,0,0,0,0,0,0,0
61572,2,1,1994,0,0,0,0,0,0,0,0,0,0
61573,1,1,1994,0,0,0,0,0,0,0,34,0,0
61573,2,1,1994,0,0,0,0,0,0,0,0,0,0
61574,1,1,1994,0,0,0,0,0,0,0,0,14,0
61574,2,1,1994,0,0,0,0,0,0,0,0,0,0
61575,1,1,1994,0,0,0,0,0,0,0,0,0,0
61576,1,1,1994,21,21,21,21,21,21,21,21,21,21
61577,1,1,1994,0,0,0,0,0,0,0,0,0,0
61578,1,1,1994,0,0,0,0,0,0,0,0,0,0
61579,1,1,1994,27,27,27,27,27,27,27,27,27,27
61580,1,1,1994,7,0,0,0,0,0,0,0,0,0
61580,2,1,1994,0,0,0,0,0,0,0,0,0,0
61581,1,1,1994,0,0,0,0,0,0,0,0,0,0
61582,1,1,1994,26,12,13,0,0,37,0,0,0,0
61582,2,1,1994,0,0,0,5,0,0,0,0,0,0
61582,3,1,1994,0,0,0,0,0,0,0,0,0,0
61582,4,1,1994,0,0,0,0,0,0,0,0,0,0
61583,1,1,1994,0,0,0,0,0,0,0,0,0,0
61583,2,1,1994,0,0,0,0,0,0,0,0,0,0
61584,1,1,1994,0,0,0,0,0,0,0,0,0,0
61585,1,1,1994,0,0,0,0,0,0,0,0,0,0
61585,2,1,1994,0,0,0,0,0,0,0,0,0,0
61586,1,1,1994,10,19,12,18,21,15,7,0,19,9
61586,2,1,1994,0,0,0,0,0,0,0,0,0,0
61586,3,1,1994,0,0,14,0,0,0,0,0,0,0
61587,0,1,1994,0,0,0,0,0,0,0,0,0,0
61587,0,2,1994,0,0,0,0,0,0,0,0,0,0
61587,1,1,1994,0,0,0,0,0,0,0,0,0,0
61588,1,1,1994,0,0,0,0,0,0,0,0,0,0
61589,0,1,1994,0,0,0,0,0,0,0,0,0,0
61589,1,1,1994,0,0,0,14,0,0,0,0,0,0
61590,1,1,1994,0,0,0,0,0,0,0,17,0,0
61590,2,1,1994,0,0,0,0,0,0,0,0,0,0
61590,3,1,1994,0,0,0,0,0,0,0,0,0,0
61590,4,1,1994,0,0,29,0,0,0,0,0,0,0
61591,1,1,1994,0,0,0,0,0,0,0,0,0,0
61592,1,1,1994,0,0,0,0,0,0,0,0,0,0
61593,0,1,1994,0,0,0,0,0,0,0,0,0,0
61593,1,1,1994,0,0,0,0,0,0,0,0,0,0
61594,1,1,1994,0,0,0,0,0,0,0,0,0,0
61594,2,1,1994,0,0,0,0,0,0,0,0,0,0
61595,1,1,1994,0,0,0,0,0,0,0,0,0,0
61595,2,1,1994,0,0,0,0,0,0,0,0,0,0
61596,1,1,1994,0,0,0,0,0,0,0,0,0,0
61596,2,1,1994,0,0,0,0,0,0,0,0,0,0
61597,1,1,1994,0,0,0,0,0,0,0,0,0,0
61597,2,1,1994,0,0,0,0,0,0,0,0,0,0
61597,3,1,1994,0,0,0,0,0,0,0,0,0,0
61597,4,1,1994,0,0,0,0,0,0,0,0,0,0
61597,5,1,1994,0,0,0,0,0,0,0,0,0,0
61598,1,1,1994,0,0,0,0,0,0,0,0,0,0
61598,2,1,1994,0,0,0,0,0,0,0,0,0,0
61598,3,1,1994,0,7,0,0,0,0,0,0,0,0
61598,4,1,1994,0,0,0,0,0,0,0,0,0,0
61598,5,1,1994,0,0,0,0,0,0,0,0,0,0
61599,1,1,1994,22,22,22,22,22,22,22,22,22,22
61600,1,1,1994,0,0,0,0,0,0,0,0,0,0
61601,1,1,1994,12,12,12,12,12,12,12,12,12,12
61602,1,1,1994,0,0,0,0,0,0,0,0,0,0
61602,2,1,1994,0,0,0,0,0,0,0,0,0,0
61603,0,1,1994,7,7,7,7,7,7,7,7,7,7
61603,1,1,1994,0,0,0,0,0,0,0,0,0,0
61604,1,1,1994,14,14,14,14,14,14,14,14,14,14
61605,0,1,1994,3,3,3,3,3,3,3,3,3,3
61605,1,1,1994,3,3,3,3,3,3,3,3,3,3
61606,1,1,1994,22,22,22,22,22,22,22,22,22,22
61607,1,1,1994,0,0,0,0,0,0,0,0,0,0
61607,2,1,1994,0,0,0,0,0,0,0,0,0,0
61608,0,1,1994,0,0,0,0,0,0,0,0,0,0
61608,0,2,1994,0,0,0,0,0,0,0,29,0,0
61608,0,3,1994,0,0,0,0,0,0,0,0,29,0
61608,1,1,1994,0,0,0,0,0,0,0,0,0,0
61609,1,1,1994,0,0,0,0,0,0,0,0,0,0
61609,2,1,1994,0,0,0,0,0,0,0,0,0,0
61610,1,1,1994,0,0,0,0,0,0,0,0,0,0
61610,2,1,1994,0,0,0,0,0,0,0,0,0,0
61611,1,1,1994,18,18,18,18,18,18,18,18,18,18
61612,1,1,1994,25,25,25,25,25,25,25,25,25,25
61612,2,1,1994,0,0,0,0,0,0,0,0,0,0
61613,1,1,1994,0,0,0,0,0,0,0,0,0,0
61613,2,1,1994,0,0,0,0,0,0,0,0,0,0
61614,1,1,1994,0,0,0,0,0,0,0,0,0,0
61615,0,1,1994,0,0,0,0,0,0,0,0,0,0
61615,1,1,1994,0,0,0,0,0,0,0,0,0,0
61616,1,1,1994,0,0,0,0,0,0,0,0,0,0
61617,1,1,1994,0,0,14,0,0,11,0,0,15,21
61618,1,1,1994,0,0,0,0,0,0,0,0,0,0
61619,1,1,1994,21,21,21,21,21,21,21,21,21,21
61620,1,1,1994,0,0,0,0,0,0,0,0,0,0
61621,1,1,1994,0,18,0,0,0,0,0,0,0,0
61621,2,1,1994,0,0,0,0,0,0,0,0,0,0
61622,1,1,1994,12,12,12,12,12,12,12,12,12,12
61622,2,1,1994,34,29,8,20,33,18,20,26,19,18
61623,1,1,1994,0,0,0,0,0,0,0,0,0,0
61623,2,1,1994,0,0,0,0,0,0,0,0,0,0
61624,1,1,1994,14,0,19,0,0,7,22,20,0,20
61625,0,1,1994,0,0,17,12,0,37,20,8,0,0
61625,1,1,1994,0,12,0,8,0,16,0,0,28,0
61626,1,1,1994,0,0,0,0,0,0,0,0,0,0
61627,1,1,1994,0,0,0,0,0,0,0,0,0,0
61627,2,1,1994,0,0,0,0,0,0,0,0,0,0
61628,0,1,1994,0,0,0,0,0,0,0,0,0,0
61628,0,2,1994,0,0,0,0,0,0,0,0,0,0
61628,1,1,1994,0,0,0,0,0,0,0,0,0,0
61628,2,1,1994,0,0,0,0,0,0,0,0,0,0
61629,0,1,1994,0,0,0,0,0,0,0,0,0,0
61629,1,1,1994,0,0,0,0,0,0,0,0,0,7
61630,0,1,1994,4,4,4,4,4,4,4,4,4,4
61630,1,1,1994,0,0,16,0,0,0,0,0,0,20
61630,2,1,1994,0,0,0,0,0,0,0,0,0,21
61631,1,1,1994,0,0,0,0,0,0,0,0,0,0
61632,1,1,1994,21,30,0,0,0,18,18,0,10,20
61633,1,1,1994,0,0,0,0,0,0,0,0,0,0
61634,1,1,1994,0,0,0,0,0,0,0,0,0,0
61635,1,1,1994,0,0,0,0,0,0,0,0,0,0
61635,2,1,1994,0,0,0,0,0,0,0,0,0,0
61635,3,1,1994,0,0,0,0,0,0,0,0,0,0
61636,0,1,1994,0,0,0,0,0,0,0,0,0,0
61636,1,1,1994,0,0,0,0,0,0,0,0,0,0
61637,1,1,1994,0,0,0,0,0,0,0,0,0,0
61638,1,1,1994,0,0,0,0,0,0,0,0,0,0
61639,0,1,1994,0,0,0,0,0,0,0,0,0,0
61639,1,1,1994,24,24,24,24,24,24,24,24,24,24
61640,0,1,1994,7,7,7,7,7,7,7,7,7,7
61640,1,1,1994,17,3,16,0,0,0,0,4,0,0
61641,1,1,1994,17,17,17,17,17,17,17,17,17,17
61642,1,1,1994,0,0,0,0,0,0,0,0,0,0
61643,1,1,1994,6,6,6,6,6,6,6,6,6,6
61643,2,1,1994,0,0,0,0,0,0,14,0,18,0
61644,0,1,1994,0,0,0,0,0,0,0,0,0,0
61644,1,1,1994,22,0,16,0,0,0,0,0,0,0
61645,0,1,1994,0,0,0,0,0,0,0,0,0,0
61645,1,1,1994,0,0,0,0,0,0,0,0,0,0
61646,1,1,1994,12,0,0,0,0,0,0,0,0,0
61647,0,1,1994,0,0,0,0,0,0,0,0,0,0
61647,0,2,1994,0,0,0,0,0,0,0,0,0,0
61648,1,1,1994,0,0,0,0,0,0,0,0,0,0
61649,1,1,1994,16,16,16,16,16,16,16,16,16,16
61650,1,1,1994,14,14,14,14,14,14,14,14,14,14
61651,1,1,1994,0,0,0,0,0,0,0,0,0,0
61651,2,1,1994,0,0,0,0,0,0,0,0,0,0
61652,1,1,1994,27,27,27,27,27,27,27,27,27,27
61653,1,1,1994,0,0,0,0,0,0,0,0,0,0
61654,1,1,1994,0,0,0,0,0,0,0,0,0,0
61655,1,1,1994,0,0,0,0,0,0,0,0,0,0
61656,0,1,1994,0,0,0,0,0,0,0,0,0,0
61656,1,1,1994,0,0,0,0,0,0,0,0,0,0
61657,1,1,1994,0,0,0,0,0,0,0,0,0,0
61657,2,1,1994,0,0,0,0,0,0,0,0,0,0
61658,0,1,1994,0,0,0,0,0,0,0,0,0,0
61658,1,1,1994,0,0,0,0,0,0,0,0,0,0
61659,1,1,1994,14,15,12,11,19,16,7,0,11,10
61659,2,1,1994,0,7,0,0,0,0,0,0,6,0
61659,3,1,1994,0,0,0,0,0,0,0,0,0,0
61660,0,1,1994,31,31,31,31,31,31,31,31,31,31
61660,1,1,1994,0,0,0,0,0,3,0,0,0,0
61661,0,1,1994,9,9,9,9,9,9,9,9,9,9
61661,1,1,1994,8,8,8,8,8,8,8,8,8,8
61662,0,1,1994,0,0,0,0,0,0,0,0,0,0
61662,1,1,1994,0,0,0,0,0,0,0,0,0,0
61663,1,1,1994,43,43,43,43,43,43,43,43,43,43
61663,2,1,1994,0,0,0,0,0,0,0,0,0,0
61664,1,1,1994,30,30,30,30,30,30,30,30,30,30
61665,0,1,1994,0,0,0,0,0,0,0,0,0,0
61665,1,1,1994,0,0,0,0,0,0,0,0,0,0
61666,1,1,1994,0,0,0,0,0,0,0,0,0,0
61666,2,1,1994,0,0,0,0,0,0,0,0,0,0
61666,3,1,1994,0,0,0,0,0,0,0,0,0,0
61667,1,1,1994,0,0,0,0,0,0,0,0,0,0
61667,2,1,1994,0,0,15,0,0,0,0,0,0,0
61668,1,1,1994,15,15,15,15,15,15,15,15,15,15
61669,1,1,1994,0,0,0,0,0,0,0,0,0,0
61670,1,1,1994,14,14,14,14,14,14,14,14,14,14
61670,2,1,1994,0,0,0,0,0,0,0,0,0,0
61671,1,1,1994,0,0,0,0,0,0,0,0,0,37
61671,2,1,1994,0,0,0,0,0,0,0,0,0,0
61672,1,1,1994,29,29,29,29,29,29,29,29,29,29
61673,1,1,1994,5,13,8,2,14,3,7,26,11,17
61673,2,1,1994,0,0,0,0,0,5,0,28,0,0
61674,1,1,1994,0,0,0,0,13,6,0,0,0,0
61675,1,1,1994,0,0,0,0,0,0,0,0,0,0
61676,1,1,1994,0,0,12,0,0,8,0,12,0,3
61677,0,1,1994,7,7,7,7,7,7,7,7,7,7
61677,1,1,1994,26,26,26,26,26,26,26,26,26,26
61678,1,1,1994,25,25,25,25,25,25,25,25,25,25
61679,1,1,1994,21,17,41,18,14,11,8,15,0,0
61679,2,1,1994,0,0,0,0,0,0,0,0,0,0
61680,0,1,1994,0,21,0,0,24,25,0,40,34,29
61680,1,1,1994,0,0,15,0,14,0,13,10,0,0
61681,1,1,1994,0,0,0,0,0,0,0,0,0,0
61681,2,1,1994,0,0,0,0,0,0,0,0,0,0
61682,1,1,1994,5,19,3,0,14,17,0,13,13,9
61682,2,1,1994,0,0,0,0,0,0,0,0,0,0
61683,1,1,1994,0,0,0,0,0,0,0,0,0,0
61683,2,1,1994,0,0,0,21,0,0,0,0,0,0
61684,1,1,1994,0,0,0,0,0,0,0,0,0,0
61685,1,1,1994,0,0,0,0,0,0,0,0,0,0
61685,2,1,1994,0,0,0,0,0,0,0,0,0,0
61685,3,1,1994,0,0,0,0,7,0,0,0,0,0
61685,4,1,1994,0,0,0,0,0,0,0,0,0,0
61686,1,1,1994,14,14,14,14,14,14,14,14,14,14
61687,0,1,1994,12,12,12,12,12,12,12,12,12,12
61687,0,2,1994,16,16,16,16,16,16,16,16,16,16
61687,1,1,1994,12,12,12,12,12,12,12,12,12,12
61688,0,1,1994,0,0,0,0,0,0,0,0,0,0
61688,0,2,1994,0,0,0,0,0,0,0,0,0,0
61688,1,1,1994,16,16,16,16,16,16,16,16,16,16
61689,1,1,1994,0,0,0,0,0,0,0,0,0,0
61689,2,1,1994,0,0,0,0,0,0,0,0,0,0
61690,0,1,1994,0,0,0,0,0,0,0,0,0,0
61690,1,1,1994,0,0,0,0,0,0,0,0,0,0
61691,1,1,1994,6,13,0,0,0,2,0,0,0,0
61692,1,1,1994,0,0,0,0,0,0,0,0,0,0
61692,2,1,1994,0,0,0,0,0,0,0,0,0,0
61692,3,1,1994,0,0,0,0,0,0,0,0,15,0
61692,4,1,1994,0,8,0,0,14,17,0,0,0,12
61693,1,1,1994,14,14,14,14,14,14,14,14,14,14
61693,2,1,1994,12,12,12,12,12,12,12,12,12,12
61694,0,1,1994,29,29,29,29,29,29,29,29,29,29
61694,1,1,1994,8,0,0,28,13,34,0,8,0,17
61695,1,1,1994,0,0,0,0,0,0,0,0,0,0
61695,2,1,1994,0,0,0,0,0,0,0,0,0,0
61696,1,1,1994,0,0,0,0,0,0,0,0,0,0
61697,1,1,1994,0,0,0,0,0,0,0,0,0,0
61697,2,1,1994,0,0,0,0,0,0,0,6,0,0
61698,1,1,1994,22,22,22,22,22,22,22,22,22,22
61698,2,1,1994,0,0,0,0,0,0,0,0,30,0
61699,1,1,1994,11,11,11,11,11,11,11,11,11,11
61699,2,1,1994,0,0,0,0,0,0,0,0,0,0
61699,3,1,1994,0,0,0,0,0,0,0,0,0,0
61700,1,1,1994,0,30,0,0,0,0,0,0,0,0
61701,1,1,1994,0,0,0,0,0,0,0,0,0,0
61701,2,1,1994,0,0,0,0,0,0,0,0,0,0
61702,1,1,1994,0,0,0,0,0,0,0,0,0,0
61703,1,1,1994,0,0,0,0,0,0,0,0,0,0
61704,1,1,1994,0,0,0,0,0,0,0,0,0,0
61704,2,1,1994,0,0,0,0,0,0,0,0,0,0
61705,1,1,1994,2,2,2,2,2,2,2,2,2,2
61705,2,1,1994,0,0,0,0,0,0,0,0,0,0
61706,1,1,1994,0,0,0,0,6,0,22,0,0,9
61707,1,1,1994,25,25,25,25,25,25,25,25,25,25
61707,2,1,1994,0,0,0,0,0,0,0,0,0,0
61707,3,1,1994,0,0,0,0,0,0,0,0,0,0
61708,0,1,1994,0,0,0,0,0,0,0,0,0,0
61708,1,1,1994,0,0,0,0,0,0,0,0,0,0
61709,0,1,1994,0,0,0,0,0,0,0,0,0,0
61709,1,1,1994,0,0,0,0,0,0,0,0,0,0
61710,0,1,1994,0,0,0,0,0,0,0,0,0,0
61710,1,1,1994,0,0,0,0,0,0,0,0,0,0
61711,1,1,1994,0,0,0,0,0,0,0,0,0,0
61711,2,1,1994,0,0,0,0,0,0,0,0,0,0
61711,3,1,1994,0,0,0,15,0,0,24,0,0,0
61712,0,1,1994,29,29,29,29,29,29,29,29,29,29
61712,1,1,1994,0,0,5,0,0,0,0,25,24,0
61713,1,1,1994,0,0,0,0,0,0,0,0,0,0
61713,2,1,1994,0,0,0,0,0,0,0,0,0,0
61714,1,1,1994,0,0,0,0,0,0,0,0,0,0
61714,2,1,1994,0,0,0,0,0,0,0,0,0,0
61715,1,1,1994,0,0,0,0,0,0,0,0,0,0
61716,1,1,1994,0,0,0,0,0,0,0,0,0,0
61716,2,1,1994,0,0,0,9,7,0,0,0,0,0
61717,1,1,1994,0,0,0,0,0,0,0,0,0,0
61718,1,1,1994,0,0,0,0,0,0,0,0,0,0
61719,0,1,1994,0,0,0,0,0,0,0,0,0,0
61719,1,1,1994,0,0,0,0,0,0,0,0,0,0
61720,1,1,1994,0,0,0,0,0,0,3,0,0,0
61720,2,1,1994,0,2,0,2,0,0,6,0,0,0
61720,3,1,1994,0,0,0,0,0,0,0,0,0,0
61721,1,1,1994,33,33,33,33,33,33,33,33,33,33
61722,1,1,1994,15,15,15,15,15,15,15,15,15,15
61722,2,1,1994,0,0,0,0,0,0,0,0,0,0
61722,3,1,1994,0,0,0,0,0,0,0,0,0,0
61723,1,1,1994,0,0,0,0,0,0,0,0,0,0
61723,2,1,1994,1,1,1,1,1,1,1,1,1,1
61724,0,1,1994,0,0,0,0,0,0,0,0,0,0
61724,1,1,1994,14,14,14,14,14,14,14,14,14,14
61725,1,1,1994,0,0,0,0,0,0,0,0,0,0
61725,2,1,1994,0,0,0,0,0,0,0,0,0,0
61726,1,1,1994,9,9,9,9,9,9,9,9,9,9
61727,0,1,1994,0,0,0,0,0,0,0,0,0,0
61727,0,2,1994,0,0,0,0,0,0,0,0,0,0
61727,0,3,1994,0,0,0,0,0,0,0,0,0,0
61727,0,4,1994,28,17,5,14,18,20,5,12,28,13
61727,0,5,1994,9,0,2,18,23,0,0,0,0,8
61727,1,1,1994,0,0,0,0,0,13,0,0,0,0
61727,3,1,1994,0,13,0,0,11,0,13,0,0,27
61728,1,1,1994,0,0,0,0,0,0,0,0,0,0
61728,2,1,1994,0,0,0,0,0,0,0,0,0,0
61729,1,1,1994,0,0,0,0,0,0,0,0,0,0
61730,1,1,1994,0,0,0,0,0,0,0,0,0,0
61730,2,1,1994,0,0,0,0,0,0,0,0,0,0
61731,1,1,1994,19,0,14,23,30,19,16,14,29,9
61732,1,1,1994,25,25,25,25,25,25,25,25,25,25
61733,1,1,1994,20,20,20,20,20,20,20,20,20,20
61734,1,1,1994,25,25,25,25,25,25,25,25,25,25
61735,1,1,1994,10,10,10,10,10,10,10,10,10,10
61735,2,1,1994,0,10,0,0,0,0,0,0,0,40
61736,0,1,1994,9,9,9,9,9,9,9,9,9,9
61736,0,2,1994,16,16,16,16,16,16,16,16,16,16
61736,1,1,1994,18,18,18,18,18,18,18,18,18,18
61737,1,1,1994,0,0,0,0,0,0,0,0,0,0
61738,1,1,1994,0,0,0,0,0,0,0,0,0,0
61738,2,1,1994,0,0,0,0,0,0,0,0,18,0
61739,1,1,1994,0,0,0,0,0,0,0,0,0,0
61740,1,1,1994,0,0,0,0,0,0,0,0,0,0
61740,2,1,1994,0,0,0,0,0,0,0,0,0,0
61741,0,1,1994,0,0,0,0,0,0,0,0,0,0
61741,1,1,1994,0,9,0,0,0,0,0,0,0,0
61742,1,1,1994,0,0,0,0,0,0,0,0,0,0
61743,1,1,1994,0,0,0,0,0,0,0,0,0,0
61743,2,1,1994,0,0,0,0,0,0,0,0,14,0
61744,1,1,1994,25,25,25,25,25,25,25,25,25,25
61745,1,1,1994,0,0,0,0,0,0,0,0,0,0
61745,2,1,1994,0,0,0,0,0,0,0,0,0,0
61746,0,1,1994,0,0,0,0,0,0,0,0,0,0
61746,1,1,1994,0,0,15,15,27,0,14,33,11,0
61747,0,1,1994,0,0,0,0,0,0,0,0,0,0
61747,1,1,1994,24,11,12,22,0,20,13,14,10,6
61748,1,1,1994,19,19,19,19,19,19,19,19,19,19
61749,0,1,1994,0,0,0,0,0,0,0,0,0,0
61749,1,1,1994,0,0,0,0,0,0,0,0,0,0
61750,1,1,1994,0,0,0,0,0,0,0,0,0,0
61751,1,1,1994,30,22,0,11,24,3,18,24,0,32
61751,2,1,1994,0,0,0,0,0,0,0,0,0,0
61752,1,1,1994,15,15,15,15,15,15,15,15,15,15
61752,2,1,1994,0,0,0,0,0,0,0,0,0,0
61753,1,1,1994,0,0,0,0,0,0,30,0,35,0
61754,0,1,1994,0,0,0,0,0,0,0,0,0,0
61754,1,1,1994,0,0,0,0,0,0,0,0,13,0
61755,1,1,1994,0,0,0,0,0,0,0,0,0,0
61755,2,1,1994,0,0,0,0,0,0,0,0,0,0
61756,1,1,1994,0,0,0,0,0,0,0,0,0,0
61757,1,1,1994,0,0,0,0,0,0,0,0,0,0
61757,2,1,1994,0,0,0,0,0,0,0,0,0,0
61758,1,1,1994,20,20,20,20,20,20,20,20,20,20
61759,1,1,1994,0,0,0,0,0,0,0,0,0,0
61760,0,1,1994,0,0,0,0,0,0,0,0,0,0
61760,0,2,1994,0,0,0,0,0,0,0,0,0,0
61760,1,1,1994,0,0,0,0,0,0,0,0,0,0
61761,1,1,1994,26,26,26,26,26,26,26,26,26,26
61762,0,1,1994,0,0,0,0,0,0,0,0,0,0
61762,1,1,1994,0,22,0,0,10,0,0,0,17,16
61763,1,1,1994,16,16,16,16,16,16,16,16,16,16
61763,2,1,1994,0,18,0,0,0,0,0,0,0,0
61764,1,1,1994,0,0,0,0,0,0,0,0,0,0
61764,2,1,1994,0,0,0,0,0,0,0,0,0,0
61765,1,1,1994,0,0,0,0,0,0,0,0,0,0
61765,2,1,1994,0,0,0,0,0,0,0,0,0,0
61766,1,1,1994,0,11,0,0,0,0,0,0,0,0
61766,2,1,1994,0,0,0,0,0,0,0,0,0,0
61767,1,1,1994,0,0,0,0,0,0,0,0,0,0
61768,1,1,1994,0,0,0,0,0,0,0,0,0,0
61769,1,1,1994,0,0,0,0,0,0,0,0,0,0
61769,2,1,1994,9,9,9,9,9,9,9,9,9,9
61770,1,1,1994,0,0,0,0,0,0,0,0,0,0
61770,2,1,1994,0,0,0,0,0,0,0,0,0,0
61770,3,1,1994,0,0,0,0,0,0,0,0,0,0
61771,1,1,1994,0,11,0,0,0,19,0,21,0,0
61771,2,1,1994,0,0,0,0,0,0,0,0,0,0