ST_CASE,VEH_NO,PER_NO,YEAR,P1,P2,P3,P4,P5,P6,P7,P8,P9,P10
61772,1,1,1994,0,0,0,0,8,10,0,0,0,3
61772,2,1,1994,0,0,0,0,0,0,0,0,0,0
61772,3,1,1994,0,0,0,0,0,0,0,0,0,0
61773,1,1,1994,0,0,0,0,0,0,0,0,0,0
61774,1,1,1994,0,0,0,0,0,0,0,0,0,5
61774,2,1,1994,3,0,0,0,0,0,0,0,0,0
61774,3,1,1994,0,0,0,0,0,0,0,0,0,0
61775,1,1,1994,0,0,0,0,0,0,0,0,0,0
61776,1,1,1994,0,0,0,0,0,0,0,0,0,0
61776,2,1,1994,0,0,0,0,0,0,0,0,0,0
61777,1,1,1994,9,9,9,9,9,9,9,9,9,9
61777,2,1,1994,0,0,9,0,0,0,0,0,0,0
61778,1,1,1994,0,0,0,0,0,0,0,0,0,0
61778,2,1,1994,0,0,0,0,0,18,0,0,0,0
61779,0,1,1994,0,0,0,0,0,0,0,0,0,0
61779,1,1,1994,9,14,23,8,15,8,3,8,5,8
61780,1,1,1994,14,14,14,14,14,14,14,14,14,14
61781,0,1,1994,0,0,0,0,0,0,0,0,0,0
61781,1,1,1994,0,0,0,0,0,0,0,0,0,9
61782,1,1,1994,0,0,0,0,0,0,0,0,0,0
61782,2,1,1994,0,0,0,0,0,0,0,0,0,0
61783,1,1,1994,0,0,0,0,0,0,0,0,0,0
61783,2,1,1994,0,0,0,0,0,0,0,0,0,0
61784,0,1,1994,0,0,0,0,0,0,0,0,0,0
61784,1,1,1994,0,0,0,0,0,0,0,0,0,0
61785,1,1,1994,0,0,0,0,0,0,0,0,0,0
61786,1,1,1994,27,27,27,27,27,27,27,27,27,27
61787,0,1,1994,0,0,0,0,0,0,0,0,0,0
61787,1,1,1994,0,0,0,0,0,0,0,0,0,0
61788,1,1,1994,0,0,0,0,0,0,0,0,0,0
61789,1,1,1994,0,0,0,0,0,0,0,0,0,0
61790,0,1,1994,0,0,0,0,0,0,0,0,0,0
61790,1,1,1994,7,0,0,0,0,0,0,16,18,0
61791,1,1,1994,0,0,0,0,0,0,0,0,0,0
61792,0,1,1994,0,0,0,0,0,0,0,0,0,0
61792,1,1,1994,0,0,0,0,0,0,0,0,0,0
61793,1,1,1994,19,19,19,19,19,19,19,19,19,19
61794,1,1,1994,15,15,15,15,15,15,15,15,15,15
61795,0,1,1994,0,0,0,0,0,0,0,0,0,0
61795,1,1,1994,0,0,0,0,0,0,0,0,0,0
61796,1,1,1994,0,0,0,0,0,0,0,0,0,0
61796,2,1,1994,0,0,11,0,0,0,0,0,0,0
61797,0,1,1994,9,9,9,9,9,9,9,9,9,9
61797,1,1,1994,0,0,24,0,0,20,0,0,18,0
61798,1,1,1994,24,24,24,24,24,24,24,24,24,24
61799,0,1,1994,5,5,5,5,5,5,5,5,5,5
61799,1,1,1994,0,19,7,0,20,0,9,18,0,12
61800,1,1,1994,0,0,0,0,30,0,3,0,0,0
61801,1,1,1994,0,0,0,0,0,0,0,0,0,0
61802,1,1,1994,0,0,0,0,0,0,0,0,0,0
61803,1,1,1994,0,0,0,0,0,0,0,0,0,0
61803,2,1,1994,0,0,0,0,0,0,0,0,0,0
61804,1,1,1994,0,0,0,0,0,0,0,0,0,0
61804,2,1,1994,0,0,0,0,0,0,0,0,0,0
61804,3,1,1994,0,0,17,0,0,0,0,0,0,0
61804,4,1,1994,0,0,0,0,0,0,0,0,0,0
61805,1,1,1994,5,5,5,5,5,5,5,5,5,5
61805,2,1,1994,0,0,0,0,0,0,9,0,0,0
61806,0,1,1994,6,6,6,6,6,6,6,6,6,6
61806,1,1,1994,0,0,0,0,0,0,0,0,0,0
61807,1,1,1994,10,10,10,10,10,10,10,10,10,10
61807,2,1,1994,0,0,0,0,0,0,0,0,0,0
61808,0,1,1994,0,0,0,0,0,0,0,0,0,0
61808,1,1,1994,0,0,0,0,0,0,24,0,0,0
61809,1,1,1994,0,0,0,0,0,0,0,0,0,0
61810,1,1,1994,0,0,0,0,0,0,0,0,0,0
61810,2,1,1994,0,0,0,0,0,0,0,0,0,0
61811,0,1,1994,0,0,0,0,0,0,0,0,0,0
61811,1,1,1994,0,0,0,0,0,0,0,0,0,0
61812,1,1,1994,0,0,0,0,0,0,0,0,0,0
61813,1,1,1994,0,0,0,0,0,0,0,0,0,0
61814,0,1,1994,12,12,12,12,12,12,12,12,12,12
61814,1,1,1994,16,16,16,16,16,16,16,16,16,16
61815,1,1,1994,0,0,0,0,0,0,0,0,0,0
61815,2,1,1994,0,0,0,0,0,0,0,0,0,0
61816,1,1,1994,0,0,0,16,0,0,0,0,0,10
61816,2,1,1994,0,0,0,0,0,0,26,0,0,0
61817,1,1,1994,0,0,0,0,0,0,0,0,0,0
61817,2,1,1994,0,0,0,0,0,0,0,0,0,0
61818,0,1,1994,0,0,0,0,0,0,0,0,0,0
61818,1,1,1994,0,0,0,0,0,0,0,0,0,0
61819,0,1,1994,0,0,0,0,0,0,0,0,0,0
61819,1,1,1994,0,0,30,0,0,0,0,0,0,0
61820,0,1,1994,0,0,0,0,0,0,0,0,0,0
61820,1,1,1994,0,0,0,0,0,0,0,0,0,0
61821,1,1,1994,0,0,0,0,0,0,0,0,0,0
61821,2,1,1994,0,0,0,14,0,0,0,8,24,11
61822,0,1,1994,0,0,0,0,0,0,0,0,0,0
61822,1,1,1994,24,3,15,15,11,14,26,20,26,6
61823,1,1,1994,13,13,13,13,13,13,13,13,13,13
61824,1,1,1994,0,0,0,0,0,0,0,0,0,0
61825,1,1,1994,0,0,0,0,0,0,0,0,0,0
61825,2,1,1994,0,0,0,0,0,0,0,0,0,0
61826,1,1,1994,0,0,0,0,0,0,0,0,0,0
61827,1,1,1994,0,0,0,0,0,0,0,0,0,0
61828,1,1,1994,20,20,20,20,20,20,20,20,20,20
61828,2,1,1994,0,0,0,0,0,0,0,0,0,0
61829,1,1,1994,0,28,30,28,0,0,13,0,21,24
61830,0,1,1994,0,0,0,0,0,0,0,0,0,0
61830,1,1,1994,0,0,0,0,0,0,0,0,0,0
61831,0,1,1994,0,0,28,0,0,5,0,3,0,0
61831,1,1,1994,0,0,0,0,0,0,0,0,0,0
61832,1,1,1994,0,0,0,0,0,0,0,0,0,0
61832,2,1,1994,0,0,0,3,0,0,0,0,0,0
61833,1,1,1994,21,21,21,21,21,21,21,21,21,21
61833,2,1,1994,0,0,0,0,0,0,0,0,0,0
61834,0,1,1994,0,0,0,0,0,0,0,0,0,0
61834,1,1,1994,0,0,0,0,0,0,7,0,0,0
61835,1,1,1994,0,18,10,0,0,0,0,7,0,0
61836,0,1,1994,0,0,0,0,0,0,0,20,0,0
61836,1,1,1994,0,0,0,0,0,0,0,0,0,0
61837,1,1,1994,0,0,0,0,0,0,0,0,0,0
61838,1,1,1994,0,0,0,0,0,0,0,0,0,0
61838,2,1,1994,0,0,0,0,0,0,0,0,0,0
61839,0,1,1994,0,0,0,0,0,0,0,0,0,0
61839,1,1,1994,0,0,0,8,0,0,0,0,0,0
61840,1,1,1994,0,0,0,0,0,0,0,0,0,0
61841,1,1,1994,0,0,0,0,0,0,0,0,0,0
61842,0,1,1994,28,28,28,28,28,28,28,28,28,28
61842,1,1,1994,0,0,0,0,0,0,0,0,0,0
61843,1,1,1994,0,0,0,0,0,0,0,0,0,0
61843,2,1,1994,0,0,0,0,0,0,0,0,0,0
61844,1,1,1994,0,0,0,0,0,0,0,0,0,0
61845,1,1,1994,0,0,0,0,0,0,0,0,0,0
61845,2,1,1994,24,18,14,9,6,21,5,17,12,9
61846,0,1,1994,0,0,0,0,0,0,0,0,0,0
61846,1,1,1994,8,8,8,8,8,8,8,8,8,8
61847,1,1,1994,0,0,0,0,0,0,0,0,0,0
61848,1,1,1994,5,5,5,5,5,5,5,5,5,5
61849,1,1,1994,0,0,0,0,0,0,0,0,0,0
61850,1,1,1994,0,0,0,0,0,0,0,0,0,0
61851,1,1,1994,19,19,19,19,19,19,19,19,19,19
61852,1,1,1994,10,10,10,10,10,10,10,10,10,10
61852,2,1,1994,0,0,0,0,0,0,0,0,0,0
61853,1,1,1994,20,20,20,20,20,20,20,20,20,20
61853,2,1,1994,0,0,0,0,0,0,0,0,0,0
61854,1,1,1994,11,11,11,11,11,11,11,11,11,11
61855,1,1,1994,0,0,0,0,0,0,0,0,0,0
61856,1,1,1994,0,0,0,0,0,0,0,0,0,0
61856,2,1,1994,0,0,0,0,0,0,0,0,0,0
61857,1,1,1994,0,0,0,0,0,0,0,0,0,0
61857,2,1,1994,0,0,0,0,0,0,0,0,0,0
61858,1,1,1994,0,0,0,0,0,0,0,0,0,0
61859,1,1,1994,14,14,14,14,14,14,14,14,14,14
61860,1,1,1994,0,0,0,0,0,0,0,0,0,0
61861,1,1,1994,0,0,0,0,0,0,0,0,0,0
61862,1,1,1994,21,21,21,21,21,21,21,21,21,21
61863,1,1,1994,0,0,0,0,0,0,0,0,0,0
61864,1,1,1994,14,14,14,14,14,14,14,14,14,14
61865,1,1,1994,0,0,0,0,0,0,0,0,0,0
61866,1,1,1994,0,0,0,0,0,0,0,0,0,0
61867,0,1,1994,0,0,0,0,0,0,0,0,0,0
61867,1,1,1994,0,7,0,0,0,0,0,0,0,0
61868,1,1,1994,0,0,0,0,0,0,0,0,0,0
61869,1,1,1994,0,0,0,0,0,0,0,0,0,0
61869,2,1,1994,0,0,0,0,0,0,0,0,0,0
61870,0,1,1994,11,11,11,11,11,11,11,11,11,11
61870,1,1,1994,20,0,0,0,0,18,17,46,0,0
61871,1,1,1994,0,0,0,0,0,0,0,0,0,0
61871,2,1,1994,0,0,0,0,0,0,0,0,0,0
61872,1,1,1994,0,0,0,0,0,0,0,0,0,0
61873,0,1,1994,8,8,8,8,8,8,8,8,8,8
61873,1,1,1994,0,0,27,0,0,0,0,0,11,0
61874,1,1,1994,0,0,0,0,0,0,0,0,0,0
61875,1,1,1994,0,0,0,0,0,0,0,0,0,0
61875,2,1,1994,0,0,0,0,0,0,0,0,0,0
61875,3,1,1994,0,0,0,0,0,0,0,0,0,0
61876,0,1,1994,0,0,0,0,0,0,0,0,0,0
61876,1,1,1994,15,0,0,7,0,0,5,0,0,0
61877,1,1,1994,0,0,0,0,0,0,0,0,0,0
61878,1,1,1994,0,0,0,0,0,0,0,0,0,0
61879,0,1,1994,18,18,18,18,18,18,18,18,18,18
61879,1,1,1994,0,0,0,0,0,0,0,0,0,0
61880,1,1,1994,32,32,32,32,32,32,32,32,32,32
61881,0,1,1994,0,0,0,0,0,0,0,0,0,0
61881,1,1,1994,0,11,0,24,3,18,12,0,23,18
61882,1,1,1994,0,0,0,0,0,0,0,0,0,0
61882,2,1,1994,0,0,0,0,0,0,0,0,0,0
61882,3,1,1994,0,9,0,0,0,0,0,0,0,0
61883,1,1,1994,0,0,0,0,0,0,0,0,0,0
61883,2,1,1994,0,0,0,0,0,0,0,0,0,0
61884,1,1,1994,0,0,0,0,0,0,0,0,0,0
61884,2,1,1994,0,0,0,0,0,0,0,0,0,0
61885,1,1,1994,25,25,25,25,25,25,25,25,25,25
61886,0,1,1994,0,0,0,0,0,0,0,0,0,0
61886,0,2,1994,0,0,0,0,0,0,0,0,0,0
61886,1,1,1994,14,0,0,0,0,0,0,0,0,0
61887,1,1,1994,0,0,0,0,0,0,0,0,0,0
61888,0,1,1994,9,9,9,9,9,9,9,9,9,9
61888,1,1,1994,16,16,16,16,16,16,16,16,16,16
61889,1,1,1994,26,19,21,22,31,0,34,16,12,24
61890,1,1,1994,29,29,29,29,29,29,29,29,29,29
61890,2,1,1994,0,0,0,0,0,0,0,0,0,0
61891,1,1,1994,0,0,0,0,0,0,0,0,0,0
61891,2,1,1994,0,0,0,0,0,0,0,0,0,0
61892,1,1,1994,0,0,0,0,0,0,0,0,0,0
61893,1,1,1994,0,0,0,0,0,0,0,0,0,0
61893,2,1,1994,0,0,0,0,0,0,0,0,0,0
61894,1,1,1994,7,0,0,0,0,0,6,0,0,0
61894,2,1,1994,0,0,0,0,0,0,0,0,0,0
61895,1,1,1994,0,0,0,0,0,0,0,0,0,26
61895,2,1,1994,0,21,0,0,9,9,0,0,0,0
61896,1,1,1994,3,3,3,3,3,3,3,3,3,3
61896,2,1,1994,0,0,0,0,0,0,0,0,0,0
61896,3,1,1994,0,0,0,0,0,0,0,0,0,0
61897,1,1,1994,10,10,10,10,10,10,10,10,10,10
61898,1,1,1994,0,0,0,0,0,0,0,0,0,0
61899,1,1,1994,0,0,0,0,0,0,0,0,0,0
61900,1,1,1994,0,0,7,12,0,0,0,0,0,0
61900,2,1,1994,0,0,0,0,0,0,0,0,0,0
61901,0,1,1994,0,0,0,0,0,0,0,0,0,0
61901,1,1,1994,0,0,0,8,0,0,0,0,12,0
61902,1,1,1994,27,27,27,27,27,27,27,27,27,27
61902,2,1,1994,0,0,0,17,0,0,21,0,0,0
61903,1,1,1994,25,25,25,25,25,25,25,25,25,25
61904,1,1,1994,18,18,18,18,18,18,18,18,18,18
61905,0,1,1994,0,0,0,0,0,0,0,0,0,0
61905,0,2,1994,0,0,0,0,0,0,0,0,0,0
61905,1,1,1994,0,0,0,0,0,0,0,0,0,0
61906,1,1,1994,0,0,0,0,0,0,0,0,0,0
61906,2,1,1994,3,0,0,0,0,11,0,0,0,11
61907,0,1,1994,0,0,0,0,0,0,0,0,0,0
61907,1,1,1994,0,0,0,0,0,0,0,0,0,0
61908,1,1,1994,0,0,0,0,7,7,0,0,0,0
61908,2,1,1994,0,0,0,0,0,0,0,0,0,0
61909,0,1,1994,0,0,0,0,0,0,0,0,0,0
61909,1,1,1994,17,12,10,16,20,8,16,16,11,23
61910,1,1,1994,0,0,0,0,0,0,0,0,0,0
61910,2,1,1994,0,0,0,0,0,0,0,0,0,0
61910,3,1,1994,0,0,0,0,0,0,0,0,0,0
61911,1,1,1994,15,15,15,15,15,15,15,15,15,15
61912,0,1,1994,0,0,0,0,0,0,0,0,0,0
61912,1,1,1994,19,12,0,10,0,0,0,0,7,0
61913,1,1,1994,15,15,15,15,15,15,15,15,15,15
61913,2,1,1994,0,0,0,0,0,0,0,0,0,0
61913,3,1,1994,0,0,6,0,0,0,0,0,0,0
61914,1,1,1994,13,13,13,13,13,13,13,13,13,13
61915,0,1,1994,0,0,0,0,0,0,0,0,0,0
61915,0,2,1994,0,0,18,0,0,0,0,0,0,0
61915,0,3,1994,0,0,0,0,0,0,0,0,0,0
61915,1,1,1994,5,5,5,5,5,5,5,5,5,5
61916,1,1,1994,9,10,10,0,0,9,0,8,0,11
61916,2,1,1994,0,0,0,0,0,0,0,0,0,0
61917,0,1,1994,0,0,0,0,0,0,0,0,0,0
61917,1,1,1994,0,0,0,0,0,0,0,0,0,0
61918,1,1,1994,0,0,0,0,0,0,0,0,0,0
61918,2,1,1994,0,0,0,0,0,0,0,0,0,0
61919,1,1,1994,0,0,0,0,0,0,0,0,0,0
61920,1,1,1994,0,0,0,0,0,2,0,0,0,0
61920,2,1,1994,6,4,16,30,2,30,16,7,0,13
61921,1,1,1994,22,22,22,22,22,22,22,22,22,22
61922,1,1,1994,0,0,0,0,0,0,0,0,0,0
61923,1,1,1994,0,0,0,0,0,0,0,0,0,0
61923,2,1,1994,0,0,0,0,0,0,0,0,0,0
61924,0,1,1994,0,0,0,0,0,0,0,0,0,0
61924,1,1,1994,10,0,0,0,0,0,0,0,0,0
61925,1,1,1994,0,0,0,0,0,0,0,0,0,0
61926,1,1,1994,0,0,0,0,0,0,0,0,0,0
61927,1,1,1994,0,0,0,0,0,0,0,0,0,0
61927,2,1,1994,0,0,0,0,0,0,0,0,0,0
61927,3,1,1994,0,0,0,0,0,0,0,0,0,0
61927,4,1,1994,0,0,0,0,0,0,0,0,0,0
61927,5,1,1994,0,0,0,0,0,0,0,0,0,0
61927,6,1,1994,0,0,0,0,0,0,0,0,0,0
61928,1,1,1994,13,13,13,13,13,13,13,13,13,13
61929,1,1,1994,19,19,19,19,19,19,19,19,19,19
61930,1,1,1994,0,0,0,0,0,0,0,0,0,0
61931,1,1,1994,0,0,0,0,0,0,0,0,0,0
61932,0,1,1994,0,0,0,0,0,0,0,0,0,0
61932,1,1,1994,0,0,0,0,0,0,0,0,0,0
61933,1,1,1994,0,0,0,0,0,0,0,0,0,0
61934,1,1,1994,0,0,0,0,0,0,0,0,0,0
61935,1,1,1994,0,0,0,0,0,0,0,0,0,0
61936,1,1,1994,22,22,22,22,22,22,22,22,22,22
61937,1,1,1994,16,16,16,16,16,16,16,16,16,16
61938,0,1,1994,0,0,0,0,0,0,0,0,0,0
61938,1,1,1994,0,0,0,10,0,0,0,0,0,0
61939,1,1,1994,0,0,0,0,0,0,0,0,0,0
61940,1,1,1994,15,15,15,15,15,15,15,15,15,15
61941,1,1,1994,0,0,0,0,0,0,0,0,0,0
61942,0,1,1994,0,0,0,0,0,0,0,0,0,0
61942,1,1,1994,0,0,0,0,0,0,0,0,0,0
61943,0,1,1994,0,0,0,0,0,0,0,0,0,0
61943,1,1,1994,0,0,0,0,0,0,0,0,0,0
61944,1,1,1994,14,14,14,14,14,14,14,14,14,14
61945,1,1,1994,21,21,21,21,21,21,21,21,21,21
61946,1,1,1994,6,6,6,6,6,6,6,6,6,6
61947,0,1,1994,0,0,0,0,0,37,0,0,0,0
61947,0,2,1994,0,0,0,0,0,0,0,0,0,0
61947,1,1,1994,0,0,0,0,0,0,0,0,0,0
61948,1,1,1994,0,0,0,0,0,0,0,0,0,0
61949,0,1,1994,26,26,26,26,26,26,26,26,26,26
61949,1,1,1994,0,0,0,0,0,0,0,0,0,0
61950,1,1,1994,2,2,2,2,2,2,2,2,2,2
61951,1,1,1994,10,10,10,10,10,10,10,10,10,10
61952,1,1,1994,0,0,9,0,0,0,0,0,0,0
61953,1,1,1994,15,15,15,15,15,15,15,15,15,15
61954,0,1,1994,23,23,23,23,23,23,23,23,23,23
61954,1,1,1994,0,0,0,0,0,0,0,0,0,0
61955,1,1,1994,11,11,11,11,11,11,11,11,11,11
61956,1,1,1994,0,0,0,0,0,0,0,0,0,0
61957,0,1,1994,8,0,0,0,0,0,0,0,0,0
61957,0,2,1994,42,0,17,17,0,0,9,14,6,0
61957,1,1,1994,17,17,17,17,17,17,17,17,17,17
61957,2,1,1994,0,0,0,0,21,0,0,0,0,0
61958,0,1,1994,0,44,0,0,0,6,0,0,18,0
61958,1,1,1994,0,0,0,0,0,0,0,0,0,0
61958,2,1,1994,0,0,0,0,0,0,0,0,0,0
61959,1,1,1994,0,0,0,0,0,0,0,0,0,0
61959,2,1,1994,0,0,0,0,0,0,0,0,0,0
61960,1,1,1994,4,4,4,4,4,4,4,4,4,4
61961,0,1,1994,0,22,16,29,0,0,9,0,0,0
61961,1,1,1994,0,0,0,0,0,0,0,0,0,0
61962,1,1,1994,0,0,10,0,0,0,0,0,0,14
61963,1,1,1994,0,6,0,0,0,0,5,0,0,0
61963,2,1,1994,15,15,15,15,15,15,15,15,15,15
61964,1,1,1994,0,0,0,0,8,0,0,0,0,0
61964,2,1,1994,0,0,0,0,0,0,0,0,0,0
61965,1,1,1994,17,17,17,17,17,17,17,17,17,17
61965,2,1,1994,0,0,0,0,0,0,0,0,0,0
61966,0,1,1994,16,0,0,0,0,0,0,0,0,24
61966,1,1,1994,16,15,9,0,6,0,28,14,0,0
61967,1,1,1994,2,2,2,2,2,2,2,2,2,2
61967,2,1,1994,0,0,0,0,0,0,0,0,0,0
61968,1,1,1994,0,0,0,0,9,29,0,0,0,0
61968,2,1,1994,0,0,0,0,0,0,0,5,0,0
61968,3,1,1994,0,0,0,0,0,0,0,0,0,0
61969,1,1,1994,0,0,0,0,0,0,0,0,0,0
61969,2,1,1994,0,0,0,0,0,0,0,0,0,0
61970,0,1,1994,0,0,0,0,0,0,18,0,0,0
61970,1,1,1994,0,0,0,0,0,0,0,0,0,0
61971,0,1,1994,0,0,0,0,0,0,0,0,0,0
61971,0,2,1994,22,38,4,0,5,0,11,17,14,16
61971,1,1,1994,0,0,0,0,0,0,0,0,0,0
61972,1,1,1994,3,3,3,3,3,3,3,3,3,3
61972,2,1,1994,0,0,0,0,0,0,0,0,0,0
61972,3,1,1994,0,0,0,0,0,0,0,0,0,0
61973,1,1,1994,29,29,29,29,29,29,29,29,29,29
61973,2,1,1994,0,0,0,0,0,0,23,0,17,15
61973,3,1,1994,0,0,0,0,0,0,0,0,0,0
61974,1,1,1994,8,8,8,8,8,8,8,8,8,8
61974,2,1,1994,0,0,0,0,0,0,20,0,14,18
61975,1,1,1994,20,20,20,20,20,20,20,20,20,20
61976,1,1,1994,14,14,14,14,14,14,14,14,14,14
61977,1,1,1994,12,12,12,12,12,12,12,12,12,12
61978,1,1,1994,0,0,27,12,10,29,0,0,0,19
61978,2,1,1994,0,0,0,0,0,0,0,0,0,0
61979,1,1,1994,12,12,12,12,12,12,12,12,12,12
61980,4,1,1994,0,7,0,0,0,0,0,0,0,0
61980,5,1,1994,13,13,13,13,13,13,13,13,13,13
61980,6,1,1994,0,0,11,0,0,0,0,0,0,2
61981,1,1,1994,0,0,0,0,0,0,0,0,0,0
61982,1,1,1994,0,0,0,0,0,0,0,0,0,0
61982,2,1,1994,0,0,0,0,0,0,0,0,0,0
61983,1,1,1994,16,16,16,16,16,16,16,16,16,16
61984,1,1,1994,14,14,14,14,14,14,14,14,14,14
61984,2,1,1994,0,0,0,0,0,0,0,0,0,0
61985,1,1,1994,16,16,16,16,16,16,16,16,16,16
61986,0,1,1994,29,29,29,29,29,29,29,29,29,29
61986,1,1,1994,38,0,0,10,0,30,22,29,28,0
61987,1,1,1994,0,0,0,0,0,0,0,0,0,0
61987,2,1,1994,0,0,0,0,0,0,0,0,0,0
61988,1,1,1994,0,0,0,0,0,0,0,0,0,0
61988,2,1,1994,0,0,0,0,0,0,0,0,0,0
61988,3,1,1994,0,0,0,0,0,0,0,0,0,0
61989,1,1,1994,5,0,0,0,0,0,0,0,0,0
61989,2,1,1994,5,14,4,6,11,8,12,5,0,11
61989,3,1,1994,0,0,0,0,0,0,0,0,0,0
61989,4,1,1994,0,0,0,0,0,0,0,0,0,0
61990,0,1,1994,0,0,0,0,0,0,0,0,0,0
61990,1,1,1994,0,0,0,0,0,0,0,0,0,0
61990,2,1,1994,0,0,0,22,0,0,0,0,0,0
61991,1,1,1994,21,21,21,21,21,21,21,21,21,21
61991,2,1,1994,0,0,0,0,0,0,0,0,0,0
61992,0,1,1994,0,0,0,0,0,0,0,0,0,0
61992,1,1,1994,0,0,0,0,0,0,0,0,0,0
61992,2,1,1994,0,20,0,0,0,0,0,0,0,11
61993,1,1,1994,0,0,0,0,0,0,0,0,0,0
61993,2,1,1994,5,5,5,5,5,5,5,5,5,5
61994,0,1,1994,24,24,24,24,24,24,24,24,24,24
61994,1,1,1994,0,0,0,0,0,0,0,0,0,0
61994,2,1,1994,0,0,0,0,0,0,0,0,22,0
61994,3,1,1994,0,0,0,0,0,0,0,0,0,0
61994,4,1,1994,0,0,0,0,0,0,0,0,0,0
61995,1,1,1994,0,0,0,0,0,0,0,0,0,0
61995,2,1,1994,0,0,0,0,0,0,0,0,0,0
61996,1,1,1994,0,0,0,0,0,0,0,0,0,0
61996,2,1,1994,0,0,0,0,0,0,0,0,0,0
61997,1,1,1994,0,0,0,0,0,0,0,0,0,0
61997,2,1,1994,0,0,0,0,0,0,0,0,0,0
61998,1,1,1994,0,0,0,0,0,0,0,0,0,0
61998,2,1,1994,0,0,0,0,0,0,0,0,0,0
61999,1,1,1994,0,0,0,0,0,0,0,0,0,5
61999,2,1,1994,0,0,0,0,0,0,0,0,0,0
61999,3,1,1994,0,0,0,0,0,0,0,0,0,0
61999,4,1,1994,0,0,0,0,0,0,0,0,0,0
62000,0,1,1994,14,14,14,14,14,14,14,14,14,14
62000,1,1,1994,0,0,15,0,0,0,14,0,0,0
62001,0,1,1994,18,18,18,18,18,18,18,18,18,18
62001,1,1,1994,36,0,0,0,0,0,17,17,0,16
62002,1,1,1994,23,23,23,23,23,23,23,23,23,23
62002,2,1,1994,0,0,0,0,0,0,0,0,0,0
62003,1,1,1994,5,5,5,5,5,5,5,5,5,5
62003,2,1,1994,0,0,0,0,0,0,0,0,0,14
62004,1,1,1994,0,0,0,0,0,0,0,0,0,0
62005,1,1,1994,0,0,0,0,0,0,0,0,0,0
62005,2,1,1994,0,0,0,0,0,0,0,0,0,0
62005,3,1,1994,0,0,0,0,0,0,0,0,0,0
62006,1,1,1994,0,0,0,0,0,0,0,0,0,0
62006,2,1,1994,0,0,0,0,0,0,0,0,0,0
62007,0,1,1994,0,0,0,0,0,0,0,0,0,0
62007,1,1,1994,0,0,0,0,0,0,0,0,0,0
62008,1,1,1994,0,0,0,0,0,0,0,0,0,0
62008,2,1,1994,4,4,4,4,4,4,4,4,4,4
62009,0,1,1994,18,18,18,18,18,18,18,18,18,18
62009,1,1,1994,0,0,31,0,28,22,0,0,0,0
62010,1,1,1994,27,27,27,27,27,27,27,27,27,27
62010,2,1,1994,0,0,0,0,0,0,0,8,0,0
62011,1,1,1994,0,0,0,0,0,0,0,0,0,0
62011,2,1,1994,0,0,0,0,10,0,0,0,0,0
62011,3,1,1994,0,0,0,0,0,0,0,0,0,0
62012,1,1,1994,30,30,30,30,30,30,30,30,30,30
62013,1,1,1994,25,25,25,25,25,25,25,25,25,25
62014,1,1,1994,0,0,0,0,0,0,0,4,0,0
62015,1,1,1994,5,5,5,5,5,5,5,5,5,5
62016,1,1,1994,15,15,15,15,15,15,15,15,15,15
62017,1,1,1994,0,0,0,0,0,0,0,0,0,0
62018,1,1,1994,5,5,5,5,5,5,5,5,5,5
62019,1,1,1994,0,0,0,0,0,0,0,0,0,0
62020,1,1,1994,16,16,16,16,16,16,16,16,16,16
62021,1,1,1994,1,1,1,1,1,1,1,1,1,1
62022,1,1,1994,0,0,0,0,0,0,0,0,0,0
62023,1,1,1994,0,0,0,0,0,0,0,0,0,0
62024,1,1,1994,0,0,0,0,0,0,0,0,0,0
62025,1,1,1994,10,10,10,10,10,10,10,10,10,10
62026,1,1,1994,23,23,23,23,23,23,23,23,23,23
62027,1,1,1994,19,19,19,19,19,19,19,19,19,19
62028,1,1,1994,17,7,20,34,31,36,14,14,12,29
62029,1,1,1994,0,0,0,0,0,0,0,0,0,0
62030,1,1,1994,0,0,0,0,0,0,0,0,0,0
62031,1,1,1994,15,15,15,15,15,15,15,15,15,15
62032,1,1,1994,0,0,0,0,0,0,0,0,0,0
62033,1,1,1994,0,0,0,0,0,0,0,0,0,0
62034,1,1,1994,22,22,22,22,22,22,22,22,22,22
62035,1,1,1994,10,10,10,10,10,10,10,10,10,10
62036,1,1,1994,12,12,12,12,12,12,12,12,12,12
62037,1,1,1994,0,0,0,0,0,0,0,0,0,0
62038,1,1,1994,16,16,16,16,16,16,16,16,16,16