ST_CASE,VEH_NO,PER_NO,YEAR,P1,P2,P3,P4,P5,P6,P7,P8,P9,P10
62305,1,1,1994,0,0,0,0,0,0,0,0,0,0
62306,0,1,1994,0,0,0,0,0,0,0,0,0,0
62306,1,1,1994,0,0,0,0,0,0,0,0,0,0
62307,1,1,1994,0,0,0,0,0,0,0,0,0,0
62308,0,1,1994,0,0,0,0,17,0,0,0,0,0
62308,1,1,1994,0,0,3,18,0,0,0,0,0,0
62309,1,1,1994,0,0,0,0,0,0,0,0,0,0
62310,0,1,1994,25,25,25,25,25,25,25,25,25,25
62311,0,1,1994,0,0,0,0,0,0,0,0,0,0
62311,1,1,1994,0,0,0,0,0,0,0,0,0,0
62312,1,1,1994,3,3,3,3,3,3,3,3,3,3
62313,0,1,1994,0,0,0,0,0,0,0,0,0,0
62313,1,1,1994,0,0,0,9,0,0,0,0,0,0
62314,1,1,1994,0,0,0,0,0,0,0,0,0,0
62315,0,1,1994,0,0,0,0,0,0,0,0,0,0
62315,1,1,1994,0,0,0,0,0,0,0,0,0,0
62316,1,1,1994,0,0,0,0,0,0,0,0,0,0
62317,1,1,1994,0,0,0,0,0,0,0,0,14,0
62318,1,1,1994,14,14,14,14,14,14,14,14,14,14
62319,0,1,1994,0,0,0,0,0,0,0,0,0,0
62319,1,1,1994,0,0,0,5,16,0,0,0,11,0
62320,0,1,1994,0,0,0,0,0,0,0,0,0,0
62320,1,1,1994,0,9,0,0,0,0,0,0,0,0
62321,0,1,1994,0,0,0,0,0,0,0,0,0,0
62321,1,1,1994,0,0,0,0,0,0,0,0,0,0
62322,1,1,1994,2,2,2,2,2,2,2,2,2,2
62323,1,1,1994,0,10,0,0,0,0,0,0,1,0
62323,2,1,1994,0,0,0,0,0,0,0,0,76,0
62324,1,1,1994,3,3,3,3,3,3,3,3,3,3
62325,1,1,1994,23,23,23,23,23,23,23,23,23,23
62325,2,1,1994,0,0,0,0,0,21,0,0,24,0
62326,0,1,1994,0,0,0,0,0,0,0,0,0,0
62326,1,1,1994,4,4,4,4,4,4,4,4,4,4
62327,1,1,1994,2,2,2,2,2,2,2,2,2,2
62327,2,1,1994,9,0,5,0,0,0,4,10,0,0
62328,1,1,1994,0,0,0,0,0,0,0,0,0,0
62328,2,1,1994,0,0,0,0,0,0,0,0,0,0
62329,1,1,1994,0,0,0,0,0,0,0,0,0,0
62329,2,1,1994,0,0,0,0,0,0,0,0,0,0
62330,1,1,1994,0,0,0,0,0,0,0,0,0,0
62330,2,1,1994,0,0,0,0,0,0,0,9,0,0
62330,3,1,1994,0,0,0,0,0,0,0,0,0,0
62331,1,1,1994,0,0,0,0,0,0,0,0,0,0
62331,2,1,1994,0,0,0,0,0,0,0,4,0,0
62332,1,1,1994,0,0,0,0,0,0,0,0,0,0
62332,2,1,1994,0,0,0,0,0,0,0,0,0,0
62333,1,1,1994,0,0,0,0,0,0,0,0,0,0
62333,2,1,1994,0,0,0,29,0,0,0,12,0,0
62334,1,1,1994,0,0,0,0,0,0,0,0,0,0
62334,2,1,1994,0,0,0,0,0,0,0,9,0,0
62335,1,1,1994,5,5,5,5,5,5,5,5,5,5
62335,2,1,1994,0,0,0,0,0,0,0,0,0,0
62336,1,1,1994,0,0,0,0,0,0,0,0,0,0
62336,2,1,1994,0,0,0,0,0,0,0,0,0,0
62337,1,1,1994,0,0,0,0,0,0,0,0,0,0
62337,2,1,1994,0,0,0,0,0,10,0,0,9,0
62338,1,1,1994,34,17,0,13,11,17,9,9,13,15
62338,2,1,1994,0,0,0,0,0,0,0,0,0,0
62339,1,1,1994,12,3,0,0,0,0,0,0,0,0
62339,2,1,1994,0,0,0,0,0,0,0,0,0,0
62339,3,1,1994,0,0,0,0,0,0,0,0,0,0
62340,1,1,1994,17,17,17,17,17,17,17,17,17,17
62340,2,1,1994,0,0,0,0,0,0,0,0,0,0
62341,1,1,1994,7,7,7,7,7,7,7,7,7,7
62341,2,1,1994,11,11,11,11,11,11,11,11,11,11
62342,1,1,1994,0,0,0,0,0,0,0,0,18,24
62342,2,1,1994,0,0,0,0,0,0,0,0,0,0
62343,1,1,1994,0,0,0,0,0,0,0,20,0,7
62344,1,1,1994,0,0,0,0,0,0,0,0,0,0
62345,1,1,1994,0,0,0,0,0,0,0,0,0,0
62346,0,1,1994,0,0,0,0,0,0,0,0,0,0
62346,1,1,1994,0,0,0,13,0,0,0,0,0,0
62347,1,1,1994,0,0,0,0,0,0,0,0,0,0
62347,2,1,1994,0,0,0,0,0,0,0,0,0,0
62347,3,1,1994,0,0,0,0,12,0,0,0,0,0
62348,0,1,1994,0,0,0,0,0,0,0,0,0,0
62348,1,1,1994,14,0,14,14,0,13,0,0,12,0
62348,2,1,1994,0,0,0,0,0,0,0,0,0,0
62349,0,1,1994,0,0,0,0,0,0,0,0,0,0
62349,1,1,1994,0,0,0,0,0,0,0,0,15,0
62350,1,1,1994,0,0,10,0,15,11,0,0,0,0
62350,2,1,1994,0,0,0,0,0,0,0,0,0,0
62351,1,1,1994,0,0,0,0,0,0,0,0,0,0
62351,2,1,1994,0,0,0,0,0,0,0,0,0,0
62352,1,1,1994,0,0,0,0,0,0,0,0,0,0
62352,2,1,1994,13,13,13,13,13,13,13,13,13,13
62353,1,1,1994,22,22,22,22,22,22,22,22,22,22
62353,2,1,1994,12,12,12,12,12,12,12,12,12,12
62354,0,1,1994,30,30,30,30,30,30,30,30,30,30
62354,1,1,1994,18,0,0,11,0,9,0,0,0,0
62354,2,1,1994,10,0,0,0,0,0,0,6,19,0
62355,1,1,1994,0,0,0,0,0,0,0,0,0,0
62355,2,1,1994,0,0,0,0,0,0,0,0,0,0
62356,1,1,1994,20,20,20,20,20,20,20,20,20,20
62356,2,1,1994,0,0,0,0,0,0,0,0,0,0
62357,1,1,1994,28,28,28,28,28,28,28,28,28,28
62357,2,1,1994,0,0,0,0,0,0,0,0,0,0
62357,3,1,1994,0,0,0,0,8,0,0,0,0,0
62358,1,1,1994,0,0,0,0,0,0,0,0,0,0
62358,2,1,1994,0,0,0,0,0,0,0,0,0,0
62359,1,1,1994,16,16,16,16,16,16,16,16,16,16
62359,2,1,1994,0,0,0,0,0,0,0,0,0,0
62360,1,1,1994,17,17,17,17,17,17,17,17,17,17
62360,2,1,1994,0,0,0,0,0,0,0,0,0,0
62360,3,1,1994,0,0,0,0,0,0,0,0,0,0
62361,1,1,1994,24,24,24,24,24,24,24,24,24,24
62361,2,1,1994,0,0,0,0,0,0,0,0,0,0
62362,1,1,1994,0,0,0,20,5,13,0,6,0,0
62362,2,1,1994,0,0,0,0,0,0,0,0,0,0
62363,1,1,1994,6,6,6,6,6,6,6,6,6,6
62363,2,1,1994,0,0,0,0,0,0,0,0,0,0
62364,1,1,1994,0,0,0,0,0,0,0,0,0,0
62364,2,1,1994,0,0,0,0,0,0,0,0,0,0
62365,1,1,1994,0,0,0,0,0,0,0,0,0,0
62365,2,1,1994,0,0,0,0,0,0,0,0,0,0
62366,1,1,1994,2,0,0,9,0,0,0,0,0,0
62366,2,1,1994,6,6,6,6,6,6,6,6,6,6
62366,3,1,1994,0,0,0,0,0,0,0,0,0,26
62367,1,1,1994,9,9,9,9,9,9,9,9,9,9
62367,2,1,1994,0,0,0,0,0,0,0,32,0,0
62368,1,1,1994,0,0,0,0,0,0,0,0,0,0
62369,1,1,1994,8,8,8,8,8,8,8,8,8,8
62370,1,1,1994,0,0,0,0,0,0,0,0,0,0
62370,2,1,1994,0,0,0,0,0,0,0,0,0,0
62371,0,1,1994,30,30,30,30,30,30,30,30,30,30
62371,1,1,1994,0,0,0,0,0,0,0,0,0,0
62372,0,1,1994,0,0,0,0,0,0,0,0,0,0
62373,0,1,1994,0,0,0,0,0,0,0,0,0,0
62373,1,1,1994,9,0,0,0,0,0,0,0,0,0
62374,1,1,1994,0,0,0,0,0,0,0,0,0,0
62375,0,1,1994,0,0,0,0,0,0,0,26,0,0
62375,1,1,1994,0,0,0,0,0,0,0,0,0,0
62376,1,1,1994,0,0,0,0,0,0,0,0,0,0
62377,1,1,1994,0,0,0,0,0,0,0,0,0,0
62378,1,1,1994,55,55,55,55,55,55,55,55,55,55
62379,1,1,1994,28,28,28,28,28,28,28,28,28,28
62380,1,1,1994,21,21,21,21,21,21,21,21,21,21
62381,1,1,1994,20,20,20,20,20,20,20,20,20,20
62382,0,1,1994,0,0,0,0,0,0,0,0,0,0
62382,1,1,1994,0,0,0,0,0,0,0,0,0,0
62383,0,1,1994,0,0,0,0,0,0,0,0,0,0
62383,1,1,1994,0,0,0,0,0,0,0,0,0,0
62384,1,1,1994,0,0,0,0,0,0,0,0,0,0
62385,1,1,1994,0,0,0,0,0,0,0,0,0,0
62386,1,1,1994,0,0,26,0,0,4,0,0,0,0
62387,1,1,1994,0,0,0,0,0,0,19,0,0,0
62388,1,1,1994,21,21,21,21,21,21,21,21,21,21
62389,1,1,1994,0,0,0,0,0,0,0,0,0,0
62390,0,1,1994,38,38,38,38,38,38,38,38,38,38
62390,1,1,1994,25,0,0,19,0,0,0,0,0,33
62391,1,1,1994,0,0,0,0,0,0,0,0,0,0
62391,2,1,1994,0,0,0,0,0,0,0,0,0,0
62392,1,1,1994,0,0,0,0,0,18,0,0,0,0
62392,2,1,1994,12,14,5,0,18,0,14,12,14,22
62393,1,1,1994,13,13,13,13,13,13,13,13,13,13
62393,2,1,1994,0,0,0,0,0,0,0,0,0,0
62394,1,1,1994,3,31,33,35,0,2,13,9,15,12
62394,2,1,1994,0,0,0,0,0,0,0,0,0,0
62394,3,1,1994,0,0,0,0,0,0,0,0,0,0
62394,4,1,1994,0,0,0,0,0,0,0,0,0,0
62395,1,1,1994,0,0,0,0,0,0,0,0,0,0
62395,2,1,1994,0,7,0,0,0,0,0,0,0,0
62396,1,1,1994,18,0,0,0,0,0,0,34,0,0
62396,2,1,1994,0,0,0,0,0,0,0,0,0,0
62397,1,1,1994,0,0,0,0,0,0,0,0,0,0
62397,2,1,1994,0,0,0,0,0,5,0,0,0,0
62398,1,1,1994,0,0,0,0,0,0,0,0,0,0
62398,2,1,1994,0,22,0,0,0,0,0,0,0,0
62399,1,1,1994,0,0,0,0,0,0,0,0,0,0
62399,2,1,1994,0,0,0,0,0,0,0,0,10,0
62400,1,1,1994,13,13,13,13,13,13,13,13,13,13
62400,2,1,1994,0,0,0,0,0,0,0,0,0,0
62401,1,1,1994,0,0,0,0,0,0,0,0,0,0
62401,2,1,1994,0,0,0,0,0,0,0,0,0,0
62401,3,1,1994,0,0,0,0,0,0,10,0,0,0
62402,1,1,1994,0,0,0,0,0,0,0,0,0,0
62402,2,1,1994,0,0,0,0,0,0,0,0,0,0
62403,1,1,1994,28,9,8,29,18,25,17,25,13,26
62403,2,1,1994,0,0,0,0,0,0,0,0,0,0
62404,1,1,1994,0,0,0,0,0,0,0,0,0,0
62404,2,1,1994,0,0,0,0,0,0,0,4,0,0
62404,3,1,1994,0,0,0,0,0,0,0,0,0,0
62405,1,1,1994,0,0,0,0,0,0,0,20,0,0
62405,2,1,1994,0,0,0,0,0,0,0,0,0,0
62405,3,1,1994,0,0,0,0,0,0,0,0,0,0
62406,1,1,1994,0,0,0,0,0,0,0,0,0,0
62406,2,1,1994,0,0,0,0,0,0,0,0,0,0
62407,1,1,1994,7,7,7,7,7,7,7,7,7,7
62407,2,1,1994,0,0,0,0,0,0,0,0,0,0
62407,3,1,1994,17,15,11,19,4,22,12,20,4,20
62408,0,1,1994,0,0,0,0,0,0,0,0,0,0
62408,0,2,1994,0,0,0,0,0,0,0,0,0,0
62408,0,3,1994,10,13,0,6,14,0,9,11,20,7
62408,1,1,1994,31,12,0,5,0,12,39,0,0,0
62409,1,1,1994,0,0,0,0,0,0,0,0,0,0
62409,2,1,1994,0,0,0,0,0,0,0,0,0,0
62410,1,1,1994,0,0,0,0,0,0,0,0,0,0
62410,2,1,1994,0,0,0,0,0,0,0,16,0,0
62411,1,1,1994,12,12,12,12,12,12,12,12,12,12
62411,2,1,1994,0,0,0,0,0,0,0,0,0,0
62411,3,1,1994,0,0,0,5,0,0,0,0,0,0
62412,1,1,1994,0,0,0,0,0,0,0,0,0,0
62412,2,1,1994,0,0,0,0,0,0,0,0,0,0
62413,1,1,1994,21,21,21,21,21,21,21,21,21,21
62413,2,1,1994,0,0,0,2,0,0,0,0,0,0
62414,1,1,1994,0,0,0,0,0,0,0,0,0,0
62414,2,1,1994,5,5,5,5,5,5,5,5,5,5
62415,1,1,1994,5,5,5,5,5,5,5,5,5,5
62415,2,1,1994,9,0,0,24,14,0,22,0,0,25
62416,1,1,1994,0,0,0,0,0,0,19,0,0,0
62416,2,1,1994,0,0,0,0,0,0,0,0,0,0
62417,1,1,1994,0,0,0,0,0,0,0,0,0,0
62417,2,1,1994,0,0,0,0,0,0,0,0,0,0
62418,1,1,1994,0,0,0,0,0,0,0,0,0,0
62418,2,1,1994,0,0,0,0,0,0,0,0,0,0
62419,1,1,1994,0,0,0,0,0,0,0,0,0,0
62419,2,1,1994,0,0,0,0,0,0,14,0,0,0
62420,1,1,1994,0,0,0,22,0,0,0,0,0,0
62420,2,1,1994,15,15,15,15,15,15,15,15,15,15
62421,1,1,1994,0,0,0,0,0,0,0,0,0,0
62421,2,1,1994,0,0,0,0,0,0,0,0,0,0
62422,0,1,1994,0,0,0,0,0,0,0,0,0,0
62422,1,1,1994,0,0,0,0,0,0,0,0,0,0
62423,0,1,1994,0,0,0,0,0,0,0,0,0,0
62423,1,1,1994,0,0,0,0,0,0,0,12,0,0
62424,1,1,1994,0,0,0,0,0,0,0,0,0,0
62425,1,1,1994,0,0,0,0,0,0,0,0,0,0
62426,0,1,1994,0,0,0,0,0,0,0,0,0,0
62426,1,1,1994,0,0,0,0,0,0,0,0,0,0
62427,1,1,1994,0,0,0,0,0,0,0,0,0,0
62428,0,1,1994,0,0,0,0,0,0,0,0,0,0
62428,1,1,1994,0,0,0,0,0,0,0,0,0,0
62429,1,1,1994,0,0,21,13,0,0,0,0,0,0
62429,2,1,1994,0,0,0,0,0,0,0,0,0,0
62430,0,1,1994,0,0,0,0,0,0,0,0,0,0
62430,1,1,1994,21,0,0,0,0,0,0,0,0,0
62431,0,1,1994,6,6,6,6,6,6,6,6,6,6
62431,1,1,1994,0,0,6,0,0,0,0,16,0,0
62432,1,1,1994,0,34,0,0,0,0,0,0,0,0
62433,0,1,1994,0,0,0,0,0,0,0,0,0,0
62433,1,1,1994,0,0,0,0,0,0,0,0,0,0
62434,0,1,1994,0,0,0,0,0,0,0,0,0,0
62434,1,1,1994,0,0,0,0,0,0,0,0,0,0
62435,0,1,1994,0,0,0,0,0,0,0,0,0,0
62435,1,1,1994,0,0,0,0,0,0,0,0,0,0
62436,0,1,1994,0,0,0,0,0,0,0,0,0,0
62436,1,1,1994,0,0,0,0,0,0,0,0,0,0
62437,0,1,1994,0,0,0,0,0,0,0,0,0,24
62437,0,2,1994,18,0,0,0,0,0,0,0,8,0
62437,1,1,1994,0,0,0,0,0,0,0,0,0,0
62438,0,1,1994,0,0,0,0,0,0,0,0,0,0
62438,1,1,1994,0,0,0,0,0,0,0,0,0,0
62439,1,1,1994,39,39,39,39,39,39,39,39,39,39
62440,0,1,1994,17,17,17,17,17,17,17,17,17,17
62440,1,1,1994,0,17,0,0,0,14,0,0,0,0
62441,1,1,1994,0,0,0,0,0,0,0,0,0,0
62441,2,1,1994,12,12,12,12,12,12,12,12,12,12
62442,1,1,1994,22,0,30,14,18,16,13,15,16,21
62443,1,1,1994,11,11,11,11,11,11,11,11,11,11
62444,1,1,1994,10,10,10,10,10,10,10,10,10,10
62445,0,1,1994,0,0,0,0,0,0,0,0,0,0
62445,1,1,1994,0,0,0,0,0,16,0,19,0,0
62446,1,1,1994,0,0,0,0,0,0,0,0,0,0
62447,1,1,1994,35,35,35,35,35,35,35,35,35,35
62448,0,1,1994,27,27,27,27,27,27,27,27,27,27
62448,1,1,1994,17,18,0,14,0,0,10,18,20,21
62449,1,1,1994,9,9,9,9,9,9,9,9,9,9
62450,1,1,1994,16,16,16,16,16,16,16,16,16,16
62451,0,1,1994,0,0,0,0,0,0,0,0,0,0
62451,1,1,1994,0,0,0,0,0,0,0,0,0,0
62452,0,1,1994,27,27,27,27,27,27,27,27,27,27
62452,1,1,1994,0,0,0,0,0,0,0,0,0,0
62453,0,1,1994,3,3,3,3,3,3,3,3,3,3
62453,1,1,1994,0,0,0,0,0,0,0,0,0,0
62454,1,1,1994,0,0,0,0,0,0,0,0,0,0
62455,1,1,1994,0,0,0,0,0,0,0,0,0,0
62456,0,1,1994,18,30,18,16,12,22,36,13,19,15
62456,1,1,1994,0,0,0,0,0,0,0,0,0,0
62457,0,1,1994,0,19,0,0,0,0,0,0,10,22
62457,0,2,1994,0,0,0,0,0,0,0,0,0,0
62457,1,1,1994,12,12,12,12,12,12,12,12,12,12
62458,1,1,1994,0,0,9,0,0,0,0,0,0,0
62459,1,1,1994,0,0,0,0,0,0,0,0,0,0
62460,1,1,1994,19,19,19,19,19,19,19,19,19,19
62461,1,1,1994,0,0,0,0,0,0,0,0,0,0
62462,0,1,1994,0,0,0,0,0,0,0,0,0,0
62462,1,1,1994,0,0,0,0,0,0,24,22,0,0
62463,0,1,1994,0,0,0,0,0,0,0,0,0,0
62463,1,1,1994,0,6,10,0,24,9,11,23,0,0
62464,0,1,1994,2,2,2,2,2,2,2,2,2,2
62464,1,1,1994,0,0,0,0,0,17,0,19,0,0
62465,1,1,1994,24,24,24,24,24,24,24,24,24,24
62466,1,1,1994,0,0,0,0,0,0,0,0,0,0
62467,1,1,1994,13,13,13,13,13,13,13,13,13,13
62468,1,1,1994,0,0,0,0,0,0,0,0,0,0
62469,1,1,1994,0,0,0,0,0,0,0,0,0,0
62470,1,1,1994,14,14,14,14,14,14,14,14,14,14
62471,0,1,1994,0,7,23,0,17,14,0,36,18,23
62471,1,1,1994,1,1,1,1,1,1,1,1,1,1
62472,1,1,1994,13,13,13,13,13,13,13,13,13,13
62473,1,1,1994,3,3,3,3,3,3,3,3,3,3
62474,0,1,1994,20,20,20,20,20,20,20,20,20,20
62474,1,1,1994,6,0,0,0,0,0,0,0,0,12
62475,0,1,1994,0,0,0,0,0,0,0,0,0,0
62475,1,1,1994,0,0,0,0,0,0,0,0,0,0
62476,1,1,1994,0,0,0,0,0,0,0,0,0,0
62477,1,1,1994,14,14,14,14,14,14,14,14,14,14
62478,1,1,1994,15,15,15,15,15,15,15,15,15,15
62479,1,1,1994,0,0,0,0,0,0,0,0,0,0
62480,1,1,1994,0,0,0,0,0,0,0,0,0,0
62481,0,1,1994,19,19,34,23,23,45,23,22,17,28
62481,1,1,1994,0,0,0,0,0,0,0,13,0,0
62482,0,1,1994,4,4,4,4,4,4,4,4,4,4
62482,1,1,1994,0,0,0,0,0,0,0,0,0,0
62483,1,1,1994,25,25,25,25,25,25,25,25,25,25
62484,0,1,1994,0,0,0,0,0,0,0,0,0,0
62484,0,2,1994,0,0,0,0,0,0,0,22,0,0
62484,1,1,1994,0,0,0,0,0,0,0,0,0,0
62485,0,1,1994,0,0,0,0,0,0,0,0,0,0
62485,1,1,1994,0,0,0,0,0,0,0,0,0,0
62486,1,1,1994,21,21,21,21,21,21,21,21,21,21
62487,1,1,1994,6,6,6,6,6,6,6,6,6,6
62488,1,1,1994,0,0,0,0,0,0,0,0,0,0
62489,1,1,1994,0,0,0,0,0,0,0,0,0,0
62490,1,1,1994,14,14,14,14,14,14,14,14,14,14
62491,0,1,1994,2,2,2,2,2,2,2,2,2,2
62491,1,1,1994,9,8,12,31,0,13,0,0,0,14
62492,0,1,1994,0,0,0,0,0,0,0,0,0,0
62492,1,1,1994,24,0,0,5,0,11,0,17,9,0
62493,0,1,1994,14,0,0,19,23,0,0,0,0,0
62493,1,1,1994,0,0,0,0,0,0,0,0,0,0
62494,1,1,1994,19,19,19,19,19,19,19,19,19,19
62495,1,1,1994,0,0,0,0,0,0,0,0,0,0
62496,0,1,1994,0,0,0,0,0,0,0,0,0,0
62496,1,1,1994,0,0,0,0,0,0,0,0,0,0
62497,0,1,1994,0,0,0,0,0,0,0,0,0,0
62497,1,1,1994,0,0,0,0,0,0,0,0,0,0
62498,1,1,1994,0,0,0,0,0,0,0,0,0,0
62499,1,1,1994,15,15,15,15,15,15,15,15,15,15
62500,1,1,1994,2,2,2,2,2,2,2,2,2,2
62501,1,1,1994,0,0,0,0,0,0,0,0,0,0
62502,1,1,1994,0,0,0,0,0,0,0,0,0,0
62503,0,1,1994,0,0,0,0,0,0,0,0,0,0
62503,1,1,1994,0,0,0,0,0,0,0,0,0,0
62504,0,1,1994,0,0,0,0,0,0,0,0,0,0
62504,1,1,1994,0,0,0,0,9,0,0,0,0,0
62505,1,1,1994,23,23,23,23,23,23,23,23,23,23
62506,1,1,1994,0,0,0,0,0,0,0,0,0,0
62507,1,1,1994,0,0,0,0,0,0,0,0,0,0
62508,1,1,1994,0,0,0,0,0,30,18,0,0,0
62509,0,1,1994,17,17,17,17,17,17,17,17,17,17
62509,1,1,1994,0,0,0,0,0,0,0,0,0,0
62510,1,1,1994,10,10,10,10,10,10,10,10,10,10
62511,0,1,1994,0,0,0,0,0,0,0,0,0,0
62511,1,1,1994,0,0,0,0,0,0,0,0,0,0
62512,0,1,1994,0,0,0,0,0,0,0,0,0,0
62512,1,1,1994,0,0,0,15,0,0,0,0,0,0
62513,0,1,1994,0,0,0,0,0,0,0,0,0,0
62513,1,1,1994,8,8,8,8,8,8,8,8,8,8
62514,0,1,1994,0,0,0,0,0,0,0,0,0,0
62514,1,1,1994,0,0,0,0,0,0,0,0,0,0
62515,0,1,1994,0,0,0,0,0,0,0,0,0,0
62515,1,1,1994,0,0,0,0,0,0,0,0,0,0
62516,1,1,1994,0,0,0,0,0,0,0,0,0,0
62517,1,1,1994,0,0,0,0,0,0,0,0,0,0
62518,0,1,1994,26,26,26,26,26,26,26,26,26,26
62518,1,1,1994,0,0,0,0,0,0,0,0,0,0
62519,0,1,1994,0,0,0,0,0,0,0,0,0,0
62519,1,1,1994,0,0,0,0,0,0,0,0,0,0
62520,1,1,1994,0,0,0,0,0,7,0,0,0,0
62521,1,1,1994,19,19,19,19,19,19,19,19,19,19
62522,0,1,1994,27,27,27,27,27,27,27,27,27,27
62522,1,1,1994,14,14,14,14,14,14,14,14,14,14
62523,1,1,1994,0,0,0,0,0,0,0,0,0,0
62524,0,1,1994,19,0,0,24,0,0,12,25,0,0
62524,1,1,1994,0,0,0,0,0,0,0,0,0,0
62525,1,1,1994,28,28,28,28,28,28,28,28,28,28
62526,0,1,1994,0,0,0,0,0,0,0,0,0,0
62526,1,1,1994,0,0,0,0,0,0,0,0,0,0
62527,1,1,1994,0,0,0,0,0,0,0,0,0,0
62528,0,1,1994,16,9,47,24,20,23,31,25,15,25
62528,1,1,1994,0,0,0,0,0,0,0,0,0,16
62529,0,1,1994,37,23,23,15,0,25,17,0,8,11
62529,1,1,1994,0,0,0,0,0,0,0,0,0,0
62530,0,1,1994,0,0,0,0,31,0,0,0,0,0
62530,1,1,1994,0,0,0,0,0,0,0,0,0,0
62531,1,1,1994,0,0,0,0,0,0,0,0,0,0
62532,1,1,1994,19,19,19,19,19,19,19,19,19,19
62533,1,1,1994,0,0,0,19,9,0,0,6,16,0
62534,0,1,1994,0,0,0,0,0,0,0,0,0,0
62534,0,2,1994,0,0,0,0,0,0,0,0,0,0
62534,1,1,1994,0,0,0,0,0,0,0,0,0,0
62535,1,1,1994,0,0,0,0,0,0,0,0,0,0
62536,1,1,1994,23,23,23,23,23,23,23,23,23,23
62537,1,1,1994,0,0,0,0,0,0,0,0,0,0
62538,1,1,1994,12,12,12,12,12,12,12,12,12,12
62539,1,1,1994,17,17,17,17,17,17,17,17,17,17
62540,1,1,1994,0,0,0,0,0,0,0,0,0,0
62540,2,1,1994,0,0,0,0,0,0,0,0,0,0
62540,3,1,1994,0,0,0,0,0,0,0,0,0,0
62541,0,1,1994,0,0,0,0,0,0,0,0,0,0
62541,0,2,1994,6,0,0,0,0,0,9,0,0,0
62541,1,1,1994,0,0,0,0,0,0,0,0,0,0
62541,2,1,1994,0,0,0,0,0,0,0,0,0,0
62542,1,1,1994,0,0,0,0,0,0,0,0,0,0
62542,2,1,1994,0,0,0,0,0,0,0,0,0,0
62543,1,1,1994,0,0,0,0,0,0,0,0,0,0
62543,2,1,1994,0,0,0,0,0,0,0,0,0,0
62544,1,1,1994,0,0,0,14,0,0,0,0,0,12
62544,2,1,1994,0,24,13,33,26,18,25,31,0,14
62545,0,1,1994,23,23,23,23,23,23,23,23,23,23
62545,1,1,1994,0,0,0,0,0,0,0,0,0,0
62545,2,1,1994,0,7,0,7,0,0,0,0,16,0
62546,1,1,1994,0,0,0,0,0,0,0,0,0,0
62546,2,1,1994,0,0,0,0,0,0,0,0,0,0
62547,0,1,1994,0,0,0,0,0,0,0,0,0,0
62547,1,1,1994,0,0,0,0,0,0,0,0,0,0
62548,1,1,1994,0,0,0,0,0,0,0,0,0,0
62548,2,1,1994,0,0,0,0,0,0,0,0,0,0
62548,3,1,1994,0,0,0,0,0,0,0,0,0,0
62549,1,1,1994,2,2,2,2,2,2,2,2,2,2
62549,2,1,1994,0,0,0,0,0,0,0,0,0,0
62550,1,1,1994,9,9,9,9,9,9,9,9,9,9
62550,2,1,1994,0,0,0,0,0,0,0,0,0,0
62551,1,1,1994,0,0,0,0,0,0,0,0,0,0
62551,2,1,1994,0,0,0,0,0,0,0,0,0,0
62551,3,1,1994,0,0,0,0,0,0,0,0,0,0
62552,1,1,1994,0,3,0,0,0,0,0,0,0,0
62552,2,1,1994,0,0,0,0,0,0,0,0,0,0
62553,1,1,1994,0,0,0,0,0,0,0,0,0,0
62553,2,1,1994,0,0,0,0,0,0,0,0,0,0
62553,3,1,1994,0,0,0,0,0,0,0,0,0,0
62554,1,1,1994,9,0,0,0,0,0,0,0,0,0
62554,2,1,1994,0,0,17,0,0,0,0,0,0,0
62555,1,1,1994,21,21,21,21,21,21,21,21,21,21
62555,2,1,1994,12,12,12,12,12,12,12,12,12,12
62556,0,1,1994,0,22,20,0,0,0,0,0,0,12
62556,0,2,1994,2,2,2,2,2,2,2,2,2,2
62556,1,1,1994,0,23,0,0,0,0,0,0,0,20
62557,1,1,1994,0,0,0,0,0,0,0,0,0,0
62557,2,1,1994,0,0,0,0,0,0,0,0,0,0
62557,3,1,1994,0,0,0,0,0,0,0,0,0,0
62558,1,1,1994,16,22,22,0,35,9,14,21,0,25
62558,2,1,1994,22,22,22,22,22,22,22,22,22,22
62559,1,1,1994,0,0,0,0,0,0,0,0,0,0
62559,2,1,1994,0,0,0,0,0,0,0,0,0,0
62560,1,1,1994,19,19,19,19,19,19,19,19,19,19
62560,2,1,1994,0,0,0,0,0,0,0,0,0,0
62561,1,1,1994,0,0,0,0,0,0,0,0,0,0