ST_CASE,VEH_NO,PER_NO,YEAR,P1,P2,P3,P4,P5,P6,P7,P8,P9,P10
62561,2,1,1994,0,0,0,0,0,0,0,0,0,0
62561,3,1,1994,0,0,0,0,0,0,0,5,0,0
62562,1,1,1994,0,0,0,0,0,0,0,0,0,0
62562,2,1,1994,0,0,0,0,0,0,0,0,0,0
62563,1,1,1994,0,0,0,0,0,0,0,0,0,0
62563,2,1,1994,0,0,0,0,0,0,0,0,0,0
62564,1,1,1994,0,0,0,0,0,0,0,0,0,0
62564,2,1,1994,0,0,0,0,0,0,0,0,0,0
62565,1,1,1994,0,0,0,0,0,0,0,0,0,0
62565,2,1,1994,0,0,0,0,0,0,0,0,0,0
62566,1,1,1994,10,10,10,10,10,10,10,10,10,10
62566,2,1,1994,0,0,0,0,0,0,0,0,0,0
62567,1,1,1994,22,22,22,22,22,22,22,22,22,22
62567,2,1,1994,0,0,0,0,0,0,0,0,0,0
62568,1,1,1994,0,0,0,0,0,0,0,0,0,0
62568,2,1,1994,0,0,0,0,0,0,0,0,0,0
62569,1,1,1994,0,0,0,0,0,0,0,0,0,0
62569,2,1,1994,0,0,0,0,0,0,0,0,0,0
62570,1,1,1994,0,0,0,0,0,0,0,0,0,0
62570,2,1,1994,0,0,0,0,0,0,0,0,0,0
62571,1,1,1994,0,0,0,0,0,0,0,0,0,6
62571,2,1,1994,0,0,0,0,0,0,0,0,0,0
62571,3,1,1994,0,0,0,0,0,0,0,0,0,0
62571,4,1,1994,0,0,0,0,0,0,0,0,0,0
62572,1,1,1994,0,0,0,0,0,0,0,0,0,0
62572,2,1,1994,0,0,0,0,0,0,17,8,0,0
62573,1,1,1994,0,0,0,0,0,0,0,0,0,0
62573,2,1,1994,0,0,0,0,0,0,0,0,0,0
62574,1,1,1994,0,0,0,0,0,0,0,0,0,0
62574,2,1,1994,0,0,0,0,0,0,0,0,0,0
62574,3,1,1994,0,0,0,0,0,0,0,0,0,0
62575,1,1,1994,3,3,3,3,3,3,3,3,3,3
62576,1,1,1994,30,30,30,30,30,30,30,30,30,30
62577,1,1,1994,13,13,13,13,13,13,13,13,13,13
62577,2,1,1994,0,0,0,0,0,0,0,0,0,0
62578,1,1,1994,20,20,20,20,20,20,20,20,20,20
62578,2,1,1994,0,0,0,0,0,0,0,16,0,0
62579,1,1,1994,0,0,0,0,0,0,0,0,0,0
62579,2,1,1994,0,0,0,0,0,0,0,0,0,0
62580,1,1,1994,0,0,0,0,0,0,0,0,0,0
62580,2,1,1994,0,0,0,0,0,0,0,0,0,0
62581,1,1,1994,0,0,0,0,0,0,0,0,0,0
62581,2,1,1994,0,0,4,0,0,0,14,0,0,0
62581,3,1,1994,0,0,0,0,0,0,0,0,0,0
62581,4,1,1994,0,0,0,0,0,0,0,0,0,0
62581,5,1,1994,0,0,0,0,0,0,0,0,0,0
62581,6,1,1994,0,0,0,0,0,0,0,0,0,0
62581,7,1,1994,0,0,0,0,0,0,0,0,0,0
62581,8,1,1994,0,0,0,0,0,0,0,0,0,0
62581,9,1,1994,0,0,0,0,0,0,0,0,0,0
62582,1,1,1994,0,0,0,0,0,0,0,0,0,0
62582,2,1,1994,0,0,0,0,0,0,0,0,0,0
62583,1,1,1994,3,3,3,3,3,3,3,3,3,3
62583,2,1,1994,0,0,0,0,0,0,0,0,0,0
62584,1,1,1994,7,7,7,7,7,7,7,7,7,7
62585,1,1,1994,0,0,0,0,0,0,0,0,0,18
62585,2,1,1994,26,26,26,26,26,26,26,26,26,26
62586,1,1,1994,13,13,13,13,13,13,13,13,13,13
62586,2,1,1994,0,0,0,0,0,0,0,0,0,0
62586,3,1,1994,16,0,0,0,0,0,0,13,0,0
62587,1,1,1994,0,0,0,0,0,0,0,0,0,0
62587,2,1,1994,0,0,0,0,0,0,0,2,0,0
62587,3,1,1994,0,0,0,0,0,0,0,0,20,0
62587,4,1,1994,0,0,0,0,0,0,0,0,0,0
62587,5,1,1994,0,0,0,0,0,0,0,0,0,0
62588,0,1,1994,0,0,0,0,0,0,0,0,0,0
62588,1,1,1994,10,10,10,10,10,10,10,10,10,10
62589,1,1,1994,0,0,0,0,0,0,0,0,0,0
62590,1,1,1994,0,0,0,0,1,0,0,0,0,0
62590,2,1,1994,0,14,0,0,0,0,0,0,0,0
62591,1,1,1994,0,0,0,0,0,0,0,0,0,0
62591,2,1,1994,0,0,0,0,0,0,0,0,0,0
62591,3,1,1994,0,0,0,0,0,0,0,0,0,0
62591,4,1,1994,0,0,0,0,0,0,0,0,0,0
62592,1,1,1994,0,0,0,0,0,0,0,0,0,0
62592,2,1,1994,0,0,0,0,0,15,0,0,0,0
62593,0,1,1994,0,0,0,0,0,0,0,0,0,0
62593,1,1,1994,0,0,0,0,0,0,0,0,0,0
62593,2,1,1994,0,0,0,0,0,0,0,0,0,0
62594,1,1,1994,0,0,0,0,0,0,0,0,0,0
62594,2,1,1994,0,0,0,0,0,0,0,0,0,0
62595,1,1,1994,0,0,0,0,0,0,0,0,0,0
62595,2,1,1994,0,0,0,0,0,0,0,0,0,0
62595,3,1,1994,0,0,0,0,0,0,0,0,0,0
62596,1,1,1994,0,0,0,0,0,0,0,0,0,0
62596,2,1,1994,0,0,0,0,0,0,0,0,0,0
62597,1,1,1994,0,0,0,0,0,0,0,0,0,0
62597,2,1,1994,0,0,0,0,0,0,0,0,0,0
62597,3,1,1994,0,0,0,0,0,0,0,0,0,0
62597,4,1,1994,0,0,0,0,0,0,0,0,0,0
62598,1,1,1994,24,24,24,24,24,24,24,24,24,24
62598,2,1,1994,0,0,0,0,0,0,0,0,0,0
62599,1,1,1994,0,0,0,0,0,0,0,0,0,0
62600,1,1,1994,0,0,0,0,0,0,0,0,0,0
62600,2,1,1994,0,0,0,0,0,0,0,0,0,0
62600,3,1,1994,0,0,0,0,0,0,0,0,0,0
62601,1,1,1994,0,0,0,0,0,0,0,0,0,0
62601,2,1,1994,0,0,0,0,0,0,0,0,0,0
62602,0,1,1994,0,0,0,0,0,0,0,0,0,0
62602,1,1,1994,0,0,0,0,0,0,0,0,0,0
62603,1,1,1994,18,18,18,18,18,18,18,18,18,18
62603,2,1,1994,0,0,0,0,0,0,0,0,0,0
62604,0,1,1994,0,0,0,0,0,0,0,0,0,0
62604,1,1,1994,0,0,0,0,0,0,0,0,8,0
62605,0,1,1994,7,0,0,40,0,16,0,0,0,17
62605,1,1,1994,0,0,0,0,0,0,0,0,0,0
62606,0,1,1994,0,0,0,0,0,0,0,0,0,0
62606,1,1,1994,0,0,0,0,0,0,0,0,0,0
62607,0,1,1994,30,30,30,30,30,30,30,30,30,30
62607,1,1,1994,24,34,10,16,15,19,14,17,27,16
62608,1,1,1994,0,0,0,0,0,0,0,0,0,0
62609,0,1,1994,0,0,0,0,0,0,0,0,0,0
62609,1,1,1994,0,0,16,0,0,0,0,0,0,0
62610,1,1,1994,0,0,0,0,0,0,0,0,0,0
62611,0,1,1994,0,0,0,0,0,0,0,0,0,0
62611,1,1,1994,0,0,0,0,0,0,0,0,0,0
62612,0,1,1994,12,12,12,12,12,12,12,12,12,12
62612,1,1,1994,16,16,16,16,16,16,16,16,16,16
62613,1,1,1994,18,18,18,18,18,18,18,18,18,18
62614,1,1,1994,0,0,0,0,0,0,0,0,0,0
62615,1,1,1994,0,0,0,0,0,0,0,0,0,0
62615,2,1,1994,0,0,0,0,0,0,0,0,0,0
62616,0,1,1994,18,18,18,18,18,18,18,18,18,18
62616,1,1,1994,0,0,0,0,0,0,0,0,0,0
62617,1,1,1994,0,0,0,16,0,0,0,0,0,0
62618,0,1,1994,0,0,0,0,0,0,0,0,0,0
62618,0,2,1994,0,0,0,0,0,0,0,0,0,0
62618,1,1,1994,6,6,6,6,6,6,6,6,6,6
62619,1,1,1994,18,18,18,18,18,18,18,18,18,18
62620,0,1,1994,0,0,0,0,0,0,0,0,0,0
62620,1,1,1994,0,0,11,0,0,0,0,0,0,0
62621,0,1,1994,0,0,0,0,0,0,0,0,0,0
62621,1,1,1994,0,0,0,0,0,0,0,0,0,0
62622,0,1,1994,0,0,0,0,0,0,0,0,0,0
62622,1,1,1994,0,0,0,0,0,0,0,10,0,0
62623,0,1,1994,0,0,0,0,0,0,0,0,0,0
62623,1,1,1994,0,0,0,0,0,0,0,0,0,0
62624,1,1,1994,12,12,12,12,12,12,12,12,12,12
62625,0,1,1994,0,0,0,0,0,0,0,0,0,0
62625,1,1,1994,0,38,0,19,0,0,0,0,0,10
62626,1,1,1994,0,0,0,0,0,0,0,0,0,0
62627,1,1,1994,14,14,14,14,14,14,14,14,14,14
62628,0,1,1994,0,0,0,0,0,0,0,0,0,0
62628,0,2,1994,0,0,0,0,0,0,0,0,0,0
62628,1,1,1994,0,0,0,0,0,13,0,0,0,0
62629,0,1,1994,0,0,0,0,0,0,0,0,0,0
62629,1,1,1994,0,0,0,0,0,0,0,0,0,0
62630,0,1,1994,0,0,0,0,0,0,0,0,0,0
62630,1,1,1994,0,0,0,0,0,0,0,0,0,0
62631,0,1,1994,0,0,0,0,0,0,0,0,0,0
62631,1,1,1994,0,0,0,0,0,0,0,0,0,0
62632,0,1,1994,0,0,0,0,0,0,0,0,0,0
62632,1,1,1994,0,0,0,0,0,0,0,0,0,0
62633,1,1,1994,0,0,0,0,0,0,0,0,0,0
62634,0,1,1994,0,0,0,0,0,0,0,0,0,0
62634,0,2,1994,0,0,0,0,0,0,0,0,0,0
62634,1,1,1994,0,0,0,0,0,0,0,0,0,0
62635,0,1,1994,0,0,0,0,0,0,0,0,0,0
62635,1,1,1994,0,0,0,0,0,0,0,0,0,0
62636,0,1,1994,0,0,0,0,0,0,0,0,0,0
62636,1,1,1994,0,0,0,0,0,0,0,0,0,0
62637,0,1,1994,4,4,4,4,4,4,4,4,4,4
62637,0,2,1994,22,0,0,0,0,0,0,13,21,0
62637,1,1,1994,0,0,0,0,0,0,0,0,0,0
62638,1,1,1994,11,11,11,11,11,11,11,11,11,11
62639,0,1,1994,0,0,0,0,0,0,0,0,0,0
62639,1,1,1994,21,0,0,0,0,0,0,0,0,0
62640,0,1,1994,35,35,35,35,35,35,35,35,35,35
62640,1,1,1994,0,0,0,0,0,0,0,0,0,0
62641,1,1,1994,10,10,10,10,10,10,10,10,10,10
62642,0,1,1994,0,0,0,0,0,0,0,0,0,0
62642,1,1,1994,0,0,0,0,22,0,0,0,0,0
62643,1,1,1994,15,15,15,15,15,15,15,15,15,15
62644,0,1,1994,0,0,0,0,0,0,0,0,0,0
62644,1,1,1994,0,0,0,0,0,0,0,0,0,0
62645,0,1,1994,0,0,0,0,0,0,0,0,0,0
62645,1,1,1994,0,0,0,0,18,0,0,0,0,0
62646,0,1,1994,43,43,43,43,43,43,43,43,43,43
62646,1,1,1994,0,0,0,0,0,0,0,12,0,0
62647,0,1,1994,39,39,39,39,39,39,39,39,39,39
62647,1,1,1994,4,4,4,4,4,4,4,4,4,4
62648,1,1,1994,0,9,30,7,4,14,4,12,0,15
62648,2,1,1994,0,0,0,0,0,0,0,0,0,0
62648,3,1,1994,0,17,0,0,0,0,0,0,0,0
62649,1,1,1994,0,0,0,0,0,0,0,0,0,0
62649,2,1,1994,0,0,0,0,0,0,0,0,0,0
62650,1,1,1994,22,22,22,22,22,22,22,22,22,22
62650,2,1,1994,0,0,0,0,0,0,0,0,0,0
62651,1,1,1994,0,0,0,0,0,0,0,0,0,0
62652,1,1,1994,0,0,0,0,0,0,0,0,0,0
62652,2,1,1994,0,0,0,0,0,0,0,0,0,0
62653,0,1,1994,13,0,8,0,0,0,8,0,0,0
62653,0,2,1994,17,0,38,0,0,0,0,0,0,23
62653,0,3,1994,0,0,0,0,0,0,0,0,0,0
62653,1,1,1994,0,0,0,0,0,0,0,0,0,0
62653,2,1,1994,0,0,0,0,0,0,0,0,0,0
62653,3,1,1994,0,0,0,0,0,0,0,0,0,8
62654,1,1,1994,0,0,0,0,0,0,0,0,0,0
62654,2,1,1994,0,0,0,0,0,0,0,0,0,0
62655,1,1,1994,0,0,0,0,0,0,0,0,0,0
62655,2,1,1994,1,1,1,1,1,1,1,1,1,1
62655,3,1,1994,0,0,0,0,0,0,0,0,0,0
62656,1,1,1994,0,0,0,0,0,0,0,0,0,0
62656,2,1,1994,6,0,0,0,14,19,0,0,0,0
62657,1,1,1994,24,16,0,2,0,0,0,0,30,13
62657,2,1,1994,0,0,0,0,0,0,0,0,0,0
62658,1,1,1994,0,0,0,8,0,0,0,0,0,0
62658,2,1,1994,0,0,0,0,0,0,0,0,0,0
62659,1,1,1994,23,23,23,23,23,23,23,23,23,23
62659,2,1,1994,5,5,5,5,5,5,5,5,5,5
62660,1,1,1994,0,0,0,0,0,0,0,0,0,0
62660,2,1,1994,13,13,13,13,13,13,13,13,13,13
62661,1,1,1994,0,0,0,0,0,0,0,0,0,0
62661,2,1,1994,0,0,0,0,0,0,0,0,0,0
62662,1,1,1994,0,0,0,8,0,0,0,0,0,0
62662,2,1,1994,0,0,0,0,0,0,0,0,0,0
62663,1,1,1994,0,0,0,0,0,0,0,0,0,0
62663,2,1,1994,0,0,0,0,0,0,0,0,0,0
62663,3,1,1994,0,0,0,0,0,0,0,0,0,0
62664,0,1,1994,11,11,11,11,11,11,11,11,11,11
62664,0,2,1994,8,22,13,0,0,21,16,8,0,39
62664,0,3,1994,0,0,0,0,4,0,0,0,0,0
62664,1,1,1994,0,0,0,0,0,0,0,0,0,0
62664,2,1,1994,0,0,0,0,0,0,0,0,0,0
62665,1,1,1994,0,0,0,0,0,0,0,0,0,0
62665,2,1,1994,0,0,0,0,0,0,0,0,0,0
62665,3,1,1994,14,0,0,0,0,0,0,0,0,0
62666,1,1,1994,0,0,0,0,0,0,0,0,0,0
62666,2,1,1994,0,0,0,0,0,0,0,0,0,0
62667,1,1,1994,0,0,0,0,0,0,0,0,0,0
62667,2,1,1994,0,0,0,0,0,5,0,0,0,0
62668,0,1,1994,0,0,0,0,0,0,0,0,0,0
62668,1,1,1994,14,0,0,0,0,0,0,0,0,0
62668,2,1,1994,0,0,0,0,0,0,0,0,0,0
62669,1,1,1994,0,0,0,0,0,0,0,0,0,0
62669,2,1,1994,0,0,0,0,0,0,0,0,0,0
62669,3,1,1994,0,0,0,0,0,0,0,0,0,0
62670,0,1,1994,0,0,0,0,0,0,0,0,0,0
62670,1,1,1994,0,0,0,0,0,0,0,0,0,0
62670,2,1,1994,0,0,0,0,0,0,30,0,0,0
62671,1,1,1994,0,0,0,0,0,0,0,0,0,0
62671,2,1,1994,0,0,0,0,0,0,0,0,0,0
62671,3,1,1994,0,0,0,0,0,0,0,0,0,0
62672,1,1,1994,0,0,0,0,0,0,0,0,0,0
62672,2,1,1994,0,0,0,0,0,0,0,0,0,0
62673,1,1,1994,0,0,0,0,0,0,0,0,0,0
62673,2,1,1994,0,0,0,0,0,0,0,0,0,0
62674,1,1,1994,0,0,0,0,0,0,0,0,0,0
62674,2,1,1994,10,22,26,8,2,9,11,8,4,10
62675,1,1,1994,0,0,0,0,0,0,0,0,0,0
62675,2,1,1994,0,0,0,0,0,0,0,0,0,0
62676,1,1,1994,0,0,0,0,0,0,0,0,0,0
62676,2,1,1994,0,0,0,0,0,0,0,0,0,0
62677,1,1,1994,18,0,0,0,6,20,25,24,0,0
62677,2,1,1994,0,0,0,0,0,0,0,0,0,0
62678,1,1,1994,21,21,21,21,21,21,21,21,21,21
62678,2,1,1994,0,0,0,0,0,0,0,0,0,0
62678,3,1,1994,0,0,0,0,0,0,0,0,0,0
62679,1,1,1994,20,20,20,20,20,20,20,20,20,20
62679,2,1,1994,5,5,5,5,5,5,5,5,5,5
62680,1,1,1994,0,0,0,0,0,0,0,0,0,0
62680,2,1,1994,0,0,0,0,11,0,0,0,0,0
62681,1,1,1994,18,18,18,18,18,18,18,18,18,18
62681,2,1,1994,0,0,0,0,0,0,0,0,0,0
62681,3,1,1994,0,0,0,0,0,0,0,0,0,0
62682,1,1,1994,0,0,0,0,0,0,0,0,0,0
62682,2,1,1994,0,0,0,0,0,12,0,0,0,0
62683,1,1,1994,0,0,0,0,0,0,0,0,0,0
62683,2,1,1994,0,0,0,0,0,0,0,0,0,0
62684,1,1,1994,0,0,0,0,0,0,0,0,0,0
62684,2,1,1994,0,0,0,0,0,0,0,0,0,0
62685,1,1,1994,11,11,11,11,11,11,11,11,11,11
62685,2,1,1994,0,0,0,0,0,0,0,0,0,0
62686,1,1,1994,0,0,0,0,0,0,0,0,0,0
62686,2,1,1994,0,0,0,0,0,0,0,0,0,0
62687,1,1,1994,0,0,0,0,0,0,0,0,0,0
62687,2,1,1994,0,0,0,0,0,0,0,0,0,0
62688,1,1,1994,0,0,0,0,0,0,0,0,0,0
62688,2,1,1994,0,0,0,0,0,0,0,0,0,0
62689,1,1,1994,0,0,0,0,0,0,0,0,0,0
62689,2,1,1994,0,0,0,0,0,0,0,0,0,0
62690,1,1,1994,0,0,0,0,0,0,0,0,0,0
62690,2,1,1994,0,0,0,0,0,0,0,0,0,0
62691,1,1,1994,0,0,0,0,0,0,0,0,0,0
62691,2,1,1994,0,0,0,0,0,0,0,0,0,0
62691,3,1,1994,0,0,0,0,0,0,0,0,0,0
62692,0,1,1994,0,0,0,0,0,0,0,0,0,0
62692,1,1,1994,13,0,0,0,0,0,0,12,0,0
62693,1,1,1994,0,0,0,0,0,0,0,0,0,0
62693,2,1,1994,2,2,2,2,2,2,2,2,2,2
62694,1,1,1994,0,0,0,0,0,0,0,0,0,0
62694,2,1,1994,0,0,0,0,0,0,0,0,20,0
62695,1,1,1994,0,0,0,0,0,0,0,0,0,0
62695,2,1,1994,4,4,4,4,4,4,4,4,4,4
62696,1,1,1994,0,0,0,0,0,0,0,0,0,0
62696,2,1,1994,0,0,0,0,0,0,0,0,0,0
62697,1,1,1994,31,31,31,31,31,31,31,31,31,31
62697,2,1,1994,0,0,0,0,0,0,0,0,0,0
62698,1,1,1994,0,0,0,0,0,0,0,0,0,0
62698,2,1,1994,0,22,0,0,0,0,0,0,0,0
62699,1,1,1994,20,20,20,20,20,20,20,20,20,20
62699,2,1,1994,0,0,0,0,0,0,0,0,0,0
62700,1,1,1994,22,22,22,22,22,22,22,22,22,22
62700,2,1,1994,0,0,0,0,0,0,0,12,0,0
62701,0,1,1994,0,0,0,0,0,0,0,0,0,0
62701,1,1,1994,0,0,0,0,0,0,0,0,0,0
62702,0,1,1994,25,25,25,25,25,25,25,25,25,25
62702,1,1,1994,0,0,0,0,0,0,0,0,0,0
62703,1,1,1994,0,0,0,0,0,0,0,0,0,0
62704,1,1,1994,13,13,13,13,13,13,13,13,13,13
62705,1,1,1994,1,1,1,1,1,1,1,1,1,1
62705,2,1,1994,0,0,0,0,0,0,0,0,0,0
62706,1,1,1994,0,0,0,0,0,0,0,0,0,0
62706,2,1,1994,0,0,0,0,0,0,0,0,14,0
62707,1,1,1994,0,0,0,0,9,0,0,0,0,0
62707,2,1,1994,0,0,0,0,0,0,0,0,0,0
62708,1,1,1994,0,0,0,0,21,0,0,0,0,0
62708,2,1,1994,0,0,0,0,0,0,0,0,0,0
62709,0,1,1994,33,33,33,33,33,33,33,33,33,33
62709,1,1,1994,0,0,0,0,0,0,0,0,0,0
62710,1,1,1994,0,0,0,0,0,0,0,0,0,0
62710,2,1,1994,0,0,0,0,0,0,0,0,0,0
62711,1,1,1994,13,13,13,13,13,13,13,13,13,13
62711,2,1,1994,0,0,0,0,0,0,0,0,0,0
62712,0,1,1994,25,25,25,25,25,25,25,25,25,25
62712,1,1,1994,0,0,0,0,0,0,0,0,0,0
62713,1,1,1994,17,17,17,17,17,17,17,17,17,17
62713,2,1,1994,0,0,0,0,13,0,0,0,0,0
62714,1,1,1994,0,0,0,0,0,0,0,0,0,0
62715,1,1,1994,0,0,0,0,26,9,0,0,0,17
62716,1,1,1994,16,16,16,16,16,16,16,16,16,16
62717,1,1,1994,21,21,21,21,21,21,21,21,21,21
62718,1,1,1994,21,21,21,21,21,21,21,21,21,21
62719,1,1,1994,0,0,0,0,0,0,0,0,0,0
62719,2,1,1994,0,0,0,0,0,0,0,0,12,0
62720,1,1,1994,0,0,0,0,0,0,0,0,0,0
62720,2,1,1994,0,0,0,0,0,0,0,0,0,0
62721,1,1,1994,2,2,2,2,2,2,2,2,2,2
62722,1,1,1994,0,0,0,0,0,0,0,0,0,0
62722,2,1,1994,0,0,0,0,0,0,0,0,0,0
62723,1,1,1994,0,0,0,0,0,0,0,0,0,0
62723,2,1,1994,0,0,0,0,0,0,0,0,0,0
62724,1,1,1994,0,0,0,0,0,0,0,0,0,0
62724,2,1,1994,0,0,0,0,0,0,0,0,0,0
62725,1,1,1994,0,0,0,0,0,0,0,0,0,0
62725,2,1,1994,0,0,0,0,0,0,0,0,0,0
62726,1,1,1994,23,23,23,23,23,23,23,23,23,23
62727,1,1,1994,12,12,12,12,12,12,12,12,12,12
62727,2,1,1994,0,0,0,0,0,0,0,0,0,0
62728,1,1,1994,0,0,20,0,0,6,3,0,0,0
62729,1,1,1994,0,0,0,0,0,0,0,0,0,0
62730,1,1,1994,20,20,20,20,20,20,20,20,20,20
62731,1,1,1994,12,12,12,12,12,12,12,12,12,12
62732,1,1,1994,0,0,0,0,0,0,0,0,0,0
62733,1,1,1994,19,19,19,19,19,19,19,19,19,19
62734,0,1,1994,30,30,30,30,30,30,30,30,30,30
62734,1,1,1994,0,0,0,13,0,0,0,0,0,0
62735,0,1,1994,0,0,0,0,0,0,0,0,0,0
62735,1,1,1994,7,8,14,14,17,12,15,10,11,6
62736,1,1,1994,9,9,9,9,9,9,9,9,9,9
62737,1,1,1994,10,10,10,10,10,10,10,10,10,10
62738,1,1,1994,0,0,0,0,0,0,0,0,0,0
62738,2,1,1994,0,0,0,0,0,0,0,0,0,0
62739,1,1,1994,0,0,0,0,0,0,0,0,0,0
62740,1,1,1994,0,0,0,0,0,0,0,0,0,0
62741,1,1,1994,26,26,26,26,26,26,26,26,26,26
62741,2,1,1994,0,0,0,0,0,0,0,0,0,0
62742,1,1,1994,0,0,0,0,0,0,0,0,0,0
62742,2,1,1994,0,0,0,0,0,0,0,0,13,0
62743,0,1,1994,0,0,0,0,0,0,0,0,0,0
62743,1,1,1994,24,24,24,24,24,24,24,24,24,24
62744,0,1,1994,0,0,0,0,0,0,0,0,0,0
62744,1,1,1994,15,0,0,0,13,0,6,14,0,0
62745,1,1,1994,7,7,7,7,7,7,7,7,7,7
62746,1,1,1994,3,3,3,3,3,3,3,3,3,3
62747,0,1,1994,15,15,15,15,15,15,15,15,15,15
62747,1,1,1994,0,0,0,0,0,0,10,0,11,0
62748,1,1,1994,32,32,32,32,32,32,32,32,32,32
62749,1,1,1994,0,31,0,0,0,0,0,0,0,0
62750,1,1,1994,0,0,0,0,0,0,0,0,0,0
62751,1,1,1994,10,10,10,10,10,10,10,10,10,10
62752,1,1,1994,23,28,22,13,25,24,26,6,28,16
62753,1,1,1994,0,0,0,0,0,0,0,0,0,0
62754,0,1,1994,22,22,22,22,22,22,22,22,22,22
62754,1,1,1994,0,0,0,0,0,0,0,0,0,0
62755,1,1,1994,0,0,0,0,0,0,0,0,0,0
62756,1,1,1994,22,22,22,22,22,22,22,22,22,22
62757,0,1,1994,0,0,0,0,0,0,0,0,0,0
62757,1,1,1994,0,0,0,0,0,0,21,0,0,0
62758,1,1,1994,17,17,17,17,17,17,17,17,17,17
62759,1,1,1994,0,0,0,0,0,0,0,0,0,0
62760,0,1,1994,0,0,0,0,0,0,0,0,0,0
62760,1,1,1994,0,0,0,0,2,0,0,0,0,0
62761,0,1,1994,0,0,0,0,0,0,0,0,0,0
62761,1,1,1994,0,0,0,0,0,0,0,0,0,0
62762,0,1,1994,0,0,0,0,0,0,0,0,0,0
62762,1,1,1994,14,14,14,14,14,14,14,14,14,14
62763,1,1,1994,3,3,3,3,3,3,3,3,3,3
62764,1,1,1994,0,0,0,0,0,0,0,0,0,0
62765,1,1,1994,5,5,5,5,5,5,5,5,5,5
62766,0,1,1994,0,0,0,0,0,0,0,0,0,0
62766,1,1,1994,0,0,0,0,0,0,0,0,0,0
62767,0,1,1994,0,0,0,0,0,0,0,0,0,0
62767,1,1,1994,0,0,0,0,11,0,0,0,0,0
62768,1,1,1994,11,11,11,11,11,11,11,11,11,11
62769,1,1,1994,29,18,12,12,11,23,25,11,20,11
62770,1,1,1994,12,12,12,12,12,12,12,12,12,12
62771,1,1,1994,0,0,0,5,45,22,19,18,0,0
62772,1,1,1994,0,0,0,0,0,0,0,0,0,0
62772,2,1,1994,0,0,0,0,0,0,0,0,0,0
62773,1,1,1994,0,0,0,0,0,0,0,0,0,0
62774,1,1,1994,0,0,0,0,0,0,0,0,0,0
62774,2,1,1994,0,0,0,0,0,0,0,0,0,0
62774,3,1,1994,0,0,0,0,0,0,0,0,0,0
62775,1,1,1994,0,0,4,0,0,0,0,0,0,22
62775,2,1,1994,0,0,0,0,0,0,0,0,0,0
62776,1,1,1994,0,0,0,0,0,0,0,0,0,0
62776,2,1,1994,0,0,0,0,0,0,12,0,0,0
62777,1,1,1994,0,0,0,0,0,0,9,0,0,0
62777,2,1,1994,0,0,25,0,0,0,0,0,0,0
62778,1,1,1994,0,0,0,0,0,0,0,0,0,0
62778,2,1,1994,0,0,0,0,0,0,0,0,0,0
62778,3,1,1994,0,0,0,0,0,0,0,0,0,0
62779,1,1,1994,0,0,0,0,0,0,0,0,0,0
62779,2,1,1994,0,0,0,0,0,0,0,13,0,0
62780,1,1,1994,6,6,6,6,6,6,6,6,6,6
62780,2,1,1994,0,0,0,0,0,0,0,0,0,0
62781,1,1,1994,0,0,0,0,0,0,0,0,0,0
62781,2,1,1994,0,0,0,0,0,0,0,0,0,0
62782,1,1,1994,12,12,12,12,12,12,12,12,12,12
62782,2,1,1994,0,0,0,0,0,0,0,0,0,0
62783,0,1,1994,18,18,18,18,18,18,18,18,18,18
62783,1,1,1994,0,0,0,0,0,10,11,0,0,0
62783,2,1,1994,0,0,0,0,0,0,0,0,0,0
62784,0,1,1994,0,0,0,0,0,0,0,0,0,0
62784,1,1,1994,0,0,0,0,0,0,0,0,0,0
62785,1,1,1994,0,0,0,0,0,0,0,0,0,0
62785,2,1,1994,18,13,18,0,0,0,0,0,0,0
62786,1,1,1994,0,0,0,0,0,0,0,0,0,0
62786,2,1,1994,0,0,0,0,0,0,0,0,0,0
62786,3,1,1994,0,0,0,0,0,0,0,0,0,0
62787,2,1,1994,0,0,0,0,0,0,0,0,0,0
62787,3,1,1994,0,0,0,0,0,0,0,0,0,0
62787,4,1,1994,0,0,0,0,0,0,0,0,0,0
62787,5,1,1994,0,0,0,0,0,0,0,0,0,0
62787,6,1,1994,0,0,0,0,0,0,0,0,0,0
62787,7,1,1994,0,0,0,0,0,0,0,0,0,0
62787,8,1,1994,0,0,0,0,0,0,0,0,0,0
62787,9,1,1994,0,0,0,0,0,0,0,0,0,0
62788,0,1,1994,0,0,0,0,0,0,0,0,0,0
62788,0,2,1994,0,0,0,0,0,0,0,0,0,0
62788,1,1,1994,0,0,0,0,0,0,0,0,0,0