ST_CASE,VEH_NO,PER_NO,YEAR,P1,P2,P3,P4,P5,P6,P7,P8,P9,P10
62788,2,1,1994,0,0,0,0,0,0,0,0,0,0
62789,1,1,1994,21,21,21,21,21,21,21,21,21,21
62789,2,1,1994,0,0,0,0,0,0,0,0,0,0
62790,1,1,1994,2,2,2,2,2,2,2,2,2,2
62790,2,1,1994,0,0,0,0,0,0,0,0,0,0
62791,1,1,1994,23,23,23,23,23,23,23,23,23,23
62791,2,1,1994,0,0,0,0,0,0,0,0,0,0
62791,3,1,1994,0,0,0,15,0,0,0,0,0,0
62792,1,1,1994,0,0,0,0,0,0,0,0,0,0
62792,2,1,1994,0,0,0,0,0,0,0,0,0,0
62793,1,1,1994,0,0,0,0,0,0,0,0,0,0
62793,2,1,1994,0,0,0,0,0,0,0,0,0,0
62794,1,1,1994,29,29,29,29,29,29,29,29,29,29
62794,2,1,1994,6,6,6,6,6,6,6,6,6,6
62795,1,1,1994,0,0,0,0,0,0,0,0,0,0
62795,2,1,1994,0,0,0,0,0,0,0,0,0,0
62796,1,1,1994,0,0,0,0,0,0,0,0,0,0
62796,2,1,1994,15,15,15,15,15,15,15,15,15,15
62797,1,1,1994,6,6,6,6,6,6,6,6,6,6
62797,2,1,1994,6,6,6,6,6,6,6,6,6,6
62798,1,1,1994,16,16,16,16,16,16,16,16,16,16
62798,2,1,1994,24,0,23,16,4,6,9,15,17,26
62799,1,1,1994,10,10,10,10,10,10,10,10,10,10
62799,2,1,1994,12,12,12,12,12,12,12,12,12,12
62800,1,1,1994,0,0,0,0,0,0,0,0,0,0
62800,2,1,1994,0,0,0,0,0,0,0,0,0,0
62801,1,1,1994,3,3,3,3,3,3,3,3,3,3
62801,2,1,1994,0,0,17,0,0,0,0,22,0,0
62801,3,1,1994,0,0,0,0,0,0,0,0,0,0
62802,1,1,1994,0,0,0,0,0,0,0,0,0,0
62802,2,1,1994,0,0,0,0,0,0,0,0,0,0
62802,3,1,1994,0,0,0,0,0,0,0,0,0,0
62803,1,1,1994,0,0,0,0,0,0,0,0,0,0
62803,2,1,1994,0,0,0,0,0,0,0,0,0,0
62804,1,1,1994,9,9,9,9,9,9,9,9,9,9
62804,2,1,1994,0,9,11,0,0,0,0,0,0,0
62805,0,1,1994,0,16,0,18,10,0,0,0,12,0
62805,1,1,1994,0,0,0,0,0,19,0,8,0,0
62806,1,1,1994,22,22,22,22,22,22,22,22,22,22
62807,1,1,1994,0,0,0,0,0,0,0,0,0,0
62808,1,1,1994,0,0,0,0,0,0,0,0,0,0
62809,1,1,1994,0,0,0,0,0,0,0,0,0,0
62810,1,1,1994,15,0,0,0,0,0,0,0,0,0
62811,1,1,1994,0,0,0,0,0,0,0,0,0,0
62812,1,1,1994,6,20,21,26,27,17,12,0,10,14
62813,1,1,1994,0,9,0,0,0,0,0,0,0,0
62814,1,1,1994,0,0,0,9,0,0,0,0,0,0
62815,1,1,1994,17,17,17,17,17,17,17,17,17,17
62816,1,1,1994,8,8,8,8,8,8,8,8,8,8
62817,1,1,1994,23,23,23,23,23,23,23,23,23,23
62818,1,1,1994,2,2,2,2,2,2,2,2,2,2
62819,1,1,1994,0,0,0,12,0,0,14,0,0,0
62820,1,1,1994,0,0,0,30,20,0,0,26,5,0
62821,1,1,1994,0,0,0,0,0,0,0,0,0,0
62822,0,1,1994,2,2,2,2,2,2,2,2,2,2
62822,1,1,1994,0,0,0,0,0,0,0,0,0,0
62823,1,1,1994,12,12,12,12,12,12,12,12,12,12
62824,1,1,1994,0,0,0,0,0,0,0,0,0,0
62825,1,1,1994,24,10,0,4,0,0,0,0,9,0
62826,1,1,1994,0,0,0,0,0,0,0,0,0,0
62827,0,1,1994,0,0,0,0,0,0,0,0,0,0
62827,1,1,1994,0,0,0,0,0,0,0,0,0,0
62828,1,1,1994,0,0,0,0,0,0,0,0,0,0
62829,1,1,1994,12,12,12,12,12,12,12,12,12,12
62830,1,1,1994,16,16,16,16,16,16,16,16,16,16
62831,1,1,1994,0,0,29,14,0,0,0,0,0,0
62832,1,1,1994,0,0,0,0,0,0,0,0,0,0
62832,2,1,1994,0,0,0,0,0,0,0,0,0,0
62832,3,1,1994,0,0,0,0,0,0,0,0,0,0
62833,1,1,1994,18,18,18,18,18,18,18,18,18,18
62833,2,1,1994,0,0,0,0,0,0,0,13,0,0
62834,1,1,1994,13,13,13,13,13,13,13,13,13,13
62835,1,1,1994,16,16,16,16,16,16,16,16,16,16
62835,2,1,1994,24,24,24,24,24,24,24,24,24,24
62836,0,1,1994,24,24,24,24,24,24,24,24,24,24
62836,1,1,1994,0,0,0,0,0,0,0,0,0,0
62837,1,1,1994,0,0,0,0,0,0,0,0,0,0
62838,0,1,1994,15,21,23,34,16,16,34,26,13,19
62838,1,1,1994,0,0,15,0,0,0,0,0,0,0
62839,1,1,1994,0,0,0,0,0,0,0,0,0,0
62839,2,1,1994,0,0,0,0,0,0,0,0,0,0
62840,1,1,1994,0,0,0,0,0,0,0,0,0,0
62841,1,1,1994,16,16,16,16,16,16,16,16,16,16
62841,2,1,1994,0,0,0,0,0,0,0,0,0,0
62842,0,1,1994,0,0,0,0,0,0,0,0,0,0
62842,1,1,1994,0,0,0,0,0,16,0,0,0,0
62843,1,1,1994,0,0,0,0,0,0,0,0,0,0
62843,2,1,1994,0,0,0,0,0,0,0,0,0,0
62844,1,1,1994,8,8,8,8,8,8,8,8,8,8
62845,1,1,1994,6,6,6,6,6,6,6,6,6,6
62846,1,1,1994,22,22,22,22,22,22,22,22,22,22
62847,0,1,1994,24,24,24,24,24,24,24,24,24,24
62847,1,1,1994,0,0,0,15,25,0,0,0,20,0
62848,1,1,1994,0,15,0,0,0,7,0,16,0,10
62849,1,1,1994,27,27,27,27,27,27,27,27,27,27
62850,0,1,1994,11,11,11,11,11,11,11,11,11,11
62850,1,1,1994,19,0,15,27,6,17,23,24,12,18
62851,1,1,1994,18,18,18,18,18,18,18,18,18,18
62852,1,1,1994,0,0,0,0,0,0,0,0,0,0
62852,2,1,1994,0,0,0,0,0,0,0,0,0,0
62853,1,1,1994,0,0,0,0,0,0,0,0,0,0
62853,2,1,1994,0,0,0,0,0,0,0,0,0,0
62854,0,1,1994,0,0,0,0,0,0,0,0,0,0
62854,1,1,1994,0,0,0,0,0,0,0,0,0,0
62855,0,1,1994,8,8,8,8,8,8,8,8,8,8
62855,1,1,1994,12,8,23,21,23,24,4,16,9,16
62856,0,1,1994,26,26,26,26,26,26,26,26,26,26
62856,1,1,1994,10,10,10,10,10,10,10,10,10,10
62857,1,1,1994,20,20,20,20,20,20,20,20,20,20
62858,1,1,1994,4,4,4,4,4,4,4,4,4,4
62859,1,1,1994,0,0,0,0,0,0,0,0,0,0
62860,1,1,1994,15,15,15,15,15,15,15,15,15,15
62861,1,1,1994,4,4,4,4,4,4,4,4,4,4
62862,0,1,1994,0,0,0,0,0,0,0,0,0,0
62862,1,1,1994,0,0,0,0,0,0,19,0,0,0
62863,1,1,1994,22,22,22,22,22,22,22,22,22,22
62864,1,1,1994,0,12,0,0,0,0,0,0,0,0
62865,0,1,1994,0,0,0,0,0,0,0,0,0,0
62865,1,1,1994,0,0,4,0,0,0,0,0,0,0
62866,1,1,1994,0,0,0,0,0,0,0,0,0,0
62866,2,1,1994,0,0,0,0,0,0,0,0,0,0
62867,0,1,1994,0,0,0,0,0,0,0,0,0,0
62867,1,1,1994,0,0,0,0,0,0,0,0,0,0
62867,2,1,1994,0,0,0,0,0,0,0,0,0,12
62868,0,1,1994,0,0,0,0,0,0,0,0,0,0
62868,1,1,1994,0,0,0,0,0,0,0,0,0,0
62869,0,1,1994,0,0,0,0,0,0,0,0,0,0
62869,1,1,1994,0,0,0,0,10,0,0,0,0,0
62870,1,1,1994,0,0,0,0,0,0,0,0,0,0
62870,2,1,1994,0,0,0,0,0,0,0,0,0,0
62871,0,1,1994,0,0,0,0,0,0,0,0,0,0
62871,1,1,1994,0,0,7,29,0,6,0,0,0,0
62872,1,1,1994,10,10,10,10,10,10,10,10,10,10
62873,1,1,1994,0,0,0,0,0,0,0,0,0,0
62873,2,1,1994,0,0,0,2,0,0,0,0,0,0
62874,1,1,1994,18,18,18,18,18,18,18,18,18,18
62874,2,1,1994,0,0,0,0,0,0,0,0,0,0
62875,1,1,1994,16,16,16,16,16,16,16,16,16,16
62876,0,1,1994,0,0,0,0,0,0,0,0,0,0
62876,1,1,1994,0,0,0,0,0,0,11,0,0,0
62877,0,1,1994,0,0,0,0,34,0,0,0,0,0
62877,1,1,1994,0,0,0,0,0,0,0,0,0,0
62878,1,1,1994,24,24,24,24,24,24,24,24,24,24
62879,1,1,1994,13,0,0,0,0,0,0,19,8,0
62880,1,1,1994,19,19,19,19,19,19,19,19,19,19
62881,0,1,1994,0,0,0,0,0,0,0,0,0,0
62881,1,1,1994,15,15,15,15,15,15,15,15,15,15
62882,1,1,1994,0,0,0,0,0,0,0,0,0,0
62883,0,1,1994,19,19,19,19,19,19,19,19,19,19
62883,1,1,1994,0,0,0,0,0,0,0,0,0,0
62884,0,1,1994,0,0,0,0,0,0,0,0,0,0
62884,0,2,1994,0,0,0,0,0,0,0,0,0,0
62884,1,1,1994,0,0,0,0,0,19,7,0,0,0
62885,1,1,1994,14,14,14,14,14,14,14,14,14,14
62886,1,1,1994,23,0,0,0,0,0,6,0,0,0
62887,0,1,1994,21,21,21,21,21,21,21,21,21,21
62887,1,1,1994,2,2,2,2,2,2,2,2,2,2
62888,1,1,1994,29,18,14,13,0,13,29,17,7,0
62889,0,1,1994,16,16,16,16,16,16,16,16,16,16
62889,1,1,1994,0,0,0,0,0,0,0,0,0,0
62890,0,1,1994,14,14,14,14,14,14,14,14,14,14
62890,1,1,1994,0,0,0,0,0,0,0,0,0,0
62891,0,1,1994,0,0,0,0,0,0,0,0,0,0
62891,1,1,1994,0,0,0,0,0,0,0,0,0,0
62892,1,1,1994,0,0,0,0,0,13,4,0,0,0
62893,0,1,1994,0,0,0,0,0,0,0,0,0,0
62893,1,1,1994,0,0,0,0,0,0,0,0,0,0
62894,0,1,1994,0,0,0,0,0,12,0,0,0,0
62894,1,1,1994,0,0,0,0,0,0,0,0,0,0
62895,1,1,1994,0,0,0,0,0,0,0,0,0,0
62895,2,1,1994,0,0,0,0,0,0,0,0,0,0
62896,1,1,1994,0,0,0,0,0,0,0,0,7,0
62897,1,1,1994,0,0,0,0,0,0,0,0,0,0
62897,2,1,1994,0,0,0,0,0,0,0,0,0,0
62898,1,1,1994,28,11,19,30,13,14,0,22,5,0
62899,1,1,1994,9,9,9,9,9,9,9,9,9,9
62900,1,1,1994,0,0,0,0,0,0,0,0,0,0
62900,2,1,1994,0,0,0,0,0,0,0,0,0,0
62901,1,1,1994,25,25,25,25,25,25,25,25,25,25
62901,2,1,1994,0,0,0,0,0,0,0,0,0,0
62902,1,1,1994,28,28,28,28,28,28,28,28,28,28
62903,1,1,1994,0,0,0,0,14,0,0,0,0,0
62904,1,1,1994,20,20,20,20,20,20,20,20,20,20
62905,1,1,1994,17,17,17,17,17,17,17,17,17,17
62906,1,1,1994,0,0,0,0,0,10,0,8,0,0
62907,1,1,1994,0,0,0,0,13,0,13,0,0,0
62908,0,1,1994,0,0,0,0,0,0,0,0,0,0
62908,1,1,1994,0,0,0,0,0,0,0,0,0,0
62909,1,1,1994,0,0,0,0,0,0,0,0,0,0
62910,0,1,1994,0,0,0,0,0,0,0,0,0,0
62910,1,1,1994,0,0,0,0,0,0,0,0,0,0
62911,1,1,1994,24,24,24,24,24,24,24,24,24,24
62911,2,1,1994,0,0,0,0,0,25,0,8,0,0
62912,1,1,1994,6,6,6,6,6,6,6,6,6,6
62913,0,1,1994,0,0,0,0,0,0,0,0,0,0
62913,1,1,1994,0,0,0,0,0,0,0,0,0,0
62914,0,1,1994,29,29,29,29,29,29,29,29,29,29
62914,1,1,1994,0,0,0,0,0,0,0,0,0,0
62915,0,1,1994,0,0,0,0,0,0,0,0,0,0
62915,1,1,1994,0,0,0,0,16,0,0,0,0,0
62916,1,1,1994,0,0,0,0,0,0,0,0,0,0
62917,1,1,1994,27,27,27,27,27,27,27,27,27,27
62918,1,1,1994,11,11,11,11,11,11,11,11,11,11
62919,0,1,1994,0,0,0,0,0,0,0,0,0,0
62919,1,1,1994,0,0,0,0,0,0,0,0,0,0
62920,0,1,1994,20,20,20,20,20,20,20,20,20,20
62920,1,1,1994,0,0,0,0,0,0,0,0,3,0
62921,1,1,1994,25,25,25,25,25,25,25,25,25,25
62921,2,1,1994,0,0,0,0,0,0,0,0,0,0
62922,1,1,1994,18,18,18,18,18,18,18,18,18,18
62922,2,1,1994,18,18,18,18,18,18,18,18,18,18
62923,1,1,1994,8,8,8,8,8,8,8,8,8,8
62923,2,1,1994,0,0,0,0,0,0,0,0,0,0
62924,1,1,1994,10,10,10,10,10,10,10,10,10,10
62924,2,1,1994,0,0,0,4,0,0,0,0,0,0
62925,1,1,1994,0,0,0,0,0,0,0,0,0,0
62925,2,1,1994,0,0,0,0,0,0,0,0,0,0
62925,3,1,1994,0,11,0,0,0,0,0,0,0,0
62926,1,1,1994,0,0,0,0,0,0,0,0,0,0
62926,2,1,1994,0,0,0,0,0,0,0,0,0,0
62927,1,1,1994,0,0,0,0,0,0,0,0,0,0
62927,2,1,1994,0,0,0,0,0,0,0,0,0,0
62928,1,1,1994,0,0,0,0,0,0,0,0,0,0
62928,2,1,1994,0,0,0,0,0,0,0,0,0,0
62929,1,1,1994,0,0,0,0,0,0,0,0,0,0
62929,2,1,1994,0,0,0,0,0,0,0,0,0,0
62929,3,1,1994,0,0,0,0,0,0,0,0,0,0
62930,1,1,1994,0,0,0,0,0,0,0,0,0,0
62930,2,1,1994,0,0,0,0,7,0,0,0,0,0
62931,1,1,1994,0,0,0,0,0,0,0,0,0,0
62931,2,1,1994,0,0,0,0,0,0,0,0,0,0
62932,1,1,1994,0,0,0,0,0,0,0,0,0,0
62932,2,1,1994,0,0,0,0,0,0,0,4,0,0
62932,3,1,1994,0,0,0,0,0,0,0,0,0,0
62932,4,1,1994,0,12,7,0,0,0,0,0,0,0
62933,1,1,1994,0,0,0,0,0,0,0,0,0,0
62933,2,1,1994,0,0,0,0,0,25,0,0,0,0
62934,1,1,1994,0,0,0,0,0,0,0,0,0,0
62934,2,1,1994,0,0,0,0,0,0,0,0,0,0
62934,3,1,1994,0,0,0,0,5,0,0,0,0,0
62935,1,1,1994,16,16,16,16,16,16,16,16,16,16
62935,2,1,1994,0,0,0,0,0,0,0,0,0,0
62936,1,1,1994,18,18,18,18,18,18,18,18,18,18
62936,2,1,1994,0,18,0,0,0,0,0,0,0,0
62937,1,1,1994,18,13,0,0,0,3,19,0,11,0
62937,2,1,1994,0,0,0,0,0,0,0,0,0,0
62937,3,1,1994,0,0,0,0,0,0,0,0,0,0
62938,1,1,1994,0,0,0,0,0,0,0,0,0,0
62938,2,1,1994,0,0,0,0,0,0,0,0,0,0
62939,0,1,1994,30,30,30,30,30,30,30,30,30,30
62939,1,1,1994,16,16,16,16,16,16,16,16,16,16
62940,1,1,1994,0,0,0,0,0,0,0,0,0,0
62940,2,1,1994,0,0,0,0,0,0,0,0,0,0
62941,1,1,1994,0,0,0,0,0,0,0,0,0,0
62941,2,1,1994,0,0,0,0,0,0,0,0,0,0
62942,1,1,1994,0,0,0,0,0,0,0,0,0,0
62942,2,1,1994,0,0,0,0,0,0,0,0,0,0
62943,1,1,1994,0,0,0,0,0,0,0,0,0,0
62943,2,1,1994,2,2,2,2,2,2,2,2,2,2
62944,1,1,1994,0,0,0,0,0,0,0,0,0,0
62944,2,1,1994,0,0,0,0,17,0,0,0,0,0
62944,3,1,1994,0,0,0,19,0,0,0,0,0,14
62945,1,1,1994,0,0,0,0,0,0,0,0,0,0
62945,2,1,1994,0,0,0,0,0,0,0,0,0,0
62946,1,1,1994,22,22,22,22,22,22,22,22,22,22
62946,2,1,1994,0,0,0,0,0,0,0,0,0,0
62947,1,1,1994,1,1,1,1,1,1,1,1,1,1
62947,2,1,1994,0,0,0,0,0,0,0,0,0,0
62947,3,1,1994,0,0,0,0,0,0,0,0,0,0
62948,1,1,1994,6,6,6,6,6,6,6,6,6,6
62948,2,1,1994,0,0,0,0,0,0,0,0,0,0
62949,1,1,1994,8,8,8,8,8,8,8,8,8,8
62949,2,1,1994,0,0,0,0,0,0,0,0,0,0
62950,1,1,1994,0,0,0,0,0,0,0,0,0,0
62950,2,1,1994,0,0,0,0,0,0,0,0,0,0
62951,1,1,1994,0,21,0,0,0,0,0,15,5,0
62951,2,1,1994,0,0,0,0,0,0,0,0,0,0
62952,1,1,1994,10,10,10,10,10,10,10,10,10,10
62952,2,1,1994,0,0,0,0,0,0,0,0,0,0
62953,1,1,1994,0,0,0,0,0,0,0,0,0,0
62953,2,1,1994,27,46,7,15,41,15,18,13,8,11
62954,1,1,1994,16,16,16,16,16,16,16,16,16,16
62954,2,1,1994,0,0,0,0,0,0,0,0,0,0
62955,1,1,1994,19,19,19,19,19,19,19,19,19,19
62955,2,1,1994,0,0,0,0,0,0,0,0,0,0
62956,1,1,1994,0,0,0,0,0,0,0,0,0,0
62956,2,1,1994,0,0,0,0,0,0,0,0,0,0
62956,3,1,1994,0,0,0,0,0,0,0,0,0,0
62956,4,1,1994,0,0,0,0,0,0,0,0,0,0
62957,1,1,1994,4,4,4,4,4,4,4,4,4,4
62957,2,1,1994,0,0,0,0,0,0,0,0,0,0
62958,1,1,1994,0,0,0,0,0,0,0,0,0,0
62958,2,1,1994,0,0,0,0,0,0,0,0,0,0
62958,3,1,1994,0,0,0,0,0,0,0,0,15,0
62959,1,1,1994,0,0,0,0,0,0,0,0,0,0
62959,2,1,1994,0,0,0,0,0,0,0,0,0,0
62960,1,1,1994,0,0,0,0,0,0,0,0,0,0
62960,2,1,1994,0,0,0,0,0,0,0,0,0,0
62961,1,1,1994,15,21,17,18,16,16,13,16,17,14
62961,2,1,1994,0,0,0,0,5,0,0,0,0,0
62962,1,1,1994,0,0,0,0,0,0,0,0,0,0
62963,1,1,1994,15,15,15,15,15,15,15,15,15,15
62964,0,1,1994,0,0,0,0,0,0,0,0,0,0
62964,1,1,1994,0,0,0,0,0,0,0,0,0,0
62965,0,1,1994,0,21,24,0,24,0,0,0,0,0
62965,1,1,1994,0,0,0,0,0,0,0,0,0,0
62966,1,1,1994,0,0,0,0,0,0,0,0,0,0
62967,0,1,1994,0,0,0,0,0,0,0,0,0,0
62967,1,1,1994,0,0,0,0,0,20,0,0,0,0
62968,1,1,1994,0,0,0,0,0,0,0,0,0,0
62969,0,1,1994,7,7,7,7,7,7,7,7,7,7
62969,1,1,1994,0,7,0,0,38,14,0,0,13,26
62970,1,1,1994,0,0,0,0,0,0,0,0,0,0
62971,0,1,1994,0,0,0,0,0,0,0,0,0,0
62972,0,1,1994,0,0,0,0,23,0,0,0,0,0
62972,1,1,1994,0,15,0,0,0,0,0,0,0,0
62973,1,1,1994,29,29,29,29,29,29,29,29,29,29
62974,1,1,1994,11,32,0,0,0,0,0,0,0,0
62975,0,1,1994,0,0,0,0,0,0,0,0,0,0
62975,1,1,1994,0,0,0,0,0,0,0,0,0,0
62976,1,1,1994,0,0,0,0,0,0,0,0,0,0
62977,1,1,1994,0,0,9,0,0,0,10,0,0,0
62978,0,1,1994,0,0,0,0,0,0,0,0,0,0
62978,1,1,1994,0,0,0,0,0,0,0,0,0,0
62979,0,1,1994,22,22,22,22,22,22,22,22,22,22
62979,1,1,1994,0,0,0,0,0,0,0,0,0,0
62980,0,1,1994,14,14,14,14,14,14,14,14,14,14
62980,1,1,1994,0,0,0,16,0,0,0,17,15,32
62981,0,1,1994,0,0,0,0,0,0,0,0,0,0
62981,1,1,1994,0,0,0,9,0,0,0,0,0,8
62982,1,1,1994,6,0,0,0,11,15,0,0,0,0
62983,0,1,1994,21,21,21,21,21,21,21,21,21,21
62983,1,1,1994,0,10,3,8,0,0,0,0,34,0
62984,0,1,1994,24,24,24,24,24,24,24,24,24,24
62984,1,1,1994,0,0,0,0,0,0,18,0,0,0
62985,1,1,1994,0,0,0,0,0,0,0,0,0,0
62986,0,1,1994,0,0,0,0,0,0,0,0,0,0
62986,1,1,1994,14,0,0,0,0,0,0,13,0,14
62987,0,1,1994,0,0,0,0,0,0,0,0,0,0
62987,1,1,1994,0,0,0,0,0,0,0,0,0,0
62988,0,1,1994,0,0,0,0,0,0,0,0,0,0
62988,1,1,1994,0,0,0,0,0,0,0,0,7,0
62989,1,1,1994,12,12,12,12,12,12,12,12,12,12
62990,1,1,1994,25,25,25,25,25,25,25,25,25,25
62991,1,1,1994,21,21,21,21,21,21,21,21,21,21
62992,0,1,1994,0,0,0,0,0,0,0,0,0,0
62992,1,1,1994,0,0,0,0,20,0,0,0,0,0
62993,0,1,1994,0,0,0,0,0,0,0,0,0,0
62993,1,1,1994,0,0,0,0,0,0,0,0,0,0
62994,1,1,1994,16,16,16,16,16,16,16,16,16,16
62995,0,1,1994,0,0,0,0,0,0,0,0,0,0
62995,1,1,1994,0,0,2,0,0,0,0,0,0,0
62996,0,1,1994,0,0,0,0,0,0,0,0,0,0
62996,1,1,1994,0,0,0,0,0,0,0,0,0,0
62997,0,1,1994,0,0,0,0,0,0,0,0,0,0
62997,1,1,1994,0,0,0,0,0,0,0,0,0,0
62998,0,1,1994,0,0,0,0,0,0,0,0,30,0
62998,1,1,1994,0,0,0,0,0,0,0,0,0,0
62999,1,1,1994,7,22,0,0,19,11,34,0,0,16
63000,1,1,1994,30,30,30,30,30,30,30,30,30,30
63001,1,1,1994,0,0,0,0,31,0,31,0,0,0
63002,0,1,1994,0,0,0,0,0,0,0,0,0,0
63002,1,1,1994,0,0,0,0,0,0,0,0,0,0
63003,1,1,1994,0,0,0,0,0,0,0,0,0,0
63004,0,1,1994,0,0,0,0,0,0,0,0,0,0
63004,1,1,1994,0,0,0,0,0,0,0,0,0,0
63005,1,1,1994,0,0,0,0,0,0,0,0,0,0
63006,0,1,1994,14,0,0,0,0,0,15,0,0,0
63006,1,1,1994,0,0,0,0,0,0,0,0,0,0
63007,0,1,1994,0,0,0,0,0,0,0,0,0,0
63007,1,1,1994,0,0,0,0,0,0,0,0,0,0
63008,0,1,1994,0,0,0,0,0,0,0,0,0,0
63008,1,1,1994,0,0,0,0,0,0,0,0,0,0
63009,1,1,1994,0,7,0,0,0,10,0,0,0,0
63010,0,1,1994,17,17,17,17,17,17,17,17,17,17
63010,1,1,1994,0,0,0,13,0,5,0,0,0,0
63011,0,1,1994,0,0,0,0,0,0,0,0,0,0
63011,1,1,1994,0,0,0,0,0,0,0,0,0,0
63012,1,1,1994,0,0,0,0,0,0,0,0,0,0
63013,0,1,1994,0,0,0,0,0,0,0,0,0,0
63013,1,1,1994,6,11,0,0,0,0,0,0,0,0
63014,0,1,1994,11,8,0,0,0,0,17,0,0,0
63014,1,1,1994,0,0,0,0,0,0,0,0,0,0
63015,1,1,1994,0,0,0,0,0,0,0,0,0,0
63016,1,1,1994,0,0,0,0,0,0,0,0,0,0
63017,1,1,1994,0,0,0,0,0,0,0,0,0,0
63018,0,1,1994,0,0,0,0,0,0,0,0,0,0
63018,0,2,1994,0,0,0,0,0,0,0,0,0,0
63018,1,1,1994,8,22,16,23,13,25,17,10,15,23
63019,0,1,1994,17,0,0,0,0,17,29,0,0,0
63019,1,1,1994,0,0,0,0,0,0,0,0,0,0
63020,1,1,1994,16,16,16,16,16,16,16,16,16,16
63021,1,1,1994,0,0,0,0,0,0,0,0,0,0
63022,1,1,1994,0,0,0,0,0,0,0,0,0,4
63022,2,1,1994,0,0,0,0,0,0,0,0,0,0
63023,1,1,1994,0,0,0,0,0,0,0,0,0,0
63024,1,1,1994,16,16,16,16,16,16,16,16,16,16
63024,2,1,1994,0,0,0,0,0,0,0,0,0,0
63025,0,1,1994,0,0,0,0,0,0,0,0,0,0
63025,0,2,1994,0,12,14,4,0,11,0,8,17,26
63025,1,1,1994,0,0,0,0,0,0,0,0,0,0
63025,2,1,1994,0,0,0,0,0,0,0,0,0,0
63026,1,1,1994,0,0,0,0,0,0,0,0,0,0
63026,2,1,1994,0,0,0,0,0,0,0,0,0,0
63027,1,1,1994,3,3,3,3,3,3,3,3,3,3
63027,2,1,1994,0,0,0,0,0,0,0,0,15,11
63028,1,1,1994,0,0,0,0,0,0,0,0,0,0
63028,2,1,1994,0,0,0,11,0,0,0,0,8,0
63028,3,1,1994,0,0,0,0,0,0,0,0,0,0
63029,1,1,1994,0,0,0,0,0,0,0,0,0,0
63029,2,1,1994,0,0,0,0,0,0,0,0,0,0
63030,1,1,1994,0,0,0,0,0,0,0,0,0,0
63030,2,1,1994,0,0,0,0,0,0,0,0,0,0
63031,1,1,1994,0,0,0,0,0,0,0,0,0,0
63031,2,1,1994,0,0,0,0,0,0,0,0,0,0
63032,1,1,1994,0,0,0,0,0,0,0,0,0,0
63032,2,1,1994,0,0,0,0,0,0,0,0,0,0
63033,1,1,1994,0,0,0,0,0,0,0,0,0,0
63033,2,1,1994,0,0,0,0,0,0,0,0,0,0
63033,3,1,1994,0,0,0,0,0,0,0,0,0,0
63034,1,1,1994,0,0,0,0,0,0,0,0,0,0
63034,2,1,1994,0,0,0,0,0,0,0,0,0,0
63035,1,1,1994,0,0,0,0,0,0,0,0,0,0
63035,2,1,1994,27,0,0,0,0,0,14,0,0,0
63036,1,1,1994,0,0,0,0,0,0,0,0,0,0
63036,2,1,1994,0,0,0,0,0,0,0,0,0,27
63036,3,1,1994,0,0,0,0,0,0,0,0,0,0
63037,0,1,1994,17,17,17,17,17,17,17,17,17,17
63037,1,1,1994,0,0,0,0,0,0,0,0,0,0
63037,2,1,1994,0,0,0,0,0,0,7,20,8,0
63038,1,1,1994,0,20,0,0,0,0,0,0,9,0
63038,2,1,1994,0,0,2,13,0,11,0,0,0,0
63039,1,1,1994,0,0,0,0,0,0,0,0,0,0
63039,2,1,1994,0,0,0,0,0,0,0,0,0,0
63039,3,1,1994,16,0,0,35,0,0,0,0,0,8
63039,4,1,1994,0,0,0,0,0,0,0,0,0,0
63039,5,1,1994,0,0,0,0,0,0,0,0,0,0
63040,1,1,1994,0,0,0,0,0,0,0,0,0,0
63040,2,1,1994,0,0,0,0,15,0,0,0,0,0
63041,1,1,1994,0,0,0,0,0,0,0,0,0,0
63041,2,1,1994,0,0,0,0,0,0,0,0,0,0
63042,1,1,1994,0,0,0,0,0,0,0,0,0,0
63042,2,1,1994,6,6,6,6,6,6,6,6,6,6
63043,1,1,1994,0,0,0,0,0,0,0,0,0,0
63043,2,1,1994,0,0,0,13,0,0,0,0,0,12
63044,0,1,1994,0,0,0,0,0,0,0,0,0,0
63044,1,1,1994,0,0,0,0,0,0,0,0,0,0