ST_CASE,VEH_NO,PER_NO,YEAR,P1,P2,P3,P4,P5,P6,P7,P8,P9,P10
63285,1,1,1994,18,18,18,18,18,18,18,18,18,18
63286,1,1,1994,0,0,0,0,0,0,0,11,0,0
63287,1,1,1994,0,0,0,0,0,0,0,0,0,0
63287,2,1,1994,0,0,0,0,0,0,0,0,0,0
63288,1,1,1994,29,29,29,29,29,29,29,29,29,29
63289,1,1,1994,0,0,0,0,0,0,0,0,0,0
63290,1,1,1994,0,0,0,0,0,0,0,0,0,0
63290,2,1,1994,0,0,0,0,0,0,0,0,0,0
63291,1,1,1994,0,0,0,0,0,0,0,0,0,0
63292,1,1,1994,0,0,0,0,0,0,0,0,0,0
63293,1,1,1994,0,0,0,0,0,0,0,0,0,0
63293,2,1,1994,0,0,0,0,0,0,0,0,0,0
63294,1,1,1994,0,0,0,0,0,0,0,0,0,0
63295,0,1,1994,0,0,0,0,0,0,0,0,0,0
63295,1,1,1994,0,0,0,0,0,0,10,0,0,0
63295,2,1,1994,0,0,0,0,5,0,0,0,0,0
63296,1,1,1994,26,26,26,26,26,26,26,26,26,26
63297,1,1,1994,0,0,0,0,0,0,0,0,0,0
63297,2,1,1994,0,0,0,0,0,0,0,0,0,0
63298,1,1,1994,25,25,25,25,25,25,25,25,25,25
63299,1,1,1994,14,14,14,14,14,14,14,14,14,14
63300,1,1,1994,14,14,14,14,14,14,14,14,14,14
63301,1,1,1994,35,35,35,35,35,35,35,35,35,35
63301,2,1,1994,0,24,14,0,9,0,57,0,7,0
63302,1,1,1994,0,0,0,0,0,0,0,0,0,0
63302,2,1,1994,0,0,0,0,0,6,0,0,0,0
63303,0,1,1994,0,0,0,0,0,0,0,0,0,0
63303,1,1,1994,0,0,0,0,0,0,0,0,0,0
63304,1,1,1994,0,0,0,0,0,0,0,0,0,0
63305,1,1,1994,12,12,12,12,12,12,12,12,12,12
63306,1,1,1994,0,0,0,0,0,0,0,0,0,0
63306,2,1,1994,0,0,0,0,0,0,0,0,0,0
63307,1,1,1994,0,0,0,0,0,0,0,0,0,0
63308,1,1,1994,0,0,0,0,0,0,0,0,0,0
63308,2,1,1994,0,0,0,0,0,0,0,0,0,0
63309,1,1,1994,0,0,0,0,0,0,0,0,0,0
63310,0,1,1994,0,0,0,0,0,0,0,0,0,0
63310,1,1,1994,0,0,0,0,0,0,0,0,0,0
63311,1,1,1994,0,0,0,0,0,0,0,0,0,0
63312,1,1,1994,0,0,0,0,0,0,0,0,0,0
63313,1,1,1994,0,0,0,0,0,0,0,0,0,0
63314,1,1,1994,0,0,0,0,11,0,10,0,0,0
63315,0,1,1994,0,0,0,0,0,0,0,0,0,0
63315,1,1,1994,0,0,0,0,0,0,0,0,0,0
63316,1,1,1994,0,0,0,0,0,0,0,0,0,0
63317,1,1,1994,0,0,0,0,0,0,0,0,0,0
63318,1,1,1994,0,0,0,0,0,0,0,0,0,0
63319,1,1,1994,0,0,0,0,0,0,0,0,0,0
63319,2,1,1994,0,0,0,0,0,0,0,0,0,0
63320,0,1,1994,16,16,16,16,16,16,16,16,16,16
63320,1,1,1994,19,19,19,19,19,19,19,19,19,19
63321,1,1,1994,0,0,0,0,0,0,0,0,0,0
63321,2,1,1994,0,0,0,0,0,0,0,0,0,0
63322,1,1,1994,17,17,17,17,17,17,17,17,17,17
63322,2,1,1994,0,0,0,0,7,0,0,0,0,0
63323,1,1,1994,0,0,0,0,0,0,0,0,0,0
63324,1,1,1994,0,0,0,0,0,0,0,0,0,0
63324,2,1,1994,10,10,10,10,10,10,10,10,10,10
63325,0,1,1994,0,0,0,0,0,0,0,0,0,0
63325,2,1,1994,0,0,0,0,0,0,0,0,0,0
63326,1,1,1994,0,0,0,0,0,0,0,0,0,0
63326,2,1,1994,0,0,0,0,0,0,0,0,0,0
63327,1,1,1994,17,17,17,17,17,17,17,17,17,17
63327,2,1,1994,0,0,0,0,0,0,0,0,0,0
63328,1,1,1994,31,31,31,31,31,31,31,31,31,31
63328,2,1,1994,0,0,0,0,0,0,0,0,0,0
63329,1,1,1994,0,0,0,0,0,0,0,0,0,0
63329,2,1,1994,0,0,0,0,0,0,0,0,0,0
63330,1,1,1994,13,13,13,13,13,13,13,13,13,13
63330,2,1,1994,0,0,0,0,0,0,0,0,0,0
63331,1,1,1994,17,17,17,17,17,17,17,17,17,17
63331,2,1,1994,0,0,0,0,0,0,0,0,0,0
63332,1,1,1994,18,18,18,18,18,18,18,18,18,18
63332,2,1,1994,0,0,0,0,0,0,0,0,0,0
63332,3,1,1994,14,0,0,0,0,0,0,0,0,0
63333,1,1,1994,0,8,0,0,0,9,0,0,0,0
63333,2,1,1994,7,0,0,0,0,0,0,0,0,0
63334,1,1,1994,21,21,21,21,21,21,21,21,21,21
63334,2,1,1994,0,5,0,0,17,18,0,0,0,0
63334,3,1,1994,0,0,0,0,0,0,0,0,0,0
63335,1,1,1994,0,0,0,0,0,0,0,0,0,0
63335,2,1,1994,0,0,0,0,0,0,0,0,0,0
63335,3,1,1994,0,0,0,0,0,16,0,0,0,0
63336,1,1,1994,0,0,0,0,0,0,0,0,0,0
63336,2,1,1994,0,0,11,0,0,0,0,0,0,0
63337,1,1,1994,0,0,0,0,0,0,0,0,0,0
63337,2,1,1994,0,0,0,0,0,0,0,0,0,0
63337,3,1,1994,0,0,0,0,0,0,0,0,0,0
63338,1,1,1994,20,20,20,20,20,20,20,20,20,20
63338,2,1,1994,0,0,0,0,0,0,0,0,0,0
63339,1,1,1994,24,24,24,24,24,24,24,24,24,24
63339,2,1,1994,0,0,0,0,0,0,0,0,0,0
63340,1,1,1994,8,8,8,8,8,8,8,8,8,8
63340,2,1,1994,0,0,0,0,0,0,0,0,0,0
63341,1,1,1994,0,0,0,0,0,0,0,0,0,0
63341,2,1,1994,0,0,0,0,0,0,0,0,0,0
63342,1,1,1994,0,0,0,0,0,0,0,0,0,0
63342,2,1,1994,0,0,0,0,0,0,0,0,0,0
63343,0,1,1994,0,0,0,0,0,0,0,0,0,0
63343,1,1,1994,0,0,0,0,0,0,0,0,0,17
63344,1,1,1994,0,0,0,0,0,0,0,0,0,0
63344,2,1,1994,0,0,0,0,0,0,0,13,0,0
63345,1,1,1994,0,0,0,0,0,0,0,0,0,0
63345,2,1,1994,0,0,0,0,0,0,0,0,0,0
63346,1,1,1994,0,5,0,0,0,0,21,0,0,0
63346,2,1,1994,0,0,0,0,0,7,0,0,0,0
63347,1,1,1994,23,23,23,23,23,23,23,23,23,23
63347,2,1,1994,0,0,0,0,0,0,0,0,0,0
63348,1,1,1994,0,0,2,0,11,0,0,0,0,21
63348,2,1,1994,0,0,0,0,0,0,0,0,0,0
63349,1,1,1994,0,0,0,0,0,0,0,0,0,0
63349,2,1,1994,0,0,0,0,0,0,0,0,0,0
63350,0,1,1994,18,18,18,18,18,18,18,18,18,18
63350,1,1,1994,0,0,0,0,0,0,0,0,0,0
63351,1,1,1994,0,0,0,0,0,0,0,0,0,0
63351,2,1,1994,0,7,0,0,6,0,0,7,17,0
63352,0,1,1994,0,0,0,0,0,0,0,0,0,0
63352,1,1,1994,24,16,14,36,18,32,19,15,20,0
63353,1,1,1994,0,0,0,0,0,0,0,0,0,0
63353,2,1,1994,0,0,0,0,0,0,0,0,0,0
63354,0,1,1994,0,0,0,0,0,0,0,0,0,0
63354,1,1,1994,0,24,23,16,0,0,22,13,25,24
63355,1,1,1994,0,9,0,0,0,0,0,0,0,5
63356,1,1,1994,19,19,19,19,19,19,19,19,19,19
63357,1,1,1994,0,0,0,0,0,0,0,0,0,0
63357,2,1,1994,0,0,0,0,0,0,0,0,0,0
63358,1,1,1994,0,0,0,0,0,0,0,0,0,0
63359,1,1,1994,21,21,21,21,21,21,21,21,21,21
63359,2,1,1994,0,0,0,0,0,0,0,0,0,0
63360,1,1,1994,5,5,5,5,5,5,5,5,5,5
63360,2,1,1994,5,0,0,0,0,0,0,0,0,0
63361,1,1,1994,0,0,0,0,0,0,0,0,0,0
63362,1,1,1994,0,0,0,0,0,0,0,0,0,4
63362,2,1,1994,0,0,0,0,0,0,0,0,0,0
63364,0,1,1994,35,35,35,35,35,35,35,35,35,35
63364,1,1,1994,0,0,0,0,0,0,0,0,0,0
63364,2,1,1994,0,0,0,0,0,0,0,0,0,0
63365,1,1,1994,0,0,0,0,0,0,0,0,0,0
63365,2,1,1994,0,0,0,0,0,2,11,11,0,0
63366,1,1,1994,6,6,6,6,6,6,6,6,6,6
63367,1,1,1994,0,0,0,0,0,0,0,0,0,0
63368,1,1,1994,12,12,12,12,12,12,12,12,12,12
63369,0,1,1994,0,0,0,0,0,0,0,0,0,0
63369,1,1,1994,0,0,0,0,0,0,0,0,0,0
63370,1,1,1994,0,0,0,0,0,0,0,0,0,0
63370,2,1,1994,0,0,0,0,0,0,0,0,0,0
63371,0,1,1994,12,12,12,12,12,12,12,12,12,12
63371,1,1,1994,0,0,0,0,0,0,0,0,0,0
63372,1,1,1994,0,0,0,0,0,0,0,0,0,0
63372,2,1,1994,0,0,0,0,0,0,0,9,0,0
63373,0,1,1994,0,0,0,0,0,0,0,0,0,0
63373,1,1,1994,0,0,0,0,0,0,0,0,0,0
63374,0,1,1994,27,27,27,27,27,27,27,27,27,27
63374,1,1,1994,0,0,0,0,0,0,0,0,0,0
63375,1,1,1994,0,0,0,0,0,0,0,0,0,0
63375,2,1,1994,0,0,0,0,0,0,0,0,0,0
63376,0,1,1994,0,0,0,0,0,0,0,0,0,0
63376,1,1,1994,0,0,0,0,0,0,0,0,0,0
63377,1,1,1994,32,32,32,32,32,32,32,32,32,32
63378,0,1,1994,13,13,13,13,13,13,13,13,13,13
63378,1,1,1994,0,0,0,0,0,0,0,0,0,0
63379,0,1,1994,23,23,23,23,23,23,23,23,23,23
63379,1,1,1994,0,0,0,0,0,0,0,0,0,0
63380,0,1,1994,0,0,0,0,0,0,0,0,0,0
63380,0,2,1994,0,0,0,0,0,0,0,0,0,0
63380,1,1,1994,5,5,5,5,5,5,5,5,5,5
63381,1,1,1994,0,0,0,0,0,0,0,0,0,0
63382,1,1,1994,0,0,0,0,0,0,0,0,0,0
63383,0,1,1994,0,0,0,0,0,0,0,0,0,0
63383,1,1,1994,0,0,0,0,0,0,0,0,0,0
63384,1,2,1994,6,12,8,7,0,17,18,6,0,0
63385,0,1,1994,0,0,0,0,0,0,0,0,0,0
63385,1,1,1994,0,0,0,0,0,0,0,0,0,0
63386,1,1,1994,16,16,16,16,16,16,16,16,16,16
63387,1,1,1994,21,21,21,21,21,21,21,21,21,21
63388,1,1,1994,3,3,3,3,3,3,3,3,3,3
63389,1,1,1994,0,0,0,0,0,0,0,0,0,0
63390,0,1,1994,0,0,0,0,0,0,0,0,0,0
63390,1,1,1994,6,6,6,6,6,6,6,6,6,6
63391,0,1,1994,11,11,11,11,11,11,11,11,11,11
63391,1,1,1994,0,0,0,0,0,0,0,0,0,0
63392,0,1,1994,0,0,0,0,0,0,0,0,0,0
63392,1,1,1994,0,0,5,0,0,0,0,20,0,0
63393,1,1,1994,29,29,29,29,29,29,29,29,29,29
63394,1,1,1994,10,10,10,10,10,10,10,10,10,10
63395,1,1,1994,10,10,10,10,10,10,10,10,10,10
63396,1,1,1994,0,0,0,0,0,0,0,0,0,0
63397,0,1,1994,0,0,0,0,0,0,0,0,0,0
63397,1,1,1994,0,0,0,0,0,0,0,0,0,0
63398,0,1,1994,34,34,34,34,34,34,34,34,34,34
63398,1,1,1994,0,0,0,0,0,0,0,0,0,0
63399,0,1,1994,0,0,0,0,0,0,0,0,0,0
63399,1,1,1994,0,0,0,0,0,0,0,0,0,0
63400,0,1,1994,0,0,0,0,0,0,0,0,0,0
63400,1,1,1994,0,0,0,0,0,0,0,0,0,0
63401,0,1,1994,0,0,10,0,0,0,0,20,0,0
63401,1,1,1994,0,0,0,0,0,0,0,0,0,0
63402,0,1,1994,27,27,27,27,27,27,27,27,27,27
63402,1,1,1994,0,0,35,0,16,19,12,18,0,0
63403,0,1,1994,0,0,0,0,0,0,0,0,0,0
63403,1,1,1994,0,0,0,0,0,0,0,0,0,0
63404,0,1,1994,0,0,0,0,0,0,0,0,0,0
63404,1,1,1994,0,0,0,0,0,17,0,0,0,0
63405,0,1,1994,14,14,14,14,14,14,14,14,14,14
63405,1,1,1994,0,0,0,0,0,15,0,0,0,0
63406,0,1,1994,0,0,0,0,0,0,0,0,0,0
63406,1,1,1994,0,0,0,0,0,0,0,0,0,0
63407,0,1,1994,0,0,0,0,0,0,0,0,0,0
63407,1,1,1994,0,0,0,0,0,0,0,0,0,0
63408,1,1,1994,0,0,0,0,0,0,0,0,0,0
63409,0,1,1994,0,0,0,0,0,0,0,0,0,0
63409,1,1,1994,0,0,0,0,0,0,0,0,0,0
63410,1,1,1994,0,0,0,0,0,0,0,0,0,0
63411,1,1,1994,0,0,0,0,0,0,0,0,0,0
63412,0,1,1994,0,0,0,0,0,0,0,0,0,0
63412,1,1,1994,0,0,0,0,0,0,0,0,0,0
63413,1,1,1994,19,19,19,19,19,19,19,19,19,19
63414,0,1,1994,0,0,0,0,0,0,0,0,0,0
63414,1,1,1994,0,0,0,0,0,0,0,0,0,0
63415,1,1,1994,10,10,10,10,10,10,10,10,10,10
63416,1,1,1994,19,19,19,19,19,19,19,19,19,19
63417,1,1,1994,5,5,5,5,5,5,5,5,5,5
63418,1,1,1994,11,11,11,11,11,11,11,11,11,11
63419,1,1,1994,10,10,10,10,10,10,10,10,10,10
63420,1,1,1994,13,13,13,13,13,13,13,13,13,13
63421,0,1,1994,22,2,0,0,0,0,0,0,0,0
63421,1,1,1994,0,0,0,0,0,0,0,0,0,0
63422,1,1,1994,0,0,0,0,0,0,0,0,0,0
63423,1,1,1994,24,24,24,24,24,24,24,24,24,24
63424,1,1,1994,24,24,24,24,24,24,24,24,24,24
63425,1,1,1994,13,13,13,13,13,13,13,13,13,13
63426,1,1,1994,0,0,0,0,0,0,0,0,0,0
63427,1,1,1994,0,0,0,0,0,0,0,0,0,0
63428,1,1,1994,13,11,22,19,28,21,12,10,0,19
63429,1,1,1994,27,27,27,27,27,27,27,27,27,27
63430,1,1,1994,0,0,0,0,0,0,0,0,0,0
63431,0,1,1994,5,5,5,5,5,5,5,5,5,5
63431,1,1,1994,20,0,0,0,0,14,0,9,12,14
63432,0,1,1994,0,0,0,0,0,0,0,0,0,0
63432,1,1,1994,0,0,0,0,0,0,0,0,0,0
63433,1,1,1994,0,0,0,0,0,0,0,0,0,0
63434,0,1,1994,0,0,21,0,0,0,0,0,15,11
63434,1,1,1994,0,0,0,0,0,0,0,0,0,0
63435,0,1,1994,0,0,0,0,0,0,0,0,0,0
63435,1,1,1994,0,0,0,0,0,0,0,0,0,0
63436,1,1,1994,27,27,27,27,27,27,27,27,27,27
63437,1,1,1994,22,22,22,22,22,22,22,22,22,22
63438,0,1,1994,24,24,24,24,24,24,24,24,24,24
63438,1,1,1994,0,0,0,0,0,0,0,0,0,0
63439,1,1,1994,12,21,13,28,23,0,7,15,0,15
63440,1,1,1994,27,27,27,27,27,27,27,27,27,27
63441,1,1,1994,34,0,0,0,0,0,9,0,0,17
63442,1,1,1994,0,0,0,0,0,0,0,0,0,0
63443,1,1,1994,17,17,17,17,17,17,17,17,17,17
63444,1,1,1994,0,0,0,0,0,0,7,0,0,0
63444,2,1,1994,0,0,0,0,0,0,0,0,0,0
63445,1,1,1994,2,2,2,2,2,2,2,2,2,2
63446,1,1,1994,0,0,0,0,0,0,0,0,0,0
63447,0,1,1994,0,0,0,0,0,0,0,0,0,0
63447,1,1,1994,0,0,0,0,0,0,0,0,0,0
63448,1,1,1994,0,0,0,0,0,0,0,0,0,0
63449,1,1,1994,14,14,14,14,14,14,14,14,14,14
63450,0,1,1994,11,11,11,11,11,11,11,11,11,11
63450,1,1,1994,0,0,0,0,0,0,0,0,0,0
63451,0,1,1994,38,38,38,38,38,38,38,38,38,38
63451,1,1,1994,0,0,0,0,0,0,0,0,0,0
63452,1,1,1994,0,0,0,0,0,0,0,0,0,0
63453,1,1,1994,14,0,0,0,0,0,0,21,0,0
63454,0,1,1994,0,0,0,0,0,0,0,0,0,0
63454,1,1,1994,0,0,0,0,0,0,0,0,0,7
63455,1,1,1994,0,25,10,14,16,0,13,0,17,14
63456,0,1,1994,16,16,16,16,16,16,16,16,16,16
63456,1,1,1994,0,0,0,0,0,0,0,0,0,0
63457,1,1,1994,0,0,0,0,0,0,0,0,0,0
63458,0,1,1994,0,0,0,0,0,0,0,0,0,0
63458,1,1,1994,0,0,0,0,0,0,0,0,0,0
63459,1,1,1994,0,0,0,0,0,0,0,0,0,0
63460,1,1,1994,17,17,17,17,17,17,17,17,17,17
63461,1,1,1994,0,0,0,0,0,0,0,0,0,0
63462,1,1,1994,0,0,0,0,0,0,0,0,0,0
63463,1,1,1994,11,0,0,0,0,0,0,0,2,0
63464,1,1,1994,27,27,27,27,27,27,27,27,27,27
63465,1,1,1994,20,20,20,20,20,20,20,20,20,20
63466,1,1,1994,0,0,0,0,0,0,0,0,0,0
63467,0,1,1994,20,20,20,20,20,20,20,20,20,20
63467,1,1,1994,0,0,0,0,0,0,0,0,0,0
63468,0,1,1994,0,0,0,0,0,0,0,0,0,0
63468,1,1,1994,0,0,0,0,0,0,0,0,0,0
63469,0,1,1994,0,0,0,0,0,0,0,0,0,0
63469,1,1,1994,0,9,0,0,0,0,14,0,20,0
63470,1,1,1994,0,0,0,0,0,0,0,0,0,0
63470,2,1,1994,0,0,0,0,0,0,0,0,0,0
63470,3,1,1994,0,0,0,0,0,0,0,0,3,0
63470,4,1,1994,0,0,0,0,0,0,0,0,0,0
63470,5,1,1994,0,0,0,0,0,0,0,0,0,0
63470,6,1,1994,0,0,0,12,0,0,0,0,0,0
63471,1,1,1994,0,0,0,0,0,0,0,5,0,0
63471,2,1,1994,0,0,0,0,0,0,0,0,0,0
63472,1,1,1994,0,0,0,0,0,0,0,0,0,0
63472,2,1,1994,0,0,0,0,0,0,0,0,0,0
63472,3,1,1994,0,0,0,0,0,0,0,0,13,7
63472,4,1,1994,0,0,0,0,0,0,0,0,0,0
63473,1,1,1994,0,0,0,0,0,0,0,0,0,0
63473,2,1,1994,0,0,0,0,0,0,0,0,0,0
63473,3,1,1994,0,0,0,0,0,0,0,0,0,0
63474,1,1,1994,0,0,0,0,0,0,0,0,0,0
63474,2,1,1994,0,0,0,0,0,0,0,0,0,0
63475,1,1,1994,0,0,0,0,0,0,0,0,0,0
63475,2,1,1994,0,0,0,0,0,0,0,0,0,0
63476,1,1,1994,0,0,0,0,0,0,0,0,0,0
63476,2,1,1994,0,0,0,0,0,0,0,0,0,0
63477,1,1,1994,0,0,0,0,0,0,0,0,0,0
63477,2,1,1994,0,0,0,0,0,0,0,0,0,0
63478,1,1,1994,0,0,0,0,0,0,0,0,0,0
63478,2,1,1994,0,0,0,0,0,0,0,0,0,0
63479,1,1,1994,0,0,0,0,0,0,0,0,0,0
63479,2,1,1994,0,0,0,0,0,0,0,0,0,0
63480,1,1,1994,19,19,19,19,19,19,19,19,19,19
63480,2,1,1994,12,11,5,15,9,24,16,41,8,18
63481,1,1,1994,0,0,0,0,0,0,0,0,0,0
63481,2,1,1994,0,0,0,0,0,0,0,0,0,0
63481,3,1,1994,21,21,21,21,21,21,21,21,21,21
63482,1,1,1994,4,4,4,4,4,4,4,4,4,4
63482,2,1,1994,21,21,21,21,21,21,21,21,21,21
63483,1,1,1994,0,0,0,0,0,0,0,0,0,0
63483,2,1,1994,0,0,0,0,0,0,0,0,0,0
63484,1,1,1994,0,0,0,0,0,0,0,0,0,0
63484,2,1,1994,0,0,0,0,0,0,0,0,10,0
63485,1,1,1994,1,1,1,1,1,1,1,1,1,1
63485,2,1,1994,0,0,0,0,0,0,0,0,0,0
63486,1,1,1994,0,0,0,0,0,0,0,0,0,0
63486,2,1,1994,0,28,0,0,24,0,0,0,0,0
63487,1,1,1994,11,11,11,11,11,11,11,11,11,11
63487,2,1,1994,0,0,0,0,0,0,0,0,0,0
63488,1,1,1994,0,0,0,0,0,0,0,0,0,0
63488,2,1,1994,0,0,0,0,0,0,0,0,0,0
63489,1,1,1994,0,0,0,0,0,0,0,0,0,0
63489,2,1,1994,0,0,0,0,0,0,0,0,0,0
63490,0,1,1994,3,3,3,3,3,3,3,3,3,3
63490,1,1,1994,0,0,0,0,0,14,0,0,0,0
63490,2,1,1994,0,0,0,0,0,36,0,0,0,0
63491,1,1,1994,0,0,0,0,0,0,0,0,0,0
63491,2,1,1994,0,0,0,0,0,0,0,0,0,4
63492,1,1,1994,0,0,0,0,0,0,0,0,0,0
63492,2,1,1994,0,0,0,5,0,0,0,0,0,12
63493,1,1,1994,0,0,0,0,0,0,0,0,0,0
63493,2,1,1994,0,0,0,0,0,0,0,0,0,0
63494,1,1,1994,0,0,0,0,0,0,0,0,0,0
63494,2,1,1994,0,0,0,0,0,0,0,0,9,0
63495,1,1,1994,11,11,11,11,11,11,11,11,11,11
63495,2,1,1994,0,0,0,0,0,0,0,0,0,0
63496,0,1,1994,0,0,0,0,0,0,0,0,0,0
63496,0,2,1994,0,0,0,0,0,0,0,0,0,0
63496,0,3,1994,0,0,0,0,0,0,0,0,0,0
63496,0,4,1994,0,0,0,0,0,0,0,0,0,0
63496,1,1,1994,4,10,0,0,0,6,0,0,14,0
63496,2,1,1994,0,7,0,0,0,0,0,0,0,0
63497,1,1,1994,25,25,25,25,25,25,25,25,25,25
63497,2,1,1994,0,0,0,0,0,0,0,0,0,0
63498,1,1,1994,11,11,11,11,11,11,11,11,11,11
63498,2,1,1994,0,19,13,15,0,0,6,0,9,13
63499,1,1,1994,24,24,24,24,24,24,24,24,24,24
63499,2,1,1994,24,24,24,24,24,24,24,24,24,24
63500,1,1,1994,0,0,0,0,0,0,0,0,16,0
63500,2,1,1994,5,5,5,5,5,5,5,5,5,5
63501,1,1,1994,0,0,0,0,0,0,0,0,0,0
63501,2,1,1994,0,24,0,0,8,9,13,0,23,13
63501,3,1,1994,0,0,0,0,0,0,0,0,0,0
63502,1,1,1994,0,0,0,0,0,0,0,0,0,0
63502,2,1,1994,0,0,0,0,0,0,0,0,0,0
63503,1,1,1994,0,0,0,0,0,0,0,0,0,0
63503,2,1,1994,0,0,0,0,0,0,0,0,0,0
63503,3,1,1994,0,0,0,0,0,0,0,0,0,0
63504,0,1,1994,26,0,0,0,0,0,0,0,0,0
63504,1,1,1994,15,15,15,15,15,15,15,15,15,15
63504,2,1,1994,0,0,0,2,26,0,0,0,14,0
63505,1,1,1994,0,9,18,0,9,19,20,6,23,14
63505,2,1,1994,0,0,0,0,0,0,0,0,0,0
63506,1,1,1994,0,0,0,0,0,0,0,0,0,0
63506,2,1,1994,0,0,0,0,0,0,0,14,0,0
63507,1,1,1994,0,15,9,10,11,15,14,6,18,16
63507,2,1,1994,0,0,0,0,0,0,0,0,0,0
63508,1,1,1994,17,17,17,17,17,17,17,17,17,17
63508,2,1,1994,0,2,0,25,0,22,25,0,0,34
63509,1,1,1994,0,0,0,0,0,0,0,0,0,0
63509,2,1,1994,0,0,0,0,0,0,0,0,0,0
63510,1,1,1994,0,0,0,0,0,0,0,0,0,0
63510,2,1,1994,0,0,0,21,0,0,0,0,0,0
63511,1,1,1994,0,0,0,0,0,0,0,0,0,0
63511,2,1,1994,0,0,0,0,0,0,0,0,0,0
63512,1,1,1994,0,0,0,0,0,0,0,0,0,0
63512,2,1,1994,0,0,0,0,0,0,0,0,0,0
63512,3,1,1994,0,0,0,0,0,0,0,0,0,0
63512,4,1,1994,0,0,0,0,0,0,0,0,0,0
63513,1,1,1994,10,10,10,10,10,10,10,10,10,10
63513,2,1,1994,0,0,0,0,0,0,0,0,0,0
63514,1,1,1994,0,0,0,0,0,0,0,0,0,0
63514,2,1,1994,0,0,23,0,0,0,0,0,0,0
63514,3,1,1994,0,0,0,0,0,0,0,0,0,0
63514,4,1,1994,0,0,0,0,0,0,0,0,0,0
63515,1,1,1994,0,0,0,0,0,0,0,0,0,0
63515,2,1,1994,0,0,0,0,0,0,0,0,0,0
63515,3,1,1994,0,0,0,0,0,0,0,0,0,0
63516,1,1,1994,0,0,0,0,0,0,0,0,0,0
63517,1,1,1994,0,0,0,0,0,0,0,0,0,0
63517,2,1,1994,0,0,0,0,0,0,0,0,0,0
63517,3,1,1994,0,0,0,0,0,0,0,0,0,0
63518,1,1,1994,0,0,0,0,0,0,0,0,0,0
63518,2,1,1994,0,0,0,0,0,0,0,0,0,0
63519,1,1,1994,0,0,0,0,0,0,0,0,0,0
63519,2,1,1994,0,0,0,0,0,0,0,0,0,0
63520,1,1,1994,0,0,0,22,0,0,0,0,0,0
63520,2,1,1994,0,0,0,0,0,0,0,0,0,0
63521,1,1,1994,0,0,0,0,0,0,0,0,0,0
63521,2,1,1994,0,0,0,0,0,0,0,0,0,0
63522,1,1,1994,0,0,0,0,0,0,0,0,0,0
63523,1,1,1994,0,0,0,0,0,0,0,0,0,0
63523,2,1,1994,0,0,0,0,0,0,0,0,0,0
63524,1,1,1994,0,0,0,0,0,0,18,0,4,0
63524,2,1,1994,0,0,0,0,0,0,0,0,0,0
63525,1,1,1994,0,0,0,0,0,0,0,0,0,0
63525,2,1,1994,0,0,0,0,0,0,0,0,0,0
63525,3,1,1994,0,0,0,0,0,0,11,0,0,0
63526,1,1,1994,14,14,14,14,14,14,14,14,14,14
63526,2,1,1994,0,0,0,0,0,0,0,0,0,0
63527,1,1,1994,20,20,20,20,20,20,20,20,20,20
63527,2,1,1994,0,0,0,0,0,0,0,0,0,0
63528,1,1,1994,0,0,0,0,0,0,0,0,0,0
63528,2,1,1994,0,0,0,0,0,0,0,0,0,0
63529,1,1,1994,0,0,0,0,0,0,0,0,0,0
63529,2,1,1994,0,0,0,0,0,0,0,0,0,0
63530,1,1,1994,0,0,0,0,0,0,0,0,0,0
63530,2,1,1994,0,0,0,0,0,0,0,8,8,0
63530,3,1,1994,0,0,0,0,0,0,0,0,0,0
63531,0,1,1994,4,4,4,4,4,4,4,4,4,4
63531,2,1,1994,0,0,0,0,0,0,0,0,0,0
63532,0,1,1994,0,0,0,0,0,0,0,0,0,0
63532,1,1,1994,0,0,0,0,0,0,0,0,0,0
63532,2,1,1994,0,0,0,0,11,0,0,0,0,0
63533,1,1,1994,0,0,0,0,0,0,0,0,0,0
63533,2,1,1994,0,0,0,0,0,0,0,0,0,0
63533,3,1,1994,0,0,0,0,0,0,0,0,0,0
63534,1,1,1994,0,0,0,0,0,0,0,0,0,0
63534,2,1,1994,0,10,0,0,0,0,0,0,0,0
63534,3,1,1994,0,0,0,0,0,0,0,0,0,0
63535,1,1,1994,0,0,0,0,0,0,0,0,0,0
63535,2,1,1994,0,0,0,0,0,0,0,0,0,0
63536,1,1,1994,0,0,0,0,0,0,17,0,0,0
63536,2,1,1994,0,0,0,0,0,0,0,0,0,0