ST_CASE,VEH_NO,PER_NO,YEAR,P1,P2,P3,P4,P5,P6,P7,P8,P9,P10
63537,1,1,1994,0,0,0,0,0,0,0,0,0,0
63537,2,1,1994,0,0,0,0,0,0,0,0,0,0
63538,1,1,1994,0,0,0,0,0,0,0,0,0,0
63538,2,1,1994,0,0,0,0,0,0,0,0,0,0
63539,1,1,1994,28,28,28,28,28,28,28,28,28,28
63539,2,1,1994,0,0,0,0,0,0,0,0,0,0
63539,3,1,1994,0,8,0,0,0,0,0,0,0,0
63540,1,1,1994,0,0,0,0,0,0,0,0,0,0
63540,2,1,1994,0,0,0,0,0,0,0,0,0,0
63541,1,1,1994,0,0,0,0,0,0,0,0,0,0
63541,2,1,1994,0,0,0,0,0,0,0,0,0,0
63542,1,1,1994,27,27,27,27,27,27,27,27,27,27
63542,2,1,1994,0,0,0,0,0,0,0,0,0,0
63543,1,1,1994,17,17,17,17,17,17,17,17,17,17
63543,2,1,1994,0,0,0,0,0,0,0,0,0,0
63544,1,1,1994,10,0,0,31,13,3,21,22,13,19
63544,2,1,1994,0,12,0,10,0,12,10,0,0,0
63544,3,1,1994,4,5,8,0,0,0,12,0,0,0
63545,1,1,1994,13,13,13,13,13,13,13,13,13,13
63545,2,1,1994,0,0,0,0,0,0,0,0,0,0
63546,0,1,1994,32,32,32,32,32,32,32,32,32,32
63546,1,1,1994,0,0,3,0,0,0,0,0,0,0
63546,2,1,1994,0,0,0,0,0,0,0,0,0,0
63546,3,1,1994,0,0,0,0,25,0,0,0,0,0
63546,4,1,1994,0,0,0,0,0,0,0,0,0,0
63547,1,1,1994,0,0,0,0,0,0,0,0,0,0
63547,2,1,1994,0,0,0,0,0,0,0,0,0,0
63548,1,1,1994,0,0,0,0,0,0,0,0,0,0
63548,2,1,1994,0,0,0,0,0,0,0,0,0,0
63549,0,1,1994,11,11,11,11,11,11,11,11,11,11
63549,1,1,1994,0,0,0,0,0,0,0,0,0,0
63550,1,1,1994,6,6,6,6,6,6,6,6,6,6
63551,0,1,1994,8,8,8,8,8,8,8,8,8,8
63551,1,1,1994,0,0,0,0,0,0,0,0,0,0
63552,1,1,1994,0,0,0,0,0,0,0,0,0,0
63553,1,1,1994,0,0,0,0,0,0,0,0,0,0
63554,1,1,1994,18,18,18,18,18,18,18,18,18,18
63555,0,1,1994,11,11,11,11,11,11,11,11,11,11
63555,1,1,1994,12,0,0,0,0,0,0,0,0,0
63556,1,1,1994,0,0,0,0,0,0,0,0,0,0
63556,2,1,1994,0,0,0,0,0,0,0,0,0,0
63556,3,1,1994,0,0,0,0,0,0,0,0,0,0
63557,1,1,1994,0,0,0,0,0,0,0,0,0,0
63557,2,1,1994,0,0,0,0,0,0,0,0,0,0
63558,1,1,1994,0,0,0,0,0,0,0,0,0,0
63558,2,1,1994,0,0,0,0,0,0,0,0,0,0
63559,0,1,1994,0,17,0,18,33,25,13,6,12,32
63559,1,1,1994,0,0,0,0,0,0,0,0,7,0
63560,1,1,1994,0,0,0,0,0,0,0,0,0,0
63560,2,1,1994,0,0,0,0,0,0,0,0,0,0
63561,0,1,1994,0,0,0,0,0,0,0,0,0,0
63561,1,1,1994,0,0,0,0,0,0,0,0,0,0
63561,2,1,1994,0,0,0,0,0,0,0,0,0,0
63561,3,1,1994,0,0,0,26,0,0,0,0,0,0
63562,1,1,1994,0,0,0,0,0,0,0,0,0,0
63562,2,1,1994,0,0,0,0,0,0,0,0,0,0
63562,3,1,1994,0,0,0,0,0,0,0,0,0,0
63563,0,1,1994,0,0,0,0,0,0,0,0,0,0
63563,1,1,1994,0,0,0,0,0,0,0,0,0,0
63564,1,1,1994,26,16,22,7,9,8,13,10,25,10
63565,1,1,1994,13,13,13,13,13,13,13,13,13,13
63566,0,1,1994,0,0,0,0,0,0,0,0,0,0
63566,1,1,1994,0,0,0,0,0,0,0,0,0,0
63567,1,1,1994,13,13,13,13,13,13,13,13,13,13
63568,0,1,1994,26,26,26,26,26,26,26,26,26,26
63568,1,1,1994,0,0,0,0,0,0,0,0,0,0
63569,0,1,1994,0,0,0,0,0,0,0,0,0,0
63569,1,1,1994,0,0,0,0,12,0,0,0,0,0
63570,1,1,1994,0,0,0,0,0,0,0,0,0,0
63571,0,1,1994,18,18,18,18,18,18,18,18,18,18
63571,1,1,1994,0,0,0,0,0,0,0,0,0,0
63572,1,1,1994,30,30,30,30,30,30,30,30,30,30
63573,1,1,1994,79,79,79,79,79,79,79,79,79,79
63574,1,1,1994,0,0,0,0,0,0,0,0,0,0
63575,1,1,1994,0,0,0,0,0,0,0,0,0,0
63576,1,1,1994,0,0,0,0,0,0,0,0,0,0
63577,1,1,1994,15,15,15,15,15,15,15,15,15,15
63578,0,1,1994,0,0,0,0,0,0,0,0,0,0
63578,1,1,1994,0,0,0,0,0,0,0,0,0,0
63579,0,1,1994,0,0,0,0,0,0,0,0,0,0
63579,0,2,1994,0,0,0,0,0,0,0,0,0,0
63579,1,1,1994,0,0,0,0,0,0,0,11,0,0
63580,0,1,1994,5,5,5,5,5,5,5,5,5,5
63580,1,1,1994,0,0,0,0,0,0,0,0,0,0
63581,1,1,1994,0,0,0,0,0,0,0,0,0,0
63582,0,1,1994,30,30,30,30,30,30,30,30,30,30
63582,1,1,1994,0,0,0,0,0,0,0,0,0,0
63583,1,1,1994,0,0,0,0,0,0,0,0,0,0
63584,1,1,1994,0,0,0,0,0,0,0,0,0,0
63585,0,1,1994,0,0,0,0,0,0,0,0,0,0
63585,1,1,1994,0,0,0,0,3,0,0,0,0,0
63586,1,1,1994,20,20,20,20,20,20,20,20,20,20
63587,1,1,1994,0,0,0,0,0,0,0,0,0,0
63588,0,1,1994,0,0,0,0,0,0,0,0,0,0
63588,1,1,1994,7,7,7,7,7,7,7,7,7,7
63589,0,1,1994,0,0,0,0,0,0,0,0,0,0
63589,1,1,1994,8,8,8,8,8,8,8,8,8,8
63590,1,1,1994,5,0,0,0,0,0,0,0,0,0
63591,0,1,1994,0,0,0,0,0,0,0,0,0,0
63591,1,1,1994,0,0,0,0,0,0,0,0,0,0
63592,1,1,1994,11,11,11,11,11,11,11,11,11,11
63593,1,1,1994,22,22,22,22,22,22,22,22,22,22
63594,1,1,1994,20,20,20,20,20,20,20,20,20,20
63595,1,1,1994,15,15,15,15,15,15,15,15,15,15
63596,0,1,1994,0,0,0,0,0,0,0,0,0,0
63596,1,1,1994,0,0,0,0,0,0,0,0,16,13
63597,0,1,1994,0,0,0,0,0,0,0,0,0,0
63597,1,1,1994,0,0,0,0,0,0,0,0,0,0
63598,0,1,1994,0,0,0,0,0,0,0,0,0,0
63598,1,1,1994,0,0,0,0,0,0,0,0,0,0
63599,1,1,1994,0,0,0,0,0,0,0,0,0,0
63600,0,1,1994,16,16,16,16,16,16,16,16,16,16
63600,1,1,1994,0,0,0,0,0,0,0,0,0,0
63601,0,1,1994,22,22,22,22,22,22,22,22,22,22
63601,1,1,1994,0,0,0,0,0,0,0,0,0,0
63602,1,1,1994,18,18,18,18,18,18,18,18,18,18
63603,1,1,1994,18,18,18,18,18,18,18,18,18,18
63604,1,1,1994,16,16,16,16,16,16,16,16,16,16
63605,0,1,1994,0,0,0,0,0,0,0,0,0,0
63605,1,1,1994,0,0,0,0,0,0,0,0,0,0
63606,1,1,1994,0,0,0,0,0,0,0,0,0,0
63607,0,1,1994,0,0,0,0,0,0,0,0,0,0
63607,1,1,1994,0,0,0,15,0,0,0,18,0,0
63608,0,1,1994,18,18,18,18,18,18,18,18,18,18
63608,1,1,1994,0,14,0,0,0,0,0,0,0,0
63609,1,1,1994,0,9,19,0,0,0,11,0,9,0
63610,1,1,1994,17,17,17,17,17,17,17,17,17,17
63611,1,1,1994,0,0,0,0,0,0,0,0,0,0
63612,0,1,1994,0,0,0,0,0,0,0,0,0,0
63612,1,1,1994,0,0,0,0,0,0,0,0,0,0
63613,0,1,1994,27,27,27,27,27,27,27,27,27,27
63613,1,1,1994,0,10,0,0,0,25,0,0,0,0
63614,1,1,1994,13,13,13,13,13,13,13,13,13,13
63615,1,1,1994,0,0,0,0,0,0,0,0,0,0
63616,1,1,1994,0,0,0,0,0,0,0,0,0,0
63617,1,1,1994,8,8,8,8,8,8,8,8,8,8
63618,1,1,1994,0,0,0,0,0,0,0,0,0,0
63619,1,1,1994,0,0,0,0,0,0,0,0,0,0
63620,1,1,1994,24,24,24,24,24,24,24,24,24,24
63621,0,1,1994,0,0,0,0,0,0,0,0,0,0
63621,0,2,1994,0,0,0,0,0,0,0,0,0,0
63621,1,1,1994,0,0,0,0,0,0,0,0,0,0
63622,0,1,1994,0,0,0,0,0,0,0,0,0,0
63622,1,1,1994,0,0,0,0,0,0,0,0,0,0
63623,0,1,1994,22,22,22,22,22,22,22,22,22,22
63623,1,1,1994,0,0,0,0,0,0,0,0,0,0
63624,1,1,1994,0,0,0,0,0,0,0,0,0,0
63625,1,1,1994,27,27,27,27,27,27,27,27,27,27
63626,1,1,1994,32,32,32,32,32,32,32,32,32,32
63627,0,1,1994,5,5,5,5,5,5,5,5,5,5
63627,1,1,1994,0,0,10,0,4,10,15,11,5,0
63628,1,1,1994,0,0,0,0,0,0,0,0,0,0
63629,1,1,1994,0,0,0,0,0,0,0,0,0,0
63630,0,1,1994,19,19,19,19,19,19,19,19,19,19
63630,1,1,1994,0,0,0,0,0,0,0,0,0,0
63631,1,1,1994,21,21,21,21,21,21,21,21,21,21
63632,1,1,1994,19,19,19,19,19,19,19,19,19,19
63633,1,1,1994,0,0,0,0,0,0,0,0,0,0
63633,2,1,1994,0,0,0,0,0,0,0,0,0,0
63634,1,1,1994,0,0,0,0,0,0,0,0,0,0
63634,2,1,1994,0,0,0,0,0,0,0,0,0,0
63635,1,1,1994,0,0,0,0,0,0,0,0,0,0
63635,2,1,1994,0,0,0,0,0,0,0,0,0,0
63636,1,1,1994,2,2,2,2,2,2,2,2,2,2
63636,2,1,1994,0,0,0,0,0,0,0,10,0,0
63637,1,1,1994,0,0,0,0,5,0,0,0,0,0
63637,2,1,1994,0,0,0,0,0,0,0,0,0,11
63638,1,1,1994,0,0,0,0,0,0,0,0,0,0
63638,2,1,1994,0,0,0,0,0,0,0,0,0,0
63638,3,1,1994,0,0,0,0,0,0,0,0,0,0
63639,1,1,1994,0,0,0,0,0,0,0,0,0,0
63639,2,1,1994,0,0,6,0,0,0,0,0,0,0
63639,3,1,1994,0,0,0,0,0,0,0,0,0,0
63640,1,1,1994,0,0,0,0,0,0,0,0,0,0
63640,2,1,1994,0,0,0,0,0,0,0,0,0,0
63641,1,1,1994,0,0,0,0,0,0,0,0,0,0
63641,2,1,1994,0,0,0,0,0,11,0,0,13,0
63642,0,1,1994,0,0,0,0,0,0,0,0,0,0
63642,1,1,1994,12,0,0,0,2,0,0,15,0,0
63643,1,1,1994,0,0,0,0,0,0,0,0,0,0
63643,2,1,1994,0,0,0,0,0,0,0,0,0,0
63643,3,1,1994,0,0,0,0,0,0,0,0,10,0
63644,1,1,1994,17,17,17,17,17,17,17,17,17,17
63644,2,1,1994,0,0,0,0,0,0,0,0,0,0
63645,1,1,1994,21,21,21,21,21,21,21,21,21,21
63645,2,1,1994,0,0,0,0,0,0,0,0,0,0
63645,3,1,1994,0,0,0,0,0,0,0,0,0,17
63645,4,1,1994,0,0,0,0,0,0,0,0,0,0
63645,5,1,1994,0,0,0,0,0,0,0,0,0,0
63645,6,1,1994,0,0,0,0,0,0,0,0,0,17
63646,1,1,1994,19,19,19,19,19,19,19,19,19,19
63646,2,1,1994,0,0,0,0,0,0,0,0,0,0
63646,3,1,1994,0,0,0,0,0,0,0,0,0,0
63647,1,1,1994,0,0,0,0,0,0,0,0,0,0
63647,2,1,1994,0,0,0,0,0,0,0,0,0,8
63648,1,1,1994,13,13,13,13,13,13,13,13,13,13
63648,2,1,1994,0,0,0,0,0,0,0,0,0,0
63648,3,1,1994,0,0,0,0,0,0,0,0,0,0
63649,1,1,1994,6,6,6,6,6,6,6,6,6,6
63649,2,1,1994,0,0,0,0,0,0,0,0,0,0
63650,1,1,1994,0,0,0,0,0,0,0,0,0,0
63650,2,1,1994,0,0,0,0,0,0,0,0,0,0
63651,1,1,1994,0,0,0,0,0,0,0,0,0,0
63651,2,1,1994,0,0,0,0,0,0,0,0,0,0
63652,1,1,1994,0,0,0,0,0,0,0,0,0,0
63652,2,1,1994,0,0,0,0,0,0,0,0,0,0
63653,1,1,1994,15,15,15,15,15,15,15,15,15,15
63653,2,1,1994,11,0,0,0,0,0,0,0,24,0
63654,1,1,1994,0,0,0,0,0,0,0,0,0,0
63655,1,1,1994,0,0,0,0,0,0,0,0,0,0
63656,1,1,1994,26,26,26,26,26,26,26,26,26,26
63657,1,1,1994,0,0,0,0,0,0,7,0,0,0
63658,0,1,1994,15,15,15,15,15,15,15,15,15,15
63658,1,1,1994,0,0,0,0,0,0,0,0,0,25
63659,0,1,1994,25,25,25,25,25,25,25,25,25,25
63659,1,1,1994,0,0,0,0,0,0,0,0,0,0
63660,0,1,1994,33,33,33,33,33,33,33,33,33,33
63660,1,1,1994,0,0,0,0,0,0,0,0,0,0
63661,1,1,1994,0,0,0,0,0,0,0,0,0,0
63662,0,1,1994,6,18,10,32,0,24,0,0,0,0
63662,1,1,1994,0,0,0,0,0,0,0,0,0,0
63663,1,1,1994,8,8,8,8,8,8,8,8,8,8
63664,1,1,1994,26,26,26,26,26,26,26,26,26,26
63665,1,1,1994,0,0,0,0,0,0,0,0,0,0
63666,1,1,1994,0,0,0,0,0,0,0,0,0,0
63667,1,1,1994,0,0,0,0,0,0,0,0,0,0
63668,0,1,1994,25,25,25,25,25,25,25,25,25,25
63668,1,1,1994,0,0,0,0,0,0,0,0,0,0
63669,0,1,1994,0,0,0,0,0,0,0,0,0,0
63669,1,1,1994,0,0,0,0,0,0,0,11,0,0
63670,1,1,1994,23,23,23,23,23,23,23,23,23,23
63671,1,1,1994,11,11,11,11,11,11,11,11,11,11
63672,0,1,1994,0,0,27,0,0,25,0,9,31,6
63672,1,1,1994,0,0,0,0,0,0,0,0,0,0
63673,0,1,1994,15,15,15,15,15,15,15,15,15,15
63673,1,1,1994,0,0,21,0,0,0,0,0,0,0
63674,0,1,1994,0,0,0,0,0,0,0,0,0,0
63674,1,1,1994,0,0,0,0,0,0,0,0,0,0
63675,0,1,1994,27,27,27,27,27,27,27,27,27,27
63675,1,1,1994,0,0,0,0,0,0,0,0,0,0
63676,1,1,1994,0,0,0,0,0,0,0,0,0,0
63677,0,1,1994,0,0,0,0,0,0,0,0,0,0
63677,1,1,1994,0,0,0,0,0,0,0,0,0,0
63678,1,1,1994,28,28,28,28,28,28,28,28,28,28
63679,1,1,1994,0,0,0,0,0,0,0,0,0,23
63680,1,1,1994,14,0,21,12,0,0,0,0,0,0
63681,0,1,1994,9,9,9,9,9,9,9,9,9,9
63681,1,1,1994,13,13,13,13,13,13,13,13,13,13
63682,1,1,1994,20,20,20,20,20,20,20,20,20,20
63682,2,1,1994,0,0,0,0,0,0,0,0,0,0
63683,1,1,1994,0,0,0,0,0,0,0,0,0,16
63683,2,1,1994,9,0,0,0,0,0,0,0,0,0
63684,1,1,1994,0,0,0,0,0,0,0,0,0,0
63685,1,1,1994,0,0,0,0,0,0,0,0,0,0
63686,1,1,1994,0,0,0,0,0,0,0,0,0,0
63686,2,1,1994,0,0,0,0,0,0,0,0,14,0
63687,1,1,1994,0,0,0,0,0,0,0,0,0,0
63687,2,1,1994,0,0,0,0,0,0,0,0,0,0
63687,3,1,1994,0,0,0,0,0,0,0,0,0,0
63688,1,1,1994,24,0,17,0,16,0,7,14,22,0
63688,2,1,1994,0,0,0,0,0,0,0,0,0,0
63689,1,1,1994,5,5,5,5,5,5,5,5,5,5
63690,1,1,1994,0,0,0,0,0,0,8,0,0,0
63690,2,1,1994,0,0,0,0,0,0,0,29,0,0
63691,1,1,1994,0,0,0,0,0,0,0,0,0,0
63692,0,1,1994,0,0,0,0,0,0,0,0,0,0
63692,1,1,1994,0,0,0,0,0,0,0,0,0,0
63693,0,1,1994,0,0,0,0,0,0,0,0,0,0
63693,1,1,1994,0,0,0,0,0,0,0,0,0,0
63694,1,1,1994,26,26,26,26,26,26,26,26,26,26
63695,1,1,1994,20,20,20,20,20,20,20,20,20,20
63695,2,1,1994,0,0,0,0,0,0,0,0,0,0
63696,0,1,1994,0,0,0,0,14,0,0,0,0,0
63696,1,1,1994,0,0,0,0,0,0,0,0,0,0
63697,0,1,1994,45,45,45,45,45,45,45,45,45,45
63697,1,1,1994,0,0,0,0,0,0,0,0,0,0
63698,1,1,1994,0,0,0,0,0,0,0,0,0,0
63699,1,1,1994,0,0,0,0,0,0,0,0,0,0
63700,1,1,1994,0,0,0,0,0,0,0,0,0,0
63701,1,1,1994,0,0,0,0,0,0,0,0,0,0
63702,0,1,1994,0,0,0,0,0,0,0,0,0,0
63702,1,1,1994,0,18,0,0,0,0,0,0,0,0
63703,1,1,1994,33,33,33,33,33,33,33,33,33,33
63704,1,1,1994,0,0,0,0,0,0,0,0,0,0
63704,2,1,1994,0,0,0,0,0,0,15,0,0,0
63705,1,1,1994,12,12,12,12,12,12,12,12,12,12
63705,2,1,1994,0,0,0,0,13,18,0,0,0,0
63705,3,1,1994,0,0,15,0,0,0,0,0,0,0
63706,1,1,1994,0,0,0,0,0,0,0,0,0,0
63706,2,1,1994,0,0,0,0,0,0,0,0,0,17
63707,1,1,1994,0,0,0,0,0,0,26,0,0,0
63707,2,1,1994,0,0,0,0,0,0,0,0,0,0
63707,3,1,1994,0,0,0,0,0,0,0,0,0,0
63708,1,1,1994,0,0,0,0,0,0,0,0,0,0
63708,2,1,1994,0,0,0,0,0,0,0,0,0,0
63709,1,1,1994,0,0,0,0,0,0,0,0,0,0
63709,2,1,1994,0,0,0,0,0,0,0,0,0,0
63709,3,1,1994,0,0,0,0,0,0,0,0,0,0
63709,4,1,1994,9,4,0,0,0,0,0,0,0,0
63709,5,1,1994,0,0,0,0,0,0,0,0,0,0
63710,1,1,1994,0,0,0,0,0,0,0,0,0,0
63710,2,1,1994,0,0,0,0,0,0,0,0,0,0
63711,1,1,1994,0,0,0,0,0,0,0,0,0,0
63712,1,1,1994,12,12,12,12,12,12,12,12,12,12
63713,1,1,1994,23,23,23,23,23,23,23,23,23,23
63714,0,1,1994,0,0,0,0,0,0,0,0,0,0
63714,1,1,1994,0,0,0,0,0,0,0,0,0,0
63715,0,1,1994,0,0,0,0,0,18,0,0,0,0
63715,1,1,1994,0,0,0,0,0,0,0,0,0,0
63716,1,1,1994,0,0,0,0,0,0,0,0,0,0
63717,1,1,1994,15,15,15,15,15,15,15,15,15,15
63718,1,1,1994,0,0,11,0,0,0,0,0,0,0
63719,1,1,1994,14,14,14,14,14,14,14,14,14,14
63720,1,1,1994,24,24,24,24,24,24,24,24,24,24
63721,1,1,1994,11,11,11,11,11,11,11,11,11,11
63722,0,1,1994,0,0,0,0,0,0,0,0,0,0
63722,1,1,1994,0,0,0,0,0,0,0,0,0,0
63723,1,1,1994,20,20,20,20,20,20,20,20,20,20
63724,1,1,1994,3,3,3,3,3,3,3,3,3,3
63725,0,1,1994,0,0,0,0,0,0,0,0,0,0
63725,1,1,1994,0,0,0,0,0,0,0,0,0,0
63726,0,1,1994,9,9,9,9,9,9,9,9,9,9
63726,1,1,1994,13,0,0,17,24,24,0,0,0,0
63727,1,1,1994,0,0,0,0,0,0,0,0,0,0
63728,1,1,1994,17,17,17,17,17,17,17,17,17,17
63729,0,1,1994,14,14,14,14,14,14,14,14,14,14
63729,1,1,1994,0,0,0,0,0,0,0,0,0,0
63730,1,1,1994,0,0,0,0,0,0,0,0,0,0
63731,1,1,1994,0,0,0,0,0,0,0,0,0,0
63732,0,1,1994,0,0,0,0,0,0,0,0,0,0
63732,1,1,1994,22,11,0,0,7,24,0,16,0,16
63733,1,1,1994,0,0,0,0,0,0,0,0,0,0
63734,1,1,1994,0,0,0,0,0,0,0,0,0,0
63735,1,1,1994,0,0,0,0,0,0,0,0,0,0
63735,2,1,1994,0,0,0,0,0,0,0,0,0,0
63736,1,1,1994,0,0,0,0,0,0,0,0,0,0
63736,2,1,1994,0,0,0,0,0,0,0,0,0,0
63737,0,1,1994,0,0,0,0,0,0,0,0,0,0
63737,1,1,1994,0,0,0,5,17,0,0,0,0,0
63737,2,1,1994,0,0,0,0,0,0,0,0,0,0
63738,1,1,1994,0,0,0,0,0,0,0,0,0,0
63738,2,1,1994,0,0,0,10,0,0,0,0,0,0
63739,1,1,1994,0,0,0,0,0,0,0,0,6,0
63739,2,1,1994,0,0,0,0,0,0,0,0,0,0
63740,1,1,1994,15,15,15,15,15,15,15,15,15,15
63741,1,1,1994,0,0,0,0,0,0,0,0,0,0
63741,2,1,1994,0,18,0,0,0,17,15,0,19,0
63742,0,1,1994,0,0,0,0,0,0,0,0,0,0
63742,1,1,1994,0,0,0,0,0,0,0,0,0,0
63743,0,1,1994,22,22,22,22,22,22,22,22,22,22
63743,1,1,1994,16,16,16,16,16,16,16,16,16,16
63744,1,1,1994,0,0,0,0,0,0,0,0,0,0
63744,2,1,1994,20,0,0,0,0,0,0,13,0,0
63745,0,1,1994,37,37,37,37,37,37,37,37,37,37
63745,1,1,1994,0,0,0,0,5,0,0,0,0,0
63746,0,1,1994,23,23,23,23,23,23,23,23,23,23
63746,1,1,1994,20,20,20,20,20,20,20,20,20,20
63747,1,1,1994,0,0,0,0,0,0,0,0,0,0
63748,1,1,1994,23,23,23,23,23,23,23,23,23,23
63749,0,1,1994,11,11,11,11,11,11,11,11,11,11
63749,1,1,1994,20,17,0,7,0,24,0,0,0,28
63750,1,1,1994,13,13,13,13,13,13,13,13,13,13
63751,1,1,1994,4,4,4,4,4,4,4,4,4,4
63752,1,1,1994,15,15,15,15,15,15,15,15,15,15
63753,1,1,1994,8,8,8,8,8,8,8,8,8,8
63754,1,1,1994,10,10,10,10,10,10,10,10,10,10
63755,1,1,1994,0,0,0,0,0,0,0,0,0,0
63756,0,1,1994,14,14,14,14,14,14,14,14,14,14
63756,1,1,1994,0,0,0,0,0,0,0,0,0,0
63757,1,1,1994,0,0,0,0,0,0,0,0,0,0
63758,0,1,1994,0,0,0,0,0,0,0,0,0,0
63758,1,1,1994,0,0,0,14,0,0,0,0,0,0
63759,1,1,1994,0,0,0,0,0,0,0,0,0,0
63760,1,1,1994,0,0,0,0,0,0,0,0,0,0
63761,0,1,1994,0,0,0,0,0,0,0,0,0,0
63761,1,1,1994,0,0,30,0,0,0,0,0,0,0
63762,1,1,1994,0,0,0,0,0,0,0,0,0,0
63762,2,1,1994,0,0,0,0,0,0,0,0,0,0
63763,1,1,1994,0,0,0,0,0,0,0,0,0,0
63763,2,1,1994,0,0,0,0,0,0,0,0,0,0
63764,1,1,1994,0,0,18,0,0,0,0,3,0,0
63764,2,1,1994,0,0,0,0,0,0,0,0,0,0
63764,3,1,1994,10,10,18,6,21,23,9,6,2,15
63765,1,1,1994,37,37,37,37,37,37,37,37,37,37
63766,1,1,1994,0,0,0,0,0,0,0,0,0,0
63766,2,1,1994,0,0,0,0,0,0,0,0,0,0
63767,1,1,1994,0,0,0,0,0,0,0,0,0,0
63767,2,1,1994,0,0,0,0,0,0,0,0,0,0
63767,3,1,1994,0,0,0,0,0,0,0,0,9,0
63767,4,1,1994,0,0,0,0,17,0,0,0,0,0
63767,5,1,1994,0,0,0,0,0,0,0,0,0,0
63767,6,1,1994,0,0,0,0,3,0,0,0,0,0
63767,7,1,1994,0,0,0,0,0,0,0,0,0,0
63767,8,1,1994,0,0,0,0,0,0,0,0,0,0
63767,9,1,1994,0,0,0,3,0,0,0,0,0,0
63767,10,1,1994,0,0,0,0,0,0,0,0,0,0
63767,11,1,1994,0,0,0,0,0,0,0,0,0,0
63767,12,1,1994,0,0,0,0,0,0,0,0,0,0
63767,13,1,1994,0,0,0,0,0,0,0,0,0,0
63768,1,1,1994,19,19,19,19,19,19,19,19,19,19
63768,2,1,1994,0,0,0,0,0,0,0,0,0,0
63768,3,1,1994,0,0,0,0,0,0,0,0,0,0
63769,1,1,1994,0,0,0,0,0,0,0,0,0,0
63770,1,1,1994,0,0,0,0,0,0,0,0,0,0
63770,2,1,1994,0,0,0,0,0,0,0,0,0,0
63771,1,1,1994,0,0,0,0,0,0,0,0,0,0
63771,2,1,1994,0,0,0,0,0,0,0,0,0,0
63772,1,1,1994,0,0,0,0,0,0,0,0,0,0
63772,2,1,1994,0,0,0,0,0,0,0,0,0,0
63773,1,1,1994,0,0,0,0,0,0,0,0,0,0
63774,1,1,1994,14,14,14,14,14,14,14,14,14,14
63775,1,1,1994,0,0,0,0,0,0,0,0,0,0
63776,0,1,1994,0,0,0,0,0,0,0,0,0,0
63776,1,1,1994,0,0,0,0,0,0,0,0,0,0
63777,1,1,1994,0,0,0,0,0,0,0,0,0,0
63778,1,1,1994,0,0,0,0,0,0,0,0,0,0
63778,2,1,1994,2,2,2,2,2,2,2,2,2,2
63779,1,1,1994,0,0,0,0,0,0,0,0,0,0
63780,0,1,1994,25,25,25,25,25,25,25,25,25,25
63780,1,1,1994,0,0,0,0,0,0,0,0,0,0
63781,1,1,1994,0,0,0,0,0,0,0,0,0,0
63782,1,1,1994,0,0,0,0,0,0,0,0,0,0
63782,2,1,1994,0,0,0,0,0,0,0,0,0,0
63783,1,1,1994,0,0,0,0,0,0,0,0,0,0
63783,2,1,1994,0,0,0,0,0,0,0,0,0,0
63784,1,1,1994,0,0,0,0,0,0,0,0,0,0
63784,2,1,1994,0,0,16,0,0,0,0,0,0,0
63785,0,1,1994,13,13,13,13,13,13,13,13,13,13
63785,1,1,1994,0,0,0,0,0,0,0,0,0,0
63786,1,1,1994,0,0,0,0,0,0,0,0,0,0
63786,2,1,1994,24,24,24,24,24,24,24,24,24,24
63786,3,1,1994,0,0,0,0,0,0,0,0,0,0
63787,1,1,1994,17,17,17,17,17,17,17,17,17,17
63787,2,1,1994,0,7,0,0,0,0,0,0,7,0
63787,3,1,1994,0,0,11,0,0,0,0,18,0,0
63788,0,1,1994,29,29,29,29,29,29,29,29,29,29
63788,1,1,1994,0,0,0,0,0,0,0,0,17,0
63789,2,1,1994,0,0,0,0,0,0,0,0,0,0
63790,1,1,1994,0,0,0,0,0,0,0,0,0,0
63790,2,1,1994,0,0,0,0,0,0,0,0,0,0
63791,1,1,1994,0,0,0,0,0,0,0,0,0,0
63791,2,1,1994,0,0,0,0,0,0,0,0,0,0
63792,1,1,1994,0,0,0,0,0,0,0,0,0,0
63792,2,1,1994,0,0,0,0,0,0,0,0,0,0
63793,1,1,1994,0,0,0,0,0,0,0,0,0,0